solid ASCII
  facet normal 0.000000e+00 1.000000e+00 -0.000000e+00
    outer loop
      vertex   -3.548300e+01 5.100000e+01 -2.000000e+00
      vertex   -5.796600e+01 5.100000e+01 -2.000000e+00
      vertex   -3.548300e+01 5.100000e+01 -1.000000e+00
    endloop
  endfacet
  facet normal 0.000000e+00 1.000000e+00 0.000000e+00
    outer loop
      vertex   -3.548300e+01 5.100000e+01 -1.000000e+00
      vertex   -5.796600e+01 5.100000e+01 -2.000000e+00
      vertex   -5.796600e+01 5.100000e+01 -1.000000e+00
    endloop
  endfacet
  facet normal 1.305262e-01 9.914449e-01 0.000000e+00
    outer loop
      vertex   -5.796600e+01 5.100000e+01 -1.000000e+00
      vertex   -5.796600e+01 5.100000e+01 -2.000000e+00
      vertex   -5.809541e+01 5.101704e+01 -1.000000e+00
    endloop
  endfacet
  facet normal 1.305262e-01 9.914449e-01 0.000000e+00
    outer loop
      vertex   -5.809541e+01 5.101704e+01 -1.000000e+00
      vertex   -5.796600e+01 5.100000e+01 -2.000000e+00
      vertex   -5.809541e+01 5.101704e+01 -2.000000e+00
    endloop
  endfacet
  facet normal 3.826834e-01 9.238795e-01 0.000000e+00
    outer loop
      vertex   -5.809541e+01 5.101704e+01 -1.000000e+00
      vertex   -5.809541e+01 5.101704e+01 -2.000000e+00
      vertex   -5.821600e+01 5.106699e+01 -1.000000e+00
    endloop
  endfacet
  facet normal 3.826834e-01 9.238795e-01 0.000000e+00
    outer loop
      vertex   -5.821600e+01 5.106699e+01 -1.000000e+00
      vertex   -5.809541e+01 5.101704e+01 -2.000000e+00
      vertex   -5.821600e+01 5.106699e+01 -2.000000e+00
    endloop
  endfacet
  facet normal 6.087614e-01 7.933533e-01 0.000000e+00
    outer loop
      vertex   -5.821600e+01 5.106699e+01 -1.000000e+00
      vertex   -5.821600e+01 5.106699e+01 -2.000000e+00
      vertex   -5.831955e+01 5.114645e+01 -1.000000e+00
    endloop
  endfacet
  facet normal 6.087614e-01 7.933533e-01 0.000000e+00
    outer loop
      vertex   -5.831955e+01 5.114645e+01 -1.000000e+00
      vertex   -5.821600e+01 5.106699e+01 -2.000000e+00
      vertex   -5.831955e+01 5.114645e+01 -2.000000e+00
    endloop
  endfacet
  facet normal 7.933533e-01 6.087614e-01 0.000000e+00
    outer loop
      vertex   -5.831955e+01 5.114645e+01 -1.000000e+00
      vertex   -5.831955e+01 5.114645e+01 -2.000000e+00
      vertex   -5.839901e+01 5.125000e+01 -1.000000e+00
    endloop
  endfacet
  facet normal 7.933533e-01 6.087614e-01 0.000000e+00
    outer loop
      vertex   -5.839901e+01 5.125000e+01 -1.000000e+00
      vertex   -5.831955e+01 5.114645e+01 -2.000000e+00
      vertex   -5.839901e+01 5.125000e+01 -2.000000e+00
    endloop
  endfacet
  facet normal 9.238795e-01 3.826834e-01 0.000000e+00
    outer loop
      vertex   -5.839901e+01 5.125000e+01 -1.000000e+00
      vertex   -5.839901e+01 5.125000e+01 -2.000000e+00
      vertex   -5.844896e+01 5.137059e+01 -1.000000e+00
    endloop
  endfacet
  facet normal 9.238795e-01 3.826834e-01 0.000000e+00
    outer loop
      vertex   -5.844896e+01 5.137059e+01 -1.000000e+00
      vertex   -5.839901e+01 5.125000e+01 -2.000000e+00
      vertex   -5.844896e+01 5.137059e+01 -2.000000e+00
    endloop
  endfacet
  facet normal 9.914449e-01 1.305262e-01 0.000000e+00
    outer loop
      vertex   -5.844896e+01 5.137059e+01 -1.000000e+00
      vertex   -5.844896e+01 5.137059e+01 -2.000000e+00
      vertex   -5.846600e+01 5.150000e+01 -1.000000e+00
    endloop
  endfacet
  facet normal 9.914449e-01 1.305262e-01 0.000000e+00
    outer loop
      vertex   -5.846600e+01 5.150000e+01 -1.000000e+00
      vertex   -5.844896e+01 5.137059e+01 -2.000000e+00
      vertex   -5.846600e+01 5.150000e+01 -2.000000e+00
    endloop
  endfacet
  facet normal 9.914449e-01 -1.305262e-01 0.000000e+00
    outer loop
      vertex   -5.846600e+01 5.150000e+01 -1.000000e+00
      vertex   -5.846600e+01 5.150000e+01 -2.000000e+00
      vertex   -5.844896e+01 5.162941e+01 -1.000000e+00
    endloop
  endfacet
  facet normal 9.914449e-01 -1.305262e-01 0.000000e+00
    outer loop
      vertex   -5.844896e+01 5.162941e+01 -1.000000e+00
      vertex   -5.846600e+01 5.150000e+01 -2.000000e+00
      vertex   -5.844896e+01 5.162941e+01 -2.000000e+00
    endloop
  endfacet
  facet normal 9.238795e-01 -3.826834e-01 0.000000e+00
    outer loop
      vertex   -5.844896e+01 5.162941e+01 -1.000000e+00
      vertex   -5.844896e+01 5.162941e+01 -2.000000e+00
      vertex   -5.839901e+01 5.175000e+01 -1.000000e+00
    endloop
  endfacet
  facet normal 9.238795e-01 -3.826834e-01 0.000000e+00
    outer loop
      vertex   -5.839901e+01 5.175000e+01 -1.000000e+00
      vertex   -5.844896e+01 5.162941e+01 -2.000000e+00
      vertex   -5.839901e+01 5.175000e+01 -2.000000e+00
    endloop
  endfacet
  facet normal 7.933533e-01 -6.087614e-01 0.000000e+00
    outer loop
      vertex   -5.839901e+01 5.175000e+01 -1.000000e+00
      vertex   -5.839901e+01 5.175000e+01 -2.000000e+00
      vertex   -5.831955e+01 5.185355e+01 -1.000000e+00
    endloop
  endfacet
  facet normal 7.933533e-01 -6.087614e-01 0.000000e+00
    outer loop
      vertex   -5.831955e+01 5.185355e+01 -1.000000e+00
      vertex   -5.839901e+01 5.175000e+01 -2.000000e+00
      vertex   -5.831955e+01 5.185355e+01 -2.000000e+00
    endloop
  endfacet
  facet normal 6.087614e-01 -7.933533e-01 0.000000e+00
    outer loop
      vertex   -5.831955e+01 5.185355e+01 -1.000000e+00
      vertex   -5.831955e+01 5.185355e+01 -2.000000e+00
      vertex   -5.821600e+01 5.193301e+01 -1.000000e+00
    endloop
  endfacet
  facet normal 6.087614e-01 -7.933533e-01 0.000000e+00
    outer loop
      vertex   -5.821600e+01 5.193301e+01 -1.000000e+00
      vertex   -5.831955e+01 5.185355e+01 -2.000000e+00
      vertex   -5.821600e+01 5.193301e+01 -2.000000e+00
    endloop
  endfacet
  facet normal 3.826834e-01 -9.238795e-01 0.000000e+00
    outer loop
      vertex   -5.821600e+01 5.193301e+01 -1.000000e+00
      vertex   -5.821600e+01 5.193301e+01 -2.000000e+00
      vertex   -5.809541e+01 5.198296e+01 -1.000000e+00
    endloop
  endfacet
  facet normal 3.826834e-01 -9.238795e-01 0.000000e+00
    outer loop
      vertex   -5.809541e+01 5.198296e+01 -1.000000e+00
      vertex   -5.821600e+01 5.193301e+01 -2.000000e+00
      vertex   -5.809541e+01 5.198296e+01 -2.000000e+00
    endloop
  endfacet
  facet normal 1.305262e-01 -9.914449e-01 0.000000e+00
    outer loop
      vertex   -5.809541e+01 5.198296e+01 -1.000000e+00
      vertex   -5.809541e+01 5.198296e+01 -2.000000e+00
      vertex   -5.796600e+01 5.200000e+01 -1.000000e+00
    endloop
  endfacet
  facet normal 1.305262e-01 -9.914449e-01 0.000000e+00
    outer loop
      vertex   -5.796600e+01 5.200000e+01 -1.000000e+00
      vertex   -5.809541e+01 5.198296e+01 -2.000000e+00
      vertex   -5.796600e+01 5.200000e+01 -2.000000e+00
    endloop
  endfacet
  facet normal 0.000000e+00 -1.000000e+00 0.000000e+00
    outer loop
      vertex   -5.796600e+01 5.200000e+01 -2.000000e+00
      vertex   -3.548300e+01 5.200000e+01 -2.000000e+00
      vertex   -5.796600e+01 5.200000e+01 -1.000000e+00
    endloop
  endfacet
  facet normal 0.000000e+00 -1.000000e+00 0.000000e+00
    outer loop
      vertex   -5.796600e+01 5.200000e+01 -1.000000e+00
      vertex   -3.548300e+01 5.200000e+01 -2.000000e+00
      vertex   -3.548300e+01 5.200000e+01 -1.000000e+00
    endloop
  endfacet
  facet normal -1.305262e-01 -9.914449e-01 -0.000000e+00
    outer loop
      vertex   -3.548300e+01 5.200000e+01 -1.000000e+00
      vertex   -3.548300e+01 5.200000e+01 -2.000000e+00
      vertex   -3.535359e+01 5.198296e+01 -1.000000e+00
    endloop
  endfacet
  facet normal -1.305262e-01 -9.914449e-01 -0.000000e+00
    outer loop
      vertex   -3.535359e+01 5.198296e+01 -1.000000e+00
      vertex   -3.548300e+01 5.200000e+01 -2.000000e+00
      vertex   -3.535359e+01 5.198296e+01 -2.000000e+00
    endloop
  endfacet
  facet normal -3.826834e-01 -9.238795e-01 -0.000000e+00
    outer loop
      vertex   -3.535359e+01 5.198296e+01 -1.000000e+00
      vertex   -3.535359e+01 5.198296e+01 -2.000000e+00
      vertex   -3.523300e+01 5.193301e+01 -1.000000e+00
    endloop
  endfacet
  facet normal -3.826834e-01 -9.238795e-01 -0.000000e+00
    outer loop
      vertex   -3.523300e+01 5.193301e+01 -1.000000e+00
      vertex   -3.535359e+01 5.198296e+01 -2.000000e+00
      vertex   -3.523300e+01 5.193301e+01 -2.000000e+00
    endloop
  endfacet
  facet normal -6.087614e-01 -7.933533e-01 -0.000000e+00
    outer loop
      vertex   -3.523300e+01 5.193301e+01 -1.000000e+00
      vertex   -3.523300e+01 5.193301e+01 -2.000000e+00
      vertex   -3.512945e+01 5.185355e+01 -1.000000e+00
    endloop
  endfacet
  facet normal -6.087614e-01 -7.933533e-01 -0.000000e+00
    outer loop
      vertex   -3.512945e+01 5.185355e+01 -1.000000e+00
      vertex   -3.523300e+01 5.193301e+01 -2.000000e+00
      vertex   -3.512945e+01 5.185355e+01 -2.000000e+00
    endloop
  endfacet
  facet normal -7.933533e-01 -6.087614e-01 -0.000000e+00
    outer loop
      vertex   -3.512945e+01 5.185355e+01 -1.000000e+00
      vertex   -3.512945e+01 5.185355e+01 -2.000000e+00
      vertex   -3.504999e+01 5.175000e+01 -1.000000e+00
    endloop
  endfacet
  facet normal -7.933533e-01 -6.087614e-01 -0.000000e+00
    outer loop
      vertex   -3.504999e+01 5.175000e+01 -1.000000e+00
      vertex   -3.512945e+01 5.185355e+01 -2.000000e+00
      vertex   -3.504999e+01 5.175000e+01 -2.000000e+00
    endloop
  endfacet
  facet normal -9.238795e-01 -3.826834e-01 -0.000000e+00
    outer loop
      vertex   -3.504999e+01 5.175000e+01 -1.000000e+00
      vertex   -3.504999e+01 5.175000e+01 -2.000000e+00
      vertex   -3.500004e+01 5.162941e+01 -1.000000e+00
    endloop
  endfacet
  facet normal -9.238795e-01 -3.826834e-01 -0.000000e+00
    outer loop
      vertex   -3.500004e+01 5.162941e+01 -1.000000e+00
      vertex   -3.504999e+01 5.175000e+01 -2.000000e+00
      vertex   -3.500004e+01 5.162941e+01 -2.000000e+00
    endloop
  endfacet
  facet normal -9.914449e-01 -1.305262e-01 -0.000000e+00
    outer loop
      vertex   -3.500004e+01 5.162941e+01 -1.000000e+00
      vertex   -3.500004e+01 5.162941e+01 -2.000000e+00
      vertex   -3.498300e+01 5.150000e+01 -1.000000e+00
    endloop
  endfacet
  facet normal -9.914449e-01 -1.305262e-01 -0.000000e+00
    outer loop
      vertex   -3.498300e+01 5.150000e+01 -1.000000e+00
      vertex   -3.500004e+01 5.162941e+01 -2.000000e+00
      vertex   -3.498300e+01 5.150000e+01 -2.000000e+00
    endloop
  endfacet
  facet normal -9.914449e-01 1.305262e-01 0.000000e+00
    outer loop
      vertex   -3.498300e+01 5.150000e+01 -1.000000e+00
      vertex   -3.498300e+01 5.150000e+01 -2.000000e+00
      vertex   -3.500004e+01 5.137059e+01 -1.000000e+00
    endloop
  endfacet
  facet normal -9.914449e-01 1.305262e-01 0.000000e+00
    outer loop
      vertex   -3.500004e+01 5.137059e+01 -1.000000e+00
      vertex   -3.498300e+01 5.150000e+01 -2.000000e+00
      vertex   -3.500004e+01 5.137059e+01 -2.000000e+00
    endloop
  endfacet
  facet normal -9.238795e-01 3.826834e-01 0.000000e+00
    outer loop
      vertex   -3.500004e+01 5.137059e+01 -1.000000e+00
      vertex   -3.500004e+01 5.137059e+01 -2.000000e+00
      vertex   -3.504999e+01 5.125000e+01 -1.000000e+00
    endloop
  endfacet
  facet normal -9.238795e-01 3.826834e-01 0.000000e+00
    outer loop
      vertex   -3.504999e+01 5.125000e+01 -1.000000e+00
      vertex   -3.500004e+01 5.137059e+01 -2.000000e+00
      vertex   -3.504999e+01 5.125000e+01 -2.000000e+00
    endloop
  endfacet
  facet normal -7.933533e-01 6.087614e-01 0.000000e+00
    outer loop
      vertex   -3.504999e+01 5.125000e+01 -1.000000e+00
      vertex   -3.504999e+01 5.125000e+01 -2.000000e+00
      vertex   -3.512945e+01 5.114645e+01 -1.000000e+00
    endloop
  endfacet
  facet normal -7.933533e-01 6.087614e-01 0.000000e+00
    outer loop
      vertex   -3.512945e+01 5.114645e+01 -1.000000e+00
      vertex   -3.504999e+01 5.125000e+01 -2.000000e+00
      vertex   -3.512945e+01 5.114645e+01 -2.000000e+00
    endloop
  endfacet
  facet normal -6.087614e-01 7.933533e-01 0.000000e+00
    outer loop
      vertex   -3.512945e+01 5.114645e+01 -1.000000e+00
      vertex   -3.512945e+01 5.114645e+01 -2.000000e+00
      vertex   -3.523300e+01 5.106699e+01 -1.000000e+00
    endloop
  endfacet
  facet normal -6.087614e-01 7.933533e-01 0.000000e+00
    outer loop
      vertex   -3.523300e+01 5.106699e+01 -1.000000e+00
      vertex   -3.512945e+01 5.114645e+01 -2.000000e+00
      vertex   -3.523300e+01 5.106699e+01 -2.000000e+00
    endloop
  endfacet
  facet normal -3.826834e-01 9.238795e-01 0.000000e+00
    outer loop
      vertex   -3.523300e+01 5.106699e+01 -1.000000e+00
      vertex   -3.523300e+01 5.106699e+01 -2.000000e+00
      vertex   -3.535359e+01 5.101704e+01 -1.000000e+00
    endloop
  endfacet
  facet normal -3.826834e-01 9.238795e-01 0.000000e+00
    outer loop
      vertex   -3.535359e+01 5.101704e+01 -1.000000e+00
      vertex   -3.523300e+01 5.106699e+01 -2.000000e+00
      vertex   -3.535359e+01 5.101704e+01 -2.000000e+00
    endloop
  endfacet
  facet normal -1.305262e-01 9.914449e-01 0.000000e+00
    outer loop
      vertex   -3.535359e+01 5.101704e+01 -1.000000e+00
      vertex   -3.535359e+01 5.101704e+01 -2.000000e+00
      vertex   -3.548300e+01 5.100000e+01 -1.000000e+00
    endloop
  endfacet
  facet normal -1.305262e-01 9.914449e-01 0.000000e+00
    outer loop
      vertex   -3.548300e+01 5.100000e+01 -1.000000e+00
      vertex   -3.535359e+01 5.101704e+01 -2.000000e+00
      vertex   -3.548300e+01 5.100000e+01 -2.000000e+00
    endloop
  endfacet
  facet normal 4.470953e-08 -1.000000e+00 0.000000e+00
    outer loop
      vertex   -6.296600e+01 4.600000e+01 -2.000000e+00
      vertex   -3.548300e+01 4.600000e+01 -2.000000e+00
      vertex   -6.296600e+01 4.600000e+01 -1.000000e+00
    endloop
  endfacet
  facet normal 4.470953e-08 -1.000000e+00 0.000000e+00
    outer loop
      vertex   -6.296600e+01 4.600000e+01 -1.000000e+00
      vertex   -3.548300e+01 4.600000e+01 -2.000000e+00
      vertex   -3.548300e+01 4.600000e+01 -1.000000e+00
    endloop
  endfacet
  facet normal -1.305262e-01 -9.914449e-01 -0.000000e+00
    outer loop
      vertex   -3.548300e+01 4.600000e+01 -1.000000e+00
      vertex   -3.548300e+01 4.600000e+01 -2.000000e+00
      vertex   -3.535359e+01 4.598296e+01 -1.000000e+00
    endloop
  endfacet
  facet normal -1.305262e-01 -9.914449e-01 -0.000000e+00
    outer loop
      vertex   -3.535359e+01 4.598296e+01 -1.000000e+00
      vertex   -3.548300e+01 4.600000e+01 -2.000000e+00
      vertex   -3.535359e+01 4.598296e+01 -2.000000e+00
    endloop
  endfacet
  facet normal -3.826834e-01 -9.238795e-01 -0.000000e+00
    outer loop
      vertex   -3.535359e+01 4.598296e+01 -1.000000e+00
      vertex   -3.535359e+01 4.598296e+01 -2.000000e+00
      vertex   -3.523300e+01 4.593301e+01 -1.000000e+00
    endloop
  endfacet
  facet normal -3.826834e-01 -9.238795e-01 -0.000000e+00
    outer loop
      vertex   -3.523300e+01 4.593301e+01 -1.000000e+00
      vertex   -3.535359e+01 4.598296e+01 -2.000000e+00
      vertex   -3.523300e+01 4.593301e+01 -2.000000e+00
    endloop
  endfacet
  facet normal -6.087614e-01 -7.933534e-01 -0.000000e+00
    outer loop
      vertex   -3.523300e+01 4.593301e+01 -1.000000e+00
      vertex   -3.523300e+01 4.593301e+01 -2.000000e+00
      vertex   -3.512945e+01 4.585355e+01 -1.000000e+00
    endloop
  endfacet
  facet normal -6.087614e-01 -7.933534e-01 -0.000000e+00
    outer loop
      vertex   -3.512945e+01 4.585355e+01 -1.000000e+00
      vertex   -3.523300e+01 4.593301e+01 -2.000000e+00
      vertex   -3.512945e+01 4.585355e+01 -2.000000e+00
    endloop
  endfacet
  facet normal -7.933533e-01 -6.087614e-01 -0.000000e+00
    outer loop
      vertex   -3.512945e+01 4.585355e+01 -1.000000e+00
      vertex   -3.512945e+01 4.585355e+01 -2.000000e+00
      vertex   -3.504999e+01 4.575000e+01 -1.000000e+00
    endloop
  endfacet
  facet normal -7.933533e-01 -6.087614e-01 -0.000000e+00
    outer loop
      vertex   -3.504999e+01 4.575000e+01 -1.000000e+00
      vertex   -3.512945e+01 4.585355e+01 -2.000000e+00
      vertex   -3.504999e+01 4.575000e+01 -2.000000e+00
    endloop
  endfacet
  facet normal -9.238795e-01 -3.826834e-01 -0.000000e+00
    outer loop
      vertex   -3.504999e+01 4.575000e+01 -1.000000e+00
      vertex   -3.504999e+01 4.575000e+01 -2.000000e+00
      vertex   -3.500004e+01 4.562941e+01 -1.000000e+00
    endloop
  endfacet
  facet normal -9.238795e-01 -3.826834e-01 -0.000000e+00
    outer loop
      vertex   -3.500004e+01 4.562941e+01 -1.000000e+00
      vertex   -3.504999e+01 4.575000e+01 -2.000000e+00
      vertex   -3.500004e+01 4.562941e+01 -2.000000e+00
    endloop
  endfacet
  facet normal -9.914449e-01 -1.305262e-01 -0.000000e+00
    outer loop
      vertex   -3.500004e+01 4.562941e+01 -1.000000e+00
      vertex   -3.500004e+01 4.562941e+01 -2.000000e+00
      vertex   -3.498300e+01 4.550000e+01 -1.000000e+00
    endloop
  endfacet
  facet normal -9.914449e-01 -1.305262e-01 -0.000000e+00
    outer loop
      vertex   -3.498300e+01 4.550000e+01 -1.000000e+00
      vertex   -3.500004e+01 4.562941e+01 -2.000000e+00
      vertex   -3.498300e+01 4.550000e+01 -2.000000e+00
    endloop
  endfacet
  facet normal -9.914449e-01 1.305262e-01 0.000000e+00
    outer loop
      vertex   -3.498300e+01 4.550000e+01 -1.000000e+00
      vertex   -3.498300e+01 4.550000e+01 -2.000000e+00
      vertex   -3.500004e+01 4.537059e+01 -1.000000e+00
    endloop
  endfacet
  facet normal -9.914449e-01 1.305262e-01 0.000000e+00
    outer loop
      vertex   -3.500004e+01 4.537059e+01 -1.000000e+00
      vertex   -3.498300e+01 4.550000e+01 -2.000000e+00
      vertex   -3.500004e+01 4.537059e+01 -2.000000e+00
    endloop
  endfacet
  facet normal -9.238795e-01 3.826834e-01 0.000000e+00
    outer loop
      vertex   -3.500004e+01 4.537059e+01 -1.000000e+00
      vertex   -3.500004e+01 4.537059e+01 -2.000000e+00
      vertex   -3.504999e+01 4.525000e+01 -1.000000e+00
    endloop
  endfacet
  facet normal -9.238795e-01 3.826834e-01 0.000000e+00
    outer loop
      vertex   -3.504999e+01 4.525000e+01 -1.000000e+00
      vertex   -3.500004e+01 4.537059e+01 -2.000000e+00
      vertex   -3.504999e+01 4.525000e+01 -2.000000e+00
    endloop
  endfacet
  facet normal -7.933533e-01 6.087614e-01 0.000000e+00
    outer loop
      vertex   -3.504999e+01 4.525000e+01 -1.000000e+00
      vertex   -3.504999e+01 4.525000e+01 -2.000000e+00
      vertex   -3.512945e+01 4.514645e+01 -1.000000e+00
    endloop
  endfacet
  facet normal -7.933533e-01 6.087614e-01 0.000000e+00
    outer loop
      vertex   -3.512945e+01 4.514645e+01 -1.000000e+00
      vertex   -3.504999e+01 4.525000e+01 -2.000000e+00
      vertex   -3.512945e+01 4.514645e+01 -2.000000e+00
    endloop
  endfacet
  facet normal -6.087614e-01 7.933534e-01 0.000000e+00
    outer loop
      vertex   -3.512945e+01 4.514645e+01 -1.000000e+00
      vertex   -3.512945e+01 4.514645e+01 -2.000000e+00
      vertex   -3.523300e+01 4.506699e+01 -1.000000e+00
    endloop
  endfacet
  facet normal -6.087614e-01 7.933534e-01 0.000000e+00
    outer loop
      vertex   -3.523300e+01 4.506699e+01 -1.000000e+00
      vertex   -3.512945e+01 4.514645e+01 -2.000000e+00
      vertex   -3.523300e+01 4.506699e+01 -2.000000e+00
    endloop
  endfacet
  facet normal -3.826834e-01 9.238795e-01 0.000000e+00
    outer loop
      vertex   -3.523300e+01 4.506699e+01 -1.000000e+00
      vertex   -3.523300e+01 4.506699e+01 -2.000000e+00
      vertex   -3.535359e+01 4.501704e+01 -1.000000e+00
    endloop
  endfacet
  facet normal -3.826834e-01 9.238795e-01 0.000000e+00
    outer loop
      vertex   -3.535359e+01 4.501704e+01 -1.000000e+00
      vertex   -3.523300e+01 4.506699e+01 -2.000000e+00
      vertex   -3.535359e+01 4.501704e+01 -2.000000e+00
    endloop
  endfacet
  facet normal -1.305262e-01 9.914449e-01 0.000000e+00
    outer loop
      vertex   -3.535359e+01 4.501704e+01 -1.000000e+00
      vertex   -3.535359e+01 4.501704e+01 -2.000000e+00
      vertex   -3.548300e+01 4.500000e+01 -1.000000e+00
    endloop
  endfacet
  facet normal -1.305262e-01 9.914449e-01 0.000000e+00
    outer loop
      vertex   -3.548300e+01 4.500000e+01 -1.000000e+00
      vertex   -3.535359e+01 4.501704e+01 -2.000000e+00
      vertex   -3.548300e+01 4.500000e+01 -2.000000e+00
    endloop
  endfacet
  facet normal 4.470952e-08 1.000000e+00 -0.000000e+00
    outer loop
      vertex   -3.548300e+01 4.500000e+01 -2.000000e+00
      vertex   -6.296600e+01 4.500000e+01 -2.000000e+00
      vertex   -3.548300e+01 4.500000e+01 -1.000000e+00
    endloop
  endfacet
  facet normal 4.470952e-08 1.000000e+00 0.000000e+00
    outer loop
      vertex   -3.548300e+01 4.500000e+01 -1.000000e+00
      vertex   -6.296600e+01 4.500000e+01 -2.000000e+00
      vertex   -6.296600e+01 4.500000e+01 -1.000000e+00
    endloop
  endfacet
  facet normal 1.305262e-01 9.914449e-01 0.000000e+00
    outer loop
      vertex   -6.296600e+01 4.500000e+01 -1.000000e+00
      vertex   -6.296600e+01 4.500000e+01 -2.000000e+00
      vertex   -6.309541e+01 4.501704e+01 -1.000000e+00
    endloop
  endfacet
  facet normal 1.305262e-01 9.914449e-01 0.000000e+00
    outer loop
      vertex   -6.309541e+01 4.501704e+01 -1.000000e+00
      vertex   -6.296600e+01 4.500000e+01 -2.000000e+00
      vertex   -6.309541e+01 4.501704e+01 -2.000000e+00
    endloop
  endfacet
  facet normal 3.826835e-01 9.238795e-01 0.000000e+00
    outer loop
      vertex   -6.309541e+01 4.501704e+01 -1.000000e+00
      vertex   -6.309541e+01 4.501704e+01 -2.000000e+00
      vertex   -6.321600e+01 4.506699e+01 -1.000000e+00
    endloop
  endfacet
  facet normal 3.826835e-01 9.238795e-01 0.000000e+00
    outer loop
      vertex   -6.321600e+01 4.506699e+01 -1.000000e+00
      vertex   -6.309541e+01 4.501704e+01 -2.000000e+00
      vertex   -6.321600e+01 4.506699e+01 -2.000000e+00
    endloop
  endfacet
  facet normal 6.087615e-01 7.933533e-01 0.000000e+00
    outer loop
      vertex   -6.321600e+01 4.506699e+01 -1.000000e+00
      vertex   -6.321600e+01 4.506699e+01 -2.000000e+00
      vertex   -6.331955e+01 4.514645e+01 -1.000000e+00
    endloop
  endfacet
  facet normal 6.087615e-01 7.933533e-01 0.000000e+00
    outer loop
      vertex   -6.331955e+01 4.514645e+01 -1.000000e+00
      vertex   -6.321600e+01 4.506699e+01 -2.000000e+00
      vertex   -6.331955e+01 4.514645e+01 -2.000000e+00
    endloop
  endfacet
  facet normal 7.933534e-01 6.087614e-01 0.000000e+00
    outer loop
      vertex   -6.331955e+01 4.514645e+01 -1.000000e+00
      vertex   -6.331955e+01 4.514645e+01 -2.000000e+00
      vertex   -6.339901e+01 4.525000e+01 -1.000000e+00
    endloop
  endfacet
  facet normal 7.933534e-01 6.087614e-01 0.000000e+00
    outer loop
      vertex   -6.339901e+01 4.525000e+01 -1.000000e+00
      vertex   -6.331955e+01 4.514645e+01 -2.000000e+00
      vertex   -6.339901e+01 4.525000e+01 -2.000000e+00
    endloop
  endfacet
  facet normal 9.238795e-01 3.826834e-01 0.000000e+00
    outer loop
      vertex   -6.339901e+01 4.525000e+01 -1.000000e+00
      vertex   -6.339901e+01 4.525000e+01 -2.000000e+00
      vertex   -6.344896e+01 4.537059e+01 -1.000000e+00
    endloop
  endfacet
  facet normal 9.238795e-01 3.826834e-01 0.000000e+00
    outer loop
      vertex   -6.344896e+01 4.537059e+01 -1.000000e+00
      vertex   -6.339901e+01 4.525000e+01 -2.000000e+00
      vertex   -6.344896e+01 4.537059e+01 -2.000000e+00
    endloop
  endfacet
  facet normal 9.914449e-01 1.305262e-01 0.000000e+00
    outer loop
      vertex   -6.344896e+01 4.537059e+01 -1.000000e+00
      vertex   -6.344896e+01 4.537059e+01 -2.000000e+00
      vertex   -6.346600e+01 4.550000e+01 -1.000000e+00
    endloop
  endfacet
  facet normal 9.914449e-01 1.305262e-01 0.000000e+00
    outer loop
      vertex   -6.346600e+01 4.550000e+01 -1.000000e+00
      vertex   -6.344896e+01 4.537059e+01 -2.000000e+00
      vertex   -6.346600e+01 4.550000e+01 -2.000000e+00
    endloop
  endfacet
  facet normal 9.914449e-01 -1.305262e-01 0.000000e+00
    outer loop
      vertex   -6.346600e+01 4.550000e+01 -1.000000e+00
      vertex   -6.346600e+01 4.550000e+01 -2.000000e+00
      vertex   -6.344896e+01 4.562941e+01 -1.000000e+00
    endloop
  endfacet
  facet normal 9.914449e-01 -1.305262e-01 0.000000e+00
    outer loop
      vertex   -6.344896e+01 4.562941e+01 -1.000000e+00
      vertex   -6.346600e+01 4.550000e+01 -2.000000e+00
      vertex   -6.344896e+01 4.562941e+01 -2.000000e+00
    endloop
  endfacet
  facet normal 9.238795e-01 -3.826834e-01 0.000000e+00
    outer loop
      vertex   -6.344896e+01 4.562941e+01 -1.000000e+00
      vertex   -6.344896e+01 4.562941e+01 -2.000000e+00
      vertex   -6.339901e+01 4.575000e+01 -1.000000e+00
    endloop
  endfacet
  facet normal 9.238795e-01 -3.826834e-01 0.000000e+00
    outer loop
      vertex   -6.339901e+01 4.575000e+01 -1.000000e+00
      vertex   -6.344896e+01 4.562941e+01 -2.000000e+00
      vertex   -6.339901e+01 4.575000e+01 -2.000000e+00
    endloop
  endfacet
  facet normal 7.933534e-01 -6.087614e-01 0.000000e+00
    outer loop
      vertex   -6.339901e+01 4.575000e+01 -1.000000e+00
      vertex   -6.339901e+01 4.575000e+01 -2.000000e+00
      vertex   -6.331955e+01 4.585355e+01 -1.000000e+00
    endloop
  endfacet
  facet normal 7.933534e-01 -6.087614e-01 0.000000e+00
    outer loop
      vertex   -6.331955e+01 4.585355e+01 -1.000000e+00
      vertex   -6.339901e+01 4.575000e+01 -2.000000e+00
      vertex   -6.331955e+01 4.585355e+01 -2.000000e+00
    endloop
  endfacet
  facet normal 6.087615e-01 -7.933533e-01 0.000000e+00
    outer loop
      vertex   -6.331955e+01 4.585355e+01 -1.000000e+00
      vertex   -6.331955e+01 4.585355e+01 -2.000000e+00
      vertex   -6.321600e+01 4.593301e+01 -1.000000e+00
    endloop
  endfacet
  facet normal 6.087615e-01 -7.933533e-01 0.000000e+00
    outer loop
      vertex   -6.321600e+01 4.593301e+01 -1.000000e+00
      vertex   -6.331955e+01 4.585355e+01 -2.000000e+00
      vertex   -6.321600e+01 4.593301e+01 -2.000000e+00
    endloop
  endfacet
  facet normal 3.826835e-01 -9.238795e-01 0.000000e+00
    outer loop
      vertex   -6.321600e+01 4.593301e+01 -1.000000e+00
      vertex   -6.321600e+01 4.593301e+01 -2.000000e+00
      vertex   -6.309541e+01 4.598296e+01 -1.000000e+00
    endloop
  endfacet
  facet normal 3.826835e-01 -9.238795e-01 0.000000e+00
    outer loop
      vertex   -6.309541e+01 4.598296e+01 -1.000000e+00
      vertex   -6.321600e+01 4.593301e+01 -2.000000e+00
      vertex   -6.309541e+01 4.598296e+01 -2.000000e+00
    endloop
  endfacet
  facet normal 1.305262e-01 -9.914449e-01 0.000000e+00
    outer loop
      vertex   -6.309541e+01 4.598296e+01 -1.000000e+00
      vertex   -6.309541e+01 4.598296e+01 -2.000000e+00
      vertex   -6.296600e+01 4.600000e+01 -1.000000e+00
    endloop
  endfacet
  facet normal 1.305262e-01 -9.914449e-01 0.000000e+00
    outer loop
      vertex   -6.296600e+01 4.600000e+01 -1.000000e+00
      vertex   -6.309541e+01 4.598296e+01 -2.000000e+00
      vertex   -6.296600e+01 4.600000e+01 -2.000000e+00
    endloop
  endfacet
  facet normal 4.470952e-08 -1.000000e+00 0.000000e+00
    outer loop
      vertex   -6.296600e+01 4.000000e+01 -2.000000e+00
      vertex   -3.548300e+01 4.000000e+01 -2.000000e+00
      vertex   -6.296600e+01 4.000000e+01 -1.000000e+00
    endloop
  endfacet
  facet normal 4.470952e-08 -1.000000e+00 0.000000e+00
    outer loop
      vertex   -6.296600e+01 4.000000e+01 -1.000000e+00
      vertex   -3.548300e+01 4.000000e+01 -2.000000e+00
      vertex   -3.548300e+01 4.000000e+01 -1.000000e+00
    endloop
  endfacet
  facet normal -1.305262e-01 -9.914449e-01 -0.000000e+00
    outer loop
      vertex   -3.548300e+01 4.000000e+01 -1.000000e+00
      vertex   -3.548300e+01 4.000000e+01 -2.000000e+00
      vertex   -3.535359e+01 3.998296e+01 -1.000000e+00
    endloop
  endfacet
  facet normal -1.305262e-01 -9.914449e-01 -0.000000e+00
    outer loop
      vertex   -3.535359e+01 3.998296e+01 -1.000000e+00
      vertex   -3.548300e+01 4.000000e+01 -2.000000e+00
      vertex   -3.535359e+01 3.998296e+01 -2.000000e+00
    endloop
  endfacet
  facet normal -3.826834e-01 -9.238795e-01 -0.000000e+00
    outer loop
      vertex   -3.535359e+01 3.998296e+01 -1.000000e+00
      vertex   -3.535359e+01 3.998296e+01 -2.000000e+00
      vertex   -3.523300e+01 3.993301e+01 -1.000000e+00
    endloop
  endfacet
  facet normal -3.826834e-01 -9.238795e-01 -0.000000e+00
    outer loop
      vertex   -3.523300e+01 3.993301e+01 -1.000000e+00
      vertex   -3.535359e+01 3.998296e+01 -2.000000e+00
      vertex   -3.523300e+01 3.993301e+01 -2.000000e+00
    endloop
  endfacet
  facet normal -6.087614e-01 -7.933534e-01 -0.000000e+00
    outer loop
      vertex   -3.523300e+01 3.993301e+01 -1.000000e+00
      vertex   -3.523300e+01 3.993301e+01 -2.000000e+00
      vertex   -3.512945e+01 3.985355e+01 -1.000000e+00
    endloop
  endfacet
  facet normal -6.087614e-01 -7.933534e-01 -0.000000e+00
    outer loop
      vertex   -3.512945e+01 3.985355e+01 -1.000000e+00
      vertex   -3.523300e+01 3.993301e+01 -2.000000e+00
      vertex   -3.512945e+01 3.985355e+01 -2.000000e+00
    endloop
  endfacet
  facet normal -7.933533e-01 -6.087614e-01 -0.000000e+00
    outer loop
      vertex   -3.512945e+01 3.985355e+01 -1.000000e+00
      vertex   -3.512945e+01 3.985355e+01 -2.000000e+00
      vertex   -3.504999e+01 3.975000e+01 -1.000000e+00
    endloop
  endfacet
  facet normal -7.933533e-01 -6.087614e-01 -0.000000e+00
    outer loop
      vertex   -3.504999e+01 3.975000e+01 -1.000000e+00
      vertex   -3.512945e+01 3.985355e+01 -2.000000e+00
      vertex   -3.504999e+01 3.975000e+01 -2.000000e+00
    endloop
  endfacet
  facet normal -9.238795e-01 -3.826834e-01 -0.000000e+00
    outer loop
      vertex   -3.504999e+01 3.975000e+01 -1.000000e+00
      vertex   -3.504999e+01 3.975000e+01 -2.000000e+00
      vertex   -3.500004e+01 3.962941e+01 -1.000000e+00
    endloop
  endfacet
  facet normal -9.238795e-01 -3.826834e-01 -0.000000e+00
    outer loop
      vertex   -3.500004e+01 3.962941e+01 -1.000000e+00
      vertex   -3.504999e+01 3.975000e+01 -2.000000e+00
      vertex   -3.500004e+01 3.962941e+01 -2.000000e+00
    endloop
  endfacet
  facet normal -9.914449e-01 -1.305262e-01 -0.000000e+00
    outer loop
      vertex   -3.500004e+01 3.962941e+01 -1.000000e+00
      vertex   -3.500004e+01 3.962941e+01 -2.000000e+00
      vertex   -3.498300e+01 3.950000e+01 -1.000000e+00
    endloop
  endfacet
  facet normal -9.914449e-01 -1.305262e-01 -0.000000e+00
    outer loop
      vertex   -3.498300e+01 3.950000e+01 -1.000000e+00
      vertex   -3.500004e+01 3.962941e+01 -2.000000e+00
      vertex   -3.498300e+01 3.950000e+01 -2.000000e+00
    endloop
  endfacet
  facet normal -9.914449e-01 1.305262e-01 0.000000e+00
    outer loop
      vertex   -3.498300e+01 3.950000e+01 -1.000000e+00
      vertex   -3.498300e+01 3.950000e+01 -2.000000e+00
      vertex   -3.500004e+01 3.937059e+01 -1.000000e+00
    endloop
  endfacet
  facet normal -9.914449e-01 1.305262e-01 0.000000e+00
    outer loop
      vertex   -3.500004e+01 3.937059e+01 -1.000000e+00
      vertex   -3.498300e+01 3.950000e+01 -2.000000e+00
      vertex   -3.500004e+01 3.937059e+01 -2.000000e+00
    endloop
  endfacet
  facet normal -9.238795e-01 3.826834e-01 0.000000e+00
    outer loop
      vertex   -3.500004e+01 3.937059e+01 -1.000000e+00
      vertex   -3.500004e+01 3.937059e+01 -2.000000e+00
      vertex   -3.504999e+01 3.925000e+01 -1.000000e+00
    endloop
  endfacet
  facet normal -9.238795e-01 3.826834e-01 0.000000e+00
    outer loop
      vertex   -3.504999e+01 3.925000e+01 -1.000000e+00
      vertex   -3.500004e+01 3.937059e+01 -2.000000e+00
      vertex   -3.504999e+01 3.925000e+01 -2.000000e+00
    endloop
  endfacet
  facet normal -7.933533e-01 6.087614e-01 0.000000e+00
    outer loop
      vertex   -3.504999e+01 3.925000e+01 -1.000000e+00
      vertex   -3.504999e+01 3.925000e+01 -2.000000e+00
      vertex   -3.512945e+01 3.914645e+01 -1.000000e+00
    endloop
  endfacet
  facet normal -7.933533e-01 6.087614e-01 0.000000e+00
    outer loop
      vertex   -3.512945e+01 3.914645e+01 -1.000000e+00
      vertex   -3.504999e+01 3.925000e+01 -2.000000e+00
      vertex   -3.512945e+01 3.914645e+01 -2.000000e+00
    endloop
  endfacet
  facet normal -6.087614e-01 7.933534e-01 0.000000e+00
    outer loop
      vertex   -3.512945e+01 3.914645e+01 -1.000000e+00
      vertex   -3.512945e+01 3.914645e+01 -2.000000e+00
      vertex   -3.523300e+01 3.906699e+01 -1.000000e+00
    endloop
  endfacet
  facet normal -6.087614e-01 7.933534e-01 0.000000e+00
    outer loop
      vertex   -3.523300e+01 3.906699e+01 -1.000000e+00
      vertex   -3.512945e+01 3.914645e+01 -2.000000e+00
      vertex   -3.523300e+01 3.906699e+01 -2.000000e+00
    endloop
  endfacet
  facet normal -3.826834e-01 9.238795e-01 0.000000e+00
    outer loop
      vertex   -3.523300e+01 3.906699e+01 -1.000000e+00
      vertex   -3.523300e+01 3.906699e+01 -2.000000e+00
      vertex   -3.535359e+01 3.901704e+01 -1.000000e+00
    endloop
  endfacet
  facet normal -3.826834e-01 9.238795e-01 0.000000e+00
    outer loop
      vertex   -3.535359e+01 3.901704e+01 -1.000000e+00
      vertex   -3.523300e+01 3.906699e+01 -2.000000e+00
      vertex   -3.535359e+01 3.901704e+01 -2.000000e+00
    endloop
  endfacet
  facet normal -1.305262e-01 9.914449e-01 0.000000e+00
    outer loop
      vertex   -3.535359e+01 3.901704e+01 -1.000000e+00
      vertex   -3.535359e+01 3.901704e+01 -2.000000e+00
      vertex   -3.548300e+01 3.900000e+01 -1.000000e+00
    endloop
  endfacet
  facet normal -1.305262e-01 9.914449e-01 0.000000e+00
    outer loop
      vertex   -3.548300e+01 3.900000e+01 -1.000000e+00
      vertex   -3.535359e+01 3.901704e+01 -2.000000e+00
      vertex   -3.548300e+01 3.900000e+01 -2.000000e+00
    endloop
  endfacet
  facet normal 4.470952e-08 1.000000e+00 -0.000000e+00
    outer loop
      vertex   -3.548300e+01 3.900000e+01 -2.000000e+00
      vertex   -6.296600e+01 3.900000e+01 -2.000000e+00
      vertex   -3.548300e+01 3.900000e+01 -1.000000e+00
    endloop
  endfacet
  facet normal 4.470952e-08 1.000000e+00 0.000000e+00
    outer loop
      vertex   -3.548300e+01 3.900000e+01 -1.000000e+00
      vertex   -6.296600e+01 3.900000e+01 -2.000000e+00
      vertex   -6.296600e+01 3.900000e+01 -1.000000e+00
    endloop
  endfacet
  facet normal 1.305262e-01 9.914449e-01 0.000000e+00
    outer loop
      vertex   -6.296600e+01 3.900000e+01 -1.000000e+00
      vertex   -6.296600e+01 3.900000e+01 -2.000000e+00
      vertex   -6.309541e+01 3.901704e+01 -1.000000e+00
    endloop
  endfacet
  facet normal 1.305262e-01 9.914449e-01 0.000000e+00
    outer loop
      vertex   -6.309541e+01 3.901704e+01 -1.000000e+00
      vertex   -6.296600e+01 3.900000e+01 -2.000000e+00
      vertex   -6.309541e+01 3.901704e+01 -2.000000e+00
    endloop
  endfacet
  facet normal 3.826835e-01 9.238795e-01 0.000000e+00
    outer loop
      vertex   -6.309541e+01 3.901704e+01 -1.000000e+00
      vertex   -6.309541e+01 3.901704e+01 -2.000000e+00
      vertex   -6.321600e+01 3.906699e+01 -1.000000e+00
    endloop
  endfacet
  facet normal 3.826835e-01 9.238795e-01 0.000000e+00
    outer loop
      vertex   -6.321600e+01 3.906699e+01 -1.000000e+00
      vertex   -6.309541e+01 3.901704e+01 -2.000000e+00
      vertex   -6.321600e+01 3.906699e+01 -2.000000e+00
    endloop
  endfacet
  facet normal 6.087615e-01 7.933533e-01 0.000000e+00
    outer loop
      vertex   -6.321600e+01 3.906699e+01 -1.000000e+00
      vertex   -6.321600e+01 3.906699e+01 -2.000000e+00
      vertex   -6.331955e+01 3.914645e+01 -1.000000e+00
    endloop
  endfacet
  facet normal 6.087615e-01 7.933533e-01 0.000000e+00
    outer loop
      vertex   -6.331955e+01 3.914645e+01 -1.000000e+00
      vertex   -6.321600e+01 3.906699e+01 -2.000000e+00
      vertex   -6.331955e+01 3.914645e+01 -2.000000e+00
    endloop
  endfacet
  facet normal 7.933534e-01 6.087614e-01 0.000000e+00
    outer loop
      vertex   -6.331955e+01 3.914645e+01 -1.000000e+00
      vertex   -6.331955e+01 3.914645e+01 -2.000000e+00
      vertex   -6.339901e+01 3.925000e+01 -1.000000e+00
    endloop
  endfacet
  facet normal 7.933534e-01 6.087614e-01 0.000000e+00
    outer loop
      vertex   -6.339901e+01 3.925000e+01 -1.000000e+00
      vertex   -6.331955e+01 3.914645e+01 -2.000000e+00
      vertex   -6.339901e+01 3.925000e+01 -2.000000e+00
    endloop
  endfacet
  facet normal 9.238795e-01 3.826834e-01 0.000000e+00
    outer loop
      vertex   -6.339901e+01 3.925000e+01 -1.000000e+00
      vertex   -6.339901e+01 3.925000e+01 -2.000000e+00
      vertex   -6.344896e+01 3.937059e+01 -1.000000e+00
    endloop
  endfacet
  facet normal 9.238795e-01 3.826834e-01 0.000000e+00
    outer loop
      vertex   -6.344896e+01 3.937059e+01 -1.000000e+00
      vertex   -6.339901e+01 3.925000e+01 -2.000000e+00
      vertex   -6.344896e+01 3.937059e+01 -2.000000e+00
    endloop
  endfacet
  facet normal 9.914449e-01 1.305262e-01 0.000000e+00
    outer loop
      vertex   -6.344896e+01 3.937059e+01 -1.000000e+00
      vertex   -6.344896e+01 3.937059e+01 -2.000000e+00
      vertex   -6.346600e+01 3.950000e+01 -1.000000e+00
    endloop
  endfacet
  facet normal 9.914449e-01 1.305262e-01 0.000000e+00
    outer loop
      vertex   -6.346600e+01 3.950000e+01 -1.000000e+00
      vertex   -6.344896e+01 3.937059e+01 -2.000000e+00
      vertex   -6.346600e+01 3.950000e+01 -2.000000e+00
    endloop
  endfacet
  facet normal 9.914449e-01 -1.305262e-01 0.000000e+00
    outer loop
      vertex   -6.346600e+01 3.950000e+01 -1.000000e+00
      vertex   -6.346600e+01 3.950000e+01 -2.000000e+00
      vertex   -6.344896e+01 3.962941e+01 -1.000000e+00
    endloop
  endfacet
  facet normal 9.914449e-01 -1.305262e-01 0.000000e+00
    outer loop
      vertex   -6.344896e+01 3.962941e+01 -1.000000e+00
      vertex   -6.346600e+01 3.950000e+01 -2.000000e+00
      vertex   -6.344896e+01 3.962941e+01 -2.000000e+00
    endloop
  endfacet
  facet normal 9.238795e-01 -3.826834e-01 0.000000e+00
    outer loop
      vertex   -6.344896e+01 3.962941e+01 -1.000000e+00
      vertex   -6.344896e+01 3.962941e+01 -2.000000e+00
      vertex   -6.339901e+01 3.975000e+01 -1.000000e+00
    endloop
  endfacet
  facet normal 9.238795e-01 -3.826834e-01 0.000000e+00
    outer loop
      vertex   -6.339901e+01 3.975000e+01 -1.000000e+00
      vertex   -6.344896e+01 3.962941e+01 -2.000000e+00
      vertex   -6.339901e+01 3.975000e+01 -2.000000e+00
    endloop
  endfacet
  facet normal 7.933534e-01 -6.087614e-01 0.000000e+00
    outer loop
      vertex   -6.339901e+01 3.975000e+01 -1.000000e+00
      vertex   -6.339901e+01 3.975000e+01 -2.000000e+00
      vertex   -6.331955e+01 3.985355e+01 -1.000000e+00
    endloop
  endfacet
  facet normal 7.933534e-01 -6.087614e-01 0.000000e+00
    outer loop
      vertex   -6.331955e+01 3.985355e+01 -1.000000e+00
      vertex   -6.339901e+01 3.975000e+01 -2.000000e+00
      vertex   -6.331955e+01 3.985355e+01 -2.000000e+00
    endloop
  endfacet
  facet normal 6.087615e-01 -7.933533e-01 0.000000e+00
    outer loop
      vertex   -6.331955e+01 3.985355e+01 -1.000000e+00
      vertex   -6.331955e+01 3.985355e+01 -2.000000e+00
      vertex   -6.321600e+01 3.993301e+01 -1.000000e+00
    endloop
  endfacet
  facet normal 6.087615e-01 -7.933533e-01 0.000000e+00
    outer loop
      vertex   -6.321600e+01 3.993301e+01 -1.000000e+00
      vertex   -6.331955e+01 3.985355e+01 -2.000000e+00
      vertex   -6.321600e+01 3.993301e+01 -2.000000e+00
    endloop
  endfacet
  facet normal 3.826835e-01 -9.238795e-01 0.000000e+00
    outer loop
      vertex   -6.321600e+01 3.993301e+01 -1.000000e+00
      vertex   -6.321600e+01 3.993301e+01 -2.000000e+00
      vertex   -6.309541e+01 3.998296e+01 -1.000000e+00
    endloop
  endfacet
  facet normal 3.826835e-01 -9.238795e-01 0.000000e+00
    outer loop
      vertex   -6.309541e+01 3.998296e+01 -1.000000e+00
      vertex   -6.321600e+01 3.993301e+01 -2.000000e+00
      vertex   -6.309541e+01 3.998296e+01 -2.000000e+00
    endloop
  endfacet
  facet normal 1.305262e-01 -9.914449e-01 0.000000e+00
    outer loop
      vertex   -6.309541e+01 3.998296e+01 -1.000000e+00
      vertex   -6.309541e+01 3.998296e+01 -2.000000e+00
      vertex   -6.296600e+01 4.000000e+01 -1.000000e+00
    endloop
  endfacet
  facet normal 1.305262e-01 -9.914449e-01 0.000000e+00
    outer loop
      vertex   -6.296600e+01 4.000000e+01 -1.000000e+00
      vertex   -6.309541e+01 3.998296e+01 -2.000000e+00
      vertex   -6.296600e+01 4.000000e+01 -2.000000e+00
    endloop
  endfacet
  facet normal 4.470952e-08 -1.000000e+00 0.000000e+00
    outer loop
      vertex   -6.296600e+01 3.400000e+01 -2.000000e+00
      vertex   -3.548300e+01 3.400000e+01 -2.000000e+00
      vertex   -6.296600e+01 3.400000e+01 -1.000000e+00
    endloop
  endfacet
  facet normal 4.470952e-08 -1.000000e+00 0.000000e+00
    outer loop
      vertex   -6.296600e+01 3.400000e+01 -1.000000e+00
      vertex   -3.548300e+01 3.400000e+01 -2.000000e+00
      vertex   -3.548300e+01 3.400000e+01 -1.000000e+00
    endloop
  endfacet
  facet normal -1.305262e-01 -9.914449e-01 -0.000000e+00
    outer loop
      vertex   -3.548300e+01 3.400000e+01 -1.000000e+00
      vertex   -3.548300e+01 3.400000e+01 -2.000000e+00
      vertex   -3.535359e+01 3.398296e+01 -1.000000e+00
    endloop
  endfacet
  facet normal -1.305262e-01 -9.914449e-01 -0.000000e+00
    outer loop
      vertex   -3.535359e+01 3.398296e+01 -1.000000e+00
      vertex   -3.548300e+01 3.400000e+01 -2.000000e+00
      vertex   -3.535359e+01 3.398296e+01 -2.000000e+00
    endloop
  endfacet
  facet normal -3.826834e-01 -9.238795e-01 -0.000000e+00
    outer loop
      vertex   -3.535359e+01 3.398296e+01 -1.000000e+00
      vertex   -3.535359e+01 3.398296e+01 -2.000000e+00
      vertex   -3.523300e+01 3.393301e+01 -1.000000e+00
    endloop
  endfacet
  facet normal -3.826834e-01 -9.238795e-01 -0.000000e+00
    outer loop
      vertex   -3.523300e+01 3.393301e+01 -1.000000e+00
      vertex   -3.535359e+01 3.398296e+01 -2.000000e+00
      vertex   -3.523300e+01 3.393301e+01 -2.000000e+00
    endloop
  endfacet
  facet normal -6.087614e-01 -7.933534e-01 -0.000000e+00
    outer loop
      vertex   -3.523300e+01 3.393301e+01 -1.000000e+00
      vertex   -3.523300e+01 3.393301e+01 -2.000000e+00
      vertex   -3.512945e+01 3.385355e+01 -1.000000e+00
    endloop
  endfacet
  facet normal -6.087614e-01 -7.933534e-01 -0.000000e+00
    outer loop
      vertex   -3.512945e+01 3.385355e+01 -1.000000e+00
      vertex   -3.523300e+01 3.393301e+01 -2.000000e+00
      vertex   -3.512945e+01 3.385355e+01 -2.000000e+00
    endloop
  endfacet
  facet normal -7.933533e-01 -6.087614e-01 -0.000000e+00
    outer loop
      vertex   -3.512945e+01 3.385355e+01 -1.000000e+00
      vertex   -3.512945e+01 3.385355e+01 -2.000000e+00
      vertex   -3.504999e+01 3.375000e+01 -1.000000e+00
    endloop
  endfacet
  facet normal -7.933533e-01 -6.087614e-01 -0.000000e+00
    outer loop
      vertex   -3.504999e+01 3.375000e+01 -1.000000e+00
      vertex   -3.512945e+01 3.385355e+01 -2.000000e+00
      vertex   -3.504999e+01 3.375000e+01 -2.000000e+00
    endloop
  endfacet
  facet normal -9.238795e-01 -3.826834e-01 -0.000000e+00
    outer loop
      vertex   -3.504999e+01 3.375000e+01 -1.000000e+00
      vertex   -3.504999e+01 3.375000e+01 -2.000000e+00
      vertex   -3.500004e+01 3.362941e+01 -1.000000e+00
    endloop
  endfacet
  facet normal -9.238795e-01 -3.826834e-01 -0.000000e+00
    outer loop
      vertex   -3.500004e+01 3.362941e+01 -1.000000e+00
      vertex   -3.504999e+01 3.375000e+01 -2.000000e+00
      vertex   -3.500004e+01 3.362941e+01 -2.000000e+00
    endloop
  endfacet
  facet normal -9.914449e-01 -1.305262e-01 -0.000000e+00
    outer loop
      vertex   -3.500004e+01 3.362941e+01 -1.000000e+00
      vertex   -3.500004e+01 3.362941e+01 -2.000000e+00
      vertex   -3.498300e+01 3.350000e+01 -1.000000e+00
    endloop
  endfacet
  facet normal -9.914449e-01 -1.305262e-01 -0.000000e+00
    outer loop
      vertex   -3.498300e+01 3.350000e+01 -1.000000e+00
      vertex   -3.500004e+01 3.362941e+01 -2.000000e+00
      vertex   -3.498300e+01 3.350000e+01 -2.000000e+00
    endloop
  endfacet
  facet normal -9.914449e-01 1.305262e-01 0.000000e+00
    outer loop
      vertex   -3.498300e+01 3.350000e+01 -1.000000e+00
      vertex   -3.498300e+01 3.350000e+01 -2.000000e+00
      vertex   -3.500004e+01 3.337059e+01 -1.000000e+00
    endloop
  endfacet
  facet normal -9.914449e-01 1.305262e-01 0.000000e+00
    outer loop
      vertex   -3.500004e+01 3.337059e+01 -1.000000e+00
      vertex   -3.498300e+01 3.350000e+01 -2.000000e+00
      vertex   -3.500004e+01 3.337059e+01 -2.000000e+00
    endloop
  endfacet
  facet normal -9.238795e-01 3.826834e-01 0.000000e+00
    outer loop
      vertex   -3.500004e+01 3.337059e+01 -1.000000e+00
      vertex   -3.500004e+01 3.337059e+01 -2.000000e+00
      vertex   -3.504999e+01 3.325000e+01 -1.000000e+00
    endloop
  endfacet
  facet normal -9.238795e-01 3.826834e-01 0.000000e+00
    outer loop
      vertex   -3.504999e+01 3.325000e+01 -1.000000e+00
      vertex   -3.500004e+01 3.337059e+01 -2.000000e+00
      vertex   -3.504999e+01 3.325000e+01 -2.000000e+00
    endloop
  endfacet
  facet normal -7.933533e-01 6.087614e-01 0.000000e+00
    outer loop
      vertex   -3.504999e+01 3.325000e+01 -1.000000e+00
      vertex   -3.504999e+01 3.325000e+01 -2.000000e+00
      vertex   -3.512945e+01 3.314645e+01 -1.000000e+00
    endloop
  endfacet
  facet normal -7.933533e-01 6.087614e-01 0.000000e+00
    outer loop
      vertex   -3.512945e+01 3.314645e+01 -1.000000e+00
      vertex   -3.504999e+01 3.325000e+01 -2.000000e+00
      vertex   -3.512945e+01 3.314645e+01 -2.000000e+00
    endloop
  endfacet
  facet normal -6.087614e-01 7.933534e-01 0.000000e+00
    outer loop
      vertex   -3.512945e+01 3.314645e+01 -1.000000e+00
      vertex   -3.512945e+01 3.314645e+01 -2.000000e+00
      vertex   -3.523300e+01 3.306699e+01 -1.000000e+00
    endloop
  endfacet
  facet normal -6.087614e-01 7.933534e-01 0.000000e+00
    outer loop
      vertex   -3.523300e+01 3.306699e+01 -1.000000e+00
      vertex   -3.512945e+01 3.314645e+01 -2.000000e+00
      vertex   -3.523300e+01 3.306699e+01 -2.000000e+00
    endloop
  endfacet
  facet normal -3.826834e-01 9.238795e-01 0.000000e+00
    outer loop
      vertex   -3.523300e+01 3.306699e+01 -1.000000e+00
      vertex   -3.523300e+01 3.306699e+01 -2.000000e+00
      vertex   -3.535359e+01 3.301704e+01 -1.000000e+00
    endloop
  endfacet
  facet normal -3.826834e-01 9.238795e-01 0.000000e+00
    outer loop
      vertex   -3.535359e+01 3.301704e+01 -1.000000e+00
      vertex   -3.523300e+01 3.306699e+01 -2.000000e+00
      vertex   -3.535359e+01 3.301704e+01 -2.000000e+00
    endloop
  endfacet
  facet normal -1.305262e-01 9.914449e-01 0.000000e+00
    outer loop
      vertex   -3.535359e+01 3.301704e+01 -1.000000e+00
      vertex   -3.535359e+01 3.301704e+01 -2.000000e+00
      vertex   -3.548300e+01 3.300000e+01 -1.000000e+00
    endloop
  endfacet
  facet normal -1.305262e-01 9.914449e-01 0.000000e+00
    outer loop
      vertex   -3.548300e+01 3.300000e+01 -1.000000e+00
      vertex   -3.535359e+01 3.301704e+01 -2.000000e+00
      vertex   -3.548300e+01 3.300000e+01 -2.000000e+00
    endloop
  endfacet
  facet normal 4.470952e-08 1.000000e+00 -0.000000e+00
    outer loop
      vertex   -3.548300e+01 3.300000e+01 -2.000000e+00
      vertex   -6.296600e+01 3.300000e+01 -2.000000e+00
      vertex   -3.548300e+01 3.300000e+01 -1.000000e+00
    endloop
  endfacet
  facet normal 4.470952e-08 1.000000e+00 0.000000e+00
    outer loop
      vertex   -3.548300e+01 3.300000e+01 -1.000000e+00
      vertex   -6.296600e+01 3.300000e+01 -2.000000e+00
      vertex   -6.296600e+01 3.300000e+01 -1.000000e+00
    endloop
  endfacet
  facet normal 1.305262e-01 9.914449e-01 0.000000e+00
    outer loop
      vertex   -6.296600e+01 3.300000e+01 -1.000000e+00
      vertex   -6.296600e+01 3.300000e+01 -2.000000e+00
      vertex   -6.309541e+01 3.301704e+01 -1.000000e+00
    endloop
  endfacet
  facet normal 1.305262e-01 9.914449e-01 0.000000e+00
    outer loop
      vertex   -6.309541e+01 3.301704e+01 -1.000000e+00
      vertex   -6.296600e+01 3.300000e+01 -2.000000e+00
      vertex   -6.309541e+01 3.301704e+01 -2.000000e+00
    endloop
  endfacet
  facet normal 3.826835e-01 9.238795e-01 0.000000e+00
    outer loop
      vertex   -6.309541e+01 3.301704e+01 -1.000000e+00
      vertex   -6.309541e+01 3.301704e+01 -2.000000e+00
      vertex   -6.321600e+01 3.306699e+01 -1.000000e+00
    endloop
  endfacet
  facet normal 3.826835e-01 9.238795e-01 0.000000e+00
    outer loop
      vertex   -6.321600e+01 3.306699e+01 -1.000000e+00
      vertex   -6.309541e+01 3.301704e+01 -2.000000e+00
      vertex   -6.321600e+01 3.306699e+01 -2.000000e+00
    endloop
  endfacet
  facet normal 6.087615e-01 7.933533e-01 0.000000e+00
    outer loop
      vertex   -6.321600e+01 3.306699e+01 -1.000000e+00
      vertex   -6.321600e+01 3.306699e+01 -2.000000e+00
      vertex   -6.331955e+01 3.314645e+01 -1.000000e+00
    endloop
  endfacet
  facet normal 6.087615e-01 7.933533e-01 0.000000e+00
    outer loop
      vertex   -6.331955e+01 3.314645e+01 -1.000000e+00
      vertex   -6.321600e+01 3.306699e+01 -2.000000e+00
      vertex   -6.331955e+01 3.314645e+01 -2.000000e+00
    endloop
  endfacet
  facet normal 7.933534e-01 6.087614e-01 0.000000e+00
    outer loop
      vertex   -6.331955e+01 3.314645e+01 -1.000000e+00
      vertex   -6.331955e+01 3.314645e+01 -2.000000e+00
      vertex   -6.339901e+01 3.325000e+01 -1.000000e+00
    endloop
  endfacet
  facet normal 7.933534e-01 6.087614e-01 0.000000e+00
    outer loop
      vertex   -6.339901e+01 3.325000e+01 -1.000000e+00
      vertex   -6.331955e+01 3.314645e+01 -2.000000e+00
      vertex   -6.339901e+01 3.325000e+01 -2.000000e+00
    endloop
  endfacet
  facet normal 9.238795e-01 3.826834e-01 0.000000e+00
    outer loop
      vertex   -6.339901e+01 3.325000e+01 -1.000000e+00
      vertex   -6.339901e+01 3.325000e+01 -2.000000e+00
      vertex   -6.344896e+01 3.337059e+01 -1.000000e+00
    endloop
  endfacet
  facet normal 9.238795e-01 3.826834e-01 0.000000e+00
    outer loop
      vertex   -6.344896e+01 3.337059e+01 -1.000000e+00
      vertex   -6.339901e+01 3.325000e+01 -2.000000e+00
      vertex   -6.344896e+01 3.337059e+01 -2.000000e+00
    endloop
  endfacet
  facet normal 9.914449e-01 1.305262e-01 0.000000e+00
    outer loop
      vertex   -6.344896e+01 3.337059e+01 -1.000000e+00
      vertex   -6.344896e+01 3.337059e+01 -2.000000e+00
      vertex   -6.346600e+01 3.350000e+01 -1.000000e+00
    endloop
  endfacet
  facet normal 9.914449e-01 1.305262e-01 0.000000e+00
    outer loop
      vertex   -6.346600e+01 3.350000e+01 -1.000000e+00
      vertex   -6.344896e+01 3.337059e+01 -2.000000e+00
      vertex   -6.346600e+01 3.350000e+01 -2.000000e+00
    endloop
  endfacet
  facet normal 9.914449e-01 -1.305262e-01 0.000000e+00
    outer loop
      vertex   -6.346600e+01 3.350000e+01 -1.000000e+00
      vertex   -6.346600e+01 3.350000e+01 -2.000000e+00
      vertex   -6.344896e+01 3.362941e+01 -1.000000e+00
    endloop
  endfacet
  facet normal 9.914449e-01 -1.305262e-01 0.000000e+00
    outer loop
      vertex   -6.344896e+01 3.362941e+01 -1.000000e+00
      vertex   -6.346600e+01 3.350000e+01 -2.000000e+00
      vertex   -6.344896e+01 3.362941e+01 -2.000000e+00
    endloop
  endfacet
  facet normal 9.238795e-01 -3.826834e-01 0.000000e+00
    outer loop
      vertex   -6.344896e+01 3.362941e+01 -1.000000e+00
      vertex   -6.344896e+01 3.362941e+01 -2.000000e+00
      vertex   -6.339901e+01 3.375000e+01 -1.000000e+00
    endloop
  endfacet
  facet normal 9.238795e-01 -3.826834e-01 0.000000e+00
    outer loop
      vertex   -6.339901e+01 3.375000e+01 -1.000000e+00
      vertex   -6.344896e+01 3.362941e+01 -2.000000e+00
      vertex   -6.339901e+01 3.375000e+01 -2.000000e+00
    endloop
  endfacet
  facet normal 7.933534e-01 -6.087614e-01 0.000000e+00
    outer loop
      vertex   -6.339901e+01 3.375000e+01 -1.000000e+00
      vertex   -6.339901e+01 3.375000e+01 -2.000000e+00
      vertex   -6.331955e+01 3.385355e+01 -1.000000e+00
    endloop
  endfacet
  facet normal 7.933534e-01 -6.087614e-01 0.000000e+00
    outer loop
      vertex   -6.331955e+01 3.385355e+01 -1.000000e+00
      vertex   -6.339901e+01 3.375000e+01 -2.000000e+00
      vertex   -6.331955e+01 3.385355e+01 -2.000000e+00
    endloop
  endfacet
  facet normal 6.087615e-01 -7.933533e-01 0.000000e+00
    outer loop
      vertex   -6.331955e+01 3.385355e+01 -1.000000e+00
      vertex   -6.331955e+01 3.385355e+01 -2.000000e+00
      vertex   -6.321600e+01 3.393301e+01 -1.000000e+00
    endloop
  endfacet
  facet normal 6.087615e-01 -7.933533e-01 0.000000e+00
    outer loop
      vertex   -6.321600e+01 3.393301e+01 -1.000000e+00
      vertex   -6.331955e+01 3.385355e+01 -2.000000e+00
      vertex   -6.321600e+01 3.393301e+01 -2.000000e+00
    endloop
  endfacet
  facet normal 3.826835e-01 -9.238795e-01 0.000000e+00
    outer loop
      vertex   -6.321600e+01 3.393301e+01 -1.000000e+00
      vertex   -6.321600e+01 3.393301e+01 -2.000000e+00
      vertex   -6.309541e+01 3.398296e+01 -1.000000e+00
    endloop
  endfacet
  facet normal 3.826835e-01 -9.238795e-01 0.000000e+00
    outer loop
      vertex   -6.309541e+01 3.398296e+01 -1.000000e+00
      vertex   -6.321600e+01 3.393301e+01 -2.000000e+00
      vertex   -6.309541e+01 3.398296e+01 -2.000000e+00
    endloop
  endfacet
  facet normal 1.305262e-01 -9.914449e-01 0.000000e+00
    outer loop
      vertex   -6.309541e+01 3.398296e+01 -1.000000e+00
      vertex   -6.309541e+01 3.398296e+01 -2.000000e+00
      vertex   -6.296600e+01 3.400000e+01 -1.000000e+00
    endloop
  endfacet
  facet normal 1.305262e-01 -9.914449e-01 0.000000e+00
    outer loop
      vertex   -6.296600e+01 3.400000e+01 -1.000000e+00
      vertex   -6.309541e+01 3.398296e+01 -2.000000e+00
      vertex   -6.296600e+01 3.400000e+01 -2.000000e+00
    endloop
  endfacet
  facet normal -1.305262e-01 -9.914449e-01 -0.000000e+00
    outer loop
      vertex   -3.548300e+01 4.900000e+01 -1.000000e+00
      vertex   -3.548300e+01 4.900000e+01 -2.000000e+00
      vertex   -3.535359e+01 4.898296e+01 -1.000000e+00
    endloop
  endfacet
  facet normal -1.305262e-01 -9.914449e-01 -0.000000e+00
    outer loop
      vertex   -3.535359e+01 4.898296e+01 -1.000000e+00
      vertex   -3.548300e+01 4.900000e+01 -2.000000e+00
      vertex   -3.535359e+01 4.898296e+01 -2.000000e+00
    endloop
  endfacet
  facet normal -3.826834e-01 -9.238795e-01 -0.000000e+00
    outer loop
      vertex   -3.535359e+01 4.898296e+01 -1.000000e+00
      vertex   -3.535359e+01 4.898296e+01 -2.000000e+00
      vertex   -3.523300e+01 4.893301e+01 -1.000000e+00
    endloop
  endfacet
  facet normal -3.826834e-01 -9.238795e-01 -0.000000e+00
    outer loop
      vertex   -3.523300e+01 4.893301e+01 -1.000000e+00
      vertex   -3.535359e+01 4.898296e+01 -2.000000e+00
      vertex   -3.523300e+01 4.893301e+01 -2.000000e+00
    endloop
  endfacet
  facet normal -6.087614e-01 -7.933534e-01 -0.000000e+00
    outer loop
      vertex   -3.523300e+01 4.893301e+01 -1.000000e+00
      vertex   -3.523300e+01 4.893301e+01 -2.000000e+00
      vertex   -3.512945e+01 4.885355e+01 -1.000000e+00
    endloop
  endfacet
  facet normal -6.087614e-01 -7.933534e-01 -0.000000e+00
    outer loop
      vertex   -3.512945e+01 4.885355e+01 -1.000000e+00
      vertex   -3.523300e+01 4.893301e+01 -2.000000e+00
      vertex   -3.512945e+01 4.885355e+01 -2.000000e+00
    endloop
  endfacet
  facet normal -7.933533e-01 -6.087614e-01 -0.000000e+00
    outer loop
      vertex   -3.512945e+01 4.885355e+01 -1.000000e+00
      vertex   -3.512945e+01 4.885355e+01 -2.000000e+00
      vertex   -3.504999e+01 4.875000e+01 -1.000000e+00
    endloop
  endfacet
  facet normal -7.933533e-01 -6.087614e-01 -0.000000e+00
    outer loop
      vertex   -3.504999e+01 4.875000e+01 -1.000000e+00
      vertex   -3.512945e+01 4.885355e+01 -2.000000e+00
      vertex   -3.504999e+01 4.875000e+01 -2.000000e+00
    endloop
  endfacet
  facet normal -9.238795e-01 -3.826834e-01 -0.000000e+00
    outer loop
      vertex   -3.504999e+01 4.875000e+01 -1.000000e+00
      vertex   -3.504999e+01 4.875000e+01 -2.000000e+00
      vertex   -3.500004e+01 4.862941e+01 -1.000000e+00
    endloop
  endfacet
  facet normal -9.238795e-01 -3.826834e-01 -0.000000e+00
    outer loop
      vertex   -3.500004e+01 4.862941e+01 -1.000000e+00
      vertex   -3.504999e+01 4.875000e+01 -2.000000e+00
      vertex   -3.500004e+01 4.862941e+01 -2.000000e+00
    endloop
  endfacet
  facet normal -9.914449e-01 -1.305262e-01 -0.000000e+00
    outer loop
      vertex   -3.500004e+01 4.862941e+01 -1.000000e+00
      vertex   -3.500004e+01 4.862941e+01 -2.000000e+00
      vertex   -3.498300e+01 4.850000e+01 -1.000000e+00
    endloop
  endfacet
  facet normal -9.914449e-01 -1.305262e-01 -0.000000e+00
    outer loop
      vertex   -3.498300e+01 4.850000e+01 -1.000000e+00
      vertex   -3.500004e+01 4.862941e+01 -2.000000e+00
      vertex   -3.498300e+01 4.850000e+01 -2.000000e+00
    endloop
  endfacet
  facet normal -9.914449e-01 1.305262e-01 0.000000e+00
    outer loop
      vertex   -3.498300e+01 4.850000e+01 -1.000000e+00
      vertex   -3.498300e+01 4.850000e+01 -2.000000e+00
      vertex   -3.500004e+01 4.837059e+01 -1.000000e+00
    endloop
  endfacet
  facet normal -9.914449e-01 1.305262e-01 0.000000e+00
    outer loop
      vertex   -3.500004e+01 4.837059e+01 -1.000000e+00
      vertex   -3.498300e+01 4.850000e+01 -2.000000e+00
      vertex   -3.500004e+01 4.837059e+01 -2.000000e+00
    endloop
  endfacet
  facet normal -9.238795e-01 3.826834e-01 0.000000e+00
    outer loop
      vertex   -3.500004e+01 4.837059e+01 -1.000000e+00
      vertex   -3.500004e+01 4.837059e+01 -2.000000e+00
      vertex   -3.504999e+01 4.825000e+01 -1.000000e+00
    endloop
  endfacet
  facet normal -9.238795e-01 3.826834e-01 0.000000e+00
    outer loop
      vertex   -3.504999e+01 4.825000e+01 -1.000000e+00
      vertex   -3.500004e+01 4.837059e+01 -2.000000e+00
      vertex   -3.504999e+01 4.825000e+01 -2.000000e+00
    endloop
  endfacet
  facet normal -7.933533e-01 6.087614e-01 0.000000e+00
    outer loop
      vertex   -3.504999e+01 4.825000e+01 -1.000000e+00
      vertex   -3.504999e+01 4.825000e+01 -2.000000e+00
      vertex   -3.512945e+01 4.814645e+01 -1.000000e+00
    endloop
  endfacet
  facet normal -7.933533e-01 6.087614e-01 0.000000e+00
    outer loop
      vertex   -3.512945e+01 4.814645e+01 -1.000000e+00
      vertex   -3.504999e+01 4.825000e+01 -2.000000e+00
      vertex   -3.512945e+01 4.814645e+01 -2.000000e+00
    endloop
  endfacet
  facet normal -6.087614e-01 7.933534e-01 0.000000e+00
    outer loop
      vertex   -3.512945e+01 4.814645e+01 -1.000000e+00
      vertex   -3.512945e+01 4.814645e+01 -2.000000e+00
      vertex   -3.523300e+01 4.806699e+01 -1.000000e+00
    endloop
  endfacet
  facet normal -6.087614e-01 7.933534e-01 0.000000e+00
    outer loop
      vertex   -3.523300e+01 4.806699e+01 -1.000000e+00
      vertex   -3.512945e+01 4.814645e+01 -2.000000e+00
      vertex   -3.523300e+01 4.806699e+01 -2.000000e+00
    endloop
  endfacet
  facet normal -3.826834e-01 9.238795e-01 0.000000e+00
    outer loop
      vertex   -3.523300e+01 4.806699e+01 -1.000000e+00
      vertex   -3.523300e+01 4.806699e+01 -2.000000e+00
      vertex   -3.535359e+01 4.801704e+01 -1.000000e+00
    endloop
  endfacet
  facet normal -3.826834e-01 9.238795e-01 0.000000e+00
    outer loop
      vertex   -3.535359e+01 4.801704e+01 -1.000000e+00
      vertex   -3.523300e+01 4.806699e+01 -2.000000e+00
      vertex   -3.535359e+01 4.801704e+01 -2.000000e+00
    endloop
  endfacet
  facet normal -1.305241e-01 9.914451e-01 0.000000e+00
    outer loop
      vertex   -3.535359e+01 4.801704e+01 -1.000000e+00
      vertex   -3.535359e+01 4.801704e+01 -2.000000e+00
      vertex   -3.548300e+01 4.800000e+01 -1.000000e+00
    endloop
  endfacet
  facet normal -1.305241e-01 9.914451e-01 0.000000e+00
    outer loop
      vertex   -3.548300e+01 4.800000e+01 -1.000000e+00
      vertex   -3.535359e+01 4.801704e+01 -2.000000e+00
      vertex   -3.548300e+01 4.800000e+01 -2.000000e+00
    endloop
  endfacet
  facet normal 3.371446e-08 1.000000e+00 -0.000000e+00
    outer loop
      vertex   -3.548300e+01 4.800000e+01 -2.000000e+00
      vertex   -6.296600e+01 4.800000e+01 -2.000000e+00
      vertex   -3.548300e+01 4.800000e+01 -1.000000e+00
    endloop
  endfacet
  facet normal 3.371446e-08 1.000000e+00 0.000000e+00
    outer loop
      vertex   -3.548300e+01 4.800000e+01 -1.000000e+00
      vertex   -6.296600e+01 4.800000e+01 -2.000000e+00
      vertex   -6.296600e+01 4.800000e+01 -1.000000e+00
    endloop
  endfacet
  facet normal 1.305262e-01 9.914449e-01 0.000000e+00
    outer loop
      vertex   -6.296600e+01 4.800000e+01 -1.000000e+00
      vertex   -6.296600e+01 4.800000e+01 -2.000000e+00
      vertex   -6.309541e+01 4.801704e+01 -1.000000e+00
    endloop
  endfacet
  facet normal 1.305262e-01 9.914449e-01 0.000000e+00
    outer loop
      vertex   -6.309541e+01 4.801704e+01 -1.000000e+00
      vertex   -6.296600e+01 4.800000e+01 -2.000000e+00
      vertex   -6.309541e+01 4.801704e+01 -2.000000e+00
    endloop
  endfacet
  facet normal 3.826835e-01 9.238795e-01 0.000000e+00
    outer loop
      vertex   -6.309541e+01 4.801704e+01 -1.000000e+00
      vertex   -6.309541e+01 4.801704e+01 -2.000000e+00
      vertex   -6.321600e+01 4.806699e+01 -1.000000e+00
    endloop
  endfacet
  facet normal 3.826835e-01 9.238795e-01 0.000000e+00
    outer loop
      vertex   -6.321600e+01 4.806699e+01 -1.000000e+00
      vertex   -6.309541e+01 4.801704e+01 -2.000000e+00
      vertex   -6.321600e+01 4.806699e+01 -2.000000e+00
    endloop
  endfacet
  facet normal 6.087615e-01 7.933533e-01 0.000000e+00
    outer loop
      vertex   -6.321600e+01 4.806699e+01 -1.000000e+00
      vertex   -6.321600e+01 4.806699e+01 -2.000000e+00
      vertex   -6.331955e+01 4.814645e+01 -1.000000e+00
    endloop
  endfacet
  facet normal 6.087615e-01 7.933533e-01 0.000000e+00
    outer loop
      vertex   -6.331955e+01 4.814645e+01 -1.000000e+00
      vertex   -6.321600e+01 4.806699e+01 -2.000000e+00
      vertex   -6.331955e+01 4.814645e+01 -2.000000e+00
    endloop
  endfacet
  facet normal 7.933534e-01 6.087614e-01 0.000000e+00
    outer loop
      vertex   -6.331955e+01 4.814645e+01 -1.000000e+00
      vertex   -6.331955e+01 4.814645e+01 -2.000000e+00
      vertex   -6.339901e+01 4.825000e+01 -1.000000e+00
    endloop
  endfacet
  facet normal 7.933534e-01 6.087614e-01 0.000000e+00
    outer loop
      vertex   -6.339901e+01 4.825000e+01 -1.000000e+00
      vertex   -6.331955e+01 4.814645e+01 -2.000000e+00
      vertex   -6.339901e+01 4.825000e+01 -2.000000e+00
    endloop
  endfacet
  facet normal 9.238795e-01 3.826834e-01 0.000000e+00
    outer loop
      vertex   -6.339901e+01 4.825000e+01 -1.000000e+00
      vertex   -6.339901e+01 4.825000e+01 -2.000000e+00
      vertex   -6.344896e+01 4.837059e+01 -1.000000e+00
    endloop
  endfacet
  facet normal 9.238795e-01 3.826834e-01 0.000000e+00
    outer loop
      vertex   -6.344896e+01 4.837059e+01 -1.000000e+00
      vertex   -6.339901e+01 4.825000e+01 -2.000000e+00
      vertex   -6.344896e+01 4.837059e+01 -2.000000e+00
    endloop
  endfacet
  facet normal 9.914449e-01 1.305262e-01 0.000000e+00
    outer loop
      vertex   -6.344896e+01 4.837059e+01 -1.000000e+00
      vertex   -6.344896e+01 4.837059e+01 -2.000000e+00
      vertex   -6.346600e+01 4.850000e+01 -1.000000e+00
    endloop
  endfacet
  facet normal 9.914449e-01 1.305262e-01 0.000000e+00
    outer loop
      vertex   -6.346600e+01 4.850000e+01 -1.000000e+00
      vertex   -6.344896e+01 4.837059e+01 -2.000000e+00
      vertex   -6.346600e+01 4.850000e+01 -2.000000e+00
    endloop
  endfacet
  facet normal 9.914449e-01 -1.305262e-01 0.000000e+00
    outer loop
      vertex   -6.346600e+01 4.850000e+01 -1.000000e+00
      vertex   -6.346600e+01 4.850000e+01 -2.000000e+00
      vertex   -6.344896e+01 4.862941e+01 -1.000000e+00
    endloop
  endfacet
  facet normal 9.914449e-01 -1.305262e-01 0.000000e+00
    outer loop
      vertex   -6.344896e+01 4.862941e+01 -1.000000e+00
      vertex   -6.346600e+01 4.850000e+01 -2.000000e+00
      vertex   -6.344896e+01 4.862941e+01 -2.000000e+00
    endloop
  endfacet
  facet normal 9.238795e-01 -3.826834e-01 0.000000e+00
    outer loop
      vertex   -6.344896e+01 4.862941e+01 -1.000000e+00
      vertex   -6.344896e+01 4.862941e+01 -2.000000e+00
      vertex   -6.339901e+01 4.875000e+01 -1.000000e+00
    endloop
  endfacet
  facet normal 9.238795e-01 -3.826834e-01 0.000000e+00
    outer loop
      vertex   -6.339901e+01 4.875000e+01 -1.000000e+00
      vertex   -6.344896e+01 4.862941e+01 -2.000000e+00
      vertex   -6.339901e+01 4.875000e+01 -2.000000e+00
    endloop
  endfacet
  facet normal 7.933534e-01 -6.087614e-01 0.000000e+00
    outer loop
      vertex   -6.339901e+01 4.875000e+01 -1.000000e+00
      vertex   -6.339901e+01 4.875000e+01 -2.000000e+00
      vertex   -6.331955e+01 4.885355e+01 -1.000000e+00
    endloop
  endfacet
  facet normal 7.933534e-01 -6.087614e-01 0.000000e+00
    outer loop
      vertex   -6.331955e+01 4.885355e+01 -1.000000e+00
      vertex   -6.339901e+01 4.875000e+01 -2.000000e+00
      vertex   -6.331955e+01 4.885355e+01 -2.000000e+00
    endloop
  endfacet
  facet normal 6.087614e-01 -7.933533e-01 0.000000e+00
    outer loop
      vertex   -6.331955e+01 4.885355e+01 -1.000000e+00
      vertex   -6.331955e+01 4.885355e+01 -2.000000e+00
      vertex   -6.321600e+01 4.893301e+01 -1.000000e+00
    endloop
  endfacet
  facet normal 6.087614e-01 -7.933533e-01 0.000000e+00
    outer loop
      vertex   -6.321600e+01 4.893301e+01 -1.000000e+00
      vertex   -6.331955e+01 4.885355e+01 -2.000000e+00
      vertex   -6.321600e+01 4.893301e+01 -2.000000e+00
    endloop
  endfacet
  facet normal 3.826835e-01 -9.238795e-01 0.000000e+00
    outer loop
      vertex   -6.321600e+01 4.893301e+01 -1.000000e+00
      vertex   -6.321600e+01 4.893301e+01 -2.000000e+00
      vertex   -6.309541e+01 4.898296e+01 -1.000000e+00
    endloop
  endfacet
  facet normal 3.826835e-01 -9.238795e-01 0.000000e+00
    outer loop
      vertex   -6.309541e+01 4.898296e+01 -1.000000e+00
      vertex   -6.321600e+01 4.893301e+01 -2.000000e+00
      vertex   -6.309541e+01 4.898296e+01 -2.000000e+00
    endloop
  endfacet
  facet normal 1.305285e-01 -9.914446e-01 0.000000e+00
    outer loop
      vertex   -6.309541e+01 4.898296e+01 -1.000000e+00
      vertex   -6.309541e+01 4.898296e+01 -2.000000e+00
      vertex   -6.296600e+01 4.900000e+01 -1.000000e+00
    endloop
  endfacet
  facet normal 1.305285e-01 -9.914446e-01 0.000000e+00
    outer loop
      vertex   -6.296600e+01 4.900000e+01 -1.000000e+00
      vertex   -6.309541e+01 4.898296e+01 -2.000000e+00
      vertex   -6.296600e+01 4.900000e+01 -2.000000e+00
    endloop
  endfacet
  facet normal 3.371447e-08 -1.000000e+00 0.000000e+00
    outer loop
      vertex   -6.296600e+01 4.900000e+01 -2.000000e+00
      vertex   -3.548300e+01 4.900000e+01 -2.000000e+00
      vertex   -6.296600e+01 4.900000e+01 -1.000000e+00
    endloop
  endfacet
  facet normal 3.371447e-08 -1.000000e+00 0.000000e+00
    outer loop
      vertex   -6.296600e+01 4.900000e+01 -1.000000e+00
      vertex   -3.548300e+01 4.900000e+01 -2.000000e+00
      vertex   -3.548300e+01 4.900000e+01 -1.000000e+00
    endloop
  endfacet
  facet normal 4.470952e-08 -1.000000e+00 0.000000e+00
    outer loop
      vertex   -6.296600e+01 4.300000e+01 -2.000000e+00
      vertex   -3.548300e+01 4.300000e+01 -2.000000e+00
      vertex   -6.296600e+01 4.300000e+01 -1.000000e+00
    endloop
  endfacet
  facet normal 4.470952e-08 -1.000000e+00 0.000000e+00
    outer loop
      vertex   -6.296600e+01 4.300000e+01 -1.000000e+00
      vertex   -3.548300e+01 4.300000e+01 -2.000000e+00
      vertex   -3.548300e+01 4.300000e+01 -1.000000e+00
    endloop
  endfacet
  facet normal -1.305262e-01 -9.914449e-01 -0.000000e+00
    outer loop
      vertex   -3.548300e+01 4.300000e+01 -1.000000e+00
      vertex   -3.548300e+01 4.300000e+01 -2.000000e+00
      vertex   -3.535359e+01 4.298296e+01 -1.000000e+00
    endloop
  endfacet
  facet normal -1.305262e-01 -9.914449e-01 -0.000000e+00
    outer loop
      vertex   -3.535359e+01 4.298296e+01 -1.000000e+00
      vertex   -3.548300e+01 4.300000e+01 -2.000000e+00
      vertex   -3.535359e+01 4.298296e+01 -2.000000e+00
    endloop
  endfacet
  facet normal -3.826834e-01 -9.238795e-01 -0.000000e+00
    outer loop
      vertex   -3.535359e+01 4.298296e+01 -1.000000e+00
      vertex   -3.535359e+01 4.298296e+01 -2.000000e+00
      vertex   -3.523300e+01 4.293301e+01 -1.000000e+00
    endloop
  endfacet
  facet normal -3.826834e-01 -9.238795e-01 -0.000000e+00
    outer loop
      vertex   -3.523300e+01 4.293301e+01 -1.000000e+00
      vertex   -3.535359e+01 4.298296e+01 -2.000000e+00
      vertex   -3.523300e+01 4.293301e+01 -2.000000e+00
    endloop
  endfacet
  facet normal -6.087614e-01 -7.933534e-01 -0.000000e+00
    outer loop
      vertex   -3.523300e+01 4.293301e+01 -1.000000e+00
      vertex   -3.523300e+01 4.293301e+01 -2.000000e+00
      vertex   -3.512945e+01 4.285355e+01 -1.000000e+00
    endloop
  endfacet
  facet normal -6.087614e-01 -7.933534e-01 -0.000000e+00
    outer loop
      vertex   -3.512945e+01 4.285355e+01 -1.000000e+00
      vertex   -3.523300e+01 4.293301e+01 -2.000000e+00
      vertex   -3.512945e+01 4.285355e+01 -2.000000e+00
    endloop
  endfacet
  facet normal -7.933533e-01 -6.087614e-01 -0.000000e+00
    outer loop
      vertex   -3.512945e+01 4.285355e+01 -1.000000e+00
      vertex   -3.512945e+01 4.285355e+01 -2.000000e+00
      vertex   -3.504999e+01 4.275000e+01 -1.000000e+00
    endloop
  endfacet
  facet normal -7.933533e-01 -6.087614e-01 -0.000000e+00
    outer loop
      vertex   -3.504999e+01 4.275000e+01 -1.000000e+00
      vertex   -3.512945e+01 4.285355e+01 -2.000000e+00
      vertex   -3.504999e+01 4.275000e+01 -2.000000e+00
    endloop
  endfacet
  facet normal -9.238795e-01 -3.826834e-01 -0.000000e+00
    outer loop
      vertex   -3.504999e+01 4.275000e+01 -1.000000e+00
      vertex   -3.504999e+01 4.275000e+01 -2.000000e+00
      vertex   -3.500004e+01 4.262941e+01 -1.000000e+00
    endloop
  endfacet
  facet normal -9.238795e-01 -3.826834e-01 -0.000000e+00
    outer loop
      vertex   -3.500004e+01 4.262941e+01 -1.000000e+00
      vertex   -3.504999e+01 4.275000e+01 -2.000000e+00
      vertex   -3.500004e+01 4.262941e+01 -2.000000e+00
    endloop
  endfacet
  facet normal -9.914449e-01 -1.305262e-01 -0.000000e+00
    outer loop
      vertex   -3.500004e+01 4.262941e+01 -1.000000e+00
      vertex   -3.500004e+01 4.262941e+01 -2.000000e+00
      vertex   -3.498300e+01 4.250000e+01 -1.000000e+00
    endloop
  endfacet
  facet normal -9.914449e-01 -1.305262e-01 -0.000000e+00
    outer loop
      vertex   -3.498300e+01 4.250000e+01 -1.000000e+00
      vertex   -3.500004e+01 4.262941e+01 -2.000000e+00
      vertex   -3.498300e+01 4.250000e+01 -2.000000e+00
    endloop
  endfacet
  facet normal -9.914449e-01 1.305262e-01 0.000000e+00
    outer loop
      vertex   -3.498300e+01 4.250000e+01 -1.000000e+00
      vertex   -3.498300e+01 4.250000e+01 -2.000000e+00
      vertex   -3.500004e+01 4.237059e+01 -1.000000e+00
    endloop
  endfacet
  facet normal -9.914449e-01 1.305262e-01 0.000000e+00
    outer loop
      vertex   -3.500004e+01 4.237059e+01 -1.000000e+00
      vertex   -3.498300e+01 4.250000e+01 -2.000000e+00
      vertex   -3.500004e+01 4.237059e+01 -2.000000e+00
    endloop
  endfacet
  facet normal -9.238795e-01 3.826834e-01 0.000000e+00
    outer loop
      vertex   -3.500004e+01 4.237059e+01 -1.000000e+00
      vertex   -3.500004e+01 4.237059e+01 -2.000000e+00
      vertex   -3.504999e+01 4.225000e+01 -1.000000e+00
    endloop
  endfacet
  facet normal -9.238795e-01 3.826834e-01 0.000000e+00
    outer loop
      vertex   -3.504999e+01 4.225000e+01 -1.000000e+00
      vertex   -3.500004e+01 4.237059e+01 -2.000000e+00
      vertex   -3.504999e+01 4.225000e+01 -2.000000e+00
    endloop
  endfacet
  facet normal -7.933533e-01 6.087614e-01 0.000000e+00
    outer loop
      vertex   -3.504999e+01 4.225000e+01 -1.000000e+00
      vertex   -3.504999e+01 4.225000e+01 -2.000000e+00
      vertex   -3.512945e+01 4.214645e+01 -1.000000e+00
    endloop
  endfacet
  facet normal -7.933533e-01 6.087614e-01 0.000000e+00
    outer loop
      vertex   -3.512945e+01 4.214645e+01 -1.000000e+00
      vertex   -3.504999e+01 4.225000e+01 -2.000000e+00
      vertex   -3.512945e+01 4.214645e+01 -2.000000e+00
    endloop
  endfacet
  facet normal -6.087614e-01 7.933534e-01 0.000000e+00
    outer loop
      vertex   -3.512945e+01 4.214645e+01 -1.000000e+00
      vertex   -3.512945e+01 4.214645e+01 -2.000000e+00
      vertex   -3.523300e+01 4.206699e+01 -1.000000e+00
    endloop
  endfacet
  facet normal -6.087614e-01 7.933534e-01 0.000000e+00
    outer loop
      vertex   -3.523300e+01 4.206699e+01 -1.000000e+00
      vertex   -3.512945e+01 4.214645e+01 -2.000000e+00
      vertex   -3.523300e+01 4.206699e+01 -2.000000e+00
    endloop
  endfacet
  facet normal -3.826834e-01 9.238795e-01 0.000000e+00
    outer loop
      vertex   -3.523300e+01 4.206699e+01 -1.000000e+00
      vertex   -3.523300e+01 4.206699e+01 -2.000000e+00
      vertex   -3.535359e+01 4.201704e+01 -1.000000e+00
    endloop
  endfacet
  facet normal -3.826834e-01 9.238795e-01 0.000000e+00
    outer loop
      vertex   -3.535359e+01 4.201704e+01 -1.000000e+00
      vertex   -3.523300e+01 4.206699e+01 -2.000000e+00
      vertex   -3.535359e+01 4.201704e+01 -2.000000e+00
    endloop
  endfacet
  facet normal -1.305262e-01 9.914449e-01 0.000000e+00
    outer loop
      vertex   -3.535359e+01 4.201704e+01 -1.000000e+00
      vertex   -3.535359e+01 4.201704e+01 -2.000000e+00
      vertex   -3.548300e+01 4.200000e+01 -1.000000e+00
    endloop
  endfacet
  facet normal -1.305262e-01 9.914449e-01 0.000000e+00
    outer loop
      vertex   -3.548300e+01 4.200000e+01 -1.000000e+00
      vertex   -3.535359e+01 4.201704e+01 -2.000000e+00
      vertex   -3.548300e+01 4.200000e+01 -2.000000e+00
    endloop
  endfacet
  facet normal 4.470952e-08 1.000000e+00 -0.000000e+00
    outer loop
      vertex   -3.548300e+01 4.200000e+01 -2.000000e+00
      vertex   -6.296600e+01 4.200000e+01 -2.000000e+00
      vertex   -3.548300e+01 4.200000e+01 -1.000000e+00
    endloop
  endfacet
  facet normal 4.470952e-08 1.000000e+00 0.000000e+00
    outer loop
      vertex   -3.548300e+01 4.200000e+01 -1.000000e+00
      vertex   -6.296600e+01 4.200000e+01 -2.000000e+00
      vertex   -6.296600e+01 4.200000e+01 -1.000000e+00
    endloop
  endfacet
  facet normal 1.305262e-01 9.914449e-01 0.000000e+00
    outer loop
      vertex   -6.296600e+01 4.200000e+01 -1.000000e+00
      vertex   -6.296600e+01 4.200000e+01 -2.000000e+00
      vertex   -6.309541e+01 4.201704e+01 -1.000000e+00
    endloop
  endfacet
  facet normal 1.305262e-01 9.914449e-01 0.000000e+00
    outer loop
      vertex   -6.309541e+01 4.201704e+01 -1.000000e+00
      vertex   -6.296600e+01 4.200000e+01 -2.000000e+00
      vertex   -6.309541e+01 4.201704e+01 -2.000000e+00
    endloop
  endfacet
  facet normal 3.826835e-01 9.238795e-01 0.000000e+00
    outer loop
      vertex   -6.309541e+01 4.201704e+01 -1.000000e+00
      vertex   -6.309541e+01 4.201704e+01 -2.000000e+00
      vertex   -6.321600e+01 4.206699e+01 -1.000000e+00
    endloop
  endfacet
  facet normal 3.826835e-01 9.238795e-01 0.000000e+00
    outer loop
      vertex   -6.321600e+01 4.206699e+01 -1.000000e+00
      vertex   -6.309541e+01 4.201704e+01 -2.000000e+00
      vertex   -6.321600e+01 4.206699e+01 -2.000000e+00
    endloop
  endfacet
  facet normal 6.087615e-01 7.933533e-01 0.000000e+00
    outer loop
      vertex   -6.321600e+01 4.206699e+01 -1.000000e+00
      vertex   -6.321600e+01 4.206699e+01 -2.000000e+00
      vertex   -6.331955e+01 4.214645e+01 -1.000000e+00
    endloop
  endfacet
  facet normal 6.087615e-01 7.933533e-01 0.000000e+00
    outer loop
      vertex   -6.331955e+01 4.214645e+01 -1.000000e+00
      vertex   -6.321600e+01 4.206699e+01 -2.000000e+00
      vertex   -6.331955e+01 4.214645e+01 -2.000000e+00
    endloop
  endfacet
  facet normal 7.933534e-01 6.087614e-01 0.000000e+00
    outer loop
      vertex   -6.331955e+01 4.214645e+01 -1.000000e+00
      vertex   -6.331955e+01 4.214645e+01 -2.000000e+00
      vertex   -6.339901e+01 4.225000e+01 -1.000000e+00
    endloop
  endfacet
  facet normal 7.933534e-01 6.087614e-01 0.000000e+00
    outer loop
      vertex   -6.339901e+01 4.225000e+01 -1.000000e+00
      vertex   -6.331955e+01 4.214645e+01 -2.000000e+00
      vertex   -6.339901e+01 4.225000e+01 -2.000000e+00
    endloop
  endfacet
  facet normal 9.238795e-01 3.826834e-01 0.000000e+00
    outer loop
      vertex   -6.339901e+01 4.225000e+01 -1.000000e+00
      vertex   -6.339901e+01 4.225000e+01 -2.000000e+00
      vertex   -6.344896e+01 4.237059e+01 -1.000000e+00
    endloop
  endfacet
  facet normal 9.238795e-01 3.826834e-01 0.000000e+00
    outer loop
      vertex   -6.344896e+01 4.237059e+01 -1.000000e+00
      vertex   -6.339901e+01 4.225000e+01 -2.000000e+00
      vertex   -6.344896e+01 4.237059e+01 -2.000000e+00
    endloop
  endfacet
  facet normal 9.914449e-01 1.305262e-01 0.000000e+00
    outer loop
      vertex   -6.344896e+01 4.237059e+01 -1.000000e+00
      vertex   -6.344896e+01 4.237059e+01 -2.000000e+00
      vertex   -6.346600e+01 4.250000e+01 -1.000000e+00
    endloop
  endfacet
  facet normal 9.914449e-01 1.305262e-01 0.000000e+00
    outer loop
      vertex   -6.346600e+01 4.250000e+01 -1.000000e+00
      vertex   -6.344896e+01 4.237059e+01 -2.000000e+00
      vertex   -6.346600e+01 4.250000e+01 -2.000000e+00
    endloop
  endfacet
  facet normal 9.914449e-01 -1.305262e-01 0.000000e+00
    outer loop
      vertex   -6.346600e+01 4.250000e+01 -1.000000e+00
      vertex   -6.346600e+01 4.250000e+01 -2.000000e+00
      vertex   -6.344896e+01 4.262941e+01 -1.000000e+00
    endloop
  endfacet
  facet normal 9.914449e-01 -1.305262e-01 0.000000e+00
    outer loop
      vertex   -6.344896e+01 4.262941e+01 -1.000000e+00
      vertex   -6.346600e+01 4.250000e+01 -2.000000e+00
      vertex   -6.344896e+01 4.262941e+01 -2.000000e+00
    endloop
  endfacet
  facet normal 9.238795e-01 -3.826834e-01 0.000000e+00
    outer loop
      vertex   -6.344896e+01 4.262941e+01 -1.000000e+00
      vertex   -6.344896e+01 4.262941e+01 -2.000000e+00
      vertex   -6.339901e+01 4.275000e+01 -1.000000e+00
    endloop
  endfacet
  facet normal 9.238795e-01 -3.826834e-01 0.000000e+00
    outer loop
      vertex   -6.339901e+01 4.275000e+01 -1.000000e+00
      vertex   -6.344896e+01 4.262941e+01 -2.000000e+00
      vertex   -6.339901e+01 4.275000e+01 -2.000000e+00
    endloop
  endfacet
  facet normal 7.933534e-01 -6.087614e-01 0.000000e+00
    outer loop
      vertex   -6.339901e+01 4.275000e+01 -1.000000e+00
      vertex   -6.339901e+01 4.275000e+01 -2.000000e+00
      vertex   -6.331955e+01 4.285355e+01 -1.000000e+00
    endloop
  endfacet
  facet normal 7.933534e-01 -6.087614e-01 0.000000e+00
    outer loop
      vertex   -6.331955e+01 4.285355e+01 -1.000000e+00
      vertex   -6.339901e+01 4.275000e+01 -2.000000e+00
      vertex   -6.331955e+01 4.285355e+01 -2.000000e+00
    endloop
  endfacet
  facet normal 6.087615e-01 -7.933533e-01 0.000000e+00
    outer loop
      vertex   -6.331955e+01 4.285355e+01 -1.000000e+00
      vertex   -6.331955e+01 4.285355e+01 -2.000000e+00
      vertex   -6.321600e+01 4.293301e+01 -1.000000e+00
    endloop
  endfacet
  facet normal 6.087615e-01 -7.933533e-01 0.000000e+00
    outer loop
      vertex   -6.321600e+01 4.293301e+01 -1.000000e+00
      vertex   -6.331955e+01 4.285355e+01 -2.000000e+00
      vertex   -6.321600e+01 4.293301e+01 -2.000000e+00
    endloop
  endfacet
  facet normal 3.826835e-01 -9.238795e-01 0.000000e+00
    outer loop
      vertex   -6.321600e+01 4.293301e+01 -1.000000e+00
      vertex   -6.321600e+01 4.293301e+01 -2.000000e+00
      vertex   -6.309541e+01 4.298296e+01 -1.000000e+00
    endloop
  endfacet
  facet normal 3.826835e-01 -9.238795e-01 0.000000e+00
    outer loop
      vertex   -6.309541e+01 4.298296e+01 -1.000000e+00
      vertex   -6.321600e+01 4.293301e+01 -2.000000e+00
      vertex   -6.309541e+01 4.298296e+01 -2.000000e+00
    endloop
  endfacet
  facet normal 1.305262e-01 -9.914449e-01 0.000000e+00
    outer loop
      vertex   -6.309541e+01 4.298296e+01 -1.000000e+00
      vertex   -6.309541e+01 4.298296e+01 -2.000000e+00
      vertex   -6.296600e+01 4.300000e+01 -1.000000e+00
    endloop
  endfacet
  facet normal 1.305262e-01 -9.914449e-01 0.000000e+00
    outer loop
      vertex   -6.296600e+01 4.300000e+01 -1.000000e+00
      vertex   -6.309541e+01 4.298296e+01 -2.000000e+00
      vertex   -6.296600e+01 4.300000e+01 -2.000000e+00
    endloop
  endfacet
  facet normal 4.470952e-08 -1.000000e+00 0.000000e+00
    outer loop
      vertex   -6.296600e+01 3.700000e+01 -2.000000e+00
      vertex   -3.548300e+01 3.700000e+01 -2.000000e+00
      vertex   -6.296600e+01 3.700000e+01 -1.000000e+00
    endloop
  endfacet
  facet normal 4.470952e-08 -1.000000e+00 0.000000e+00
    outer loop
      vertex   -6.296600e+01 3.700000e+01 -1.000000e+00
      vertex   -3.548300e+01 3.700000e+01 -2.000000e+00
      vertex   -3.548300e+01 3.700000e+01 -1.000000e+00
    endloop
  endfacet
  facet normal -1.305262e-01 -9.914449e-01 -0.000000e+00
    outer loop
      vertex   -3.548300e+01 3.700000e+01 -1.000000e+00
      vertex   -3.548300e+01 3.700000e+01 -2.000000e+00
      vertex   -3.535359e+01 3.698296e+01 -1.000000e+00
    endloop
  endfacet
  facet normal -1.305262e-01 -9.914449e-01 -0.000000e+00
    outer loop
      vertex   -3.535359e+01 3.698296e+01 -1.000000e+00
      vertex   -3.548300e+01 3.700000e+01 -2.000000e+00
      vertex   -3.535359e+01 3.698296e+01 -2.000000e+00
    endloop
  endfacet
  facet normal -3.826834e-01 -9.238795e-01 -0.000000e+00
    outer loop
      vertex   -3.535359e+01 3.698296e+01 -1.000000e+00
      vertex   -3.535359e+01 3.698296e+01 -2.000000e+00
      vertex   -3.523300e+01 3.693301e+01 -1.000000e+00
    endloop
  endfacet
  facet normal -3.826834e-01 -9.238795e-01 -0.000000e+00
    outer loop
      vertex   -3.523300e+01 3.693301e+01 -1.000000e+00
      vertex   -3.535359e+01 3.698296e+01 -2.000000e+00
      vertex   -3.523300e+01 3.693301e+01 -2.000000e+00
    endloop
  endfacet
  facet normal -6.087614e-01 -7.933534e-01 -0.000000e+00
    outer loop
      vertex   -3.523300e+01 3.693301e+01 -1.000000e+00
      vertex   -3.523300e+01 3.693301e+01 -2.000000e+00
      vertex   -3.512945e+01 3.685355e+01 -1.000000e+00
    endloop
  endfacet
  facet normal -6.087614e-01 -7.933534e-01 -0.000000e+00
    outer loop
      vertex   -3.512945e+01 3.685355e+01 -1.000000e+00
      vertex   -3.523300e+01 3.693301e+01 -2.000000e+00
      vertex   -3.512945e+01 3.685355e+01 -2.000000e+00
    endloop
  endfacet
  facet normal -7.933533e-01 -6.087614e-01 -0.000000e+00
    outer loop
      vertex   -3.512945e+01 3.685355e+01 -1.000000e+00
      vertex   -3.512945e+01 3.685355e+01 -2.000000e+00
      vertex   -3.504999e+01 3.675000e+01 -1.000000e+00
    endloop
  endfacet
  facet normal -7.933533e-01 -6.087614e-01 -0.000000e+00
    outer loop
      vertex   -3.504999e+01 3.675000e+01 -1.000000e+00
      vertex   -3.512945e+01 3.685355e+01 -2.000000e+00
      vertex   -3.504999e+01 3.675000e+01 -2.000000e+00
    endloop
  endfacet
  facet normal -9.238795e-01 -3.826834e-01 -0.000000e+00
    outer loop
      vertex   -3.504999e+01 3.675000e+01 -1.000000e+00
      vertex   -3.504999e+01 3.675000e+01 -2.000000e+00
      vertex   -3.500004e+01 3.662941e+01 -1.000000e+00
    endloop
  endfacet
  facet normal -9.238795e-01 -3.826834e-01 -0.000000e+00
    outer loop
      vertex   -3.500004e+01 3.662941e+01 -1.000000e+00
      vertex   -3.504999e+01 3.675000e+01 -2.000000e+00
      vertex   -3.500004e+01 3.662941e+01 -2.000000e+00
    endloop
  endfacet
  facet normal -9.914449e-01 -1.305262e-01 -0.000000e+00
    outer loop
      vertex   -3.500004e+01 3.662941e+01 -1.000000e+00
      vertex   -3.500004e+01 3.662941e+01 -2.000000e+00
      vertex   -3.498300e+01 3.650000e+01 -1.000000e+00
    endloop
  endfacet
  facet normal -9.914449e-01 -1.305262e-01 -0.000000e+00
    outer loop
      vertex   -3.498300e+01 3.650000e+01 -1.000000e+00
      vertex   -3.500004e+01 3.662941e+01 -2.000000e+00
      vertex   -3.498300e+01 3.650000e+01 -2.000000e+00
    endloop
  endfacet
  facet normal -9.914449e-01 1.305262e-01 0.000000e+00
    outer loop
      vertex   -3.498300e+01 3.650000e+01 -1.000000e+00
      vertex   -3.498300e+01 3.650000e+01 -2.000000e+00
      vertex   -3.500004e+01 3.637059e+01 -1.000000e+00
    endloop
  endfacet
  facet normal -9.914449e-01 1.305262e-01 0.000000e+00
    outer loop
      vertex   -3.500004e+01 3.637059e+01 -1.000000e+00
      vertex   -3.498300e+01 3.650000e+01 -2.000000e+00
      vertex   -3.500004e+01 3.637059e+01 -2.000000e+00
    endloop
  endfacet
  facet normal -9.238795e-01 3.826834e-01 0.000000e+00
    outer loop
      vertex   -3.500004e+01 3.637059e+01 -1.000000e+00
      vertex   -3.500004e+01 3.637059e+01 -2.000000e+00
      vertex   -3.504999e+01 3.625000e+01 -1.000000e+00
    endloop
  endfacet
  facet normal -9.238795e-01 3.826834e-01 0.000000e+00
    outer loop
      vertex   -3.504999e+01 3.625000e+01 -1.000000e+00
      vertex   -3.500004e+01 3.637059e+01 -2.000000e+00
      vertex   -3.504999e+01 3.625000e+01 -2.000000e+00
    endloop
  endfacet
  facet normal -7.933533e-01 6.087614e-01 0.000000e+00
    outer loop
      vertex   -3.504999e+01 3.625000e+01 -1.000000e+00
      vertex   -3.504999e+01 3.625000e+01 -2.000000e+00
      vertex   -3.512945e+01 3.614645e+01 -1.000000e+00
    endloop
  endfacet
  facet normal -7.933533e-01 6.087614e-01 0.000000e+00
    outer loop
      vertex   -3.512945e+01 3.614645e+01 -1.000000e+00
      vertex   -3.504999e+01 3.625000e+01 -2.000000e+00
      vertex   -3.512945e+01 3.614645e+01 -2.000000e+00
    endloop
  endfacet
  facet normal -6.087614e-01 7.933534e-01 0.000000e+00
    outer loop
      vertex   -3.512945e+01 3.614645e+01 -1.000000e+00
      vertex   -3.512945e+01 3.614645e+01 -2.000000e+00
      vertex   -3.523300e+01 3.606699e+01 -1.000000e+00
    endloop
  endfacet
  facet normal -6.087614e-01 7.933534e-01 0.000000e+00
    outer loop
      vertex   -3.523300e+01 3.606699e+01 -1.000000e+00
      vertex   -3.512945e+01 3.614645e+01 -2.000000e+00
      vertex   -3.523300e+01 3.606699e+01 -2.000000e+00
    endloop
  endfacet
  facet normal -3.826834e-01 9.238795e-01 0.000000e+00
    outer loop
      vertex   -3.523300e+01 3.606699e+01 -1.000000e+00
      vertex   -3.523300e+01 3.606699e+01 -2.000000e+00
      vertex   -3.535359e+01 3.601704e+01 -1.000000e+00
    endloop
  endfacet
  facet normal -3.826834e-01 9.238795e-01 0.000000e+00
    outer loop
      vertex   -3.535359e+01 3.601704e+01 -1.000000e+00
      vertex   -3.523300e+01 3.606699e+01 -2.000000e+00
      vertex   -3.535359e+01 3.601704e+01 -2.000000e+00
    endloop
  endfacet
  facet normal -1.305262e-01 9.914449e-01 0.000000e+00
    outer loop
      vertex   -3.535359e+01 3.601704e+01 -1.000000e+00
      vertex   -3.535359e+01 3.601704e+01 -2.000000e+00
      vertex   -3.548300e+01 3.600000e+01 -1.000000e+00
    endloop
  endfacet
  facet normal -1.305262e-01 9.914449e-01 0.000000e+00
    outer loop
      vertex   -3.548300e+01 3.600000e+01 -1.000000e+00
      vertex   -3.535359e+01 3.601704e+01 -2.000000e+00
      vertex   -3.548300e+01 3.600000e+01 -2.000000e+00
    endloop
  endfacet
  facet normal 4.470952e-08 1.000000e+00 -0.000000e+00
    outer loop
      vertex   -3.548300e+01 3.600000e+01 -2.000000e+00
      vertex   -6.296600e+01 3.600000e+01 -2.000000e+00
      vertex   -3.548300e+01 3.600000e+01 -1.000000e+00
    endloop
  endfacet
  facet normal 4.470952e-08 1.000000e+00 0.000000e+00
    outer loop
      vertex   -3.548300e+01 3.600000e+01 -1.000000e+00
      vertex   -6.296600e+01 3.600000e+01 -2.000000e+00
      vertex   -6.296600e+01 3.600000e+01 -1.000000e+00
    endloop
  endfacet
  facet normal 1.305262e-01 9.914449e-01 0.000000e+00
    outer loop
      vertex   -6.296600e+01 3.600000e+01 -1.000000e+00
      vertex   -6.296600e+01 3.600000e+01 -2.000000e+00
      vertex   -6.309541e+01 3.601704e+01 -1.000000e+00
    endloop
  endfacet
  facet normal 1.305262e-01 9.914449e-01 0.000000e+00
    outer loop
      vertex   -6.309541e+01 3.601704e+01 -1.000000e+00
      vertex   -6.296600e+01 3.600000e+01 -2.000000e+00
      vertex   -6.309541e+01 3.601704e+01 -2.000000e+00
    endloop
  endfacet
  facet normal 3.826835e-01 9.238795e-01 0.000000e+00
    outer loop
      vertex   -6.309541e+01 3.601704e+01 -1.000000e+00
      vertex   -6.309541e+01 3.601704e+01 -2.000000e+00
      vertex   -6.321600e+01 3.606699e+01 -1.000000e+00
    endloop
  endfacet
  facet normal 3.826835e-01 9.238795e-01 0.000000e+00
    outer loop
      vertex   -6.321600e+01 3.606699e+01 -1.000000e+00
      vertex   -6.309541e+01 3.601704e+01 -2.000000e+00
      vertex   -6.321600e+01 3.606699e+01 -2.000000e+00
    endloop
  endfacet
  facet normal 6.087615e-01 7.933533e-01 0.000000e+00
    outer loop
      vertex   -6.321600e+01 3.606699e+01 -1.000000e+00
      vertex   -6.321600e+01 3.606699e+01 -2.000000e+00
      vertex   -6.331955e+01 3.614645e+01 -1.000000e+00
    endloop
  endfacet
  facet normal 6.087615e-01 7.933533e-01 0.000000e+00
    outer loop
      vertex   -6.331955e+01 3.614645e+01 -1.000000e+00
      vertex   -6.321600e+01 3.606699e+01 -2.000000e+00
      vertex   -6.331955e+01 3.614645e+01 -2.000000e+00
    endloop
  endfacet
  facet normal 7.933534e-01 6.087614e-01 0.000000e+00
    outer loop
      vertex   -6.331955e+01 3.614645e+01 -1.000000e+00
      vertex   -6.331955e+01 3.614645e+01 -2.000000e+00
      vertex   -6.339901e+01 3.625000e+01 -1.000000e+00
    endloop
  endfacet
  facet normal 7.933534e-01 6.087614e-01 0.000000e+00
    outer loop
      vertex   -6.339901e+01 3.625000e+01 -1.000000e+00
      vertex   -6.331955e+01 3.614645e+01 -2.000000e+00
      vertex   -6.339901e+01 3.625000e+01 -2.000000e+00
    endloop
  endfacet
  facet normal 9.238795e-01 3.826834e-01 0.000000e+00
    outer loop
      vertex   -6.339901e+01 3.625000e+01 -1.000000e+00
      vertex   -6.339901e+01 3.625000e+01 -2.000000e+00
      vertex   -6.344896e+01 3.637059e+01 -1.000000e+00
    endloop
  endfacet
  facet normal 9.238795e-01 3.826834e-01 0.000000e+00
    outer loop
      vertex   -6.344896e+01 3.637059e+01 -1.000000e+00
      vertex   -6.339901e+01 3.625000e+01 -2.000000e+00
      vertex   -6.344896e+01 3.637059e+01 -2.000000e+00
    endloop
  endfacet
  facet normal 9.914449e-01 1.305262e-01 0.000000e+00
    outer loop
      vertex   -6.344896e+01 3.637059e+01 -1.000000e+00
      vertex   -6.344896e+01 3.637059e+01 -2.000000e+00
      vertex   -6.346600e+01 3.650000e+01 -1.000000e+00
    endloop
  endfacet
  facet normal 9.914449e-01 1.305262e-01 0.000000e+00
    outer loop
      vertex   -6.346600e+01 3.650000e+01 -1.000000e+00
      vertex   -6.344896e+01 3.637059e+01 -2.000000e+00
      vertex   -6.346600e+01 3.650000e+01 -2.000000e+00
    endloop
  endfacet
  facet normal 9.914449e-01 -1.305262e-01 0.000000e+00
    outer loop
      vertex   -6.346600e+01 3.650000e+01 -1.000000e+00
      vertex   -6.346600e+01 3.650000e+01 -2.000000e+00
      vertex   -6.344896e+01 3.662941e+01 -1.000000e+00
    endloop
  endfacet
  facet normal 9.914449e-01 -1.305262e-01 0.000000e+00
    outer loop
      vertex   -6.344896e+01 3.662941e+01 -1.000000e+00
      vertex   -6.346600e+01 3.650000e+01 -2.000000e+00
      vertex   -6.344896e+01 3.662941e+01 -2.000000e+00
    endloop
  endfacet
  facet normal 9.238795e-01 -3.826834e-01 0.000000e+00
    outer loop
      vertex   -6.344896e+01 3.662941e+01 -1.000000e+00
      vertex   -6.344896e+01 3.662941e+01 -2.000000e+00
      vertex   -6.339901e+01 3.675000e+01 -1.000000e+00
    endloop
  endfacet
  facet normal 9.238795e-01 -3.826834e-01 0.000000e+00
    outer loop
      vertex   -6.339901e+01 3.675000e+01 -1.000000e+00
      vertex   -6.344896e+01 3.662941e+01 -2.000000e+00
      vertex   -6.339901e+01 3.675000e+01 -2.000000e+00
    endloop
  endfacet
  facet normal 7.933534e-01 -6.087614e-01 0.000000e+00
    outer loop
      vertex   -6.339901e+01 3.675000e+01 -1.000000e+00
      vertex   -6.339901e+01 3.675000e+01 -2.000000e+00
      vertex   -6.331955e+01 3.685355e+01 -1.000000e+00
    endloop
  endfacet
  facet normal 7.933534e-01 -6.087614e-01 0.000000e+00
    outer loop
      vertex   -6.331955e+01 3.685355e+01 -1.000000e+00
      vertex   -6.339901e+01 3.675000e+01 -2.000000e+00
      vertex   -6.331955e+01 3.685355e+01 -2.000000e+00
    endloop
  endfacet
  facet normal 6.087615e-01 -7.933533e-01 0.000000e+00
    outer loop
      vertex   -6.331955e+01 3.685355e+01 -1.000000e+00
      vertex   -6.331955e+01 3.685355e+01 -2.000000e+00
      vertex   -6.321600e+01 3.693301e+01 -1.000000e+00
    endloop
  endfacet
  facet normal 6.087615e-01 -7.933533e-01 0.000000e+00
    outer loop
      vertex   -6.321600e+01 3.693301e+01 -1.000000e+00
      vertex   -6.331955e+01 3.685355e+01 -2.000000e+00
      vertex   -6.321600e+01 3.693301e+01 -2.000000e+00
    endloop
  endfacet
  facet normal 3.826835e-01 -9.238795e-01 0.000000e+00
    outer loop
      vertex   -6.321600e+01 3.693301e+01 -1.000000e+00
      vertex   -6.321600e+01 3.693301e+01 -2.000000e+00
      vertex   -6.309541e+01 3.698296e+01 -1.000000e+00
    endloop
  endfacet
  facet normal 3.826835e-01 -9.238795e-01 0.000000e+00
    outer loop
      vertex   -6.309541e+01 3.698296e+01 -1.000000e+00
      vertex   -6.321600e+01 3.693301e+01 -2.000000e+00
      vertex   -6.309541e+01 3.698296e+01 -2.000000e+00
    endloop
  endfacet
  facet normal 1.305262e-01 -9.914449e-01 0.000000e+00
    outer loop
      vertex   -6.309541e+01 3.698296e+01 -1.000000e+00
      vertex   -6.309541e+01 3.698296e+01 -2.000000e+00
      vertex   -6.296600e+01 3.700000e+01 -1.000000e+00
    endloop
  endfacet
  facet normal 1.305262e-01 -9.914449e-01 0.000000e+00
    outer loop
      vertex   -6.296600e+01 3.700000e+01 -1.000000e+00
      vertex   -6.309541e+01 3.698296e+01 -2.000000e+00
      vertex   -6.296600e+01 3.700000e+01 -2.000000e+00
    endloop
  endfacet
  facet normal 6.320711e-16 -1.000000e+00 0.000000e+00
    outer loop
      vertex   -5.796600e+01 5.500000e+01 -2.000000e+00
      vertex   -3.548300e+01 5.500000e+01 -2.000000e+00
      vertex   -5.796600e+01 5.500000e+01 -1.000000e+00
    endloop
  endfacet
  facet normal 6.320711e-16 -1.000000e+00 0.000000e+00
    outer loop
      vertex   -5.796600e+01 5.500000e+01 -1.000000e+00
      vertex   -3.548300e+01 5.500000e+01 -2.000000e+00
      vertex   -3.548300e+01 5.500000e+01 -1.000000e+00
    endloop
  endfacet
  facet normal -1.305262e-01 -9.914449e-01 -0.000000e+00
    outer loop
      vertex   -3.548300e+01 5.500000e+01 -1.000000e+00
      vertex   -3.548300e+01 5.500000e+01 -2.000000e+00
      vertex   -3.535359e+01 5.498296e+01 -1.000000e+00
    endloop
  endfacet
  facet normal -1.305262e-01 -9.914449e-01 -0.000000e+00
    outer loop
      vertex   -3.535359e+01 5.498296e+01 -1.000000e+00
      vertex   -3.548300e+01 5.500000e+01 -2.000000e+00
      vertex   -3.535359e+01 5.498296e+01 -2.000000e+00
    endloop
  endfacet
  facet normal -3.826834e-01 -9.238795e-01 -0.000000e+00
    outer loop
      vertex   -3.535359e+01 5.498296e+01 -1.000000e+00
      vertex   -3.535359e+01 5.498296e+01 -2.000000e+00
      vertex   -3.523300e+01 5.493301e+01 -1.000000e+00
    endloop
  endfacet
  facet normal -3.826834e-01 -9.238795e-01 -0.000000e+00
    outer loop
      vertex   -3.523300e+01 5.493301e+01 -1.000000e+00
      vertex   -3.535359e+01 5.498296e+01 -2.000000e+00
      vertex   -3.523300e+01 5.493301e+01 -2.000000e+00
    endloop
  endfacet
  facet normal -6.087614e-01 -7.933533e-01 -0.000000e+00
    outer loop
      vertex   -3.523300e+01 5.493301e+01 -1.000000e+00
      vertex   -3.523300e+01 5.493301e+01 -2.000000e+00
      vertex   -3.512945e+01 5.485355e+01 -1.000000e+00
    endloop
  endfacet
  facet normal -6.087614e-01 -7.933533e-01 -0.000000e+00
    outer loop
      vertex   -3.512945e+01 5.485355e+01 -1.000000e+00
      vertex   -3.523300e+01 5.493301e+01 -2.000000e+00
      vertex   -3.512945e+01 5.485355e+01 -2.000000e+00
    endloop
  endfacet
  facet normal -7.933533e-01 -6.087614e-01 -0.000000e+00
    outer loop
      vertex   -3.512945e+01 5.485355e+01 -1.000000e+00
      vertex   -3.512945e+01 5.485355e+01 -2.000000e+00
      vertex   -3.504999e+01 5.475000e+01 -1.000000e+00
    endloop
  endfacet
  facet normal -7.933533e-01 -6.087614e-01 -0.000000e+00
    outer loop
      vertex   -3.504999e+01 5.475000e+01 -1.000000e+00
      vertex   -3.512945e+01 5.485355e+01 -2.000000e+00
      vertex   -3.504999e+01 5.475000e+01 -2.000000e+00
    endloop
  endfacet
  facet normal -9.238795e-01 -3.826834e-01 -0.000000e+00
    outer loop
      vertex   -3.504999e+01 5.475000e+01 -1.000000e+00
      vertex   -3.504999e+01 5.475000e+01 -2.000000e+00
      vertex   -3.500004e+01 5.462941e+01 -1.000000e+00
    endloop
  endfacet
  facet normal -9.238795e-01 -3.826834e-01 -0.000000e+00
    outer loop
      vertex   -3.500004e+01 5.462941e+01 -1.000000e+00
      vertex   -3.504999e+01 5.475000e+01 -2.000000e+00
      vertex   -3.500004e+01 5.462941e+01 -2.000000e+00
    endloop
  endfacet
  facet normal -9.914449e-01 -1.305262e-01 -0.000000e+00
    outer loop
      vertex   -3.500004e+01 5.462941e+01 -1.000000e+00
      vertex   -3.500004e+01 5.462941e+01 -2.000000e+00
      vertex   -3.498300e+01 5.450000e+01 -1.000000e+00
    endloop
  endfacet
  facet normal -9.914449e-01 -1.305262e-01 -0.000000e+00
    outer loop
      vertex   -3.498300e+01 5.450000e+01 -1.000000e+00
      vertex   -3.500004e+01 5.462941e+01 -2.000000e+00
      vertex   -3.498300e+01 5.450000e+01 -2.000000e+00
    endloop
  endfacet
  facet normal -9.914449e-01 1.305262e-01 0.000000e+00
    outer loop
      vertex   -3.498300e+01 5.450000e+01 -1.000000e+00
      vertex   -3.498300e+01 5.450000e+01 -2.000000e+00
      vertex   -3.500004e+01 5.437059e+01 -1.000000e+00
    endloop
  endfacet
  facet normal -9.914449e-01 1.305262e-01 0.000000e+00
    outer loop
      vertex   -3.500004e+01 5.437059e+01 -1.000000e+00
      vertex   -3.498300e+01 5.450000e+01 -2.000000e+00
      vertex   -3.500004e+01 5.437059e+01 -2.000000e+00
    endloop
  endfacet
  facet normal -9.238795e-01 3.826834e-01 0.000000e+00
    outer loop
      vertex   -3.500004e+01 5.437059e+01 -1.000000e+00
      vertex   -3.500004e+01 5.437059e+01 -2.000000e+00
      vertex   -3.504999e+01 5.425000e+01 -1.000000e+00
    endloop
  endfacet
  facet normal -9.238795e-01 3.826834e-01 0.000000e+00
    outer loop
      vertex   -3.504999e+01 5.425000e+01 -1.000000e+00
      vertex   -3.500004e+01 5.437059e+01 -2.000000e+00
      vertex   -3.504999e+01 5.425000e+01 -2.000000e+00
    endloop
  endfacet
  facet normal -7.933533e-01 6.087614e-01 0.000000e+00
    outer loop
      vertex   -3.504999e+01 5.425000e+01 -1.000000e+00
      vertex   -3.504999e+01 5.425000e+01 -2.000000e+00
      vertex   -3.512945e+01 5.414645e+01 -1.000000e+00
    endloop
  endfacet
  facet normal -7.933533e-01 6.087614e-01 0.000000e+00
    outer loop
      vertex   -3.512945e+01 5.414645e+01 -1.000000e+00
      vertex   -3.504999e+01 5.425000e+01 -2.000000e+00
      vertex   -3.512945e+01 5.414645e+01 -2.000000e+00
    endloop
  endfacet
  facet normal -6.087614e-01 7.933533e-01 0.000000e+00
    outer loop
      vertex   -3.512945e+01 5.414645e+01 -1.000000e+00
      vertex   -3.512945e+01 5.414645e+01 -2.000000e+00
      vertex   -3.523300e+01 5.406699e+01 -1.000000e+00
    endloop
  endfacet
  facet normal -6.087614e-01 7.933533e-01 0.000000e+00
    outer loop
      vertex   -3.523300e+01 5.406699e+01 -1.000000e+00
      vertex   -3.512945e+01 5.414645e+01 -2.000000e+00
      vertex   -3.523300e+01 5.406699e+01 -2.000000e+00
    endloop
  endfacet
  facet normal -3.826834e-01 9.238795e-01 0.000000e+00
    outer loop
      vertex   -3.523300e+01 5.406699e+01 -1.000000e+00
      vertex   -3.523300e+01 5.406699e+01 -2.000000e+00
      vertex   -3.535359e+01 5.401704e+01 -1.000000e+00
    endloop
  endfacet
  facet normal -3.826834e-01 9.238795e-01 0.000000e+00
    outer loop
      vertex   -3.535359e+01 5.401704e+01 -1.000000e+00
      vertex   -3.523300e+01 5.406699e+01 -2.000000e+00
      vertex   -3.535359e+01 5.401704e+01 -2.000000e+00
    endloop
  endfacet
  facet normal -1.305262e-01 9.914449e-01 0.000000e+00
    outer loop
      vertex   -3.535359e+01 5.401704e+01 -1.000000e+00
      vertex   -3.535359e+01 5.401704e+01 -2.000000e+00
      vertex   -3.548300e+01 5.400000e+01 -1.000000e+00
    endloop
  endfacet
  facet normal -1.305262e-01 9.914449e-01 0.000000e+00
    outer loop
      vertex   -3.548300e+01 5.400000e+01 -1.000000e+00
      vertex   -3.535359e+01 5.401704e+01 -2.000000e+00
      vertex   -3.548300e+01 5.400000e+01 -2.000000e+00
    endloop
  endfacet
  facet normal -9.481067e-16 1.000000e+00 0.000000e+00
    outer loop
      vertex   -3.548300e+01 5.400000e+01 -2.000000e+00
      vertex   -5.796600e+01 5.400000e+01 -2.000000e+00
      vertex   -3.548300e+01 5.400000e+01 -1.000000e+00
    endloop
  endfacet
  facet normal -9.481067e-16 1.000000e+00 0.000000e+00
    outer loop
      vertex   -3.548300e+01 5.400000e+01 -1.000000e+00
      vertex   -5.796600e+01 5.400000e+01 -2.000000e+00
      vertex   -5.796600e+01 5.400000e+01 -1.000000e+00
    endloop
  endfacet
  facet normal 1.305262e-01 9.914449e-01 0.000000e+00
    outer loop
      vertex   -5.796600e+01 5.400000e+01 -1.000000e+00
      vertex   -5.796600e+01 5.400000e+01 -2.000000e+00
      vertex   -5.809541e+01 5.401704e+01 -1.000000e+00
    endloop
  endfacet
  facet normal 1.305262e-01 9.914449e-01 0.000000e+00
    outer loop
      vertex   -5.809541e+01 5.401704e+01 -1.000000e+00
      vertex   -5.796600e+01 5.400000e+01 -2.000000e+00
      vertex   -5.809541e+01 5.401704e+01 -2.000000e+00
    endloop
  endfacet
  facet normal 3.826834e-01 9.238795e-01 0.000000e+00
    outer loop
      vertex   -5.809541e+01 5.401704e+01 -1.000000e+00
      vertex   -5.809541e+01 5.401704e+01 -2.000000e+00
      vertex   -5.821600e+01 5.406699e+01 -1.000000e+00
    endloop
  endfacet
  facet normal 3.826834e-01 9.238795e-01 0.000000e+00
    outer loop
      vertex   -5.821600e+01 5.406699e+01 -1.000000e+00
      vertex   -5.809541e+01 5.401704e+01 -2.000000e+00
      vertex   -5.821600e+01 5.406699e+01 -2.000000e+00
    endloop
  endfacet
  facet normal 6.087614e-01 7.933533e-01 0.000000e+00
    outer loop
      vertex   -5.821600e+01 5.406699e+01 -1.000000e+00
      vertex   -5.821600e+01 5.406699e+01 -2.000000e+00
      vertex   -5.831955e+01 5.414645e+01 -1.000000e+00
    endloop
  endfacet
  facet normal 6.087614e-01 7.933533e-01 0.000000e+00
    outer loop
      vertex   -5.831955e+01 5.414645e+01 -1.000000e+00
      vertex   -5.821600e+01 5.406699e+01 -2.000000e+00
      vertex   -5.831955e+01 5.414645e+01 -2.000000e+00
    endloop
  endfacet
  facet normal 7.933533e-01 6.087614e-01 0.000000e+00
    outer loop
      vertex   -5.831955e+01 5.414645e+01 -1.000000e+00
      vertex   -5.831955e+01 5.414645e+01 -2.000000e+00
      vertex   -5.839901e+01 5.425000e+01 -1.000000e+00
    endloop
  endfacet
  facet normal 7.933533e-01 6.087614e-01 0.000000e+00
    outer loop
      vertex   -5.839901e+01 5.425000e+01 -1.000000e+00
      vertex   -5.831955e+01 5.414645e+01 -2.000000e+00
      vertex   -5.839901e+01 5.425000e+01 -2.000000e+00
    endloop
  endfacet
  facet normal 9.238795e-01 3.826834e-01 0.000000e+00
    outer loop
      vertex   -5.839901e+01 5.425000e+01 -1.000000e+00
      vertex   -5.839901e+01 5.425000e+01 -2.000000e+00
      vertex   -5.844896e+01 5.437059e+01 -1.000000e+00
    endloop
  endfacet
  facet normal 9.238795e-01 3.826834e-01 0.000000e+00
    outer loop
      vertex   -5.844896e+01 5.437059e+01 -1.000000e+00
      vertex   -5.839901e+01 5.425000e+01 -2.000000e+00
      vertex   -5.844896e+01 5.437059e+01 -2.000000e+00
    endloop
  endfacet
  facet normal 9.914449e-01 1.305262e-01 0.000000e+00
    outer loop
      vertex   -5.844896e+01 5.437059e+01 -1.000000e+00
      vertex   -5.844896e+01 5.437059e+01 -2.000000e+00
      vertex   -5.846600e+01 5.450000e+01 -1.000000e+00
    endloop
  endfacet
  facet normal 9.914449e-01 1.305262e-01 0.000000e+00
    outer loop
      vertex   -5.846600e+01 5.450000e+01 -1.000000e+00
      vertex   -5.844896e+01 5.437059e+01 -2.000000e+00
      vertex   -5.846600e+01 5.450000e+01 -2.000000e+00
    endloop
  endfacet
  facet normal 9.914449e-01 -1.305262e-01 0.000000e+00
    outer loop
      vertex   -5.846600e+01 5.450000e+01 -1.000000e+00
      vertex   -5.846600e+01 5.450000e+01 -2.000000e+00
      vertex   -5.844896e+01 5.462941e+01 -1.000000e+00
    endloop
  endfacet
  facet normal 9.914449e-01 -1.305262e-01 0.000000e+00
    outer loop
      vertex   -5.844896e+01 5.462941e+01 -1.000000e+00
      vertex   -5.846600e+01 5.450000e+01 -2.000000e+00
      vertex   -5.844896e+01 5.462941e+01 -2.000000e+00
    endloop
  endfacet
  facet normal 9.238795e-01 -3.826834e-01 0.000000e+00
    outer loop
      vertex   -5.844896e+01 5.462941e+01 -1.000000e+00
      vertex   -5.844896e+01 5.462941e+01 -2.000000e+00
      vertex   -5.839901e+01 5.475000e+01 -1.000000e+00
    endloop
  endfacet
  facet normal 9.238795e-01 -3.826834e-01 0.000000e+00
    outer loop
      vertex   -5.839901e+01 5.475000e+01 -1.000000e+00
      vertex   -5.844896e+01 5.462941e+01 -2.000000e+00
      vertex   -5.839901e+01 5.475000e+01 -2.000000e+00
    endloop
  endfacet
  facet normal 7.933533e-01 -6.087614e-01 0.000000e+00
    outer loop
      vertex   -5.839901e+01 5.475000e+01 -1.000000e+00
      vertex   -5.839901e+01 5.475000e+01 -2.000000e+00
      vertex   -5.831955e+01 5.485355e+01 -1.000000e+00
    endloop
  endfacet
  facet normal 7.933533e-01 -6.087614e-01 0.000000e+00
    outer loop
      vertex   -5.831955e+01 5.485355e+01 -1.000000e+00
      vertex   -5.839901e+01 5.475000e+01 -2.000000e+00
      vertex   -5.831955e+01 5.485355e+01 -2.000000e+00
    endloop
  endfacet
  facet normal 6.087614e-01 -7.933533e-01 0.000000e+00
    outer loop
      vertex   -5.831955e+01 5.485355e+01 -1.000000e+00
      vertex   -5.831955e+01 5.485355e+01 -2.000000e+00
      vertex   -5.821600e+01 5.493301e+01 -1.000000e+00
    endloop
  endfacet
  facet normal 6.087614e-01 -7.933533e-01 0.000000e+00
    outer loop
      vertex   -5.821600e+01 5.493301e+01 -1.000000e+00
      vertex   -5.831955e+01 5.485355e+01 -2.000000e+00
      vertex   -5.821600e+01 5.493301e+01 -2.000000e+00
    endloop
  endfacet
  facet normal 3.826834e-01 -9.238795e-01 0.000000e+00
    outer loop
      vertex   -5.821600e+01 5.493301e+01 -1.000000e+00
      vertex   -5.821600e+01 5.493301e+01 -2.000000e+00
      vertex   -5.809541e+01 5.498296e+01 -1.000000e+00
    endloop
  endfacet
  facet normal 3.826834e-01 -9.238795e-01 0.000000e+00
    outer loop
      vertex   -5.809541e+01 5.498296e+01 -1.000000e+00
      vertex   -5.821600e+01 5.493301e+01 -2.000000e+00
      vertex   -5.809541e+01 5.498296e+01 -2.000000e+00
    endloop
  endfacet
  facet normal 1.305262e-01 -9.914449e-01 0.000000e+00
    outer loop
      vertex   -5.809541e+01 5.498296e+01 -1.000000e+00
      vertex   -5.809541e+01 5.498296e+01 -2.000000e+00
      vertex   -5.796600e+01 5.500000e+01 -1.000000e+00
    endloop
  endfacet
  facet normal 1.305262e-01 -9.914449e-01 0.000000e+00
    outer loop
      vertex   -5.796600e+01 5.500000e+01 -1.000000e+00
      vertex   -5.809541e+01 5.498296e+01 -2.000000e+00
      vertex   -5.796600e+01 5.500000e+01 -2.000000e+00
    endloop
  endfacet
  facet normal -4.470952e-08 -1.000000e+00 0.000000e+00
    outer loop
      vertex   -3.148300e+01 4.600000e+01 -2.000000e+00
      vertex   -4.000000e+00 4.600000e+01 -2.000000e+00
      vertex   -3.148300e+01 4.600000e+01 -1.000000e+00
    endloop
  endfacet
  facet normal -4.470952e-08 -1.000000e+00 0.000000e+00
    outer loop
      vertex   -3.148300e+01 4.600000e+01 -1.000000e+00
      vertex   -4.000000e+00 4.600000e+01 -2.000000e+00
      vertex   -4.000000e+00 4.600000e+01 -1.000000e+00
    endloop
  endfacet
  facet normal 1.305262e-01 9.914449e-01 0.000000e+00
    outer loop
      vertex   -3.148300e+01 4.500000e+01 -1.000000e+00
      vertex   -3.148300e+01 4.500000e+01 -2.000000e+00
      vertex   -3.161241e+01 4.501704e+01 -1.000000e+00
    endloop
  endfacet
  facet normal 1.305262e-01 9.914449e-01 0.000000e+00
    outer loop
      vertex   -3.161241e+01 4.501704e+01 -1.000000e+00
      vertex   -3.148300e+01 4.500000e+01 -2.000000e+00
      vertex   -3.161241e+01 4.501704e+01 -2.000000e+00
    endloop
  endfacet
  facet normal 3.826834e-01 9.238795e-01 0.000000e+00
    outer loop
      vertex   -3.161241e+01 4.501704e+01 -1.000000e+00
      vertex   -3.161241e+01 4.501704e+01 -2.000000e+00
      vertex   -3.173300e+01 4.506699e+01 -1.000000e+00
    endloop
  endfacet
  facet normal 3.826834e-01 9.238795e-01 0.000000e+00
    outer loop
      vertex   -3.173300e+01 4.506699e+01 -1.000000e+00
      vertex   -3.161241e+01 4.501704e+01 -2.000000e+00
      vertex   -3.173300e+01 4.506699e+01 -2.000000e+00
    endloop
  endfacet
  facet normal 6.087614e-01 7.933534e-01 0.000000e+00
    outer loop
      vertex   -3.173300e+01 4.506699e+01 -1.000000e+00
      vertex   -3.173300e+01 4.506699e+01 -2.000000e+00
      vertex   -3.183655e+01 4.514645e+01 -1.000000e+00
    endloop
  endfacet
  facet normal 6.087614e-01 7.933534e-01 0.000000e+00
    outer loop
      vertex   -3.183655e+01 4.514645e+01 -1.000000e+00
      vertex   -3.173300e+01 4.506699e+01 -2.000000e+00
      vertex   -3.183655e+01 4.514645e+01 -2.000000e+00
    endloop
  endfacet
  facet normal 7.933533e-01 6.087614e-01 0.000000e+00
    outer loop
      vertex   -3.183655e+01 4.514645e+01 -1.000000e+00
      vertex   -3.183655e+01 4.514645e+01 -2.000000e+00
      vertex   -3.191601e+01 4.525000e+01 -1.000000e+00
    endloop
  endfacet
  facet normal 7.933533e-01 6.087614e-01 5.637114e-15
    outer loop
      vertex   -3.191601e+01 4.525000e+01 -1.000000e+00
      vertex   -3.183655e+01 4.514645e+01 -2.000000e+00
      vertex   -3.191601e+01 4.525000e+01 -2.000000e+00
    endloop
  endfacet
  facet normal 9.238795e-01 3.826834e-01 6.564559e-15
    outer loop
      vertex   -3.191601e+01 4.525000e+01 -1.000000e+00
      vertex   -3.191601e+01 4.525000e+01 -2.000000e+00
      vertex   -3.196596e+01 4.537059e+01 -1.000000e+00
    endloop
  endfacet
  facet normal 9.238795e-01 3.826834e-01 0.000000e+00
    outer loop
      vertex   -3.196596e+01 4.537059e+01 -1.000000e+00
      vertex   -3.191601e+01 4.525000e+01 -2.000000e+00
      vertex   -3.196596e+01 4.537059e+01 -2.000000e+00
    endloop
  endfacet
  facet normal 9.914449e-01 1.305262e-01 0.000000e+00
    outer loop
      vertex   -3.196596e+01 4.537059e+01 -1.000000e+00
      vertex   -3.196596e+01 4.537059e+01 -2.000000e+00
      vertex   -3.198300e+01 4.550000e+01 -1.000000e+00
    endloop
  endfacet
  facet normal 9.914449e-01 1.305262e-01 0.000000e+00
    outer loop
      vertex   -3.198300e+01 4.550000e+01 -1.000000e+00
      vertex   -3.196596e+01 4.537059e+01 -2.000000e+00
      vertex   -3.198300e+01 4.550000e+01 -2.000000e+00
    endloop
  endfacet
  facet normal 9.914449e-01 -1.305262e-01 0.000000e+00
    outer loop
      vertex   -3.198300e+01 4.550000e+01 -1.000000e+00
      vertex   -3.198300e+01 4.550000e+01 -2.000000e+00
      vertex   -3.196596e+01 4.562941e+01 -1.000000e+00
    endloop
  endfacet
  facet normal 9.914449e-01 -1.305262e-01 0.000000e+00
    outer loop
      vertex   -3.196596e+01 4.562941e+01 -1.000000e+00
      vertex   -3.198300e+01 4.550000e+01 -2.000000e+00
      vertex   -3.196596e+01 4.562941e+01 -2.000000e+00
    endloop
  endfacet
  facet normal 9.238795e-01 -3.826834e-01 0.000000e+00
    outer loop
      vertex   -3.196596e+01 4.562941e+01 -1.000000e+00
      vertex   -3.196596e+01 4.562941e+01 -2.000000e+00
      vertex   -3.191601e+01 4.575000e+01 -1.000000e+00
    endloop
  endfacet
  facet normal 9.238795e-01 -3.826834e-01 0.000000e+00
    outer loop
      vertex   -3.191601e+01 4.575000e+01 -1.000000e+00
      vertex   -3.196596e+01 4.562941e+01 -2.000000e+00
      vertex   -3.191601e+01 4.575000e+01 -2.000000e+00
    endloop
  endfacet
  facet normal 7.933533e-01 -6.087614e-01 0.000000e+00
    outer loop
      vertex   -3.191601e+01 4.575000e+01 -1.000000e+00
      vertex   -3.191601e+01 4.575000e+01 -2.000000e+00
      vertex   -3.183655e+01 4.585355e+01 -1.000000e+00
    endloop
  endfacet
  facet normal 7.933533e-01 -6.087614e-01 0.000000e+00
    outer loop
      vertex   -3.183655e+01 4.585355e+01 -1.000000e+00
      vertex   -3.191601e+01 4.575000e+01 -2.000000e+00
      vertex   -3.183655e+01 4.585355e+01 -2.000000e+00
    endloop
  endfacet
  facet normal 6.087614e-01 -7.933534e-01 0.000000e+00
    outer loop
      vertex   -3.183655e+01 4.585355e+01 -1.000000e+00
      vertex   -3.183655e+01 4.585355e+01 -2.000000e+00
      vertex   -3.173300e+01 4.593301e+01 -1.000000e+00
    endloop
  endfacet
  facet normal 6.087614e-01 -7.933534e-01 0.000000e+00
    outer loop
      vertex   -3.173300e+01 4.593301e+01 -1.000000e+00
      vertex   -3.183655e+01 4.585355e+01 -2.000000e+00
      vertex   -3.173300e+01 4.593301e+01 -2.000000e+00
    endloop
  endfacet
  facet normal 3.826834e-01 -9.238795e-01 0.000000e+00
    outer loop
      vertex   -3.173300e+01 4.593301e+01 -1.000000e+00
      vertex   -3.173300e+01 4.593301e+01 -2.000000e+00
      vertex   -3.161241e+01 4.598296e+01 -1.000000e+00
    endloop
  endfacet
  facet normal 3.826834e-01 -9.238795e-01 0.000000e+00
    outer loop
      vertex   -3.161241e+01 4.598296e+01 -1.000000e+00
      vertex   -3.173300e+01 4.593301e+01 -2.000000e+00
      vertex   -3.161241e+01 4.598296e+01 -2.000000e+00
    endloop
  endfacet
  facet normal 1.305262e-01 -9.914449e-01 0.000000e+00
    outer loop
      vertex   -3.161241e+01 4.598296e+01 -1.000000e+00
      vertex   -3.161241e+01 4.598296e+01 -2.000000e+00
      vertex   -3.148300e+01 4.600000e+01 -1.000000e+00
    endloop
  endfacet
  facet normal 1.305262e-01 -9.914449e-01 0.000000e+00
    outer loop
      vertex   -3.148300e+01 4.600000e+01 -1.000000e+00
      vertex   -3.161241e+01 4.598296e+01 -2.000000e+00
      vertex   -3.148300e+01 4.600000e+01 -2.000000e+00
    endloop
  endfacet
  facet normal -4.470952e-08 1.000000e+00 0.000000e+00
    outer loop
      vertex   -4.000000e+00 4.500000e+01 -2.000000e+00
      vertex   -3.148300e+01 4.500000e+01 -2.000000e+00
      vertex   -4.000000e+00 4.500000e+01 -1.000000e+00
    endloop
  endfacet
  facet normal -4.470952e-08 1.000000e+00 0.000000e+00
    outer loop
      vertex   -4.000000e+00 4.500000e+01 -1.000000e+00
      vertex   -3.148300e+01 4.500000e+01 -2.000000e+00
      vertex   -3.148300e+01 4.500000e+01 -1.000000e+00
    endloop
  endfacet
  facet normal -1.305262e-01 -9.914449e-01 -0.000000e+00
    outer loop
      vertex   -4.000000e+00 4.600000e+01 -1.000000e+00
      vertex   -4.000000e+00 4.600000e+01 -2.000000e+00
      vertex   -3.870591e+00 4.598296e+01 -1.000000e+00
    endloop
  endfacet
  facet normal -1.305262e-01 -9.914449e-01 1.159306e-16
    outer loop
      vertex   -3.870591e+00 4.598296e+01 -1.000000e+00
      vertex   -4.000000e+00 4.600000e+01 -2.000000e+00
      vertex   -3.870591e+00 4.598296e+01 -2.000000e+00
    endloop
  endfacet
  facet normal -3.826835e-01 -9.238795e-01 3.398912e-16
    outer loop
      vertex   -3.870591e+00 4.598296e+01 -1.000000e+00
      vertex   -3.870591e+00 4.598296e+01 -2.000000e+00
      vertex   -3.750000e+00 4.593301e+01 -1.000000e+00
    endloop
  endfacet
  facet normal -3.826835e-01 -9.238795e-01 1.699456e-16
    outer loop
      vertex   -3.750000e+00 4.593301e+01 -1.000000e+00
      vertex   -3.870591e+00 4.598296e+01 -2.000000e+00
      vertex   -3.750000e+00 4.593301e+01 -2.000000e+00
    endloop
  endfacet
  facet normal -6.087615e-01 -7.933533e-01 2.703444e-16
    outer loop
      vertex   -3.750000e+00 4.593301e+01 -1.000000e+00
      vertex   -3.750000e+00 4.593301e+01 -2.000000e+00
      vertex   -3.646447e+00 4.585355e+01 -1.000000e+00
    endloop
  endfacet
  facet normal -6.087615e-01 -7.933533e-01 -0.000000e+00
    outer loop
      vertex   -3.646447e+00 4.585355e+01 -1.000000e+00
      vertex   -3.750000e+00 4.593301e+01 -2.000000e+00
      vertex   -3.646447e+00 4.585355e+01 -2.000000e+00
    endloop
  endfacet
  facet normal -7.933534e-01 -6.087614e-01 -0.000000e+00
    outer loop
      vertex   -3.646447e+00 4.585355e+01 -1.000000e+00
      vertex   -3.646447e+00 4.585355e+01 -2.000000e+00
      vertex   -3.566988e+00 4.575000e+01 -1.000000e+00
    endloop
  endfacet
  facet normal -7.933534e-01 -6.087614e-01 -0.000000e+00
    outer loop
      vertex   -3.566988e+00 4.575000e+01 -1.000000e+00
      vertex   -3.646447e+00 4.585355e+01 -2.000000e+00
      vertex   -3.566988e+00 4.575000e+01 -2.000000e+00
    endloop
  endfacet
  facet normal -9.238795e-01 -3.826834e-01 -0.000000e+00
    outer loop
      vertex   -3.566988e+00 4.575000e+01 -1.000000e+00
      vertex   -3.566988e+00 4.575000e+01 -2.000000e+00
      vertex   -3.517037e+00 4.562941e+01 -1.000000e+00
    endloop
  endfacet
  facet normal -9.238795e-01 -3.826834e-01 -0.000000e+00
    outer loop
      vertex   -3.517037e+00 4.562941e+01 -1.000000e+00
      vertex   -3.566988e+00 4.575000e+01 -2.000000e+00
      vertex   -3.517037e+00 4.562941e+01 -2.000000e+00
    endloop
  endfacet
  facet normal -9.914449e-01 -1.305262e-01 -0.000000e+00
    outer loop
      vertex   -3.517037e+00 4.562941e+01 -1.000000e+00
      vertex   -3.517037e+00 4.562941e+01 -2.000000e+00
      vertex   -3.500000e+00 4.550000e+01 -1.000000e+00
    endloop
  endfacet
  facet normal -9.914449e-01 -1.305262e-01 -0.000000e+00
    outer loop
      vertex   -3.500000e+00 4.550000e+01 -1.000000e+00
      vertex   -3.517037e+00 4.562941e+01 -2.000000e+00
      vertex   -3.500000e+00 4.550000e+01 -2.000000e+00
    endloop
  endfacet
  facet normal -9.914449e-01 1.305262e-01 0.000000e+00
    outer loop
      vertex   -3.500000e+00 4.550000e+01 -1.000000e+00
      vertex   -3.500000e+00 4.550000e+01 -2.000000e+00
      vertex   -3.517037e+00 4.537059e+01 -1.000000e+00
    endloop
  endfacet
  facet normal -9.914449e-01 1.305262e-01 0.000000e+00
    outer loop
      vertex   -3.517037e+00 4.537059e+01 -1.000000e+00
      vertex   -3.500000e+00 4.550000e+01 -2.000000e+00
      vertex   -3.517037e+00 4.537059e+01 -2.000000e+00
    endloop
  endfacet
  facet normal -9.238795e-01 3.826834e-01 0.000000e+00
    outer loop
      vertex   -3.517037e+00 4.537059e+01 -1.000000e+00
      vertex   -3.517037e+00 4.537059e+01 -2.000000e+00
      vertex   -3.566988e+00 4.525000e+01 -1.000000e+00
    endloop
  endfacet
  facet normal -9.238795e-01 3.826834e-01 0.000000e+00
    outer loop
      vertex   -3.566988e+00 4.525000e+01 -1.000000e+00
      vertex   -3.517037e+00 4.537059e+01 -2.000000e+00
      vertex   -3.566988e+00 4.525000e+01 -2.000000e+00
    endloop
  endfacet
  facet normal -7.933534e-01 6.087614e-01 0.000000e+00
    outer loop
      vertex   -3.566988e+00 4.525000e+01 -1.000000e+00
      vertex   -3.566988e+00 4.525000e+01 -2.000000e+00
      vertex   -3.646447e+00 4.514645e+01 -1.000000e+00
    endloop
  endfacet
  facet normal -7.933534e-01 6.087614e-01 0.000000e+00
    outer loop
      vertex   -3.646447e+00 4.514645e+01 -1.000000e+00
      vertex   -3.566988e+00 4.525000e+01 -2.000000e+00
      vertex   -3.646447e+00 4.514645e+01 -2.000000e+00
    endloop
  endfacet
  facet normal -6.087615e-01 7.933533e-01 0.000000e+00
    outer loop
      vertex   -3.646447e+00 4.514645e+01 -1.000000e+00
      vertex   -3.646447e+00 4.514645e+01 -2.000000e+00
      vertex   -3.750000e+00 4.506699e+01 -1.000000e+00
    endloop
  endfacet
  facet normal -6.087615e-01 7.933533e-01 -5.406888e-16
    outer loop
      vertex   -3.750000e+00 4.506699e+01 -1.000000e+00
      vertex   -3.646447e+00 4.514645e+01 -2.000000e+00
      vertex   -3.750000e+00 4.506699e+01 -2.000000e+00
    endloop
  endfacet
  facet normal -3.826835e-01 9.238795e-01 -3.398912e-16
    outer loop
      vertex   -3.750000e+00 4.506699e+01 -1.000000e+00
      vertex   -3.750000e+00 4.506699e+01 -2.000000e+00
      vertex   -3.870591e+00 4.501704e+01 -1.000000e+00
    endloop
  endfacet
  facet normal -3.826835e-01 9.238795e-01 0.000000e+00
    outer loop
      vertex   -3.870591e+00 4.501704e+01 -1.000000e+00
      vertex   -3.750000e+00 4.506699e+01 -2.000000e+00
      vertex   -3.870591e+00 4.501704e+01 -2.000000e+00
    endloop
  endfacet
  facet normal -1.305262e-01 9.914449e-01 0.000000e+00
    outer loop
      vertex   -3.870591e+00 4.501704e+01 -1.000000e+00
      vertex   -3.870591e+00 4.501704e+01 -2.000000e+00
      vertex   -4.000000e+00 4.500000e+01 -1.000000e+00
    endloop
  endfacet
  facet normal -1.305262e-01 9.914449e-01 0.000000e+00
    outer loop
      vertex   -4.000000e+00 4.500000e+01 -1.000000e+00
      vertex   -3.870591e+00 4.501704e+01 -2.000000e+00
      vertex   -4.000000e+00 4.500000e+01 -2.000000e+00
    endloop
  endfacet
  facet normal -4.470952e-08 -1.000000e+00 0.000000e+00
    outer loop
      vertex   -3.148300e+01 3.400000e+01 -2.000000e+00
      vertex   -4.000000e+00 3.400000e+01 -2.000000e+00
      vertex   -3.148300e+01 3.400000e+01 -1.000000e+00
    endloop
  endfacet
  facet normal -4.470952e-08 -1.000000e+00 0.000000e+00
    outer loop
      vertex   -3.148300e+01 3.400000e+01 -1.000000e+00
      vertex   -4.000000e+00 3.400000e+01 -2.000000e+00
      vertex   -4.000000e+00 3.400000e+01 -1.000000e+00
    endloop
  endfacet
  facet normal 1.305262e-01 9.914449e-01 0.000000e+00
    outer loop
      vertex   -3.148300e+01 3.300000e+01 -1.000000e+00
      vertex   -3.148300e+01 3.300000e+01 -2.000000e+00
      vertex   -3.161241e+01 3.301704e+01 -1.000000e+00
    endloop
  endfacet
  facet normal 1.305262e-01 9.914449e-01 0.000000e+00
    outer loop
      vertex   -3.161241e+01 3.301704e+01 -1.000000e+00
      vertex   -3.148300e+01 3.300000e+01 -2.000000e+00
      vertex   -3.161241e+01 3.301704e+01 -2.000000e+00
    endloop
  endfacet
  facet normal 3.826834e-01 9.238795e-01 0.000000e+00
    outer loop
      vertex   -3.161241e+01 3.301704e+01 -1.000000e+00
      vertex   -3.161241e+01 3.301704e+01 -2.000000e+00
      vertex   -3.173300e+01 3.306699e+01 -1.000000e+00
    endloop
  endfacet
  facet normal 3.826834e-01 9.238795e-01 0.000000e+00
    outer loop
      vertex   -3.173300e+01 3.306699e+01 -1.000000e+00
      vertex   -3.161241e+01 3.301704e+01 -2.000000e+00
      vertex   -3.173300e+01 3.306699e+01 -2.000000e+00
    endloop
  endfacet
  facet normal 6.087614e-01 7.933534e-01 0.000000e+00
    outer loop
      vertex   -3.173300e+01 3.306699e+01 -1.000000e+00
      vertex   -3.173300e+01 3.306699e+01 -2.000000e+00
      vertex   -3.183655e+01 3.314645e+01 -1.000000e+00
    endloop
  endfacet
  facet normal 6.087614e-01 7.933534e-01 0.000000e+00
    outer loop
      vertex   -3.183655e+01 3.314645e+01 -1.000000e+00
      vertex   -3.173300e+01 3.306699e+01 -2.000000e+00
      vertex   -3.183655e+01 3.314645e+01 -2.000000e+00
    endloop
  endfacet
  facet normal 7.933533e-01 6.087614e-01 0.000000e+00
    outer loop
      vertex   -3.183655e+01 3.314645e+01 -1.000000e+00
      vertex   -3.183655e+01 3.314645e+01 -2.000000e+00
      vertex   -3.191601e+01 3.325000e+01 -1.000000e+00
    endloop
  endfacet
  facet normal 7.933533e-01 6.087614e-01 1.311604e-15
    outer loop
      vertex   -3.191601e+01 3.325000e+01 -1.000000e+00
      vertex   -3.183655e+01 3.314645e+01 -2.000000e+00
      vertex   -3.191601e+01 3.325000e+01 -2.000000e+00
    endloop
  endfacet
  facet normal 9.238795e-01 3.826834e-01 3.845430e-15
    outer loop
      vertex   -3.191601e+01 3.325000e+01 -1.000000e+00
      vertex   -3.191601e+01 3.325000e+01 -2.000000e+00
      vertex   -3.196596e+01 3.337059e+01 -1.000000e+00
    endloop
  endfacet
  facet normal 9.238795e-01 3.826834e-01 0.000000e+00
    outer loop
      vertex   -3.196596e+01 3.337059e+01 -1.000000e+00
      vertex   -3.191601e+01 3.325000e+01 -2.000000e+00
      vertex   -3.196596e+01 3.337059e+01 -2.000000e+00
    endloop
  endfacet
  facet normal 9.914449e-01 1.305262e-01 0.000000e+00
    outer loop
      vertex   -3.196596e+01 3.337059e+01 -1.000000e+00
      vertex   -3.196596e+01 3.337059e+01 -2.000000e+00
      vertex   -3.198300e+01 3.350000e+01 -1.000000e+00
    endloop
  endfacet
  facet normal 9.914449e-01 1.305262e-01 -9.274444e-16
    outer loop
      vertex   -3.198300e+01 3.350000e+01 -1.000000e+00
      vertex   -3.196596e+01 3.337059e+01 -2.000000e+00
      vertex   -3.198300e+01 3.350000e+01 -2.000000e+00
    endloop
  endfacet
  facet normal 9.914449e-01 -1.305262e-01 9.274444e-16
    outer loop
      vertex   -3.198300e+01 3.350000e+01 -1.000000e+00
      vertex   -3.198300e+01 3.350000e+01 -2.000000e+00
      vertex   -3.196596e+01 3.362941e+01 -1.000000e+00
    endloop
  endfacet
  facet normal 9.914449e-01 -1.305262e-01 0.000000e+00
    outer loop
      vertex   -3.196596e+01 3.362941e+01 -1.000000e+00
      vertex   -3.198300e+01 3.350000e+01 -2.000000e+00
      vertex   -3.196596e+01 3.362941e+01 -2.000000e+00
    endloop
  endfacet
  facet normal 9.238795e-01 -3.826834e-01 0.000000e+00
    outer loop
      vertex   -3.196596e+01 3.362941e+01 -1.000000e+00
      vertex   -3.196596e+01 3.362941e+01 -2.000000e+00
      vertex   -3.191601e+01 3.375000e+01 -1.000000e+00
    endloop
  endfacet
  facet normal 9.238795e-01 -3.826834e-01 0.000000e+00
    outer loop
      vertex   -3.191601e+01 3.375000e+01 -1.000000e+00
      vertex   -3.196596e+01 3.362941e+01 -2.000000e+00
      vertex   -3.191601e+01 3.375000e+01 -2.000000e+00
    endloop
  endfacet
  facet normal 7.933533e-01 -6.087614e-01 0.000000e+00
    outer loop
      vertex   -3.191601e+01 3.375000e+01 -1.000000e+00
      vertex   -3.191601e+01 3.375000e+01 -2.000000e+00
      vertex   -3.183655e+01 3.385355e+01 -1.000000e+00
    endloop
  endfacet
  facet normal 7.933533e-01 -6.087614e-01 0.000000e+00
    outer loop
      vertex   -3.183655e+01 3.385355e+01 -1.000000e+00
      vertex   -3.191601e+01 3.375000e+01 -2.000000e+00
      vertex   -3.183655e+01 3.385355e+01 -2.000000e+00
    endloop
  endfacet
  facet normal 6.087614e-01 -7.933534e-01 0.000000e+00
    outer loop
      vertex   -3.183655e+01 3.385355e+01 -1.000000e+00
      vertex   -3.183655e+01 3.385355e+01 -2.000000e+00
      vertex   -3.173300e+01 3.393301e+01 -1.000000e+00
    endloop
  endfacet
  facet normal 6.087614e-01 -7.933534e-01 0.000000e+00
    outer loop
      vertex   -3.173300e+01 3.393301e+01 -1.000000e+00
      vertex   -3.183655e+01 3.385355e+01 -2.000000e+00
      vertex   -3.173300e+01 3.393301e+01 -2.000000e+00
    endloop
  endfacet
  facet normal 3.826834e-01 -9.238795e-01 0.000000e+00
    outer loop
      vertex   -3.173300e+01 3.393301e+01 -1.000000e+00
      vertex   -3.173300e+01 3.393301e+01 -2.000000e+00
      vertex   -3.161241e+01 3.398296e+01 -1.000000e+00
    endloop
  endfacet
  facet normal 3.826834e-01 -9.238795e-01 0.000000e+00
    outer loop
      vertex   -3.161241e+01 3.398296e+01 -1.000000e+00
      vertex   -3.173300e+01 3.393301e+01 -2.000000e+00
      vertex   -3.161241e+01 3.398296e+01 -2.000000e+00
    endloop
  endfacet
  facet normal 1.305262e-01 -9.914449e-01 0.000000e+00
    outer loop
      vertex   -3.161241e+01 3.398296e+01 -1.000000e+00
      vertex   -3.161241e+01 3.398296e+01 -2.000000e+00
      vertex   -3.148300e+01 3.400000e+01 -1.000000e+00
    endloop
  endfacet
  facet normal 1.305262e-01 -9.914449e-01 0.000000e+00
    outer loop
      vertex   -3.148300e+01 3.400000e+01 -1.000000e+00
      vertex   -3.161241e+01 3.398296e+01 -2.000000e+00
      vertex   -3.148300e+01 3.400000e+01 -2.000000e+00
    endloop
  endfacet
  facet normal -4.470952e-08 1.000000e+00 0.000000e+00
    outer loop
      vertex   -4.000000e+00 3.300000e+01 -2.000000e+00
      vertex   -3.148300e+01 3.300000e+01 -2.000000e+00
      vertex   -4.000000e+00 3.300000e+01 -1.000000e+00
    endloop
  endfacet
  facet normal -4.470952e-08 1.000000e+00 0.000000e+00
    outer loop
      vertex   -4.000000e+00 3.300000e+01 -1.000000e+00
      vertex   -3.148300e+01 3.300000e+01 -2.000000e+00
      vertex   -3.148300e+01 3.300000e+01 -1.000000e+00
    endloop
  endfacet
  facet normal -1.305262e-01 -9.914449e-01 -0.000000e+00
    outer loop
      vertex   -4.000000e+00 3.400000e+01 -1.000000e+00
      vertex   -4.000000e+00 3.400000e+01 -2.000000e+00
      vertex   -3.870591e+00 3.398296e+01 -1.000000e+00
    endloop
  endfacet
  facet normal -1.305262e-01 -9.914449e-01 1.159306e-16
    outer loop
      vertex   -3.870591e+00 3.398296e+01 -1.000000e+00
      vertex   -4.000000e+00 3.400000e+01 -2.000000e+00
      vertex   -3.870591e+00 3.398296e+01 -2.000000e+00
    endloop
  endfacet
  facet normal -3.826835e-01 -9.238795e-01 3.398912e-16
    outer loop
      vertex   -3.870591e+00 3.398296e+01 -1.000000e+00
      vertex   -3.870591e+00 3.398296e+01 -2.000000e+00
      vertex   -3.750000e+00 3.393301e+01 -1.000000e+00
    endloop
  endfacet
  facet normal -3.826835e-01 -9.238795e-01 1.699456e-16
    outer loop
      vertex   -3.750000e+00 3.393301e+01 -1.000000e+00
      vertex   -3.870591e+00 3.398296e+01 -2.000000e+00
      vertex   -3.750000e+00 3.393301e+01 -2.000000e+00
    endloop
  endfacet
  facet normal -6.087615e-01 -7.933533e-01 2.703444e-16
    outer loop
      vertex   -3.750000e+00 3.393301e+01 -1.000000e+00
      vertex   -3.750000e+00 3.393301e+01 -2.000000e+00
      vertex   -3.646447e+00 3.385355e+01 -1.000000e+00
    endloop
  endfacet
  facet normal -6.087615e-01 -7.933533e-01 -0.000000e+00
    outer loop
      vertex   -3.646447e+00 3.385355e+01 -1.000000e+00
      vertex   -3.750000e+00 3.393301e+01 -2.000000e+00
      vertex   -3.646447e+00 3.385355e+01 -2.000000e+00
    endloop
  endfacet
  facet normal -7.933534e-01 -6.087614e-01 -0.000000e+00
    outer loop
      vertex   -3.646447e+00 3.385355e+01 -1.000000e+00
      vertex   -3.646447e+00 3.385355e+01 -2.000000e+00
      vertex   -3.566988e+00 3.375000e+01 -1.000000e+00
    endloop
  endfacet
  facet normal -7.933534e-01 -6.087614e-01 -0.000000e+00
    outer loop
      vertex   -3.566988e+00 3.375000e+01 -1.000000e+00
      vertex   -3.646447e+00 3.385355e+01 -2.000000e+00
      vertex   -3.566988e+00 3.375000e+01 -2.000000e+00
    endloop
  endfacet
  facet normal -9.238795e-01 -3.826834e-01 -0.000000e+00
    outer loop
      vertex   -3.566988e+00 3.375000e+01 -1.000000e+00
      vertex   -3.566988e+00 3.375000e+01 -2.000000e+00
      vertex   -3.517037e+00 3.362941e+01 -1.000000e+00
    endloop
  endfacet
  facet normal -9.238795e-01 -3.826834e-01 -0.000000e+00
    outer loop
      vertex   -3.517037e+00 3.362941e+01 -1.000000e+00
      vertex   -3.566988e+00 3.375000e+01 -2.000000e+00
      vertex   -3.517037e+00 3.362941e+01 -2.000000e+00
    endloop
  endfacet
  facet normal -9.914449e-01 -1.305262e-01 -0.000000e+00
    outer loop
      vertex   -3.517037e+00 3.362941e+01 -1.000000e+00
      vertex   -3.517037e+00 3.362941e+01 -2.000000e+00
      vertex   -3.500000e+00 3.350000e+01 -1.000000e+00
    endloop
  endfacet
  facet normal -9.914449e-01 -1.305262e-01 -0.000000e+00
    outer loop
      vertex   -3.500000e+00 3.350000e+01 -1.000000e+00
      vertex   -3.517037e+00 3.362941e+01 -2.000000e+00
      vertex   -3.500000e+00 3.350000e+01 -2.000000e+00
    endloop
  endfacet
  facet normal -9.914449e-01 1.305262e-01 0.000000e+00
    outer loop
      vertex   -3.500000e+00 3.350000e+01 -1.000000e+00
      vertex   -3.500000e+00 3.350000e+01 -2.000000e+00
      vertex   -3.517037e+00 3.337059e+01 -1.000000e+00
    endloop
  endfacet
  facet normal -9.914449e-01 1.305262e-01 0.000000e+00
    outer loop
      vertex   -3.517037e+00 3.337059e+01 -1.000000e+00
      vertex   -3.500000e+00 3.350000e+01 -2.000000e+00
      vertex   -3.517037e+00 3.337059e+01 -2.000000e+00
    endloop
  endfacet
  facet normal -9.238795e-01 3.826834e-01 0.000000e+00
    outer loop
      vertex   -3.517037e+00 3.337059e+01 -1.000000e+00
      vertex   -3.517037e+00 3.337059e+01 -2.000000e+00
      vertex   -3.566988e+00 3.325000e+01 -1.000000e+00
    endloop
  endfacet
  facet normal -9.238795e-01 3.826834e-01 0.000000e+00
    outer loop
      vertex   -3.566988e+00 3.325000e+01 -1.000000e+00
      vertex   -3.517037e+00 3.337059e+01 -2.000000e+00
      vertex   -3.566988e+00 3.325000e+01 -2.000000e+00
    endloop
  endfacet
  facet normal -7.933534e-01 6.087614e-01 0.000000e+00
    outer loop
      vertex   -3.566988e+00 3.325000e+01 -1.000000e+00
      vertex   -3.566988e+00 3.325000e+01 -2.000000e+00
      vertex   -3.646447e+00 3.314645e+01 -1.000000e+00
    endloop
  endfacet
  facet normal -7.933534e-01 6.087614e-01 0.000000e+00
    outer loop
      vertex   -3.646447e+00 3.314645e+01 -1.000000e+00
      vertex   -3.566988e+00 3.325000e+01 -2.000000e+00
      vertex   -3.646447e+00 3.314645e+01 -2.000000e+00
    endloop
  endfacet
  facet normal -6.087615e-01 7.933533e-01 0.000000e+00
    outer loop
      vertex   -3.646447e+00 3.314645e+01 -1.000000e+00
      vertex   -3.646447e+00 3.314645e+01 -2.000000e+00
      vertex   -3.750000e+00 3.306699e+01 -1.000000e+00
    endloop
  endfacet
  facet normal -6.087615e-01 7.933533e-01 -5.406888e-16
    outer loop
      vertex   -3.750000e+00 3.306699e+01 -1.000000e+00
      vertex   -3.646447e+00 3.314645e+01 -2.000000e+00
      vertex   -3.750000e+00 3.306699e+01 -2.000000e+00
    endloop
  endfacet
  facet normal -3.826835e-01 9.238795e-01 -3.398912e-16
    outer loop
      vertex   -3.750000e+00 3.306699e+01 -1.000000e+00
      vertex   -3.750000e+00 3.306699e+01 -2.000000e+00
      vertex   -3.870591e+00 3.301704e+01 -1.000000e+00
    endloop
  endfacet
  facet normal -3.826835e-01 9.238795e-01 0.000000e+00
    outer loop
      vertex   -3.870591e+00 3.301704e+01 -1.000000e+00
      vertex   -3.750000e+00 3.306699e+01 -2.000000e+00
      vertex   -3.870591e+00 3.301704e+01 -2.000000e+00
    endloop
  endfacet
  facet normal -1.305262e-01 9.914449e-01 0.000000e+00
    outer loop
      vertex   -3.870591e+00 3.301704e+01 -1.000000e+00
      vertex   -3.870591e+00 3.301704e+01 -2.000000e+00
      vertex   -4.000000e+00 3.300000e+01 -1.000000e+00
    endloop
  endfacet
  facet normal -1.305262e-01 9.914449e-01 0.000000e+00
    outer loop
      vertex   -4.000000e+00 3.300000e+01 -1.000000e+00
      vertex   -3.870591e+00 3.301704e+01 -2.000000e+00
      vertex   -4.000000e+00 3.300000e+01 -2.000000e+00
    endloop
  endfacet
  facet normal 1.305241e-01 9.914451e-01 0.000000e+00
    outer loop
      vertex   -3.148300e+01 4.800000e+01 -1.000000e+00
      vertex   -3.148300e+01 4.800000e+01 -2.000000e+00
      vertex   -3.161241e+01 4.801704e+01 -1.000000e+00
    endloop
  endfacet
  facet normal 1.305241e-01 9.914451e-01 0.000000e+00
    outer loop
      vertex   -3.161241e+01 4.801704e+01 -1.000000e+00
      vertex   -3.148300e+01 4.800000e+01 -2.000000e+00
      vertex   -3.161241e+01 4.801704e+01 -2.000000e+00
    endloop
  endfacet
  facet normal 3.826834e-01 9.238795e-01 0.000000e+00
    outer loop
      vertex   -3.161241e+01 4.801704e+01 -1.000000e+00
      vertex   -3.161241e+01 4.801704e+01 -2.000000e+00
      vertex   -3.173300e+01 4.806699e+01 -1.000000e+00
    endloop
  endfacet
  facet normal 3.826834e-01 9.238795e-01 0.000000e+00
    outer loop
      vertex   -3.173300e+01 4.806699e+01 -1.000000e+00
      vertex   -3.161241e+01 4.801704e+01 -2.000000e+00
      vertex   -3.173300e+01 4.806699e+01 -2.000000e+00
    endloop
  endfacet
  facet normal 6.087614e-01 7.933534e-01 0.000000e+00
    outer loop
      vertex   -3.173300e+01 4.806699e+01 -1.000000e+00
      vertex   -3.173300e+01 4.806699e+01 -2.000000e+00
      vertex   -3.183655e+01 4.814645e+01 -1.000000e+00
    endloop
  endfacet
  facet normal 6.087614e-01 7.933534e-01 0.000000e+00
    outer loop
      vertex   -3.183655e+01 4.814645e+01 -1.000000e+00
      vertex   -3.173300e+01 4.806699e+01 -2.000000e+00
      vertex   -3.183655e+01 4.814645e+01 -2.000000e+00
    endloop
  endfacet
  facet normal 7.933533e-01 6.087614e-01 0.000000e+00
    outer loop
      vertex   -3.183655e+01 4.814645e+01 -1.000000e+00
      vertex   -3.183655e+01 4.814645e+01 -2.000000e+00
      vertex   -3.191601e+01 4.825000e+01 -1.000000e+00
    endloop
  endfacet
  facet normal 7.933533e-01 6.087614e-01 0.000000e+00
    outer loop
      vertex   -3.191601e+01 4.825000e+01 -1.000000e+00
      vertex   -3.183655e+01 4.814645e+01 -2.000000e+00
      vertex   -3.191601e+01 4.825000e+01 -2.000000e+00
    endloop
  endfacet
  facet normal 9.238795e-01 3.826834e-01 0.000000e+00
    outer loop
      vertex   -3.191601e+01 4.825000e+01 -1.000000e+00
      vertex   -3.191601e+01 4.825000e+01 -2.000000e+00
      vertex   -3.196596e+01 4.837059e+01 -1.000000e+00
    endloop
  endfacet
  facet normal 9.238795e-01 3.826834e-01 0.000000e+00
    outer loop
      vertex   -3.196596e+01 4.837059e+01 -1.000000e+00
      vertex   -3.191601e+01 4.825000e+01 -2.000000e+00
      vertex   -3.196596e+01 4.837059e+01 -2.000000e+00
    endloop
  endfacet
  facet normal 9.914449e-01 1.305262e-01 0.000000e+00
    outer loop
      vertex   -3.196596e+01 4.837059e+01 -1.000000e+00
      vertex   -3.196596e+01 4.837059e+01 -2.000000e+00
      vertex   -3.198300e+01 4.850000e+01 -1.000000e+00
    endloop
  endfacet
  facet normal 9.914449e-01 1.305262e-01 0.000000e+00
    outer loop
      vertex   -3.198300e+01 4.850000e+01 -1.000000e+00
      vertex   -3.196596e+01 4.837059e+01 -2.000000e+00
      vertex   -3.198300e+01 4.850000e+01 -2.000000e+00
    endloop
  endfacet
  facet normal 9.914449e-01 -1.305262e-01 0.000000e+00
    outer loop
      vertex   -3.198300e+01 4.850000e+01 -1.000000e+00
      vertex   -3.198300e+01 4.850000e+01 -2.000000e+00
      vertex   -3.196596e+01 4.862941e+01 -1.000000e+00
    endloop
  endfacet
  facet normal 9.914449e-01 -1.305262e-01 0.000000e+00
    outer loop
      vertex   -3.196596e+01 4.862941e+01 -1.000000e+00
      vertex   -3.198300e+01 4.850000e+01 -2.000000e+00
      vertex   -3.196596e+01 4.862941e+01 -2.000000e+00
    endloop
  endfacet
  facet normal 9.238795e-01 -3.826834e-01 0.000000e+00
    outer loop
      vertex   -3.196596e+01 4.862941e+01 -1.000000e+00
      vertex   -3.196596e+01 4.862941e+01 -2.000000e+00
      vertex   -3.191601e+01 4.875000e+01 -1.000000e+00
    endloop
  endfacet
  facet normal 9.238795e-01 -3.826834e-01 0.000000e+00
    outer loop
      vertex   -3.191601e+01 4.875000e+01 -1.000000e+00
      vertex   -3.196596e+01 4.862941e+01 -2.000000e+00
      vertex   -3.191601e+01 4.875000e+01 -2.000000e+00
    endloop
  endfacet
  facet normal 7.933533e-01 -6.087614e-01 0.000000e+00
    outer loop
      vertex   -3.191601e+01 4.875000e+01 -1.000000e+00
      vertex   -3.191601e+01 4.875000e+01 -2.000000e+00
      vertex   -3.183655e+01 4.885355e+01 -1.000000e+00
    endloop
  endfacet
  facet normal 7.933533e-01 -6.087614e-01 0.000000e+00
    outer loop
      vertex   -3.183655e+01 4.885355e+01 -1.000000e+00
      vertex   -3.191601e+01 4.875000e+01 -2.000000e+00
      vertex   -3.183655e+01 4.885355e+01 -2.000000e+00
    endloop
  endfacet
  facet normal 6.087614e-01 -7.933534e-01 0.000000e+00
    outer loop
      vertex   -3.183655e+01 4.885355e+01 -1.000000e+00
      vertex   -3.183655e+01 4.885355e+01 -2.000000e+00
      vertex   -3.173300e+01 4.893301e+01 -1.000000e+00
    endloop
  endfacet
  facet normal 6.087614e-01 -7.933534e-01 0.000000e+00
    outer loop
      vertex   -3.173300e+01 4.893301e+01 -1.000000e+00
      vertex   -3.183655e+01 4.885355e+01 -2.000000e+00
      vertex   -3.173300e+01 4.893301e+01 -2.000000e+00
    endloop
  endfacet
  facet normal 3.826834e-01 -9.238795e-01 0.000000e+00
    outer loop
      vertex   -3.173300e+01 4.893301e+01 -1.000000e+00
      vertex   -3.173300e+01 4.893301e+01 -2.000000e+00
      vertex   -3.161241e+01 4.898296e+01 -1.000000e+00
    endloop
  endfacet
  facet normal 3.826834e-01 -9.238795e-01 0.000000e+00
    outer loop
      vertex   -3.161241e+01 4.898296e+01 -1.000000e+00
      vertex   -3.173300e+01 4.893301e+01 -2.000000e+00
      vertex   -3.161241e+01 4.898296e+01 -2.000000e+00
    endloop
  endfacet
  facet normal 1.305262e-01 -9.914449e-01 0.000000e+00
    outer loop
      vertex   -3.161241e+01 4.898296e+01 -1.000000e+00
      vertex   -3.161241e+01 4.898296e+01 -2.000000e+00
      vertex   -3.148300e+01 4.900000e+01 -1.000000e+00
    endloop
  endfacet
  facet normal 1.305262e-01 -9.914449e-01 0.000000e+00
    outer loop
      vertex   -3.148300e+01 4.900000e+01 -1.000000e+00
      vertex   -3.161241e+01 4.898296e+01 -2.000000e+00
      vertex   -3.148300e+01 4.900000e+01 -2.000000e+00
    endloop
  endfacet
  facet normal -3.371446e-08 1.000000e+00 0.000000e+00
    outer loop
      vertex   -4.000000e+00 4.800000e+01 -2.000000e+00
      vertex   -3.148300e+01 4.800000e+01 -2.000000e+00
      vertex   -4.000000e+00 4.800000e+01 -1.000000e+00
    endloop
  endfacet
  facet normal -3.371446e-08 1.000000e+00 0.000000e+00
    outer loop
      vertex   -4.000000e+00 4.800000e+01 -1.000000e+00
      vertex   -3.148300e+01 4.800000e+01 -2.000000e+00
      vertex   -3.148300e+01 4.800000e+01 -1.000000e+00
    endloop
  endfacet
  facet normal -1.305285e-01 -9.914446e-01 -0.000000e+00
    outer loop
      vertex   -4.000000e+00 4.900000e+01 -1.000000e+00
      vertex   -4.000000e+00 4.900000e+01 -2.000000e+00
      vertex   -3.870591e+00 4.898296e+01 -1.000000e+00
    endloop
  endfacet
  facet normal -1.305285e-01 -9.914446e-01 -0.000000e+00
    outer loop
      vertex   -3.870591e+00 4.898296e+01 -1.000000e+00
      vertex   -4.000000e+00 4.900000e+01 -2.000000e+00
      vertex   -3.870591e+00 4.898296e+01 -2.000000e+00
    endloop
  endfacet
  facet normal -3.826835e-01 -9.238795e-01 -0.000000e+00
    outer loop
      vertex   -3.870591e+00 4.898296e+01 -1.000000e+00
      vertex   -3.870591e+00 4.898296e+01 -2.000000e+00
      vertex   -3.750000e+00 4.893301e+01 -1.000000e+00
    endloop
  endfacet
  facet normal -3.826835e-01 -9.238795e-01 -0.000000e+00
    outer loop
      vertex   -3.750000e+00 4.893301e+01 -1.000000e+00
      vertex   -3.870591e+00 4.898296e+01 -2.000000e+00
      vertex   -3.750000e+00 4.893301e+01 -2.000000e+00
    endloop
  endfacet
  facet normal -6.087614e-01 -7.933533e-01 -0.000000e+00
    outer loop
      vertex   -3.750000e+00 4.893301e+01 -1.000000e+00
      vertex   -3.750000e+00 4.893301e+01 -2.000000e+00
      vertex   -3.646447e+00 4.885355e+01 -1.000000e+00
    endloop
  endfacet
  facet normal -6.087614e-01 -7.933533e-01 -0.000000e+00
    outer loop
      vertex   -3.646447e+00 4.885355e+01 -1.000000e+00
      vertex   -3.750000e+00 4.893301e+01 -2.000000e+00
      vertex   -3.646447e+00 4.885355e+01 -2.000000e+00
    endloop
  endfacet
  facet normal -7.933534e-01 -6.087614e-01 -0.000000e+00
    outer loop
      vertex   -3.646447e+00 4.885355e+01 -1.000000e+00
      vertex   -3.646447e+00 4.885355e+01 -2.000000e+00
      vertex   -3.566988e+00 4.875000e+01 -1.000000e+00
    endloop
  endfacet
  facet normal -7.933534e-01 -6.087614e-01 -0.000000e+00
    outer loop
      vertex   -3.566988e+00 4.875000e+01 -1.000000e+00
      vertex   -3.646447e+00 4.885355e+01 -2.000000e+00
      vertex   -3.566988e+00 4.875000e+01 -2.000000e+00
    endloop
  endfacet
  facet normal -9.238795e-01 -3.826834e-01 -0.000000e+00
    outer loop
      vertex   -3.566988e+00 4.875000e+01 -1.000000e+00
      vertex   -3.566988e+00 4.875000e+01 -2.000000e+00
      vertex   -3.517037e+00 4.862941e+01 -1.000000e+00
    endloop
  endfacet
  facet normal -9.238795e-01 -3.826834e-01 -0.000000e+00
    outer loop
      vertex   -3.517037e+00 4.862941e+01 -1.000000e+00
      vertex   -3.566988e+00 4.875000e+01 -2.000000e+00
      vertex   -3.517037e+00 4.862941e+01 -2.000000e+00
    endloop
  endfacet
  facet normal -9.914449e-01 -1.305262e-01 -0.000000e+00
    outer loop
      vertex   -3.517037e+00 4.862941e+01 -1.000000e+00
      vertex   -3.517037e+00 4.862941e+01 -2.000000e+00
      vertex   -3.500000e+00 4.850000e+01 -1.000000e+00
    endloop
  endfacet
  facet normal -9.914449e-01 -1.305262e-01 -0.000000e+00
    outer loop
      vertex   -3.500000e+00 4.850000e+01 -1.000000e+00
      vertex   -3.517037e+00 4.862941e+01 -2.000000e+00
      vertex   -3.500000e+00 4.850000e+01 -2.000000e+00
    endloop
  endfacet
  facet normal -9.914449e-01 1.305262e-01 0.000000e+00
    outer loop
      vertex   -3.500000e+00 4.850000e+01 -1.000000e+00
      vertex   -3.500000e+00 4.850000e+01 -2.000000e+00
      vertex   -3.517037e+00 4.837059e+01 -1.000000e+00
    endloop
  endfacet
  facet normal -9.914449e-01 1.305262e-01 0.000000e+00
    outer loop
      vertex   -3.517037e+00 4.837059e+01 -1.000000e+00
      vertex   -3.500000e+00 4.850000e+01 -2.000000e+00
      vertex   -3.517037e+00 4.837059e+01 -2.000000e+00
    endloop
  endfacet
  facet normal -9.238795e-01 3.826834e-01 0.000000e+00
    outer loop
      vertex   -3.517037e+00 4.837059e+01 -1.000000e+00
      vertex   -3.517037e+00 4.837059e+01 -2.000000e+00
      vertex   -3.566988e+00 4.825000e+01 -1.000000e+00
    endloop
  endfacet
  facet normal -9.238795e-01 3.826834e-01 0.000000e+00
    outer loop
      vertex   -3.566988e+00 4.825000e+01 -1.000000e+00
      vertex   -3.517037e+00 4.837059e+01 -2.000000e+00
      vertex   -3.566988e+00 4.825000e+01 -2.000000e+00
    endloop
  endfacet
  facet normal -7.933534e-01 6.087614e-01 0.000000e+00
    outer loop
      vertex   -3.566988e+00 4.825000e+01 -1.000000e+00
      vertex   -3.566988e+00 4.825000e+01 -2.000000e+00
      vertex   -3.646447e+00 4.814645e+01 -1.000000e+00
    endloop
  endfacet
  facet normal -7.933534e-01 6.087614e-01 0.000000e+00
    outer loop
      vertex   -3.646447e+00 4.814645e+01 -1.000000e+00
      vertex   -3.566988e+00 4.825000e+01 -2.000000e+00
      vertex   -3.646447e+00 4.814645e+01 -2.000000e+00
    endloop
  endfacet
  facet normal -6.087615e-01 7.933533e-01 0.000000e+00
    outer loop
      vertex   -3.646447e+00 4.814645e+01 -1.000000e+00
      vertex   -3.646447e+00 4.814645e+01 -2.000000e+00
      vertex   -3.750000e+00 4.806699e+01 -1.000000e+00
    endloop
  endfacet
  facet normal -6.087615e-01 7.933533e-01 0.000000e+00
    outer loop
      vertex   -3.750000e+00 4.806699e+01 -1.000000e+00
      vertex   -3.646447e+00 4.814645e+01 -2.000000e+00
      vertex   -3.750000e+00 4.806699e+01 -2.000000e+00
    endloop
  endfacet
  facet normal -3.826835e-01 9.238795e-01 0.000000e+00
    outer loop
      vertex   -3.750000e+00 4.806699e+01 -1.000000e+00
      vertex   -3.750000e+00 4.806699e+01 -2.000000e+00
      vertex   -3.870591e+00 4.801704e+01 -1.000000e+00
    endloop
  endfacet
  facet normal -3.826835e-01 9.238795e-01 3.398912e-16
    outer loop
      vertex   -3.870591e+00 4.801704e+01 -1.000000e+00
      vertex   -3.750000e+00 4.806699e+01 -2.000000e+00
      vertex   -3.870591e+00 4.801704e+01 -2.000000e+00
    endloop
  endfacet
  facet normal -1.305262e-01 9.914449e-01 1.159306e-16
    outer loop
      vertex   -3.870591e+00 4.801704e+01 -1.000000e+00
      vertex   -3.870591e+00 4.801704e+01 -2.000000e+00
      vertex   -4.000000e+00 4.800000e+01 -1.000000e+00
    endloop
  endfacet
  facet normal -1.305262e-01 9.914449e-01 0.000000e+00
    outer loop
      vertex   -4.000000e+00 4.800000e+01 -1.000000e+00
      vertex   -3.870591e+00 4.801704e+01 -2.000000e+00
      vertex   -4.000000e+00 4.800000e+01 -2.000000e+00
    endloop
  endfacet
  facet normal -3.371446e-08 -1.000000e+00 0.000000e+00
    outer loop
      vertex   -3.148300e+01 4.900000e+01 -2.000000e+00
      vertex   -4.000000e+00 4.900000e+01 -2.000000e+00
      vertex   -3.148300e+01 4.900000e+01 -1.000000e+00
    endloop
  endfacet
  facet normal -3.371446e-08 -1.000000e+00 0.000000e+00
    outer loop
      vertex   -3.148300e+01 4.900000e+01 -1.000000e+00
      vertex   -4.000000e+00 4.900000e+01 -2.000000e+00
      vertex   -4.000000e+00 4.900000e+01 -1.000000e+00
    endloop
  endfacet
  facet normal -4.470952e-08 -1.000000e+00 0.000000e+00
    outer loop
      vertex   -3.148300e+01 3.700000e+01 -2.000000e+00
      vertex   -4.000000e+00 3.700000e+01 -2.000000e+00
      vertex   -3.148300e+01 3.700000e+01 -1.000000e+00
    endloop
  endfacet
  facet normal -4.470952e-08 -1.000000e+00 0.000000e+00
    outer loop
      vertex   -3.148300e+01 3.700000e+01 -1.000000e+00
      vertex   -4.000000e+00 3.700000e+01 -2.000000e+00
      vertex   -4.000000e+00 3.700000e+01 -1.000000e+00
    endloop
  endfacet
  facet normal 1.305262e-01 9.914449e-01 0.000000e+00
    outer loop
      vertex   -3.148300e+01 3.600000e+01 -1.000000e+00
      vertex   -3.148300e+01 3.600000e+01 -2.000000e+00
      vertex   -3.161241e+01 3.601704e+01 -1.000000e+00
    endloop
  endfacet
  facet normal 1.305262e-01 9.914449e-01 0.000000e+00
    outer loop
      vertex   -3.161241e+01 3.601704e+01 -1.000000e+00
      vertex   -3.148300e+01 3.600000e+01 -2.000000e+00
      vertex   -3.161241e+01 3.601704e+01 -2.000000e+00
    endloop
  endfacet
  facet normal 3.826834e-01 9.238795e-01 0.000000e+00
    outer loop
      vertex   -3.161241e+01 3.601704e+01 -1.000000e+00
      vertex   -3.161241e+01 3.601704e+01 -2.000000e+00
      vertex   -3.173300e+01 3.606699e+01 -1.000000e+00
    endloop
  endfacet
  facet normal 3.826834e-01 9.238795e-01 0.000000e+00
    outer loop
      vertex   -3.173300e+01 3.606699e+01 -1.000000e+00
      vertex   -3.161241e+01 3.601704e+01 -2.000000e+00
      vertex   -3.173300e+01 3.606699e+01 -2.000000e+00
    endloop
  endfacet
  facet normal 6.087614e-01 7.933534e-01 0.000000e+00
    outer loop
      vertex   -3.173300e+01 3.606699e+01 -1.000000e+00
      vertex   -3.173300e+01 3.606699e+01 -2.000000e+00
      vertex   -3.183655e+01 3.614645e+01 -1.000000e+00
    endloop
  endfacet
  facet normal 6.087614e-01 7.933534e-01 0.000000e+00
    outer loop
      vertex   -3.183655e+01 3.614645e+01 -1.000000e+00
      vertex   -3.173300e+01 3.606699e+01 -2.000000e+00
      vertex   -3.183655e+01 3.614645e+01 -2.000000e+00
    endloop
  endfacet
  facet normal 7.933533e-01 6.087614e-01 0.000000e+00
    outer loop
      vertex   -3.183655e+01 3.614645e+01 -1.000000e+00
      vertex   -3.183655e+01 3.614645e+01 -2.000000e+00
      vertex   -3.191601e+01 3.625000e+01 -1.000000e+00
    endloop
  endfacet
  facet normal 7.933533e-01 6.087614e-01 1.311604e-15
    outer loop
      vertex   -3.191601e+01 3.625000e+01 -1.000000e+00
      vertex   -3.183655e+01 3.614645e+01 -2.000000e+00
      vertex   -3.191601e+01 3.625000e+01 -2.000000e+00
    endloop
  endfacet
  facet normal 9.238795e-01 3.826834e-01 3.845430e-15
    outer loop
      vertex   -3.191601e+01 3.625000e+01 -1.000000e+00
      vertex   -3.191601e+01 3.625000e+01 -2.000000e+00
      vertex   -3.196596e+01 3.637059e+01 -1.000000e+00
    endloop
  endfacet
  facet normal 9.238795e-01 3.826834e-01 0.000000e+00
    outer loop
      vertex   -3.196596e+01 3.637059e+01 -1.000000e+00
      vertex   -3.191601e+01 3.625000e+01 -2.000000e+00
      vertex   -3.196596e+01 3.637059e+01 -2.000000e+00
    endloop
  endfacet
  facet normal 9.914449e-01 1.305262e-01 0.000000e+00
    outer loop
      vertex   -3.196596e+01 3.637059e+01 -1.000000e+00
      vertex   -3.196596e+01 3.637059e+01 -2.000000e+00
      vertex   -3.198300e+01 3.650000e+01 -1.000000e+00
    endloop
  endfacet
  facet normal 9.914449e-01 1.305262e-01 -9.274444e-16
    outer loop
      vertex   -3.198300e+01 3.650000e+01 -1.000000e+00
      vertex   -3.196596e+01 3.637059e+01 -2.000000e+00
      vertex   -3.198300e+01 3.650000e+01 -2.000000e+00
    endloop
  endfacet
  facet normal 9.914449e-01 -1.305262e-01 9.274444e-16
    outer loop
      vertex   -3.198300e+01 3.650000e+01 -1.000000e+00
      vertex   -3.198300e+01 3.650000e+01 -2.000000e+00
      vertex   -3.196596e+01 3.662941e+01 -1.000000e+00
    endloop
  endfacet
  facet normal 9.914449e-01 -1.305262e-01 0.000000e+00
    outer loop
      vertex   -3.196596e+01 3.662941e+01 -1.000000e+00
      vertex   -3.198300e+01 3.650000e+01 -2.000000e+00
      vertex   -3.196596e+01 3.662941e+01 -2.000000e+00
    endloop
  endfacet
  facet normal 9.238795e-01 -3.826834e-01 0.000000e+00
    outer loop
      vertex   -3.196596e+01 3.662941e+01 -1.000000e+00
      vertex   -3.196596e+01 3.662941e+01 -2.000000e+00
      vertex   -3.191601e+01 3.675000e+01 -1.000000e+00
    endloop
  endfacet
  facet normal 9.238795e-01 -3.826834e-01 0.000000e+00
    outer loop
      vertex   -3.191601e+01 3.675000e+01 -1.000000e+00
      vertex   -3.196596e+01 3.662941e+01 -2.000000e+00
      vertex   -3.191601e+01 3.675000e+01 -2.000000e+00
    endloop
  endfacet
  facet normal 7.933533e-01 -6.087614e-01 0.000000e+00
    outer loop
      vertex   -3.191601e+01 3.675000e+01 -1.000000e+00
      vertex   -3.191601e+01 3.675000e+01 -2.000000e+00
      vertex   -3.183655e+01 3.685355e+01 -1.000000e+00
    endloop
  endfacet
  facet normal 7.933533e-01 -6.087614e-01 0.000000e+00
    outer loop
      vertex   -3.183655e+01 3.685355e+01 -1.000000e+00
      vertex   -3.191601e+01 3.675000e+01 -2.000000e+00
      vertex   -3.183655e+01 3.685355e+01 -2.000000e+00
    endloop
  endfacet
  facet normal 6.087614e-01 -7.933534e-01 0.000000e+00
    outer loop
      vertex   -3.183655e+01 3.685355e+01 -1.000000e+00
      vertex   -3.183655e+01 3.685355e+01 -2.000000e+00
      vertex   -3.173300e+01 3.693301e+01 -1.000000e+00
    endloop
  endfacet
  facet normal 6.087614e-01 -7.933534e-01 0.000000e+00
    outer loop
      vertex   -3.173300e+01 3.693301e+01 -1.000000e+00
      vertex   -3.183655e+01 3.685355e+01 -2.000000e+00
      vertex   -3.173300e+01 3.693301e+01 -2.000000e+00
    endloop
  endfacet
  facet normal 3.826834e-01 -9.238795e-01 0.000000e+00
    outer loop
      vertex   -3.173300e+01 3.693301e+01 -1.000000e+00
      vertex   -3.173300e+01 3.693301e+01 -2.000000e+00
      vertex   -3.161241e+01 3.698296e+01 -1.000000e+00
    endloop
  endfacet
  facet normal 3.826834e-01 -9.238795e-01 0.000000e+00
    outer loop
      vertex   -3.161241e+01 3.698296e+01 -1.000000e+00
      vertex   -3.173300e+01 3.693301e+01 -2.000000e+00
      vertex   -3.161241e+01 3.698296e+01 -2.000000e+00
    endloop
  endfacet
  facet normal 1.305262e-01 -9.914449e-01 0.000000e+00
    outer loop
      vertex   -3.161241e+01 3.698296e+01 -1.000000e+00
      vertex   -3.161241e+01 3.698296e+01 -2.000000e+00
      vertex   -3.148300e+01 3.700000e+01 -1.000000e+00
    endloop
  endfacet
  facet normal 1.305262e-01 -9.914449e-01 0.000000e+00
    outer loop
      vertex   -3.148300e+01 3.700000e+01 -1.000000e+00
      vertex   -3.161241e+01 3.698296e+01 -2.000000e+00
      vertex   -3.148300e+01 3.700000e+01 -2.000000e+00
    endloop
  endfacet
  facet normal -4.470952e-08 1.000000e+00 0.000000e+00
    outer loop
      vertex   -4.000000e+00 3.600000e+01 -2.000000e+00
      vertex   -3.148300e+01 3.600000e+01 -2.000000e+00
      vertex   -4.000000e+00 3.600000e+01 -1.000000e+00
    endloop
  endfacet
  facet normal -4.470952e-08 1.000000e+00 0.000000e+00
    outer loop
      vertex   -4.000000e+00 3.600000e+01 -1.000000e+00
      vertex   -3.148300e+01 3.600000e+01 -2.000000e+00
      vertex   -3.148300e+01 3.600000e+01 -1.000000e+00
    endloop
  endfacet
  facet normal -1.305262e-01 -9.914449e-01 -0.000000e+00
    outer loop
      vertex   -4.000000e+00 3.700000e+01 -1.000000e+00
      vertex   -4.000000e+00 3.700000e+01 -2.000000e+00
      vertex   -3.870591e+00 3.698296e+01 -1.000000e+00
    endloop
  endfacet
  facet normal -1.305262e-01 -9.914449e-01 1.159306e-16
    outer loop
      vertex   -3.870591e+00 3.698296e+01 -1.000000e+00
      vertex   -4.000000e+00 3.700000e+01 -2.000000e+00
      vertex   -3.870591e+00 3.698296e+01 -2.000000e+00
    endloop
  endfacet
  facet normal -3.826835e-01 -9.238795e-01 3.398912e-16
    outer loop
      vertex   -3.870591e+00 3.698296e+01 -1.000000e+00
      vertex   -3.870591e+00 3.698296e+01 -2.000000e+00
      vertex   -3.750000e+00 3.693301e+01 -1.000000e+00
    endloop
  endfacet
  facet normal -3.826835e-01 -9.238795e-01 1.699456e-16
    outer loop
      vertex   -3.750000e+00 3.693301e+01 -1.000000e+00
      vertex   -3.870591e+00 3.698296e+01 -2.000000e+00
      vertex   -3.750000e+00 3.693301e+01 -2.000000e+00
    endloop
  endfacet
  facet normal -6.087615e-01 -7.933533e-01 2.703444e-16
    outer loop
      vertex   -3.750000e+00 3.693301e+01 -1.000000e+00
      vertex   -3.750000e+00 3.693301e+01 -2.000000e+00
      vertex   -3.646447e+00 3.685355e+01 -1.000000e+00
    endloop
  endfacet
  facet normal -6.087615e-01 -7.933533e-01 -0.000000e+00
    outer loop
      vertex   -3.646447e+00 3.685355e+01 -1.000000e+00
      vertex   -3.750000e+00 3.693301e+01 -2.000000e+00
      vertex   -3.646447e+00 3.685355e+01 -2.000000e+00
    endloop
  endfacet
  facet normal -7.933534e-01 -6.087614e-01 -0.000000e+00
    outer loop
      vertex   -3.646447e+00 3.685355e+01 -1.000000e+00
      vertex   -3.646447e+00 3.685355e+01 -2.000000e+00
      vertex   -3.566988e+00 3.675000e+01 -1.000000e+00
    endloop
  endfacet
  facet normal -7.933534e-01 -6.087614e-01 -0.000000e+00
    outer loop
      vertex   -3.566988e+00 3.675000e+01 -1.000000e+00
      vertex   -3.646447e+00 3.685355e+01 -2.000000e+00
      vertex   -3.566988e+00 3.675000e+01 -2.000000e+00
    endloop
  endfacet
  facet normal -9.238795e-01 -3.826834e-01 -0.000000e+00
    outer loop
      vertex   -3.566988e+00 3.675000e+01 -1.000000e+00
      vertex   -3.566988e+00 3.675000e+01 -2.000000e+00
      vertex   -3.517037e+00 3.662941e+01 -1.000000e+00
    endloop
  endfacet
  facet normal -9.238795e-01 -3.826834e-01 -0.000000e+00
    outer loop
      vertex   -3.517037e+00 3.662941e+01 -1.000000e+00
      vertex   -3.566988e+00 3.675000e+01 -2.000000e+00
      vertex   -3.517037e+00 3.662941e+01 -2.000000e+00
    endloop
  endfacet
  facet normal -9.914449e-01 -1.305262e-01 -0.000000e+00
    outer loop
      vertex   -3.517037e+00 3.662941e+01 -1.000000e+00
      vertex   -3.517037e+00 3.662941e+01 -2.000000e+00
      vertex   -3.500000e+00 3.650000e+01 -1.000000e+00
    endloop
  endfacet
  facet normal -9.914449e-01 -1.305262e-01 -0.000000e+00
    outer loop
      vertex   -3.500000e+00 3.650000e+01 -1.000000e+00
      vertex   -3.517037e+00 3.662941e+01 -2.000000e+00
      vertex   -3.500000e+00 3.650000e+01 -2.000000e+00
    endloop
  endfacet
  facet normal -9.914449e-01 1.305262e-01 0.000000e+00
    outer loop
      vertex   -3.500000e+00 3.650000e+01 -1.000000e+00
      vertex   -3.500000e+00 3.650000e+01 -2.000000e+00
      vertex   -3.517037e+00 3.637059e+01 -1.000000e+00
    endloop
  endfacet
  facet normal -9.914449e-01 1.305262e-01 0.000000e+00
    outer loop
      vertex   -3.517037e+00 3.637059e+01 -1.000000e+00
      vertex   -3.500000e+00 3.650000e+01 -2.000000e+00
      vertex   -3.517037e+00 3.637059e+01 -2.000000e+00
    endloop
  endfacet
  facet normal -9.238795e-01 3.826834e-01 0.000000e+00
    outer loop
      vertex   -3.517037e+00 3.637059e+01 -1.000000e+00
      vertex   -3.517037e+00 3.637059e+01 -2.000000e+00
      vertex   -3.566988e+00 3.625000e+01 -1.000000e+00
    endloop
  endfacet
  facet normal -9.238795e-01 3.826834e-01 0.000000e+00
    outer loop
      vertex   -3.566988e+00 3.625000e+01 -1.000000e+00
      vertex   -3.517037e+00 3.637059e+01 -2.000000e+00
      vertex   -3.566988e+00 3.625000e+01 -2.000000e+00
    endloop
  endfacet
  facet normal -7.933534e-01 6.087614e-01 0.000000e+00
    outer loop
      vertex   -3.566988e+00 3.625000e+01 -1.000000e+00
      vertex   -3.566988e+00 3.625000e+01 -2.000000e+00
      vertex   -3.646447e+00 3.614645e+01 -1.000000e+00
    endloop
  endfacet
  facet normal -7.933534e-01 6.087614e-01 0.000000e+00
    outer loop
      vertex   -3.646447e+00 3.614645e+01 -1.000000e+00
      vertex   -3.566988e+00 3.625000e+01 -2.000000e+00
      vertex   -3.646447e+00 3.614645e+01 -2.000000e+00
    endloop
  endfacet
  facet normal -6.087615e-01 7.933533e-01 0.000000e+00
    outer loop
      vertex   -3.646447e+00 3.614645e+01 -1.000000e+00
      vertex   -3.646447e+00 3.614645e+01 -2.000000e+00
      vertex   -3.750000e+00 3.606699e+01 -1.000000e+00
    endloop
  endfacet
  facet normal -6.087615e-01 7.933533e-01 -5.406888e-16
    outer loop
      vertex   -3.750000e+00 3.606699e+01 -1.000000e+00
      vertex   -3.646447e+00 3.614645e+01 -2.000000e+00
      vertex   -3.750000e+00 3.606699e+01 -2.000000e+00
    endloop
  endfacet
  facet normal -3.826835e-01 9.238795e-01 -3.398912e-16
    outer loop
      vertex   -3.750000e+00 3.606699e+01 -1.000000e+00
      vertex   -3.750000e+00 3.606699e+01 -2.000000e+00
      vertex   -3.870591e+00 3.601704e+01 -1.000000e+00
    endloop
  endfacet
  facet normal -3.826835e-01 9.238795e-01 0.000000e+00
    outer loop
      vertex   -3.870591e+00 3.601704e+01 -1.000000e+00
      vertex   -3.750000e+00 3.606699e+01 -2.000000e+00
      vertex   -3.870591e+00 3.601704e+01 -2.000000e+00
    endloop
  endfacet
  facet normal -1.305262e-01 9.914449e-01 0.000000e+00
    outer loop
      vertex   -3.870591e+00 3.601704e+01 -1.000000e+00
      vertex   -3.870591e+00 3.601704e+01 -2.000000e+00
      vertex   -4.000000e+00 3.600000e+01 -1.000000e+00
    endloop
  endfacet
  facet normal -1.305262e-01 9.914449e-01 0.000000e+00
    outer loop
      vertex   -4.000000e+00 3.600000e+01 -1.000000e+00
      vertex   -3.870591e+00 3.601704e+01 -2.000000e+00
      vertex   -4.000000e+00 3.600000e+01 -2.000000e+00
    endloop
  endfacet
  facet normal 0.000000e+00 -1.000000e+00 0.000000e+00
    outer loop
      vertex   -3.148300e+01 5.500000e+01 -2.000000e+00
      vertex   -9.000000e+00 5.500000e+01 -2.000000e+00
      vertex   -3.148300e+01 5.500000e+01 -1.000000e+00
    endloop
  endfacet
  facet normal 0.000000e+00 -1.000000e+00 0.000000e+00
    outer loop
      vertex   -3.148300e+01 5.500000e+01 -1.000000e+00
      vertex   -9.000000e+00 5.500000e+01 -2.000000e+00
      vertex   -9.000000e+00 5.500000e+01 -1.000000e+00
    endloop
  endfacet
  facet normal 1.305262e-01 9.914449e-01 0.000000e+00
    outer loop
      vertex   -3.148300e+01 5.400000e+01 -1.000000e+00
      vertex   -3.148300e+01 5.400000e+01 -2.000000e+00
      vertex   -3.161241e+01 5.401704e+01 -1.000000e+00
    endloop
  endfacet
  facet normal 1.305262e-01 9.914449e-01 0.000000e+00
    outer loop
      vertex   -3.161241e+01 5.401704e+01 -1.000000e+00
      vertex   -3.148300e+01 5.400000e+01 -2.000000e+00
      vertex   -3.161241e+01 5.401704e+01 -2.000000e+00
    endloop
  endfacet
  facet normal 3.826834e-01 9.238795e-01 0.000000e+00
    outer loop
      vertex   -3.161241e+01 5.401704e+01 -1.000000e+00
      vertex   -3.161241e+01 5.401704e+01 -2.000000e+00
      vertex   -3.173300e+01 5.406699e+01 -1.000000e+00
    endloop
  endfacet
  facet normal 3.826834e-01 9.238795e-01 0.000000e+00
    outer loop
      vertex   -3.173300e+01 5.406699e+01 -1.000000e+00
      vertex   -3.161241e+01 5.401704e+01 -2.000000e+00
      vertex   -3.173300e+01 5.406699e+01 -2.000000e+00
    endloop
  endfacet
  facet normal 6.087614e-01 7.933533e-01 0.000000e+00
    outer loop
      vertex   -3.173300e+01 5.406699e+01 -1.000000e+00
      vertex   -3.173300e+01 5.406699e+01 -2.000000e+00
      vertex   -3.183655e+01 5.414645e+01 -1.000000e+00
    endloop
  endfacet
  facet normal 6.087614e-01 7.933533e-01 0.000000e+00
    outer loop
      vertex   -3.183655e+01 5.414645e+01 -1.000000e+00
      vertex   -3.173300e+01 5.406699e+01 -2.000000e+00
      vertex   -3.183655e+01 5.414645e+01 -2.000000e+00
    endloop
  endfacet
  facet normal 7.933533e-01 6.087614e-01 0.000000e+00
    outer loop
      vertex   -3.183655e+01 5.414645e+01 -1.000000e+00
      vertex   -3.183655e+01 5.414645e+01 -2.000000e+00
      vertex   -3.191601e+01 5.425000e+01 -1.000000e+00
    endloop
  endfacet
  facet normal 7.933533e-01 6.087614e-01 -2.818557e-15
    outer loop
      vertex   -3.191601e+01 5.425000e+01 -1.000000e+00
      vertex   -3.183655e+01 5.414645e+01 -2.000000e+00
      vertex   -3.191601e+01 5.425000e+01 -2.000000e+00
    endloop
  endfacet
  facet normal 9.238795e-01 3.826834e-01 -3.282279e-15
    outer loop
      vertex   -3.191601e+01 5.425000e+01 -1.000000e+00
      vertex   -3.191601e+01 5.425000e+01 -2.000000e+00
      vertex   -3.196596e+01 5.437059e+01 -1.000000e+00
    endloop
  endfacet
  facet normal 9.238795e-01 3.826834e-01 0.000000e+00
    outer loop
      vertex   -3.196596e+01 5.437059e+01 -1.000000e+00
      vertex   -3.191601e+01 5.425000e+01 -2.000000e+00
      vertex   -3.196596e+01 5.437059e+01 -2.000000e+00
    endloop
  endfacet
  facet normal 9.914449e-01 1.305262e-01 0.000000e+00
    outer loop
      vertex   -3.196596e+01 5.437059e+01 -1.000000e+00
      vertex   -3.196596e+01 5.437059e+01 -2.000000e+00
      vertex   -3.198300e+01 5.450000e+01 -1.000000e+00
    endloop
  endfacet
  facet normal 9.914449e-01 1.305262e-01 0.000000e+00
    outer loop
      vertex   -3.198300e+01 5.450000e+01 -1.000000e+00
      vertex   -3.196596e+01 5.437059e+01 -2.000000e+00
      vertex   -3.198300e+01 5.450000e+01 -2.000000e+00
    endloop
  endfacet
  facet normal 9.914449e-01 -1.305262e-01 0.000000e+00
    outer loop
      vertex   -3.198300e+01 5.450000e+01 -1.000000e+00
      vertex   -3.198300e+01 5.450000e+01 -2.000000e+00
      vertex   -3.196596e+01 5.462941e+01 -1.000000e+00
    endloop
  endfacet
  facet normal 9.914449e-01 -1.305262e-01 0.000000e+00
    outer loop
      vertex   -3.196596e+01 5.462941e+01 -1.000000e+00
      vertex   -3.198300e+01 5.450000e+01 -2.000000e+00
      vertex   -3.196596e+01 5.462941e+01 -2.000000e+00
    endloop
  endfacet
  facet normal 9.238795e-01 -3.826834e-01 0.000000e+00
    outer loop
      vertex   -3.196596e+01 5.462941e+01 -1.000000e+00
      vertex   -3.196596e+01 5.462941e+01 -2.000000e+00
      vertex   -3.191601e+01 5.475000e+01 -1.000000e+00
    endloop
  endfacet
  facet normal 9.238795e-01 -3.826834e-01 -6.564559e-15
    outer loop
      vertex   -3.191601e+01 5.475000e+01 -1.000000e+00
      vertex   -3.196596e+01 5.462941e+01 -2.000000e+00
      vertex   -3.191601e+01 5.475000e+01 -2.000000e+00
    endloop
  endfacet
  facet normal 7.933533e-01 -6.087614e-01 -5.637115e-15
    outer loop
      vertex   -3.191601e+01 5.475000e+01 -1.000000e+00
      vertex   -3.191601e+01 5.475000e+01 -2.000000e+00
      vertex   -3.183655e+01 5.485355e+01 -1.000000e+00
    endloop
  endfacet
  facet normal 7.933533e-01 -6.087614e-01 0.000000e+00
    outer loop
      vertex   -3.183655e+01 5.485355e+01 -1.000000e+00
      vertex   -3.191601e+01 5.475000e+01 -2.000000e+00
      vertex   -3.183655e+01 5.485355e+01 -2.000000e+00
    endloop
  endfacet
  facet normal 6.087614e-01 -7.933533e-01 0.000000e+00
    outer loop
      vertex   -3.183655e+01 5.485355e+01 -1.000000e+00
      vertex   -3.183655e+01 5.485355e+01 -2.000000e+00
      vertex   -3.173300e+01 5.493301e+01 -1.000000e+00
    endloop
  endfacet
  facet normal 6.087614e-01 -7.933533e-01 0.000000e+00
    outer loop
      vertex   -3.173300e+01 5.493301e+01 -1.000000e+00
      vertex   -3.183655e+01 5.485355e+01 -2.000000e+00
      vertex   -3.173300e+01 5.493301e+01 -2.000000e+00
    endloop
  endfacet
  facet normal 3.826834e-01 -9.238795e-01 0.000000e+00
    outer loop
      vertex   -3.173300e+01 5.493301e+01 -1.000000e+00
      vertex   -3.173300e+01 5.493301e+01 -2.000000e+00
      vertex   -3.161241e+01 5.498296e+01 -1.000000e+00
    endloop
  endfacet
  facet normal 3.826834e-01 -9.238795e-01 0.000000e+00
    outer loop
      vertex   -3.161241e+01 5.498296e+01 -1.000000e+00
      vertex   -3.173300e+01 5.493301e+01 -2.000000e+00
      vertex   -3.161241e+01 5.498296e+01 -2.000000e+00
    endloop
  endfacet
  facet normal 1.305262e-01 -9.914449e-01 0.000000e+00
    outer loop
      vertex   -3.161241e+01 5.498296e+01 -1.000000e+00
      vertex   -3.161241e+01 5.498296e+01 -2.000000e+00
      vertex   -3.148300e+01 5.500000e+01 -1.000000e+00
    endloop
  endfacet
  facet normal 1.305262e-01 -9.914449e-01 0.000000e+00
    outer loop
      vertex   -3.148300e+01 5.500000e+01 -1.000000e+00
      vertex   -3.161241e+01 5.498296e+01 -2.000000e+00
      vertex   -3.148300e+01 5.500000e+01 -2.000000e+00
    endloop
  endfacet
  facet normal 0.000000e+00 1.000000e+00 -0.000000e+00
    outer loop
      vertex   -9.000000e+00 5.400000e+01 -2.000000e+00
      vertex   -3.148300e+01 5.400000e+01 -2.000000e+00
      vertex   -9.000000e+00 5.400000e+01 -1.000000e+00
    endloop
  endfacet
  facet normal 0.000000e+00 1.000000e+00 0.000000e+00
    outer loop
      vertex   -9.000000e+00 5.400000e+01 -1.000000e+00
      vertex   -3.148300e+01 5.400000e+01 -2.000000e+00
      vertex   -3.148300e+01 5.400000e+01 -1.000000e+00
    endloop
  endfacet
  facet normal -1.305262e-01 -9.914449e-01 -0.000000e+00
    outer loop
      vertex   -9.000000e+00 5.500000e+01 -1.000000e+00
      vertex   -9.000000e+00 5.500000e+01 -2.000000e+00
      vertex   -8.870590e+00 5.498296e+01 -1.000000e+00
    endloop
  endfacet
  facet normal -1.305262e-01 -9.914449e-01 -0.000000e+00
    outer loop
      vertex   -8.870590e+00 5.498296e+01 -1.000000e+00
      vertex   -9.000000e+00 5.500000e+01 -2.000000e+00
      vertex   -8.870590e+00 5.498296e+01 -2.000000e+00
    endloop
  endfacet
  facet normal -3.826834e-01 -9.238795e-01 -0.000000e+00
    outer loop
      vertex   -8.870590e+00 5.498296e+01 -1.000000e+00
      vertex   -8.870590e+00 5.498296e+01 -2.000000e+00
      vertex   -8.750000e+00 5.493301e+01 -1.000000e+00
    endloop
  endfacet
  facet normal -3.826834e-01 -9.238795e-01 -0.000000e+00
    outer loop
      vertex   -8.750000e+00 5.493301e+01 -1.000000e+00
      vertex   -8.870590e+00 5.498296e+01 -2.000000e+00
      vertex   -8.750000e+00 5.493301e+01 -2.000000e+00
    endloop
  endfacet
  facet normal -6.087614e-01 -7.933533e-01 -0.000000e+00
    outer loop
      vertex   -8.750000e+00 5.493301e+01 -1.000000e+00
      vertex   -8.750000e+00 5.493301e+01 -2.000000e+00
      vertex   -8.646447e+00 5.485355e+01 -1.000000e+00
    endloop
  endfacet
  facet normal -6.087614e-01 -7.933533e-01 -0.000000e+00
    outer loop
      vertex   -8.646447e+00 5.485355e+01 -1.000000e+00
      vertex   -8.750000e+00 5.493301e+01 -2.000000e+00
      vertex   -8.646447e+00 5.485355e+01 -2.000000e+00
    endloop
  endfacet
  facet normal -7.933533e-01 -6.087614e-01 -0.000000e+00
    outer loop
      vertex   -8.646447e+00 5.485355e+01 -1.000000e+00
      vertex   -8.646447e+00 5.485355e+01 -2.000000e+00
      vertex   -8.566987e+00 5.475000e+01 -1.000000e+00
    endloop
  endfacet
  facet normal -7.933533e-01 -6.087614e-01 -0.000000e+00
    outer loop
      vertex   -8.566987e+00 5.475000e+01 -1.000000e+00
      vertex   -8.646447e+00 5.485355e+01 -2.000000e+00
      vertex   -8.566987e+00 5.475000e+01 -2.000000e+00
    endloop
  endfacet
  facet normal -9.238795e-01 -3.826834e-01 -0.000000e+00
    outer loop
      vertex   -8.566987e+00 5.475000e+01 -1.000000e+00
      vertex   -8.566987e+00 5.475000e+01 -2.000000e+00
      vertex   -8.517037e+00 5.462941e+01 -1.000000e+00
    endloop
  endfacet
  facet normal -9.238795e-01 -3.826834e-01 -0.000000e+00
    outer loop
      vertex   -8.517037e+00 5.462941e+01 -1.000000e+00
      vertex   -8.566987e+00 5.475000e+01 -2.000000e+00
      vertex   -8.517037e+00 5.462941e+01 -2.000000e+00
    endloop
  endfacet
  facet normal -9.914449e-01 -1.305262e-01 -0.000000e+00
    outer loop
      vertex   -8.517037e+00 5.462941e+01 -1.000000e+00
      vertex   -8.517037e+00 5.462941e+01 -2.000000e+00
      vertex   -8.500000e+00 5.450000e+01 -1.000000e+00
    endloop
  endfacet
  facet normal -9.914449e-01 -1.305262e-01 -0.000000e+00
    outer loop
      vertex   -8.500000e+00 5.450000e+01 -1.000000e+00
      vertex   -8.517037e+00 5.462941e+01 -2.000000e+00
      vertex   -8.500000e+00 5.450000e+01 -2.000000e+00
    endloop
  endfacet
  facet normal -9.914449e-01 1.305262e-01 0.000000e+00
    outer loop
      vertex   -8.500000e+00 5.450000e+01 -1.000000e+00
      vertex   -8.500000e+00 5.450000e+01 -2.000000e+00
      vertex   -8.517037e+00 5.437059e+01 -1.000000e+00
    endloop
  endfacet
  facet normal -9.914449e-01 1.305262e-01 0.000000e+00
    outer loop
      vertex   -8.517037e+00 5.437059e+01 -1.000000e+00
      vertex   -8.500000e+00 5.450000e+01 -2.000000e+00
      vertex   -8.517037e+00 5.437059e+01 -2.000000e+00
    endloop
  endfacet
  facet normal -9.238795e-01 3.826834e-01 0.000000e+00
    outer loop
      vertex   -8.517037e+00 5.437059e+01 -1.000000e+00
      vertex   -8.517037e+00 5.437059e+01 -2.000000e+00
      vertex   -8.566987e+00 5.425000e+01 -1.000000e+00
    endloop
  endfacet
  facet normal -9.238795e-01 3.826834e-01 0.000000e+00
    outer loop
      vertex   -8.566987e+00 5.425000e+01 -1.000000e+00
      vertex   -8.517037e+00 5.437059e+01 -2.000000e+00
      vertex   -8.566987e+00 5.425000e+01 -2.000000e+00
    endloop
  endfacet
  facet normal -7.933533e-01 6.087614e-01 0.000000e+00
    outer loop
      vertex   -8.566987e+00 5.425000e+01 -1.000000e+00
      vertex   -8.566987e+00 5.425000e+01 -2.000000e+00
      vertex   -8.646447e+00 5.414645e+01 -1.000000e+00
    endloop
  endfacet
  facet normal -7.933533e-01 6.087614e-01 0.000000e+00
    outer loop
      vertex   -8.646447e+00 5.414645e+01 -1.000000e+00
      vertex   -8.566987e+00 5.425000e+01 -2.000000e+00
      vertex   -8.646447e+00 5.414645e+01 -2.000000e+00
    endloop
  endfacet
  facet normal -6.087614e-01 7.933533e-01 0.000000e+00
    outer loop
      vertex   -8.646447e+00 5.414645e+01 -1.000000e+00
      vertex   -8.646447e+00 5.414645e+01 -2.000000e+00
      vertex   -8.750000e+00 5.406699e+01 -1.000000e+00
    endloop
  endfacet
  facet normal -6.087614e-01 7.933533e-01 0.000000e+00
    outer loop
      vertex   -8.750000e+00 5.406699e+01 -1.000000e+00
      vertex   -8.646447e+00 5.414645e+01 -2.000000e+00
      vertex   -8.750000e+00 5.406699e+01 -2.000000e+00
    endloop
  endfacet
  facet normal -3.826834e-01 9.238795e-01 0.000000e+00
    outer loop
      vertex   -8.750000e+00 5.406699e+01 -1.000000e+00
      vertex   -8.750000e+00 5.406699e+01 -2.000000e+00
      vertex   -8.870590e+00 5.401704e+01 -1.000000e+00
    endloop
  endfacet
  facet normal -3.826834e-01 9.238795e-01 0.000000e+00
    outer loop
      vertex   -8.870590e+00 5.401704e+01 -1.000000e+00
      vertex   -8.750000e+00 5.406699e+01 -2.000000e+00
      vertex   -8.870590e+00 5.401704e+01 -2.000000e+00
    endloop
  endfacet
  facet normal -1.305262e-01 9.914449e-01 0.000000e+00
    outer loop
      vertex   -8.870590e+00 5.401704e+01 -1.000000e+00
      vertex   -8.870590e+00 5.401704e+01 -2.000000e+00
      vertex   -9.000000e+00 5.400000e+01 -1.000000e+00
    endloop
  endfacet
  facet normal -1.305262e-01 9.914449e-01 0.000000e+00
    outer loop
      vertex   -9.000000e+00 5.400000e+01 -1.000000e+00
      vertex   -8.870590e+00 5.401704e+01 -2.000000e+00
      vertex   -9.000000e+00 5.400000e+01 -2.000000e+00
    endloop
  endfacet
  facet normal -4.470952e-08 -1.000000e+00 0.000000e+00
    outer loop
      vertex   -3.148300e+01 4.300000e+01 -2.000000e+00
      vertex   -4.000000e+00 4.300000e+01 -2.000000e+00
      vertex   -3.148300e+01 4.300000e+01 -1.000000e+00
    endloop
  endfacet
  facet normal -4.470952e-08 -1.000000e+00 0.000000e+00
    outer loop
      vertex   -3.148300e+01 4.300000e+01 -1.000000e+00
      vertex   -4.000000e+00 4.300000e+01 -2.000000e+00
      vertex   -4.000000e+00 4.300000e+01 -1.000000e+00
    endloop
  endfacet
  facet normal 1.305262e-01 9.914449e-01 0.000000e+00
    outer loop
      vertex   -3.148300e+01 4.200000e+01 -1.000000e+00
      vertex   -3.148300e+01 4.200000e+01 -2.000000e+00
      vertex   -3.161241e+01 4.201704e+01 -1.000000e+00
    endloop
  endfacet
  facet normal 1.305262e-01 9.914449e-01 0.000000e+00
    outer loop
      vertex   -3.161241e+01 4.201704e+01 -1.000000e+00
      vertex   -3.148300e+01 4.200000e+01 -2.000000e+00
      vertex   -3.161241e+01 4.201704e+01 -2.000000e+00
    endloop
  endfacet
  facet normal 3.826834e-01 9.238795e-01 0.000000e+00
    outer loop
      vertex   -3.161241e+01 4.201704e+01 -1.000000e+00
      vertex   -3.161241e+01 4.201704e+01 -2.000000e+00
      vertex   -3.173300e+01 4.206699e+01 -1.000000e+00
    endloop
  endfacet
  facet normal 3.826834e-01 9.238795e-01 0.000000e+00
    outer loop
      vertex   -3.173300e+01 4.206699e+01 -1.000000e+00
      vertex   -3.161241e+01 4.201704e+01 -2.000000e+00
      vertex   -3.173300e+01 4.206699e+01 -2.000000e+00
    endloop
  endfacet
  facet normal 6.087614e-01 7.933534e-01 0.000000e+00
    outer loop
      vertex   -3.173300e+01 4.206699e+01 -1.000000e+00
      vertex   -3.173300e+01 4.206699e+01 -2.000000e+00
      vertex   -3.183655e+01 4.214645e+01 -1.000000e+00
    endloop
  endfacet
  facet normal 6.087614e-01 7.933534e-01 0.000000e+00
    outer loop
      vertex   -3.183655e+01 4.214645e+01 -1.000000e+00
      vertex   -3.173300e+01 4.206699e+01 -2.000000e+00
      vertex   -3.183655e+01 4.214645e+01 -2.000000e+00
    endloop
  endfacet
  facet normal 7.933533e-01 6.087614e-01 0.000000e+00
    outer loop
      vertex   -3.183655e+01 4.214645e+01 -1.000000e+00
      vertex   -3.183655e+01 4.214645e+01 -2.000000e+00
      vertex   -3.191601e+01 4.225000e+01 -1.000000e+00
    endloop
  endfacet
  facet normal 7.933533e-01 6.087614e-01 5.637114e-15
    outer loop
      vertex   -3.191601e+01 4.225000e+01 -1.000000e+00
      vertex   -3.183655e+01 4.214645e+01 -2.000000e+00
      vertex   -3.191601e+01 4.225000e+01 -2.000000e+00
    endloop
  endfacet
  facet normal 9.238795e-01 3.826834e-01 6.564559e-15
    outer loop
      vertex   -3.191601e+01 4.225000e+01 -1.000000e+00
      vertex   -3.191601e+01 4.225000e+01 -2.000000e+00
      vertex   -3.196596e+01 4.237059e+01 -1.000000e+00
    endloop
  endfacet
  facet normal 9.238795e-01 3.826834e-01 0.000000e+00
    outer loop
      vertex   -3.196596e+01 4.237059e+01 -1.000000e+00
      vertex   -3.191601e+01 4.225000e+01 -2.000000e+00
      vertex   -3.196596e+01 4.237059e+01 -2.000000e+00
    endloop
  endfacet
  facet normal 9.914449e-01 1.305262e-01 0.000000e+00
    outer loop
      vertex   -3.196596e+01 4.237059e+01 -1.000000e+00
      vertex   -3.196596e+01 4.237059e+01 -2.000000e+00
      vertex   -3.198300e+01 4.250000e+01 -1.000000e+00
    endloop
  endfacet
  facet normal 9.914449e-01 1.305262e-01 0.000000e+00
    outer loop
      vertex   -3.198300e+01 4.250000e+01 -1.000000e+00
      vertex   -3.196596e+01 4.237059e+01 -2.000000e+00
      vertex   -3.198300e+01 4.250000e+01 -2.000000e+00
    endloop
  endfacet
  facet normal 9.914449e-01 -1.305262e-01 0.000000e+00
    outer loop
      vertex   -3.198300e+01 4.250000e+01 -1.000000e+00
      vertex   -3.198300e+01 4.250000e+01 -2.000000e+00
      vertex   -3.196596e+01 4.262941e+01 -1.000000e+00
    endloop
  endfacet
  facet normal 9.914449e-01 -1.305262e-01 0.000000e+00
    outer loop
      vertex   -3.196596e+01 4.262941e+01 -1.000000e+00
      vertex   -3.198300e+01 4.250000e+01 -2.000000e+00
      vertex   -3.196596e+01 4.262941e+01 -2.000000e+00
    endloop
  endfacet
  facet normal 9.238795e-01 -3.826834e-01 0.000000e+00
    outer loop
      vertex   -3.196596e+01 4.262941e+01 -1.000000e+00
      vertex   -3.196596e+01 4.262941e+01 -2.000000e+00
      vertex   -3.191601e+01 4.275000e+01 -1.000000e+00
    endloop
  endfacet
  facet normal 9.238795e-01 -3.826834e-01 0.000000e+00
    outer loop
      vertex   -3.191601e+01 4.275000e+01 -1.000000e+00
      vertex   -3.196596e+01 4.262941e+01 -2.000000e+00
      vertex   -3.191601e+01 4.275000e+01 -2.000000e+00
    endloop
  endfacet
  facet normal 7.933533e-01 -6.087614e-01 0.000000e+00
    outer loop
      vertex   -3.191601e+01 4.275000e+01 -1.000000e+00
      vertex   -3.191601e+01 4.275000e+01 -2.000000e+00
      vertex   -3.183655e+01 4.285355e+01 -1.000000e+00
    endloop
  endfacet
  facet normal 7.933533e-01 -6.087614e-01 0.000000e+00
    outer loop
      vertex   -3.183655e+01 4.285355e+01 -1.000000e+00
      vertex   -3.191601e+01 4.275000e+01 -2.000000e+00
      vertex   -3.183655e+01 4.285355e+01 -2.000000e+00
    endloop
  endfacet
  facet normal 6.087614e-01 -7.933534e-01 0.000000e+00
    outer loop
      vertex   -3.183655e+01 4.285355e+01 -1.000000e+00
      vertex   -3.183655e+01 4.285355e+01 -2.000000e+00
      vertex   -3.173300e+01 4.293301e+01 -1.000000e+00
    endloop
  endfacet
  facet normal 6.087614e-01 -7.933534e-01 0.000000e+00
    outer loop
      vertex   -3.173300e+01 4.293301e+01 -1.000000e+00
      vertex   -3.183655e+01 4.285355e+01 -2.000000e+00
      vertex   -3.173300e+01 4.293301e+01 -2.000000e+00
    endloop
  endfacet
  facet normal 3.826834e-01 -9.238795e-01 0.000000e+00
    outer loop
      vertex   -3.173300e+01 4.293301e+01 -1.000000e+00
      vertex   -3.173300e+01 4.293301e+01 -2.000000e+00
      vertex   -3.161241e+01 4.298296e+01 -1.000000e+00
    endloop
  endfacet
  facet normal 3.826834e-01 -9.238795e-01 0.000000e+00
    outer loop
      vertex   -3.161241e+01 4.298296e+01 -1.000000e+00
      vertex   -3.173300e+01 4.293301e+01 -2.000000e+00
      vertex   -3.161241e+01 4.298296e+01 -2.000000e+00
    endloop
  endfacet
  facet normal 1.305262e-01 -9.914449e-01 0.000000e+00
    outer loop
      vertex   -3.161241e+01 4.298296e+01 -1.000000e+00
      vertex   -3.161241e+01 4.298296e+01 -2.000000e+00
      vertex   -3.148300e+01 4.300000e+01 -1.000000e+00
    endloop
  endfacet
  facet normal 1.305262e-01 -9.914449e-01 0.000000e+00
    outer loop
      vertex   -3.148300e+01 4.300000e+01 -1.000000e+00
      vertex   -3.161241e+01 4.298296e+01 -2.000000e+00
      vertex   -3.148300e+01 4.300000e+01 -2.000000e+00
    endloop
  endfacet
  facet normal -4.470952e-08 1.000000e+00 0.000000e+00
    outer loop
      vertex   -4.000000e+00 4.200000e+01 -2.000000e+00
      vertex   -3.148300e+01 4.200000e+01 -2.000000e+00
      vertex   -4.000000e+00 4.200000e+01 -1.000000e+00
    endloop
  endfacet
  facet normal -4.470952e-08 1.000000e+00 0.000000e+00
    outer loop
      vertex   -4.000000e+00 4.200000e+01 -1.000000e+00
      vertex   -3.148300e+01 4.200000e+01 -2.000000e+00
      vertex   -3.148300e+01 4.200000e+01 -1.000000e+00
    endloop
  endfacet
  facet normal -1.305262e-01 -9.914449e-01 -0.000000e+00
    outer loop
      vertex   -4.000000e+00 4.300000e+01 -1.000000e+00
      vertex   -4.000000e+00 4.300000e+01 -2.000000e+00
      vertex   -3.870591e+00 4.298296e+01 -1.000000e+00
    endloop
  endfacet
  facet normal -1.305262e-01 -9.914449e-01 1.159306e-16
    outer loop
      vertex   -3.870591e+00 4.298296e+01 -1.000000e+00
      vertex   -4.000000e+00 4.300000e+01 -2.000000e+00
      vertex   -3.870591e+00 4.298296e+01 -2.000000e+00
    endloop
  endfacet
  facet normal -3.826835e-01 -9.238795e-01 3.398912e-16
    outer loop
      vertex   -3.870591e+00 4.298296e+01 -1.000000e+00
      vertex   -3.870591e+00 4.298296e+01 -2.000000e+00
      vertex   -3.750000e+00 4.293301e+01 -1.000000e+00
    endloop
  endfacet
  facet normal -3.826835e-01 -9.238795e-01 1.699456e-16
    outer loop
      vertex   -3.750000e+00 4.293301e+01 -1.000000e+00
      vertex   -3.870591e+00 4.298296e+01 -2.000000e+00
      vertex   -3.750000e+00 4.293301e+01 -2.000000e+00
    endloop
  endfacet
  facet normal -6.087615e-01 -7.933533e-01 2.703444e-16
    outer loop
      vertex   -3.750000e+00 4.293301e+01 -1.000000e+00
      vertex   -3.750000e+00 4.293301e+01 -2.000000e+00
      vertex   -3.646447e+00 4.285355e+01 -1.000000e+00
    endloop
  endfacet
  facet normal -6.087615e-01 -7.933533e-01 -0.000000e+00
    outer loop
      vertex   -3.646447e+00 4.285355e+01 -1.000000e+00
      vertex   -3.750000e+00 4.293301e+01 -2.000000e+00
      vertex   -3.646447e+00 4.285355e+01 -2.000000e+00
    endloop
  endfacet
  facet normal -7.933534e-01 -6.087614e-01 -0.000000e+00
    outer loop
      vertex   -3.646447e+00 4.285355e+01 -1.000000e+00
      vertex   -3.646447e+00 4.285355e+01 -2.000000e+00
      vertex   -3.566988e+00 4.275000e+01 -1.000000e+00
    endloop
  endfacet
  facet normal -7.933534e-01 -6.087614e-01 -0.000000e+00
    outer loop
      vertex   -3.566988e+00 4.275000e+01 -1.000000e+00
      vertex   -3.646447e+00 4.285355e+01 -2.000000e+00
      vertex   -3.566988e+00 4.275000e+01 -2.000000e+00
    endloop
  endfacet
  facet normal -9.238795e-01 -3.826834e-01 -0.000000e+00
    outer loop
      vertex   -3.566988e+00 4.275000e+01 -1.000000e+00
      vertex   -3.566988e+00 4.275000e+01 -2.000000e+00
      vertex   -3.517037e+00 4.262941e+01 -1.000000e+00
    endloop
  endfacet
  facet normal -9.238795e-01 -3.826834e-01 -0.000000e+00
    outer loop
      vertex   -3.517037e+00 4.262941e+01 -1.000000e+00
      vertex   -3.566988e+00 4.275000e+01 -2.000000e+00
      vertex   -3.517037e+00 4.262941e+01 -2.000000e+00
    endloop
  endfacet
  facet normal -9.914449e-01 -1.305262e-01 -0.000000e+00
    outer loop
      vertex   -3.517037e+00 4.262941e+01 -1.000000e+00
      vertex   -3.517037e+00 4.262941e+01 -2.000000e+00
      vertex   -3.500000e+00 4.250000e+01 -1.000000e+00
    endloop
  endfacet
  facet normal -9.914449e-01 -1.305262e-01 -0.000000e+00
    outer loop
      vertex   -3.500000e+00 4.250000e+01 -1.000000e+00
      vertex   -3.517037e+00 4.262941e+01 -2.000000e+00
      vertex   -3.500000e+00 4.250000e+01 -2.000000e+00
    endloop
  endfacet
  facet normal -9.914449e-01 1.305262e-01 0.000000e+00
    outer loop
      vertex   -3.500000e+00 4.250000e+01 -1.000000e+00
      vertex   -3.500000e+00 4.250000e+01 -2.000000e+00
      vertex   -3.517037e+00 4.237059e+01 -1.000000e+00
    endloop
  endfacet
  facet normal -9.914449e-01 1.305262e-01 0.000000e+00
    outer loop
      vertex   -3.517037e+00 4.237059e+01 -1.000000e+00
      vertex   -3.500000e+00 4.250000e+01 -2.000000e+00
      vertex   -3.517037e+00 4.237059e+01 -2.000000e+00
    endloop
  endfacet
  facet normal -9.238795e-01 3.826834e-01 0.000000e+00
    outer loop
      vertex   -3.517037e+00 4.237059e+01 -1.000000e+00
      vertex   -3.517037e+00 4.237059e+01 -2.000000e+00
      vertex   -3.566988e+00 4.225000e+01 -1.000000e+00
    endloop
  endfacet
  facet normal -9.238795e-01 3.826834e-01 0.000000e+00
    outer loop
      vertex   -3.566988e+00 4.225000e+01 -1.000000e+00
      vertex   -3.517037e+00 4.237059e+01 -2.000000e+00
      vertex   -3.566988e+00 4.225000e+01 -2.000000e+00
    endloop
  endfacet
  facet normal -7.933534e-01 6.087614e-01 0.000000e+00
    outer loop
      vertex   -3.566988e+00 4.225000e+01 -1.000000e+00
      vertex   -3.566988e+00 4.225000e+01 -2.000000e+00
      vertex   -3.646447e+00 4.214645e+01 -1.000000e+00
    endloop
  endfacet
  facet normal -7.933534e-01 6.087614e-01 0.000000e+00
    outer loop
      vertex   -3.646447e+00 4.214645e+01 -1.000000e+00
      vertex   -3.566988e+00 4.225000e+01 -2.000000e+00
      vertex   -3.646447e+00 4.214645e+01 -2.000000e+00
    endloop
  endfacet
  facet normal -6.087615e-01 7.933533e-01 0.000000e+00
    outer loop
      vertex   -3.646447e+00 4.214645e+01 -1.000000e+00
      vertex   -3.646447e+00 4.214645e+01 -2.000000e+00
      vertex   -3.750000e+00 4.206699e+01 -1.000000e+00
    endloop
  endfacet
  facet normal -6.087615e-01 7.933533e-01 -5.406888e-16
    outer loop
      vertex   -3.750000e+00 4.206699e+01 -1.000000e+00
      vertex   -3.646447e+00 4.214645e+01 -2.000000e+00
      vertex   -3.750000e+00 4.206699e+01 -2.000000e+00
    endloop
  endfacet
  facet normal -3.826835e-01 9.238795e-01 -3.398912e-16
    outer loop
      vertex   -3.750000e+00 4.206699e+01 -1.000000e+00
      vertex   -3.750000e+00 4.206699e+01 -2.000000e+00
      vertex   -3.870591e+00 4.201704e+01 -1.000000e+00
    endloop
  endfacet
  facet normal -3.826835e-01 9.238795e-01 0.000000e+00
    outer loop
      vertex   -3.870591e+00 4.201704e+01 -1.000000e+00
      vertex   -3.750000e+00 4.206699e+01 -2.000000e+00
      vertex   -3.870591e+00 4.201704e+01 -2.000000e+00
    endloop
  endfacet
  facet normal -1.305262e-01 9.914449e-01 0.000000e+00
    outer loop
      vertex   -3.870591e+00 4.201704e+01 -1.000000e+00
      vertex   -3.870591e+00 4.201704e+01 -2.000000e+00
      vertex   -4.000000e+00 4.200000e+01 -1.000000e+00
    endloop
  endfacet
  facet normal -1.305262e-01 9.914449e-01 0.000000e+00
    outer loop
      vertex   -4.000000e+00 4.200000e+01 -1.000000e+00
      vertex   -3.870591e+00 4.201704e+01 -2.000000e+00
      vertex   -4.000000e+00 4.200000e+01 -2.000000e+00
    endloop
  endfacet
  facet normal -4.470952e-08 -1.000000e+00 0.000000e+00
    outer loop
      vertex   -3.148300e+01 4.000000e+01 -2.000000e+00
      vertex   -4.000000e+00 4.000000e+01 -2.000000e+00
      vertex   -3.148300e+01 4.000000e+01 -1.000000e+00
    endloop
  endfacet
  facet normal -4.470952e-08 -1.000000e+00 0.000000e+00
    outer loop
      vertex   -3.148300e+01 4.000000e+01 -1.000000e+00
      vertex   -4.000000e+00 4.000000e+01 -2.000000e+00
      vertex   -4.000000e+00 4.000000e+01 -1.000000e+00
    endloop
  endfacet
  facet normal 1.305262e-01 9.914449e-01 0.000000e+00
    outer loop
      vertex   -3.148300e+01 3.900000e+01 -1.000000e+00
      vertex   -3.148300e+01 3.900000e+01 -2.000000e+00
      vertex   -3.161241e+01 3.901704e+01 -1.000000e+00
    endloop
  endfacet
  facet normal 1.305262e-01 9.914449e-01 0.000000e+00
    outer loop
      vertex   -3.161241e+01 3.901704e+01 -1.000000e+00
      vertex   -3.148300e+01 3.900000e+01 -2.000000e+00
      vertex   -3.161241e+01 3.901704e+01 -2.000000e+00
    endloop
  endfacet
  facet normal 3.826834e-01 9.238795e-01 0.000000e+00
    outer loop
      vertex   -3.161241e+01 3.901704e+01 -1.000000e+00
      vertex   -3.161241e+01 3.901704e+01 -2.000000e+00
      vertex   -3.173300e+01 3.906699e+01 -1.000000e+00
    endloop
  endfacet
  facet normal 3.826834e-01 9.238795e-01 0.000000e+00
    outer loop
      vertex   -3.173300e+01 3.906699e+01 -1.000000e+00
      vertex   -3.161241e+01 3.901704e+01 -2.000000e+00
      vertex   -3.173300e+01 3.906699e+01 -2.000000e+00
    endloop
  endfacet
  facet normal 6.087614e-01 7.933534e-01 0.000000e+00
    outer loop
      vertex   -3.173300e+01 3.906699e+01 -1.000000e+00
      vertex   -3.173300e+01 3.906699e+01 -2.000000e+00
      vertex   -3.183655e+01 3.914645e+01 -1.000000e+00
    endloop
  endfacet
  facet normal 6.087614e-01 7.933534e-01 0.000000e+00
    outer loop
      vertex   -3.183655e+01 3.914645e+01 -1.000000e+00
      vertex   -3.173300e+01 3.906699e+01 -2.000000e+00
      vertex   -3.183655e+01 3.914645e+01 -2.000000e+00
    endloop
  endfacet
  facet normal 7.933533e-01 6.087614e-01 0.000000e+00
    outer loop
      vertex   -3.183655e+01 3.914645e+01 -1.000000e+00
      vertex   -3.183655e+01 3.914645e+01 -2.000000e+00
      vertex   -3.191601e+01 3.925000e+01 -1.000000e+00
    endloop
  endfacet
  facet normal 7.933533e-01 6.087614e-01 5.637114e-15
    outer loop
      vertex   -3.191601e+01 3.925000e+01 -1.000000e+00
      vertex   -3.183655e+01 3.914645e+01 -2.000000e+00
      vertex   -3.191601e+01 3.925000e+01 -2.000000e+00
    endloop
  endfacet
  facet normal 9.238795e-01 3.826834e-01 6.564559e-15
    outer loop
      vertex   -3.191601e+01 3.925000e+01 -1.000000e+00
      vertex   -3.191601e+01 3.925000e+01 -2.000000e+00
      vertex   -3.196596e+01 3.937059e+01 -1.000000e+00
    endloop
  endfacet
  facet normal 9.238795e-01 3.826834e-01 0.000000e+00
    outer loop
      vertex   -3.196596e+01 3.937059e+01 -1.000000e+00
      vertex   -3.191601e+01 3.925000e+01 -2.000000e+00
      vertex   -3.196596e+01 3.937059e+01 -2.000000e+00
    endloop
  endfacet
  facet normal 9.914449e-01 1.305262e-01 0.000000e+00
    outer loop
      vertex   -3.196596e+01 3.937059e+01 -1.000000e+00
      vertex   -3.196596e+01 3.937059e+01 -2.000000e+00
      vertex   -3.198300e+01 3.950000e+01 -1.000000e+00
    endloop
  endfacet
  facet normal 9.914449e-01 1.305262e-01 -9.274444e-16
    outer loop
      vertex   -3.198300e+01 3.950000e+01 -1.000000e+00
      vertex   -3.196596e+01 3.937059e+01 -2.000000e+00
      vertex   -3.198300e+01 3.950000e+01 -2.000000e+00
    endloop
  endfacet
  facet normal 9.914449e-01 -1.305262e-01 9.274444e-16
    outer loop
      vertex   -3.198300e+01 3.950000e+01 -1.000000e+00
      vertex   -3.198300e+01 3.950000e+01 -2.000000e+00
      vertex   -3.196596e+01 3.962941e+01 -1.000000e+00
    endloop
  endfacet
  facet normal 9.914449e-01 -1.305262e-01 0.000000e+00
    outer loop
      vertex   -3.196596e+01 3.962941e+01 -1.000000e+00
      vertex   -3.198300e+01 3.950000e+01 -2.000000e+00
      vertex   -3.196596e+01 3.962941e+01 -2.000000e+00
    endloop
  endfacet
  facet normal 9.238795e-01 -3.826834e-01 0.000000e+00
    outer loop
      vertex   -3.196596e+01 3.962941e+01 -1.000000e+00
      vertex   -3.196596e+01 3.962941e+01 -2.000000e+00
      vertex   -3.191601e+01 3.975000e+01 -1.000000e+00
    endloop
  endfacet
  facet normal 9.238795e-01 -3.826834e-01 0.000000e+00
    outer loop
      vertex   -3.191601e+01 3.975000e+01 -1.000000e+00
      vertex   -3.196596e+01 3.962941e+01 -2.000000e+00
      vertex   -3.191601e+01 3.975000e+01 -2.000000e+00
    endloop
  endfacet
  facet normal 7.933533e-01 -6.087614e-01 0.000000e+00
    outer loop
      vertex   -3.191601e+01 3.975000e+01 -1.000000e+00
      vertex   -3.191601e+01 3.975000e+01 -2.000000e+00
      vertex   -3.183655e+01 3.985355e+01 -1.000000e+00
    endloop
  endfacet
  facet normal 7.933533e-01 -6.087614e-01 0.000000e+00
    outer loop
      vertex   -3.183655e+01 3.985355e+01 -1.000000e+00
      vertex   -3.191601e+01 3.975000e+01 -2.000000e+00
      vertex   -3.183655e+01 3.985355e+01 -2.000000e+00
    endloop
  endfacet
  facet normal 6.087614e-01 -7.933534e-01 0.000000e+00
    outer loop
      vertex   -3.183655e+01 3.985355e+01 -1.000000e+00
      vertex   -3.183655e+01 3.985355e+01 -2.000000e+00
      vertex   -3.173300e+01 3.993301e+01 -1.000000e+00
    endloop
  endfacet
  facet normal 6.087614e-01 -7.933534e-01 0.000000e+00
    outer loop
      vertex   -3.173300e+01 3.993301e+01 -1.000000e+00
      vertex   -3.183655e+01 3.985355e+01 -2.000000e+00
      vertex   -3.173300e+01 3.993301e+01 -2.000000e+00
    endloop
  endfacet
  facet normal 3.826834e-01 -9.238795e-01 0.000000e+00
    outer loop
      vertex   -3.173300e+01 3.993301e+01 -1.000000e+00
      vertex   -3.173300e+01 3.993301e+01 -2.000000e+00
      vertex   -3.161241e+01 3.998296e+01 -1.000000e+00
    endloop
  endfacet
  facet normal 3.826834e-01 -9.238795e-01 0.000000e+00
    outer loop
      vertex   -3.161241e+01 3.998296e+01 -1.000000e+00
      vertex   -3.173300e+01 3.993301e+01 -2.000000e+00
      vertex   -3.161241e+01 3.998296e+01 -2.000000e+00
    endloop
  endfacet
  facet normal 1.305262e-01 -9.914449e-01 0.000000e+00
    outer loop
      vertex   -3.161241e+01 3.998296e+01 -1.000000e+00
      vertex   -3.161241e+01 3.998296e+01 -2.000000e+00
      vertex   -3.148300e+01 4.000000e+01 -1.000000e+00
    endloop
  endfacet
  facet normal 1.305262e-01 -9.914449e-01 0.000000e+00
    outer loop
      vertex   -3.148300e+01 4.000000e+01 -1.000000e+00
      vertex   -3.161241e+01 3.998296e+01 -2.000000e+00
      vertex   -3.148300e+01 4.000000e+01 -2.000000e+00
    endloop
  endfacet
  facet normal -4.470952e-08 1.000000e+00 0.000000e+00
    outer loop
      vertex   -4.000000e+00 3.900000e+01 -2.000000e+00
      vertex   -3.148300e+01 3.900000e+01 -2.000000e+00
      vertex   -4.000000e+00 3.900000e+01 -1.000000e+00
    endloop
  endfacet
  facet normal -4.470952e-08 1.000000e+00 0.000000e+00
    outer loop
      vertex   -4.000000e+00 3.900000e+01 -1.000000e+00
      vertex   -3.148300e+01 3.900000e+01 -2.000000e+00
      vertex   -3.148300e+01 3.900000e+01 -1.000000e+00
    endloop
  endfacet
  facet normal -1.305262e-01 -9.914449e-01 -0.000000e+00
    outer loop
      vertex   -4.000000e+00 4.000000e+01 -1.000000e+00
      vertex   -4.000000e+00 4.000000e+01 -2.000000e+00
      vertex   -3.870591e+00 3.998296e+01 -1.000000e+00
    endloop
  endfacet
  facet normal -1.305262e-01 -9.914449e-01 1.159306e-16
    outer loop
      vertex   -3.870591e+00 3.998296e+01 -1.000000e+00
      vertex   -4.000000e+00 4.000000e+01 -2.000000e+00
      vertex   -3.870591e+00 3.998296e+01 -2.000000e+00
    endloop
  endfacet
  facet normal -3.826835e-01 -9.238795e-01 3.398912e-16
    outer loop
      vertex   -3.870591e+00 3.998296e+01 -1.000000e+00
      vertex   -3.870591e+00 3.998296e+01 -2.000000e+00
      vertex   -3.750000e+00 3.993301e+01 -1.000000e+00
    endloop
  endfacet
  facet normal -3.826835e-01 -9.238795e-01 1.699456e-16
    outer loop
      vertex   -3.750000e+00 3.993301e+01 -1.000000e+00
      vertex   -3.870591e+00 3.998296e+01 -2.000000e+00
      vertex   -3.750000e+00 3.993301e+01 -2.000000e+00
    endloop
  endfacet
  facet normal -6.087615e-01 -7.933533e-01 2.703444e-16
    outer loop
      vertex   -3.750000e+00 3.993301e+01 -1.000000e+00
      vertex   -3.750000e+00 3.993301e+01 -2.000000e+00
      vertex   -3.646447e+00 3.985355e+01 -1.000000e+00
    endloop
  endfacet
  facet normal -6.087615e-01 -7.933533e-01 -0.000000e+00
    outer loop
      vertex   -3.646447e+00 3.985355e+01 -1.000000e+00
      vertex   -3.750000e+00 3.993301e+01 -2.000000e+00
      vertex   -3.646447e+00 3.985355e+01 -2.000000e+00
    endloop
  endfacet
  facet normal -7.933534e-01 -6.087614e-01 -0.000000e+00
    outer loop
      vertex   -3.646447e+00 3.985355e+01 -1.000000e+00
      vertex   -3.646447e+00 3.985355e+01 -2.000000e+00
      vertex   -3.566988e+00 3.975000e+01 -1.000000e+00
    endloop
  endfacet
  facet normal -7.933534e-01 -6.087614e-01 -0.000000e+00
    outer loop
      vertex   -3.566988e+00 3.975000e+01 -1.000000e+00
      vertex   -3.646447e+00 3.985355e+01 -2.000000e+00
      vertex   -3.566988e+00 3.975000e+01 -2.000000e+00
    endloop
  endfacet
  facet normal -9.238795e-01 -3.826834e-01 -0.000000e+00
    outer loop
      vertex   -3.566988e+00 3.975000e+01 -1.000000e+00
      vertex   -3.566988e+00 3.975000e+01 -2.000000e+00
      vertex   -3.517037e+00 3.962941e+01 -1.000000e+00
    endloop
  endfacet
  facet normal -9.238795e-01 -3.826834e-01 -0.000000e+00
    outer loop
      vertex   -3.517037e+00 3.962941e+01 -1.000000e+00
      vertex   -3.566988e+00 3.975000e+01 -2.000000e+00
      vertex   -3.517037e+00 3.962941e+01 -2.000000e+00
    endloop
  endfacet
  facet normal -9.914449e-01 -1.305262e-01 -0.000000e+00
    outer loop
      vertex   -3.517037e+00 3.962941e+01 -1.000000e+00
      vertex   -3.517037e+00 3.962941e+01 -2.000000e+00
      vertex   -3.500000e+00 3.950000e+01 -1.000000e+00
    endloop
  endfacet
  facet normal -9.914449e-01 -1.305262e-01 -0.000000e+00
    outer loop
      vertex   -3.500000e+00 3.950000e+01 -1.000000e+00
      vertex   -3.517037e+00 3.962941e+01 -2.000000e+00
      vertex   -3.500000e+00 3.950000e+01 -2.000000e+00
    endloop
  endfacet
  facet normal -9.914449e-01 1.305262e-01 0.000000e+00
    outer loop
      vertex   -3.500000e+00 3.950000e+01 -1.000000e+00
      vertex   -3.500000e+00 3.950000e+01 -2.000000e+00
      vertex   -3.517037e+00 3.937059e+01 -1.000000e+00
    endloop
  endfacet
  facet normal -9.914449e-01 1.305262e-01 0.000000e+00
    outer loop
      vertex   -3.517037e+00 3.937059e+01 -1.000000e+00
      vertex   -3.500000e+00 3.950000e+01 -2.000000e+00
      vertex   -3.517037e+00 3.937059e+01 -2.000000e+00
    endloop
  endfacet
  facet normal -9.238795e-01 3.826834e-01 0.000000e+00
    outer loop
      vertex   -3.517037e+00 3.937059e+01 -1.000000e+00
      vertex   -3.517037e+00 3.937059e+01 -2.000000e+00
      vertex   -3.566988e+00 3.925000e+01 -1.000000e+00
    endloop
  endfacet
  facet normal -9.238795e-01 3.826834e-01 0.000000e+00
    outer loop
      vertex   -3.566988e+00 3.925000e+01 -1.000000e+00
      vertex   -3.517037e+00 3.937059e+01 -2.000000e+00
      vertex   -3.566988e+00 3.925000e+01 -2.000000e+00
    endloop
  endfacet
  facet normal -7.933534e-01 6.087614e-01 0.000000e+00
    outer loop
      vertex   -3.566988e+00 3.925000e+01 -1.000000e+00
      vertex   -3.566988e+00 3.925000e+01 -2.000000e+00
      vertex   -3.646447e+00 3.914645e+01 -1.000000e+00
    endloop
  endfacet
  facet normal -7.933534e-01 6.087614e-01 0.000000e+00
    outer loop
      vertex   -3.646447e+00 3.914645e+01 -1.000000e+00
      vertex   -3.566988e+00 3.925000e+01 -2.000000e+00
      vertex   -3.646447e+00 3.914645e+01 -2.000000e+00
    endloop
  endfacet
  facet normal -6.087615e-01 7.933533e-01 0.000000e+00
    outer loop
      vertex   -3.646447e+00 3.914645e+01 -1.000000e+00
      vertex   -3.646447e+00 3.914645e+01 -2.000000e+00
      vertex   -3.750000e+00 3.906699e+01 -1.000000e+00
    endloop
  endfacet
  facet normal -6.087615e-01 7.933533e-01 -5.406888e-16
    outer loop
      vertex   -3.750000e+00 3.906699e+01 -1.000000e+00
      vertex   -3.646447e+00 3.914645e+01 -2.000000e+00
      vertex   -3.750000e+00 3.906699e+01 -2.000000e+00
    endloop
  endfacet
  facet normal -3.826835e-01 9.238795e-01 -3.398912e-16
    outer loop
      vertex   -3.750000e+00 3.906699e+01 -1.000000e+00
      vertex   -3.750000e+00 3.906699e+01 -2.000000e+00
      vertex   -3.870591e+00 3.901704e+01 -1.000000e+00
    endloop
  endfacet
  facet normal -3.826835e-01 9.238795e-01 0.000000e+00
    outer loop
      vertex   -3.870591e+00 3.901704e+01 -1.000000e+00
      vertex   -3.750000e+00 3.906699e+01 -2.000000e+00
      vertex   -3.870591e+00 3.901704e+01 -2.000000e+00
    endloop
  endfacet
  facet normal -1.305262e-01 9.914449e-01 0.000000e+00
    outer loop
      vertex   -3.870591e+00 3.901704e+01 -1.000000e+00
      vertex   -3.870591e+00 3.901704e+01 -2.000000e+00
      vertex   -4.000000e+00 3.900000e+01 -1.000000e+00
    endloop
  endfacet
  facet normal -1.305262e-01 9.914449e-01 0.000000e+00
    outer loop
      vertex   -4.000000e+00 3.900000e+01 -1.000000e+00
      vertex   -3.870591e+00 3.901704e+01 -2.000000e+00
      vertex   -4.000000e+00 3.900000e+01 -2.000000e+00
    endloop
  endfacet
  facet normal 0.000000e+00 1.000000e+00 -0.000000e+00
    outer loop
      vertex   -9.000000e+00 5.100000e+01 -2.000000e+00
      vertex   -3.148300e+01 5.100000e+01 -2.000000e+00
      vertex   -9.000000e+00 5.100000e+01 -1.000000e+00
    endloop
  endfacet
  facet normal 0.000000e+00 1.000000e+00 0.000000e+00
    outer loop
      vertex   -9.000000e+00 5.100000e+01 -1.000000e+00
      vertex   -3.148300e+01 5.100000e+01 -2.000000e+00
      vertex   -3.148300e+01 5.100000e+01 -1.000000e+00
    endloop
  endfacet
  facet normal -1.305262e-01 -9.914449e-01 -0.000000e+00
    outer loop
      vertex   -9.000000e+00 5.200000e+01 -1.000000e+00
      vertex   -9.000000e+00 5.200000e+01 -2.000000e+00
      vertex   -8.870590e+00 5.198296e+01 -1.000000e+00
    endloop
  endfacet
  facet normal -1.305262e-01 -9.914449e-01 -0.000000e+00
    outer loop
      vertex   -8.870590e+00 5.198296e+01 -1.000000e+00
      vertex   -9.000000e+00 5.200000e+01 -2.000000e+00
      vertex   -8.870590e+00 5.198296e+01 -2.000000e+00
    endloop
  endfacet
  facet normal -3.826834e-01 -9.238795e-01 -0.000000e+00
    outer loop
      vertex   -8.870590e+00 5.198296e+01 -1.000000e+00
      vertex   -8.870590e+00 5.198296e+01 -2.000000e+00
      vertex   -8.750000e+00 5.193301e+01 -1.000000e+00
    endloop
  endfacet
  facet normal -3.826834e-01 -9.238795e-01 -0.000000e+00
    outer loop
      vertex   -8.750000e+00 5.193301e+01 -1.000000e+00
      vertex   -8.870590e+00 5.198296e+01 -2.000000e+00
      vertex   -8.750000e+00 5.193301e+01 -2.000000e+00
    endloop
  endfacet
  facet normal -6.087614e-01 -7.933533e-01 -0.000000e+00
    outer loop
      vertex   -8.750000e+00 5.193301e+01 -1.000000e+00
      vertex   -8.750000e+00 5.193301e+01 -2.000000e+00
      vertex   -8.646447e+00 5.185355e+01 -1.000000e+00
    endloop
  endfacet
  facet normal -6.087614e-01 -7.933533e-01 -0.000000e+00
    outer loop
      vertex   -8.646447e+00 5.185355e+01 -1.000000e+00
      vertex   -8.750000e+00 5.193301e+01 -2.000000e+00
      vertex   -8.646447e+00 5.185355e+01 -2.000000e+00
    endloop
  endfacet
  facet normal -7.933533e-01 -6.087614e-01 -0.000000e+00
    outer loop
      vertex   -8.646447e+00 5.185355e+01 -1.000000e+00
      vertex   -8.646447e+00 5.185355e+01 -2.000000e+00
      vertex   -8.566987e+00 5.175000e+01 -1.000000e+00
    endloop
  endfacet
  facet normal -7.933533e-01 -6.087614e-01 -0.000000e+00
    outer loop
      vertex   -8.566987e+00 5.175000e+01 -1.000000e+00
      vertex   -8.646447e+00 5.185355e+01 -2.000000e+00
      vertex   -8.566987e+00 5.175000e+01 -2.000000e+00
    endloop
  endfacet
  facet normal -9.238795e-01 -3.826834e-01 -0.000000e+00
    outer loop
      vertex   -8.566987e+00 5.175000e+01 -1.000000e+00
      vertex   -8.566987e+00 5.175000e+01 -2.000000e+00
      vertex   -8.517037e+00 5.162941e+01 -1.000000e+00
    endloop
  endfacet
  facet normal -9.238795e-01 -3.826834e-01 -0.000000e+00
    outer loop
      vertex   -8.517037e+00 5.162941e+01 -1.000000e+00
      vertex   -8.566987e+00 5.175000e+01 -2.000000e+00
      vertex   -8.517037e+00 5.162941e+01 -2.000000e+00
    endloop
  endfacet
  facet normal -9.914449e-01 -1.305262e-01 -0.000000e+00
    outer loop
      vertex   -8.517037e+00 5.162941e+01 -1.000000e+00
      vertex   -8.517037e+00 5.162941e+01 -2.000000e+00
      vertex   -8.500000e+00 5.150000e+01 -1.000000e+00
    endloop
  endfacet
  facet normal -9.914449e-01 -1.305262e-01 -0.000000e+00
    outer loop
      vertex   -8.500000e+00 5.150000e+01 -1.000000e+00
      vertex   -8.517037e+00 5.162941e+01 -2.000000e+00
      vertex   -8.500000e+00 5.150000e+01 -2.000000e+00
    endloop
  endfacet
  facet normal -9.914449e-01 1.305262e-01 0.000000e+00
    outer loop
      vertex   -8.500000e+00 5.150000e+01 -1.000000e+00
      vertex   -8.500000e+00 5.150000e+01 -2.000000e+00
      vertex   -8.517037e+00 5.137059e+01 -1.000000e+00
    endloop
  endfacet
  facet normal -9.914449e-01 1.305262e-01 0.000000e+00
    outer loop
      vertex   -8.517037e+00 5.137059e+01 -1.000000e+00
      vertex   -8.500000e+00 5.150000e+01 -2.000000e+00
      vertex   -8.517037e+00 5.137059e+01 -2.000000e+00
    endloop
  endfacet
  facet normal -9.238795e-01 3.826834e-01 0.000000e+00
    outer loop
      vertex   -8.517037e+00 5.137059e+01 -1.000000e+00
      vertex   -8.517037e+00 5.137059e+01 -2.000000e+00
      vertex   -8.566987e+00 5.125000e+01 -1.000000e+00
    endloop
  endfacet
  facet normal -9.238795e-01 3.826834e-01 0.000000e+00
    outer loop
      vertex   -8.566987e+00 5.125000e+01 -1.000000e+00
      vertex   -8.517037e+00 5.137059e+01 -2.000000e+00
      vertex   -8.566987e+00 5.125000e+01 -2.000000e+00
    endloop
  endfacet
  facet normal -7.933533e-01 6.087614e-01 0.000000e+00
    outer loop
      vertex   -8.566987e+00 5.125000e+01 -1.000000e+00
      vertex   -8.566987e+00 5.125000e+01 -2.000000e+00
      vertex   -8.646447e+00 5.114645e+01 -1.000000e+00
    endloop
  endfacet
  facet normal -7.933533e-01 6.087614e-01 0.000000e+00
    outer loop
      vertex   -8.646447e+00 5.114645e+01 -1.000000e+00
      vertex   -8.566987e+00 5.125000e+01 -2.000000e+00
      vertex   -8.646447e+00 5.114645e+01 -2.000000e+00
    endloop
  endfacet
  facet normal -6.087614e-01 7.933533e-01 0.000000e+00
    outer loop
      vertex   -8.646447e+00 5.114645e+01 -1.000000e+00
      vertex   -8.646447e+00 5.114645e+01 -2.000000e+00
      vertex   -8.750000e+00 5.106699e+01 -1.000000e+00
    endloop
  endfacet
  facet normal -6.087614e-01 7.933533e-01 0.000000e+00
    outer loop
      vertex   -8.750000e+00 5.106699e+01 -1.000000e+00
      vertex   -8.646447e+00 5.114645e+01 -2.000000e+00
      vertex   -8.750000e+00 5.106699e+01 -2.000000e+00
    endloop
  endfacet
  facet normal -3.826834e-01 9.238795e-01 0.000000e+00
    outer loop
      vertex   -8.750000e+00 5.106699e+01 -1.000000e+00
      vertex   -8.750000e+00 5.106699e+01 -2.000000e+00
      vertex   -8.870590e+00 5.101704e+01 -1.000000e+00
    endloop
  endfacet
  facet normal -3.826834e-01 9.238795e-01 0.000000e+00
    outer loop
      vertex   -8.870590e+00 5.101704e+01 -1.000000e+00
      vertex   -8.750000e+00 5.106699e+01 -2.000000e+00
      vertex   -8.870590e+00 5.101704e+01 -2.000000e+00
    endloop
  endfacet
  facet normal -1.305262e-01 9.914449e-01 0.000000e+00
    outer loop
      vertex   -8.870590e+00 5.101704e+01 -1.000000e+00
      vertex   -8.870590e+00 5.101704e+01 -2.000000e+00
      vertex   -9.000000e+00 5.100000e+01 -1.000000e+00
    endloop
  endfacet
  facet normal -1.305262e-01 9.914449e-01 0.000000e+00
    outer loop
      vertex   -9.000000e+00 5.100000e+01 -1.000000e+00
      vertex   -8.870590e+00 5.101704e+01 -2.000000e+00
      vertex   -9.000000e+00 5.100000e+01 -2.000000e+00
    endloop
  endfacet
  facet normal 0.000000e+00 -1.000000e+00 0.000000e+00
    outer loop
      vertex   -3.148300e+01 5.200000e+01 -2.000000e+00
      vertex   -9.000000e+00 5.200000e+01 -2.000000e+00
      vertex   -3.148300e+01 5.200000e+01 -1.000000e+00
    endloop
  endfacet
  facet normal 0.000000e+00 -1.000000e+00 0.000000e+00
    outer loop
      vertex   -3.148300e+01 5.200000e+01 -1.000000e+00
      vertex   -9.000000e+00 5.200000e+01 -2.000000e+00
      vertex   -9.000000e+00 5.200000e+01 -1.000000e+00
    endloop
  endfacet
  facet normal 1.305262e-01 9.914449e-01 0.000000e+00
    outer loop
      vertex   -3.148300e+01 5.100000e+01 -1.000000e+00
      vertex   -3.148300e+01 5.100000e+01 -2.000000e+00
      vertex   -3.161241e+01 5.101704e+01 -1.000000e+00
    endloop
  endfacet
  facet normal 1.305262e-01 9.914449e-01 0.000000e+00
    outer loop
      vertex   -3.161241e+01 5.101704e+01 -1.000000e+00
      vertex   -3.148300e+01 5.100000e+01 -2.000000e+00
      vertex   -3.161241e+01 5.101704e+01 -2.000000e+00
    endloop
  endfacet
  facet normal 3.826834e-01 9.238795e-01 0.000000e+00
    outer loop
      vertex   -3.161241e+01 5.101704e+01 -1.000000e+00
      vertex   -3.161241e+01 5.101704e+01 -2.000000e+00
      vertex   -3.173300e+01 5.106699e+01 -1.000000e+00
    endloop
  endfacet
  facet normal 3.826834e-01 9.238795e-01 0.000000e+00
    outer loop
      vertex   -3.173300e+01 5.106699e+01 -1.000000e+00
      vertex   -3.161241e+01 5.101704e+01 -2.000000e+00
      vertex   -3.173300e+01 5.106699e+01 -2.000000e+00
    endloop
  endfacet
  facet normal 6.087614e-01 7.933533e-01 0.000000e+00
    outer loop
      vertex   -3.173300e+01 5.106699e+01 -1.000000e+00
      vertex   -3.173300e+01 5.106699e+01 -2.000000e+00
      vertex   -3.183655e+01 5.114645e+01 -1.000000e+00
    endloop
  endfacet
  facet normal 6.087614e-01 7.933533e-01 0.000000e+00
    outer loop
      vertex   -3.183655e+01 5.114645e+01 -1.000000e+00
      vertex   -3.173300e+01 5.106699e+01 -2.000000e+00
      vertex   -3.183655e+01 5.114645e+01 -2.000000e+00
    endloop
  endfacet
  facet normal 7.933533e-01 6.087614e-01 0.000000e+00
    outer loop
      vertex   -3.183655e+01 5.114645e+01 -1.000000e+00
      vertex   -3.183655e+01 5.114645e+01 -2.000000e+00
      vertex   -3.191601e+01 5.125000e+01 -1.000000e+00
    endloop
  endfacet
  facet normal 7.933533e-01 6.087614e-01 -2.818557e-15
    outer loop
      vertex   -3.191601e+01 5.125000e+01 -1.000000e+00
      vertex   -3.183655e+01 5.114645e+01 -2.000000e+00
      vertex   -3.191601e+01 5.125000e+01 -2.000000e+00
    endloop
  endfacet
  facet normal 9.238795e-01 3.826834e-01 -3.282279e-15
    outer loop
      vertex   -3.191601e+01 5.125000e+01 -1.000000e+00
      vertex   -3.191601e+01 5.125000e+01 -2.000000e+00
      vertex   -3.196596e+01 5.137059e+01 -1.000000e+00
    endloop
  endfacet
  facet normal 9.238795e-01 3.826834e-01 0.000000e+00
    outer loop
      vertex   -3.196596e+01 5.137059e+01 -1.000000e+00
      vertex   -3.191601e+01 5.125000e+01 -2.000000e+00
      vertex   -3.196596e+01 5.137059e+01 -2.000000e+00
    endloop
  endfacet
  facet normal 9.914449e-01 1.305262e-01 0.000000e+00
    outer loop
      vertex   -3.196596e+01 5.137059e+01 -1.000000e+00
      vertex   -3.196596e+01 5.137059e+01 -2.000000e+00
      vertex   -3.198300e+01 5.150000e+01 -1.000000e+00
    endloop
  endfacet
  facet normal 9.914449e-01 1.305262e-01 0.000000e+00
    outer loop
      vertex   -3.198300e+01 5.150000e+01 -1.000000e+00
      vertex   -3.196596e+01 5.137059e+01 -2.000000e+00
      vertex   -3.198300e+01 5.150000e+01 -2.000000e+00
    endloop
  endfacet
  facet normal 9.914449e-01 -1.305262e-01 0.000000e+00
    outer loop
      vertex   -3.198300e+01 5.150000e+01 -1.000000e+00
      vertex   -3.198300e+01 5.150000e+01 -2.000000e+00
      vertex   -3.196596e+01 5.162941e+01 -1.000000e+00
    endloop
  endfacet
  facet normal 9.914449e-01 -1.305262e-01 0.000000e+00
    outer loop
      vertex   -3.196596e+01 5.162941e+01 -1.000000e+00
      vertex   -3.198300e+01 5.150000e+01 -2.000000e+00
      vertex   -3.196596e+01 5.162941e+01 -2.000000e+00
    endloop
  endfacet
  facet normal 9.238795e-01 -3.826834e-01 0.000000e+00
    outer loop
      vertex   -3.196596e+01 5.162941e+01 -1.000000e+00
      vertex   -3.196596e+01 5.162941e+01 -2.000000e+00
      vertex   -3.191601e+01 5.175000e+01 -1.000000e+00
    endloop
  endfacet
  facet normal 9.238795e-01 -3.826834e-01 -6.564559e-15
    outer loop
      vertex   -3.191601e+01 5.175000e+01 -1.000000e+00
      vertex   -3.196596e+01 5.162941e+01 -2.000000e+00
      vertex   -3.191601e+01 5.175000e+01 -2.000000e+00
    endloop
  endfacet
  facet normal 7.933533e-01 -6.087614e-01 -5.637115e-15
    outer loop
      vertex   -3.191601e+01 5.175000e+01 -1.000000e+00
      vertex   -3.191601e+01 5.175000e+01 -2.000000e+00
      vertex   -3.183655e+01 5.185355e+01 -1.000000e+00
    endloop
  endfacet
  facet normal 7.933533e-01 -6.087614e-01 0.000000e+00
    outer loop
      vertex   -3.183655e+01 5.185355e+01 -1.000000e+00
      vertex   -3.191601e+01 5.175000e+01 -2.000000e+00
      vertex   -3.183655e+01 5.185355e+01 -2.000000e+00
    endloop
  endfacet
  facet normal 6.087614e-01 -7.933533e-01 0.000000e+00
    outer loop
      vertex   -3.183655e+01 5.185355e+01 -1.000000e+00
      vertex   -3.183655e+01 5.185355e+01 -2.000000e+00
      vertex   -3.173300e+01 5.193301e+01 -1.000000e+00
    endloop
  endfacet
  facet normal 6.087614e-01 -7.933533e-01 0.000000e+00
    outer loop
      vertex   -3.173300e+01 5.193301e+01 -1.000000e+00
      vertex   -3.183655e+01 5.185355e+01 -2.000000e+00
      vertex   -3.173300e+01 5.193301e+01 -2.000000e+00
    endloop
  endfacet
  facet normal 3.826834e-01 -9.238795e-01 0.000000e+00
    outer loop
      vertex   -3.173300e+01 5.193301e+01 -1.000000e+00
      vertex   -3.173300e+01 5.193301e+01 -2.000000e+00
      vertex   -3.161241e+01 5.198296e+01 -1.000000e+00
    endloop
  endfacet
  facet normal 3.826834e-01 -9.238795e-01 0.000000e+00
    outer loop
      vertex   -3.161241e+01 5.198296e+01 -1.000000e+00
      vertex   -3.173300e+01 5.193301e+01 -2.000000e+00
      vertex   -3.161241e+01 5.198296e+01 -2.000000e+00
    endloop
  endfacet
  facet normal 1.305262e-01 -9.914449e-01 0.000000e+00
    outer loop
      vertex   -3.161241e+01 5.198296e+01 -1.000000e+00
      vertex   -3.161241e+01 5.198296e+01 -2.000000e+00
      vertex   -3.148300e+01 5.200000e+01 -1.000000e+00
    endloop
  endfacet
  facet normal 1.305262e-01 -9.914449e-01 0.000000e+00
    outer loop
      vertex   -3.148300e+01 5.200000e+01 -1.000000e+00
      vertex   -3.161241e+01 5.198296e+01 -2.000000e+00
      vertex   -3.148300e+01 5.200000e+01 -2.000000e+00
    endloop
  endfacet
  facet normal -9.914449e-01 -1.305262e-01 4.871544e-16
    outer loop
      vertex   -3.171852e+00 5.285588e+01 -1.000000e+00
      vertex   -3.171852e+00 5.285588e+01 -2.000000e+00
      vertex   -3.125000e+00 5.250000e+01 -1.000000e+00
    endloop
  endfacet
  facet normal -9.914449e-01 -1.305262e-01 -0.000000e+00
    outer loop
      vertex   -3.125000e+00 5.250000e+01 -1.000000e+00
      vertex   -3.171852e+00 5.285588e+01 -2.000000e+00
      vertex   -3.125000e+00 5.250000e+01 -2.000000e+00
    endloop
  endfacet
  facet normal -9.914449e-01 1.305262e-01 0.000000e+00
    outer loop
      vertex   -3.125000e+00 5.250000e+01 -1.000000e+00
      vertex   -3.125000e+00 5.250000e+01 -2.000000e+00
      vertex   -3.171852e+00 5.214412e+01 -1.000000e+00
    endloop
  endfacet
  facet normal -9.914449e-01 1.305262e-01 -4.871544e-16
    outer loop
      vertex   -3.171852e+00 5.214412e+01 -1.000000e+00
      vertex   -3.125000e+00 5.250000e+01 -2.000000e+00
      vertex   -3.171852e+00 5.214412e+01 -2.000000e+00
    endloop
  endfacet
  facet normal -9.238795e-01 3.826834e-01 -2.308844e-15
    outer loop
      vertex   -3.171852e+00 5.214412e+01 -1.000000e+00
      vertex   -3.171852e+00 5.214412e+01 -2.000000e+00
      vertex   -3.309215e+00 5.181250e+01 -1.000000e+00
    endloop
  endfacet
  facet normal -9.238795e-01 3.826834e-01 8.205699e-16
    outer loop
      vertex   -3.309215e+00 5.181250e+01 -1.000000e+00
      vertex   -3.171852e+00 5.214412e+01 -2.000000e+00
      vertex   -3.309215e+00 5.181250e+01 -2.000000e+00
    endloop
  endfacet
  facet normal -7.933533e-01 6.087614e-01 7.046393e-16
    outer loop
      vertex   -3.309215e+00 5.181250e+01 -1.000000e+00
      vertex   -3.309215e+00 5.181250e+01 -2.000000e+00
      vertex   -3.527728e+00 5.152773e+01 -1.000000e+00
    endloop
  endfacet
  facet normal -7.933533e-01 6.087614e-01 0.000000e+00
    outer loop
      vertex   -3.527728e+00 5.152773e+01 -1.000000e+00
      vertex   -3.309215e+00 5.181250e+01 -2.000000e+00
      vertex   -3.527728e+00 5.152773e+01 -2.000000e+00
    endloop
  endfacet
  facet normal -6.087614e-01 7.933533e-01 0.000000e+00
    outer loop
      vertex   -3.527728e+00 5.152773e+01 -1.000000e+00
      vertex   -3.527728e+00 5.152773e+01 -2.000000e+00
      vertex   -3.812500e+00 5.130922e+01 -1.000000e+00
    endloop
  endfacet
  facet normal -6.087614e-01 7.933533e-01 8.110331e-16
    outer loop
      vertex   -3.812500e+00 5.130922e+01 -1.000000e+00
      vertex   -3.527728e+00 5.152773e+01 -2.000000e+00
      vertex   -3.812500e+00 5.130922e+01 -2.000000e+00
    endloop
  endfacet
  facet normal -3.826834e-01 9.238795e-01 5.098367e-16
    outer loop
      vertex   -3.812500e+00 5.130922e+01 -1.000000e+00
      vertex   -3.812500e+00 5.130922e+01 -2.000000e+00
      vertex   -4.144124e+00 5.117185e+01 -1.000000e+00
    endloop
  endfacet
  facet normal -3.826834e-01 9.238795e-01 6.797823e-16
    outer loop
      vertex   -4.144124e+00 5.117185e+01 -1.000000e+00
      vertex   -3.812500e+00 5.130922e+01 -2.000000e+00
      vertex   -4.144124e+00 5.117185e+01 -2.000000e+00
    endloop
  endfacet
  facet normal -1.305262e-01 9.914449e-01 2.318611e-16
    outer loop
      vertex   -4.144124e+00 5.117185e+01 -1.000000e+00
      vertex   -4.144124e+00 5.117185e+01 -2.000000e+00
      vertex   -4.500000e+00 5.112500e+01 -1.000000e+00
    endloop
  endfacet
  facet normal -1.305262e-01 9.914449e-01 0.000000e+00
    outer loop
      vertex   -4.500000e+00 5.112500e+01 -1.000000e+00
      vertex   -4.144124e+00 5.117185e+01 -2.000000e+00
      vertex   -4.500000e+00 5.112500e+01 -2.000000e+00
    endloop
  endfacet
  facet normal 1.305262e-01 9.914449e-01 0.000000e+00
    outer loop
      vertex   -4.500000e+00 5.112500e+01 -1.000000e+00
      vertex   -4.500000e+00 5.112500e+01 -2.000000e+00
      vertex   -4.855876e+00 5.117185e+01 -1.000000e+00
    endloop
  endfacet
  facet normal 1.305262e-01 9.914449e-01 -1.159305e-16
    outer loop
      vertex   -4.855876e+00 5.117185e+01 -1.000000e+00
      vertex   -4.500000e+00 5.112500e+01 -2.000000e+00
      vertex   -4.855876e+00 5.117185e+01 -2.000000e+00
    endloop
  endfacet
  facet normal 3.826834e-01 9.238795e-01 -3.398912e-16
    outer loop
      vertex   -4.855876e+00 5.117185e+01 -1.000000e+00
      vertex   -4.855876e+00 5.117185e+01 -2.000000e+00
      vertex   -5.187500e+00 5.130922e+01 -1.000000e+00
    endloop
  endfacet
  facet normal 3.826834e-01 9.238795e-01 -3.398912e-16
    outer loop
      vertex   -5.187500e+00 5.130922e+01 -1.000000e+00
      vertex   -4.855876e+00 5.117185e+01 -2.000000e+00
      vertex   -5.187500e+00 5.130922e+01 -2.000000e+00
    endloop
  endfacet
  facet normal 6.087614e-01 7.933533e-01 -5.406888e-16
    outer loop
      vertex   -5.187500e+00 5.130922e+01 -1.000000e+00
      vertex   -5.187500e+00 5.130922e+01 -2.000000e+00
      vertex   -5.472272e+00 5.152773e+01 -1.000000e+00
    endloop
  endfacet
  facet normal 6.087614e-01 7.933533e-01 -5.406888e-16
    outer loop
      vertex   -5.472272e+00 5.152773e+01 -1.000000e+00
      vertex   -5.187500e+00 5.130922e+01 -2.000000e+00
      vertex   -5.472272e+00 5.152773e+01 -2.000000e+00
    endloop
  endfacet
  facet normal 7.933533e-01 6.087614e-01 -7.046393e-16
    outer loop
      vertex   -5.472272e+00 5.152773e+01 -1.000000e+00
      vertex   -5.472272e+00 5.152773e+01 -2.000000e+00
      vertex   -5.690785e+00 5.181250e+01 -1.000000e+00
    endloop
  endfacet
  facet normal 7.933533e-01 6.087614e-01 0.000000e+00
    outer loop
      vertex   -5.690785e+00 5.181250e+01 -1.000000e+00
      vertex   -5.472272e+00 5.152773e+01 -2.000000e+00
      vertex   -5.690785e+00 5.181250e+01 -2.000000e+00
    endloop
  endfacet
  facet normal 9.238795e-01 3.826834e-01 0.000000e+00
    outer loop
      vertex   -5.690785e+00 5.181250e+01 -1.000000e+00
      vertex   -5.690785e+00 5.181250e+01 -2.000000e+00
      vertex   -5.828148e+00 5.214412e+01 -1.000000e+00
    endloop
  endfacet
  facet normal 9.238795e-01 3.826834e-01 0.000000e+00
    outer loop
      vertex   -5.828148e+00 5.214412e+01 -1.000000e+00
      vertex   -5.690785e+00 5.181250e+01 -2.000000e+00
      vertex   -5.828148e+00 5.214412e+01 -2.000000e+00
    endloop
  endfacet
  facet normal 9.914449e-01 1.305262e-01 0.000000e+00
    outer loop
      vertex   -5.828148e+00 5.214412e+01 -1.000000e+00
      vertex   -5.828148e+00 5.214412e+01 -2.000000e+00
      vertex   -5.875000e+00 5.250000e+01 -1.000000e+00
    endloop
  endfacet
  facet normal 9.914449e-01 1.305262e-01 0.000000e+00
    outer loop
      vertex   -5.875000e+00 5.250000e+01 -1.000000e+00
      vertex   -5.828148e+00 5.214412e+01 -2.000000e+00
      vertex   -5.875000e+00 5.250000e+01 -2.000000e+00
    endloop
  endfacet
  facet normal 9.914449e-01 -1.305262e-01 0.000000e+00
    outer loop
      vertex   -5.875000e+00 5.250000e+01 -1.000000e+00
      vertex   -5.875000e+00 5.250000e+01 -2.000000e+00
      vertex   -5.828148e+00 5.285588e+01 -1.000000e+00
    endloop
  endfacet
  facet normal 9.914449e-01 -1.305262e-01 0.000000e+00
    outer loop
      vertex   -5.828148e+00 5.285588e+01 -1.000000e+00
      vertex   -5.875000e+00 5.250000e+01 -2.000000e+00
      vertex   -5.828148e+00 5.285588e+01 -2.000000e+00
    endloop
  endfacet
  facet normal 9.238795e-01 -3.826834e-01 0.000000e+00
    outer loop
      vertex   -5.828148e+00 5.285588e+01 -1.000000e+00
      vertex   -5.828148e+00 5.285588e+01 -2.000000e+00
      vertex   -5.690785e+00 5.318750e+01 -1.000000e+00
    endloop
  endfacet
  facet normal 9.238795e-01 -3.826834e-01 0.000000e+00
    outer loop
      vertex   -5.690785e+00 5.318750e+01 -1.000000e+00
      vertex   -5.828148e+00 5.285588e+01 -2.000000e+00
      vertex   -5.690785e+00 5.318750e+01 -2.000000e+00
    endloop
  endfacet
  facet normal 7.933533e-01 -6.087614e-01 0.000000e+00
    outer loop
      vertex   -5.690785e+00 5.318750e+01 -1.000000e+00
      vertex   -5.690785e+00 5.318750e+01 -2.000000e+00
      vertex   -5.472272e+00 5.347227e+01 -1.000000e+00
    endloop
  endfacet
  facet normal 7.933533e-01 -6.087614e-01 7.046393e-16
    outer loop
      vertex   -5.472272e+00 5.347227e+01 -1.000000e+00
      vertex   -5.690785e+00 5.318750e+01 -2.000000e+00
      vertex   -5.472272e+00 5.347227e+01 -2.000000e+00
    endloop
  endfacet
  facet normal 6.087614e-01 -7.933533e-01 5.406888e-16
    outer loop
      vertex   -5.472272e+00 5.347227e+01 -1.000000e+00
      vertex   -5.472272e+00 5.347227e+01 -2.000000e+00
      vertex   -5.187500e+00 5.369078e+01 -1.000000e+00
    endloop
  endfacet
  facet normal 6.087614e-01 -7.933533e-01 5.406888e-16
    outer loop
      vertex   -5.187500e+00 5.369078e+01 -1.000000e+00
      vertex   -5.472272e+00 5.347227e+01 -2.000000e+00
      vertex   -5.187500e+00 5.369078e+01 -2.000000e+00
    endloop
  endfacet
  facet normal 3.826834e-01 -9.238795e-01 3.398912e-16
    outer loop
      vertex   -5.187500e+00 5.369078e+01 -1.000000e+00
      vertex   -5.187500e+00 5.369078e+01 -2.000000e+00
      vertex   -4.855876e+00 5.382815e+01 -1.000000e+00
    endloop
  endfacet
  facet normal 3.826834e-01 -9.238795e-01 3.398912e-16
    outer loop
      vertex   -4.855876e+00 5.382815e+01 -1.000000e+00
      vertex   -5.187500e+00 5.369078e+01 -2.000000e+00
      vertex   -4.855876e+00 5.382815e+01 -2.000000e+00
    endloop
  endfacet
  facet normal 1.305262e-01 -9.914449e-01 1.159305e-16
    outer loop
      vertex   -4.855876e+00 5.382815e+01 -1.000000e+00
      vertex   -4.855876e+00 5.382815e+01 -2.000000e+00
      vertex   -4.500000e+00 5.387500e+01 -1.000000e+00
    endloop
  endfacet
  facet normal 1.305262e-01 -9.914449e-01 0.000000e+00
    outer loop
      vertex   -4.500000e+00 5.387500e+01 -1.000000e+00
      vertex   -4.855876e+00 5.382815e+01 -2.000000e+00
      vertex   -4.500000e+00 5.387500e+01 -2.000000e+00
    endloop
  endfacet
  facet normal -1.305262e-01 -9.914449e-01 -0.000000e+00
    outer loop
      vertex   -4.500000e+00 5.387500e+01 -1.000000e+00
      vertex   -4.500000e+00 5.387500e+01 -2.000000e+00
      vertex   -4.144124e+00 5.382815e+01 -1.000000e+00
    endloop
  endfacet
  facet normal -1.305262e-01 -9.914449e-01 -2.318611e-16
    outer loop
      vertex   -4.144124e+00 5.382815e+01 -1.000000e+00
      vertex   -4.500000e+00 5.387500e+01 -2.000000e+00
      vertex   -4.144124e+00 5.382815e+01 -2.000000e+00
    endloop
  endfacet
  facet normal -3.826834e-01 -9.238795e-01 -6.797823e-16
    outer loop
      vertex   -4.144124e+00 5.382815e+01 -1.000000e+00
      vertex   -4.144124e+00 5.382815e+01 -2.000000e+00
      vertex   -3.812500e+00 5.369078e+01 -1.000000e+00
    endloop
  endfacet
  facet normal -3.826834e-01 -9.238795e-01 -5.098367e-16
    outer loop
      vertex   -3.812500e+00 5.369078e+01 -1.000000e+00
      vertex   -4.144124e+00 5.382815e+01 -2.000000e+00
      vertex   -3.812500e+00 5.369078e+01 -2.000000e+00
    endloop
  endfacet
  facet normal -6.087614e-01 -7.933533e-01 -8.110331e-16
    outer loop
      vertex   -3.812500e+00 5.369078e+01 -1.000000e+00
      vertex   -3.812500e+00 5.369078e+01 -2.000000e+00
      vertex   -3.527728e+00 5.347227e+01 -1.000000e+00
    endloop
  endfacet
  facet normal -6.087614e-01 -7.933533e-01 -0.000000e+00
    outer loop
      vertex   -3.527728e+00 5.347227e+01 -1.000000e+00
      vertex   -3.812500e+00 5.369078e+01 -2.000000e+00
      vertex   -3.527728e+00 5.347227e+01 -2.000000e+00
    endloop
  endfacet
  facet normal -7.933533e-01 -6.087614e-01 -0.000000e+00
    outer loop
      vertex   -3.527728e+00 5.347227e+01 -1.000000e+00
      vertex   -3.527728e+00 5.347227e+01 -2.000000e+00
      vertex   -3.309215e+00 5.318750e+01 -1.000000e+00
    endloop
  endfacet
  facet normal -7.933533e-01 -6.087614e-01 -7.046393e-16
    outer loop
      vertex   -3.309215e+00 5.318750e+01 -1.000000e+00
      vertex   -3.527728e+00 5.347227e+01 -2.000000e+00
      vertex   -3.309215e+00 5.318750e+01 -2.000000e+00
    endloop
  endfacet
  facet normal -9.238795e-01 -3.826834e-01 -8.205699e-16
    outer loop
      vertex   -3.309215e+00 5.318750e+01 -1.000000e+00
      vertex   -3.309215e+00 5.318750e+01 -2.000000e+00
      vertex   -3.171852e+00 5.285588e+01 -1.000000e+00
    endloop
  endfacet
  facet normal -9.238795e-01 -3.826834e-01 2.308844e-15
    outer loop
      vertex   -3.171852e+00 5.285588e+01 -1.000000e+00
      vertex   -3.309215e+00 5.318750e+01 -2.000000e+00
      vertex   -3.171852e+00 5.285588e+01 -2.000000e+00
    endloop
  endfacet
  facet normal -9.914449e-01 -1.305262e-01 -0.000000e+00
    outer loop
      vertex   -6.117185e+01 5.285588e+01 -1.000000e+00
      vertex   -6.117185e+01 5.285588e+01 -2.000000e+00
      vertex   -6.112500e+01 5.250000e+01 -1.000000e+00
    endloop
  endfacet
  facet normal -9.914449e-01 -1.305262e-01 -0.000000e+00
    outer loop
      vertex   -6.112500e+01 5.250000e+01 -1.000000e+00
      vertex   -6.117185e+01 5.285588e+01 -2.000000e+00
      vertex   -6.112500e+01 5.250000e+01 -2.000000e+00
    endloop
  endfacet
  facet normal -9.914449e-01 1.305262e-01 0.000000e+00
    outer loop
      vertex   -6.112500e+01 5.250000e+01 -1.000000e+00
      vertex   -6.112500e+01 5.250000e+01 -2.000000e+00
      vertex   -6.117185e+01 5.214412e+01 -1.000000e+00
    endloop
  endfacet
  facet normal -9.914449e-01 1.305262e-01 0.000000e+00
    outer loop
      vertex   -6.117185e+01 5.214412e+01 -1.000000e+00
      vertex   -6.112500e+01 5.250000e+01 -2.000000e+00
      vertex   -6.117185e+01 5.214412e+01 -2.000000e+00
    endloop
  endfacet
  facet normal -9.238795e-01 3.826834e-01 0.000000e+00
    outer loop
      vertex   -6.117185e+01 5.214412e+01 -1.000000e+00
      vertex   -6.117185e+01 5.214412e+01 -2.000000e+00
      vertex   -6.130922e+01 5.181250e+01 -1.000000e+00
    endloop
  endfacet
  facet normal -9.238795e-01 3.826834e-01 -2.719129e-15
    outer loop
      vertex   -6.130922e+01 5.181250e+01 -1.000000e+00
      vertex   -6.117185e+01 5.214412e+01 -2.000000e+00
      vertex   -6.130922e+01 5.181250e+01 -2.000000e+00
    endloop
  endfacet
  facet normal -7.933533e-01 6.087614e-01 -4.325510e-15
    outer loop
      vertex   -6.130922e+01 5.181250e+01 -1.000000e+00
      vertex   -6.130922e+01 5.181250e+01 -2.000000e+00
      vertex   -6.152773e+01 5.152773e+01 -1.000000e+00
    endloop
  endfacet
  facet normal -7.933533e-01 6.087614e-01 0.000000e+00
    outer loop
      vertex   -6.152773e+01 5.152773e+01 -1.000000e+00
      vertex   -6.130922e+01 5.181250e+01 -2.000000e+00
      vertex   -6.152773e+01 5.152773e+01 -2.000000e+00
    endloop
  endfacet
  facet normal -6.087614e-01 7.933533e-01 0.000000e+00
    outer loop
      vertex   -6.152773e+01 5.152773e+01 -1.000000e+00
      vertex   -6.152773e+01 5.152773e+01 -2.000000e+00
      vertex   -6.181250e+01 5.130922e+01 -1.000000e+00
    endloop
  endfacet
  facet normal -6.087614e-01 7.933533e-01 4.325510e-15
    outer loop
      vertex   -6.181250e+01 5.130922e+01 -1.000000e+00
      vertex   -6.152773e+01 5.152773e+01 -2.000000e+00
      vertex   -6.181250e+01 5.130922e+01 -2.000000e+00
    endloop
  endfacet
  facet normal -3.826834e-01 9.238795e-01 2.719129e-15
    outer loop
      vertex   -6.181250e+01 5.130922e+01 -1.000000e+00
      vertex   -6.181250e+01 5.130922e+01 -2.000000e+00
      vertex   -6.214412e+01 5.117185e+01 -1.000000e+00
    endloop
  endfacet
  facet normal -3.826834e-01 9.238795e-01 2.719129e-15
    outer loop
      vertex   -6.214412e+01 5.117185e+01 -1.000000e+00
      vertex   -6.181250e+01 5.130922e+01 -2.000000e+00
      vertex   -6.214412e+01 5.117185e+01 -2.000000e+00
    endloop
  endfacet
  facet normal -1.305262e-01 9.914449e-01 9.274444e-16
    outer loop
      vertex   -6.214412e+01 5.117185e+01 -1.000000e+00
      vertex   -6.214412e+01 5.117185e+01 -2.000000e+00
      vertex   -6.250000e+01 5.112500e+01 -1.000000e+00
    endloop
  endfacet
  facet normal -1.305262e-01 9.914449e-01 0.000000e+00
    outer loop
      vertex   -6.250000e+01 5.112500e+01 -1.000000e+00
      vertex   -6.214412e+01 5.117185e+01 -2.000000e+00
      vertex   -6.250000e+01 5.112500e+01 -2.000000e+00
    endloop
  endfacet
  facet normal 1.305262e-01 9.914449e-01 0.000000e+00
    outer loop
      vertex   -6.250000e+01 5.112500e+01 -1.000000e+00
      vertex   -6.250000e+01 5.112500e+01 -2.000000e+00
      vertex   -6.285588e+01 5.117185e+01 -1.000000e+00
    endloop
  endfacet
  facet normal 1.305262e-01 9.914449e-01 -1.854889e-15
    outer loop
      vertex   -6.285588e+01 5.117185e+01 -1.000000e+00
      vertex   -6.250000e+01 5.112500e+01 -2.000000e+00
      vertex   -6.285588e+01 5.117185e+01 -2.000000e+00
    endloop
  endfacet
  facet normal 3.826834e-01 9.238795e-01 -5.438259e-15
    outer loop
      vertex   -6.285588e+01 5.117185e+01 -1.000000e+00
      vertex   -6.285588e+01 5.117185e+01 -2.000000e+00
      vertex   -6.318750e+01 5.130922e+01 -1.000000e+00
    endloop
  endfacet
  facet normal 3.826834e-01 9.238795e-01 -5.438259e-15
    outer loop
      vertex   -6.318750e+01 5.130922e+01 -1.000000e+00
      vertex   -6.285588e+01 5.117185e+01 -2.000000e+00
      vertex   -6.318750e+01 5.130922e+01 -2.000000e+00
    endloop
  endfacet
  facet normal 6.087614e-01 7.933533e-01 -8.651020e-15
    outer loop
      vertex   -6.318750e+01 5.130922e+01 -1.000000e+00
      vertex   -6.318750e+01 5.130922e+01 -2.000000e+00
      vertex   -6.347227e+01 5.152773e+01 -1.000000e+00
    endloop
  endfacet
  facet normal 6.087614e-01 7.933533e-01 0.000000e+00
    outer loop
      vertex   -6.347227e+01 5.152773e+01 -1.000000e+00
      vertex   -6.318750e+01 5.130922e+01 -2.000000e+00
      vertex   -6.347227e+01 5.152773e+01 -2.000000e+00
    endloop
  endfacet
  facet normal 7.933533e-01 6.087614e-01 0.000000e+00
    outer loop
      vertex   -6.347227e+01 5.152773e+01 -1.000000e+00
      vertex   -6.347227e+01 5.152773e+01 -2.000000e+00
      vertex   -6.369078e+01 5.181250e+01 -1.000000e+00
    endloop
  endfacet
  facet normal 7.933533e-01 6.087614e-01 4.325510e-15
    outer loop
      vertex   -6.369078e+01 5.181250e+01 -1.000000e+00
      vertex   -6.347227e+01 5.152773e+01 -2.000000e+00
      vertex   -6.369078e+01 5.181250e+01 -2.000000e+00
    endloop
  endfacet
  facet normal 9.238795e-01 3.826834e-01 2.719129e-15
    outer loop
      vertex   -6.369078e+01 5.181250e+01 -1.000000e+00
      vertex   -6.369078e+01 5.181250e+01 -2.000000e+00
      vertex   -6.382815e+01 5.214412e+01 -1.000000e+00
    endloop
  endfacet
  facet normal 9.238795e-01 3.826834e-01 2.719129e-15
    outer loop
      vertex   -6.382815e+01 5.214412e+01 -1.000000e+00
      vertex   -6.369078e+01 5.181250e+01 -2.000000e+00
      vertex   -6.382815e+01 5.214412e+01 -2.000000e+00
    endloop
  endfacet
  facet normal 9.914449e-01 1.305262e-01 9.274444e-16
    outer loop
      vertex   -6.382815e+01 5.214412e+01 -1.000000e+00
      vertex   -6.382815e+01 5.214412e+01 -2.000000e+00
      vertex   -6.387500e+01 5.250000e+01 -1.000000e+00
    endloop
  endfacet
  facet normal 9.914449e-01 1.305262e-01 0.000000e+00
    outer loop
      vertex   -6.387500e+01 5.250000e+01 -1.000000e+00
      vertex   -6.382815e+01 5.214412e+01 -2.000000e+00
      vertex   -6.387500e+01 5.250000e+01 -2.000000e+00
    endloop
  endfacet
  facet normal 9.914449e-01 -1.305262e-01 0.000000e+00
    outer loop
      vertex   -6.387500e+01 5.250000e+01 -1.000000e+00
      vertex   -6.387500e+01 5.250000e+01 -2.000000e+00
      vertex   -6.382815e+01 5.285588e+01 -1.000000e+00
    endloop
  endfacet
  facet normal 9.914449e-01 -1.305262e-01 -9.274444e-16
    outer loop
      vertex   -6.382815e+01 5.285588e+01 -1.000000e+00
      vertex   -6.387500e+01 5.250000e+01 -2.000000e+00
      vertex   -6.382815e+01 5.285588e+01 -2.000000e+00
    endloop
  endfacet
  facet normal 9.238795e-01 -3.826834e-01 -2.719129e-15
    outer loop
      vertex   -6.382815e+01 5.285588e+01 -1.000000e+00
      vertex   -6.382815e+01 5.285588e+01 -2.000000e+00
      vertex   -6.369078e+01 5.318750e+01 -1.000000e+00
    endloop
  endfacet
  facet normal 9.238795e-01 -3.826834e-01 -2.719129e-15
    outer loop
      vertex   -6.369078e+01 5.318750e+01 -1.000000e+00
      vertex   -6.382815e+01 5.285588e+01 -2.000000e+00
      vertex   -6.369078e+01 5.318750e+01 -2.000000e+00
    endloop
  endfacet
  facet normal 7.933533e-01 -6.087614e-01 -4.325510e-15
    outer loop
      vertex   -6.369078e+01 5.318750e+01 -1.000000e+00
      vertex   -6.369078e+01 5.318750e+01 -2.000000e+00
      vertex   -6.347227e+01 5.347227e+01 -1.000000e+00
    endloop
  endfacet
  facet normal 7.933533e-01 -6.087614e-01 0.000000e+00
    outer loop
      vertex   -6.347227e+01 5.347227e+01 -1.000000e+00
      vertex   -6.369078e+01 5.318750e+01 -2.000000e+00
      vertex   -6.347227e+01 5.347227e+01 -2.000000e+00
    endloop
  endfacet
  facet normal 6.087614e-01 -7.933533e-01 0.000000e+00
    outer loop
      vertex   -6.347227e+01 5.347227e+01 -1.000000e+00
      vertex   -6.347227e+01 5.347227e+01 -2.000000e+00
      vertex   -6.318750e+01 5.369078e+01 -1.000000e+00
    endloop
  endfacet
  facet normal 6.087614e-01 -7.933533e-01 8.651020e-15
    outer loop
      vertex   -6.318750e+01 5.369078e+01 -1.000000e+00
      vertex   -6.347227e+01 5.347227e+01 -2.000000e+00
      vertex   -6.318750e+01 5.369078e+01 -2.000000e+00
    endloop
  endfacet
  facet normal 3.826834e-01 -9.238795e-01 5.438259e-15
    outer loop
      vertex   -6.318750e+01 5.369078e+01 -1.000000e+00
      vertex   -6.318750e+01 5.369078e+01 -2.000000e+00
      vertex   -6.285588e+01 5.382815e+01 -1.000000e+00
    endloop
  endfacet
  facet normal 3.826834e-01 -9.238795e-01 5.438259e-15
    outer loop
      vertex   -6.285588e+01 5.382815e+01 -1.000000e+00
      vertex   -6.318750e+01 5.369078e+01 -2.000000e+00
      vertex   -6.285588e+01 5.382815e+01 -2.000000e+00
    endloop
  endfacet
  facet normal 1.305262e-01 -9.914449e-01 1.854889e-15
    outer loop
      vertex   -6.285588e+01 5.382815e+01 -1.000000e+00
      vertex   -6.285588e+01 5.382815e+01 -2.000000e+00
      vertex   -6.250000e+01 5.387500e+01 -1.000000e+00
    endloop
  endfacet
  facet normal 1.305262e-01 -9.914449e-01 0.000000e+00
    outer loop
      vertex   -6.250000e+01 5.387500e+01 -1.000000e+00
      vertex   -6.285588e+01 5.382815e+01 -2.000000e+00
      vertex   -6.250000e+01 5.387500e+01 -2.000000e+00
    endloop
  endfacet
  facet normal -1.305262e-01 -9.914449e-01 -0.000000e+00
    outer loop
      vertex   -6.250000e+01 5.387500e+01 -1.000000e+00
      vertex   -6.250000e+01 5.387500e+01 -2.000000e+00
      vertex   -6.214412e+01 5.382815e+01 -1.000000e+00
    endloop
  endfacet
  facet normal -1.305262e-01 -9.914449e-01 -9.274444e-16
    outer loop
      vertex   -6.214412e+01 5.382815e+01 -1.000000e+00
      vertex   -6.250000e+01 5.387500e+01 -2.000000e+00
      vertex   -6.214412e+01 5.382815e+01 -2.000000e+00
    endloop
  endfacet
  facet normal -3.826834e-01 -9.238795e-01 -2.719129e-15
    outer loop
      vertex   -6.214412e+01 5.382815e+01 -1.000000e+00
      vertex   -6.214412e+01 5.382815e+01 -2.000000e+00
      vertex   -6.181250e+01 5.369078e+01 -1.000000e+00
    endloop
  endfacet
  facet normal -3.826834e-01 -9.238795e-01 -2.719129e-15
    outer loop
      vertex   -6.181250e+01 5.369078e+01 -1.000000e+00
      vertex   -6.214412e+01 5.382815e+01 -2.000000e+00
      vertex   -6.181250e+01 5.369078e+01 -2.000000e+00
    endloop
  endfacet
  facet normal -6.087614e-01 -7.933533e-01 -4.325510e-15
    outer loop
      vertex   -6.181250e+01 5.369078e+01 -1.000000e+00
      vertex   -6.181250e+01 5.369078e+01 -2.000000e+00
      vertex   -6.152773e+01 5.347227e+01 -1.000000e+00
    endloop
  endfacet
  facet normal -6.087614e-01 -7.933533e-01 -0.000000e+00
    outer loop
      vertex   -6.152773e+01 5.347227e+01 -1.000000e+00
      vertex   -6.181250e+01 5.369078e+01 -2.000000e+00
      vertex   -6.152773e+01 5.347227e+01 -2.000000e+00
    endloop
  endfacet
  facet normal -7.933533e-01 -6.087614e-01 -0.000000e+00
    outer loop
      vertex   -6.152773e+01 5.347227e+01 -1.000000e+00
      vertex   -6.152773e+01 5.347227e+01 -2.000000e+00
      vertex   -6.130922e+01 5.318750e+01 -1.000000e+00
    endloop
  endfacet
  facet normal -7.933533e-01 -6.087614e-01 4.325510e-15
    outer loop
      vertex   -6.130922e+01 5.318750e+01 -1.000000e+00
      vertex   -6.152773e+01 5.347227e+01 -2.000000e+00
      vertex   -6.130922e+01 5.318750e+01 -2.000000e+00
    endloop
  endfacet
  facet normal -9.238795e-01 -3.826834e-01 2.719129e-15
    outer loop
      vertex   -6.130922e+01 5.318750e+01 -1.000000e+00
      vertex   -6.130922e+01 5.318750e+01 -2.000000e+00
      vertex   -6.117185e+01 5.285588e+01 -1.000000e+00
    endloop
  endfacet
  facet normal -9.238795e-01 -3.826834e-01 -0.000000e+00
    outer loop
      vertex   -6.117185e+01 5.285588e+01 -1.000000e+00
      vertex   -6.130922e+01 5.318750e+01 -2.000000e+00
      vertex   -6.117185e+01 5.285588e+01 -2.000000e+00
    endloop
  endfacet
  facet normal -9.914449e-01 -1.305262e-01 1.738958e-16
    outer loop
      vertex   -6.117185e+01 3.855876e+00 -1.000000e+00
      vertex   -6.117185e+01 3.855876e+00 -2.000000e+00
      vertex   -6.112500e+01 3.500000e+00 -1.000000e+00
    endloop
  endfacet
  facet normal -9.914449e-01 -1.305262e-01 -0.000000e+00
    outer loop
      vertex   -6.112500e+01 3.500000e+00 -1.000000e+00
      vertex   -6.117185e+01 3.855876e+00 -2.000000e+00
      vertex   -6.112500e+01 3.500000e+00 -2.000000e+00
    endloop
  endfacet
  facet normal -9.914449e-01 1.305262e-01 0.000000e+00
    outer loop
      vertex   -6.112500e+01 3.500000e+00 -1.000000e+00
      vertex   -6.112500e+01 3.500000e+00 -2.000000e+00
      vertex   -6.117185e+01 3.144124e+00 -1.000000e+00
    endloop
  endfacet
  facet normal -9.914449e-01 1.305262e-01 -1.738958e-16
    outer loop
      vertex   -6.117185e+01 3.144124e+00 -1.000000e+00
      vertex   -6.112500e+01 3.500000e+00 -2.000000e+00
      vertex   -6.117185e+01 3.144124e+00 -2.000000e+00
    endloop
  endfacet
  facet normal -9.238795e-01 3.826834e-01 -5.098367e-16
    outer loop
      vertex   -6.117185e+01 3.144124e+00 -1.000000e+00
      vertex   -6.117185e+01 3.144124e+00 -2.000000e+00
      vertex   -6.130922e+01 2.812500e+00 -1.000000e+00
    endloop
  endfacet
  facet normal -9.238795e-01 3.826834e-01 -1.699456e-16
    outer loop
      vertex   -6.130922e+01 2.812500e+00 -1.000000e+00
      vertex   -6.117185e+01 3.144124e+00 -2.000000e+00
      vertex   -6.130922e+01 2.812500e+00 -2.000000e+00
    endloop
  endfacet
  facet normal -7.933533e-01 6.087614e-01 -2.703444e-16
    outer loop
      vertex   -6.130922e+01 2.812500e+00 -1.000000e+00
      vertex   -6.130922e+01 2.812500e+00 -2.000000e+00
      vertex   -6.152773e+01 2.527728e+00 -1.000000e+00
    endloop
  endfacet
  facet normal -7.933533e-01 6.087614e-01 0.000000e+00
    outer loop
      vertex   -6.152773e+01 2.527728e+00 -1.000000e+00
      vertex   -6.130922e+01 2.812500e+00 -2.000000e+00
      vertex   -6.152773e+01 2.527728e+00 -2.000000e+00
    endloop
  endfacet
  facet normal -6.087614e-01 7.933533e-01 0.000000e+00
    outer loop
      vertex   -6.152773e+01 2.527728e+00 -1.000000e+00
      vertex   -6.152773e+01 2.527728e+00 -2.000000e+00
      vertex   -6.181250e+01 2.309215e+00 -1.000000e+00
    endloop
  endfacet
  facet normal -6.087614e-01 7.933533e-01 3.620871e-15
    outer loop
      vertex   -6.181250e+01 2.309215e+00 -1.000000e+00
      vertex   -6.152773e+01 2.527728e+00 -2.000000e+00
      vertex   -6.181250e+01 2.309215e+00 -2.000000e+00
    endloop
  endfacet
  facet normal -3.826834e-01 9.238795e-01 1.898559e-15
    outer loop
      vertex   -6.181250e+01 2.309215e+00 -1.000000e+00
      vertex   -6.181250e+01 2.309215e+00 -2.000000e+00
      vertex   -6.214412e+01 2.171852e+00 -1.000000e+00
    endloop
  endfacet
  facet normal -3.826834e-01 9.238795e-01 2.719129e-15
    outer loop
      vertex   -6.214412e+01 2.171852e+00 -1.000000e+00
      vertex   -6.181250e+01 2.309215e+00 -2.000000e+00
      vertex   -6.214412e+01 2.171852e+00 -2.000000e+00
    endloop
  endfacet
  facet normal -1.305262e-01 9.914449e-01 9.274444e-16
    outer loop
      vertex   -6.214412e+01 2.171852e+00 -1.000000e+00
      vertex   -6.214412e+01 2.171852e+00 -2.000000e+00
      vertex   -6.250000e+01 2.125000e+00 -1.000000e+00
    endloop
  endfacet
  facet normal -1.305262e-01 9.914449e-01 0.000000e+00
    outer loop
      vertex   -6.250000e+01 2.125000e+00 -1.000000e+00
      vertex   -6.214412e+01 2.171852e+00 -2.000000e+00
      vertex   -6.250000e+01 2.125000e+00 -2.000000e+00
    endloop
  endfacet
  facet normal 1.305262e-01 9.914449e-01 0.000000e+00
    outer loop
      vertex   -6.250000e+01 2.125000e+00 -1.000000e+00
      vertex   -6.250000e+01 2.125000e+00 -2.000000e+00
      vertex   -6.285588e+01 2.171852e+00 -1.000000e+00
    endloop
  endfacet
  facet normal 1.305262e-01 9.914449e-01 -1.414599e-15
    outer loop
      vertex   -6.285588e+01 2.171852e+00 -1.000000e+00
      vertex   -6.250000e+01 2.125000e+00 -2.000000e+00
      vertex   -6.285588e+01 2.171852e+00 -2.000000e+00
    endloop
  endfacet
  facet normal 3.826834e-01 9.238795e-01 -5.027974e-15
    outer loop
      vertex   -6.285588e+01 2.171852e+00 -1.000000e+00
      vertex   -6.285588e+01 2.171852e+00 -2.000000e+00
      vertex   -6.318750e+01 2.309215e+00 -1.000000e+00
    endloop
  endfacet
  facet normal 3.826834e-01 9.238795e-01 -5.027974e-15
    outer loop
      vertex   -6.318750e+01 2.309215e+00 -1.000000e+00
      vertex   -6.285588e+01 2.171852e+00 -2.000000e+00
      vertex   -6.318750e+01 2.309215e+00 -2.000000e+00
    endloop
  endfacet
  facet normal 6.087614e-01 7.933533e-01 -8.298701e-15
    outer loop
      vertex   -6.318750e+01 2.309215e+00 -1.000000e+00
      vertex   -6.318750e+01 2.309215e+00 -2.000000e+00
      vertex   -6.347227e+01 2.527728e+00 -1.000000e+00
    endloop
  endfacet
  facet normal 6.087614e-01 7.933533e-01 3.523197e-16
    outer loop
      vertex   -6.347227e+01 2.527728e+00 -1.000000e+00
      vertex   -6.318750e+01 2.309215e+00 -2.000000e+00
      vertex   -6.347227e+01 2.527728e+00 -2.000000e+00
    endloop
  endfacet
  facet normal 7.933533e-01 6.087614e-01 2.703444e-16
    outer loop
      vertex   -6.347227e+01 2.527728e+00 -1.000000e+00
      vertex   -6.347227e+01 2.527728e+00 -2.000000e+00
      vertex   -6.369078e+01 2.812500e+00 -1.000000e+00
    endloop
  endfacet
  facet normal 7.933533e-01 6.087614e-01 0.000000e+00
    outer loop
      vertex   -6.369078e+01 2.812500e+00 -1.000000e+00
      vertex   -6.347227e+01 2.527728e+00 -2.000000e+00
      vertex   -6.369078e+01 2.812500e+00 -2.000000e+00
    endloop
  endfacet
  facet normal 9.238795e-01 3.826834e-01 0.000000e+00
    outer loop
      vertex   -6.369078e+01 2.812500e+00 -1.000000e+00
      vertex   -6.369078e+01 2.812500e+00 -2.000000e+00
      vertex   -6.382815e+01 3.144124e+00 -1.000000e+00
    endloop
  endfacet
  facet normal 9.238795e-01 3.826834e-01 1.699456e-16
    outer loop
      vertex   -6.382815e+01 3.144124e+00 -1.000000e+00
      vertex   -6.369078e+01 2.812500e+00 -2.000000e+00
      vertex   -6.382815e+01 3.144124e+00 -2.000000e+00
    endloop
  endfacet
  facet normal 9.914449e-01 1.305262e-01 5.796527e-17
    outer loop
      vertex   -6.382815e+01 3.144124e+00 -1.000000e+00
      vertex   -6.382815e+01 3.144124e+00 -2.000000e+00
      vertex   -6.387500e+01 3.500000e+00 -1.000000e+00
    endloop
  endfacet
  facet normal 9.914449e-01 1.305262e-01 0.000000e+00
    outer loop
      vertex   -6.387500e+01 3.500000e+00 -1.000000e+00
      vertex   -6.382815e+01 3.144124e+00 -2.000000e+00
      vertex   -6.387500e+01 3.500000e+00 -2.000000e+00
    endloop
  endfacet
  facet normal 9.914449e-01 -1.305262e-01 0.000000e+00
    outer loop
      vertex   -6.387500e+01 3.500000e+00 -1.000000e+00
      vertex   -6.387500e+01 3.500000e+00 -2.000000e+00
      vertex   -6.382815e+01 3.855876e+00 -1.000000e+00
    endloop
  endfacet
  facet normal 9.914449e-01 -1.305262e-01 -5.796527e-17
    outer loop
      vertex   -6.382815e+01 3.855876e+00 -1.000000e+00
      vertex   -6.387500e+01 3.500000e+00 -2.000000e+00
      vertex   -6.382815e+01 3.855876e+00 -2.000000e+00
    endloop
  endfacet
  facet normal 9.238795e-01 -3.826834e-01 -1.699456e-16
    outer loop
      vertex   -6.382815e+01 3.855876e+00 -1.000000e+00
      vertex   -6.382815e+01 3.855876e+00 -2.000000e+00
      vertex   -6.369078e+01 4.187500e+00 -1.000000e+00
    endloop
  endfacet
  facet normal 9.238795e-01 -3.826834e-01 0.000000e+00
    outer loop
      vertex   -6.369078e+01 4.187500e+00 -1.000000e+00
      vertex   -6.382815e+01 3.855876e+00 -2.000000e+00
      vertex   -6.369078e+01 4.187500e+00 -2.000000e+00
    endloop
  endfacet
  facet normal 7.933533e-01 -6.087614e-01 0.000000e+00
    outer loop
      vertex   -6.369078e+01 4.187500e+00 -1.000000e+00
      vertex   -6.369078e+01 4.187500e+00 -2.000000e+00
      vertex   -6.347227e+01 4.472272e+00 -1.000000e+00
    endloop
  endfacet
  facet normal 7.933533e-01 -6.087614e-01 0.000000e+00
    outer loop
      vertex   -6.347227e+01 4.472272e+00 -1.000000e+00
      vertex   -6.369078e+01 4.187500e+00 -2.000000e+00
      vertex   -6.347227e+01 4.472272e+00 -2.000000e+00
    endloop
  endfacet
  facet normal 6.087614e-01 -7.933533e-01 0.000000e+00
    outer loop
      vertex   -6.347227e+01 4.472272e+00 -1.000000e+00
      vertex   -6.347227e+01 4.472272e+00 -2.000000e+00
      vertex   -6.318750e+01 4.690785e+00 -1.000000e+00
    endloop
  endfacet
  facet normal 6.087614e-01 -7.933533e-01 8.651020e-15
    outer loop
      vertex   -6.318750e+01 4.690785e+00 -1.000000e+00
      vertex   -6.347227e+01 4.472272e+00 -2.000000e+00
      vertex   -6.318750e+01 4.690785e+00 -2.000000e+00
    endloop
  endfacet
  facet normal 3.826834e-01 -9.238795e-01 5.438259e-15
    outer loop
      vertex   -6.318750e+01 4.690785e+00 -1.000000e+00
      vertex   -6.318750e+01 4.690785e+00 -2.000000e+00
      vertex   -6.285588e+01 4.828148e+00 -1.000000e+00
    endloop
  endfacet
  facet normal 3.826834e-01 -9.238795e-01 5.438259e-15
    outer loop
      vertex   -6.285588e+01 4.828148e+00 -1.000000e+00
      vertex   -6.318750e+01 4.690785e+00 -2.000000e+00
      vertex   -6.285588e+01 4.828148e+00 -2.000000e+00
    endloop
  endfacet
  facet normal 1.305262e-01 -9.914449e-01 1.854889e-15
    outer loop
      vertex   -6.285588e+01 4.828148e+00 -1.000000e+00
      vertex   -6.285588e+01 4.828148e+00 -2.000000e+00
      vertex   -6.250000e+01 4.875000e+00 -1.000000e+00
    endloop
  endfacet
  facet normal 1.305262e-01 -9.914449e-01 0.000000e+00
    outer loop
      vertex   -6.250000e+01 4.875000e+00 -1.000000e+00
      vertex   -6.285588e+01 4.828148e+00 -2.000000e+00
      vertex   -6.250000e+01 4.875000e+00 -2.000000e+00
    endloop
  endfacet
  facet normal -1.305262e-01 -9.914449e-01 -0.000000e+00
    outer loop
      vertex   -6.250000e+01 4.875000e+00 -1.000000e+00
      vertex   -6.250000e+01 4.875000e+00 -2.000000e+00
      vertex   -6.214412e+01 4.828148e+00 -1.000000e+00
    endloop
  endfacet
  facet normal -1.305262e-01 -9.914449e-01 -9.274444e-16
    outer loop
      vertex   -6.214412e+01 4.828148e+00 -1.000000e+00
      vertex   -6.250000e+01 4.875000e+00 -2.000000e+00
      vertex   -6.214412e+01 4.828148e+00 -2.000000e+00
    endloop
  endfacet
  facet normal -3.826834e-01 -9.238795e-01 -2.719129e-15
    outer loop
      vertex   -6.214412e+01 4.828148e+00 -1.000000e+00
      vertex   -6.214412e+01 4.828148e+00 -2.000000e+00
      vertex   -6.181250e+01 4.690785e+00 -1.000000e+00
    endloop
  endfacet
  facet normal -3.826834e-01 -9.238795e-01 -1.898559e-15
    outer loop
      vertex   -6.181250e+01 4.690785e+00 -1.000000e+00
      vertex   -6.214412e+01 4.828148e+00 -2.000000e+00
      vertex   -6.181250e+01 4.690785e+00 -2.000000e+00
    endloop
  endfacet
  facet normal -6.087614e-01 -7.933533e-01 -3.620871e-15
    outer loop
      vertex   -6.181250e+01 4.690785e+00 -1.000000e+00
      vertex   -6.181250e+01 4.690785e+00 -2.000000e+00
      vertex   -6.152773e+01 4.472272e+00 -1.000000e+00
    endloop
  endfacet
  facet normal -6.087614e-01 -7.933533e-01 -0.000000e+00
    outer loop
      vertex   -6.152773e+01 4.472272e+00 -1.000000e+00
      vertex   -6.181250e+01 4.690785e+00 -2.000000e+00
      vertex   -6.152773e+01 4.472272e+00 -2.000000e+00
    endloop
  endfacet
  facet normal -7.933533e-01 -6.087614e-01 -0.000000e+00
    outer loop
      vertex   -6.152773e+01 4.472272e+00 -1.000000e+00
      vertex   -6.152773e+01 4.472272e+00 -2.000000e+00
      vertex   -6.130922e+01 4.187500e+00 -1.000000e+00
    endloop
  endfacet
  facet normal -7.933533e-01 -6.087614e-01 -0.000000e+00
    outer loop
      vertex   -6.130922e+01 4.187500e+00 -1.000000e+00
      vertex   -6.152773e+01 4.472272e+00 -2.000000e+00
      vertex   -6.130922e+01 4.187500e+00 -2.000000e+00
    endloop
  endfacet
  facet normal -9.238795e-01 -3.826834e-01 -0.000000e+00
    outer loop
      vertex   -6.130922e+01 4.187500e+00 -1.000000e+00
      vertex   -6.130922e+01 4.187500e+00 -2.000000e+00
      vertex   -6.117185e+01 3.855876e+00 -1.000000e+00
    endloop
  endfacet
  facet normal -9.238795e-01 -3.826834e-01 5.098367e-16
    outer loop
      vertex   -6.117185e+01 3.855876e+00 -1.000000e+00
      vertex   -6.130922e+01 4.187500e+00 -2.000000e+00
      vertex   -6.117185e+01 3.855876e+00 -2.000000e+00
    endloop
  endfacet
  facet normal 0.000000e+00 -0.000000e+00 1.000000e+00
    outer loop
      vertex   -4.000000e+00 4.600000e+01 -1.000000e+00
      vertex   -4.000000e+00 4.800000e+01 -1.000000e+00
      vertex   -3.148300e+01 4.600000e+01 -1.000000e+00
    endloop
  endfacet
  facet normal 0.000000e+00 -0.000000e+00 1.000000e+00
    outer loop
      vertex   -3.148300e+01 4.600000e+01 -1.000000e+00
      vertex   -4.000000e+00 4.800000e+01 -1.000000e+00
      vertex   -3.148300e+01 4.800000e+01 -1.000000e+00
    endloop
  endfacet
  facet normal 0.000000e+00 0.000000e+00 1.000000e+00
    outer loop
      vertex   -3.148300e+01 4.600000e+01 -1.000000e+00
      vertex   -3.148300e+01 4.800000e+01 -1.000000e+00
      vertex   -3.161241e+01 4.801704e+01 -1.000000e+00
    endloop
  endfacet
  facet normal -0.000000e+00 0.000000e+00 1.000000e+00
    outer loop
      vertex   -4.000000e+00 4.600000e+01 -1.000000e+00
      vertex   -3.870591e+00 4.598296e+01 -1.000000e+00
      vertex   -4.000000e+00 4.800000e+01 -1.000000e+00
    endloop
  endfacet
  facet normal -0.000000e+00 0.000000e+00 1.000000e+00
    outer loop
      vertex   -4.000000e+00 4.800000e+01 -1.000000e+00
      vertex   -3.870591e+00 4.598296e+01 -1.000000e+00
      vertex   -3.870591e+00 4.801704e+01 -1.000000e+00
    endloop
  endfacet
  facet normal 0.000000e+00 0.000000e+00 1.000000e+00
    outer loop
      vertex   -3.870591e+00 4.801704e+01 -1.000000e+00
      vertex   -3.870591e+00 4.598296e+01 -1.000000e+00
      vertex   -3.750000e+00 4.593301e+01 -1.000000e+00
    endloop
  endfacet
  facet normal -0.000000e+00 0.000000e+00 1.000000e+00
    outer loop
      vertex   -3.870591e+00 4.801704e+01 -1.000000e+00
      vertex   -3.750000e+00 4.593301e+01 -1.000000e+00
      vertex   -3.750000e+00 4.806699e+01 -1.000000e+00
    endloop
  endfacet
  facet normal 0.000000e+00 0.000000e+00 1.000000e+00
    outer loop
      vertex   -3.750000e+00 4.806699e+01 -1.000000e+00
      vertex   -3.750000e+00 4.593301e+01 -1.000000e+00
      vertex   -3.646447e+00 4.585355e+01 -1.000000e+00
    endloop
  endfacet
  facet normal -0.000000e+00 0.000000e+00 1.000000e+00
    outer loop
      vertex   -3.750000e+00 4.806699e+01 -1.000000e+00
      vertex   -3.646447e+00 4.585355e+01 -1.000000e+00
      vertex   -3.646447e+00 4.814645e+01 -1.000000e+00
    endloop
  endfacet
  facet normal 0.000000e+00 0.000000e+00 1.000000e+00
    outer loop
      vertex   -3.646447e+00 4.814645e+01 -1.000000e+00
      vertex   -3.646447e+00 4.585355e+01 -1.000000e+00
      vertex   -3.566988e+00 4.575000e+01 -1.000000e+00
    endloop
  endfacet
  facet normal -0.000000e+00 0.000000e+00 1.000000e+00
    outer loop
      vertex   -3.646447e+00 4.814645e+01 -1.000000e+00
      vertex   -3.566988e+00 4.575000e+01 -1.000000e+00
      vertex   -3.566988e+00 4.825000e+01 -1.000000e+00
    endloop
  endfacet
  facet normal 0.000000e+00 0.000000e+00 1.000000e+00
    outer loop
      vertex   -3.566988e+00 4.825000e+01 -1.000000e+00
      vertex   -3.566988e+00 4.575000e+01 -1.000000e+00
      vertex   -3.517037e+00 4.562941e+01 -1.000000e+00
    endloop
  endfacet
  facet normal -0.000000e+00 0.000000e+00 1.000000e+00
    outer loop
      vertex   -3.566988e+00 4.825000e+01 -1.000000e+00
      vertex   -3.517037e+00 4.562941e+01 -1.000000e+00
      vertex   -3.517037e+00 4.837059e+01 -1.000000e+00
    endloop
  endfacet
  facet normal -0.000000e+00 0.000000e+00 1.000000e+00
    outer loop
      vertex   -3.517037e+00 4.837059e+01 -1.000000e+00
      vertex   -3.517037e+00 4.562941e+01 -1.000000e+00
      vertex   -3.500000e+00 4.850000e+01 -1.000000e+00
    endloop
  endfacet
  facet normal 0.000000e+00 0.000000e+00 1.000000e+00
    outer loop
      vertex   -3.500000e+00 4.850000e+01 -1.000000e+00
      vertex   -3.517037e+00 4.562941e+01 -1.000000e+00
      vertex   -3.500000e+00 4.550000e+01 -1.000000e+00
    endloop
  endfacet
  facet normal -0.000000e+00 0.000000e+00 1.000000e+00
    outer loop
      vertex   -3.500000e+00 4.850000e+01 -1.000000e+00
      vertex   -3.500000e+00 4.550000e+01 -1.000000e+00
      vertex   0.000000e+00 5.700000e+01 -1.000000e+00
    endloop
  endfacet
  facet normal 0.000000e+00 0.000000e+00 1.000000e+00
    outer loop
      vertex   0.000000e+00 5.700000e+01 -1.000000e+00
      vertex   -3.500000e+00 4.550000e+01 -1.000000e+00
      vertex   0.000000e+00 3.107000e+01 -1.000000e+00
    endloop
  endfacet
  facet normal 0.000000e+00 0.000000e+00 1.000000e+00
    outer loop
      vertex   0.000000e+00 3.107000e+01 -1.000000e+00
      vertex   -3.500000e+00 4.550000e+01 -1.000000e+00
      vertex   -3.500000e+00 4.250000e+01 -1.000000e+00
    endloop
  endfacet
  facet normal 0.000000e+00 0.000000e+00 1.000000e+00
    outer loop
      vertex   0.000000e+00 3.107000e+01 -1.000000e+00
      vertex   -3.500000e+00 4.250000e+01 -1.000000e+00
      vertex   -3.500000e+00 3.950000e+01 -1.000000e+00
    endloop
  endfacet
  facet normal 0.000000e+00 -0.000000e+00 1.000000e+00
    outer loop
      vertex   -3.500000e+00 3.950000e+01 -1.000000e+00
      vertex   -3.500000e+00 4.250000e+01 -1.000000e+00
      vertex   -3.517037e+00 3.962941e+01 -1.000000e+00
    endloop
  endfacet
  facet normal 0.000000e+00 0.000000e+00 1.000000e+00
    outer loop
      vertex   -3.517037e+00 3.962941e+01 -1.000000e+00
      vertex   -3.500000e+00 4.250000e+01 -1.000000e+00
      vertex   -3.517037e+00 4.237059e+01 -1.000000e+00
    endloop
  endfacet
  facet normal 0.000000e+00 -0.000000e+00 1.000000e+00
    outer loop
      vertex   -3.517037e+00 3.962941e+01 -1.000000e+00
      vertex   -3.517037e+00 4.237059e+01 -1.000000e+00
      vertex   -3.566988e+00 4.225000e+01 -1.000000e+00
    endloop
  endfacet
  facet normal 0.000000e+00 -0.000000e+00 1.000000e+00
    outer loop
      vertex   -3.500000e+00 4.250000e+01 -1.000000e+00
      vertex   -3.500000e+00 4.550000e+01 -1.000000e+00
      vertex   -3.517037e+00 4.262941e+01 -1.000000e+00
    endloop
  endfacet
  facet normal 0.000000e+00 0.000000e+00 1.000000e+00
    outer loop
      vertex   -3.517037e+00 4.262941e+01 -1.000000e+00
      vertex   -3.500000e+00 4.550000e+01 -1.000000e+00
      vertex   -3.517037e+00 4.537059e+01 -1.000000e+00
    endloop
  endfacet
  facet normal 0.000000e+00 -0.000000e+00 1.000000e+00
    outer loop
      vertex   -3.517037e+00 4.262941e+01 -1.000000e+00
      vertex   -3.517037e+00 4.537059e+01 -1.000000e+00
      vertex   -3.566988e+00 4.525000e+01 -1.000000e+00
    endloop
  endfacet
  facet normal 0.000000e+00 0.000000e+00 1.000000e+00
    outer loop
      vertex   -3.517037e+00 4.262941e+01 -1.000000e+00
      vertex   -3.566988e+00 4.525000e+01 -1.000000e+00
      vertex   -3.566988e+00 4.275000e+01 -1.000000e+00
    endloop
  endfacet
  facet normal 0.000000e+00 -0.000000e+00 1.000000e+00
    outer loop
      vertex   -3.566988e+00 4.275000e+01 -1.000000e+00
      vertex   -3.566988e+00 4.525000e+01 -1.000000e+00
      vertex   -3.646447e+00 4.514645e+01 -1.000000e+00
    endloop
  endfacet
  facet normal 0.000000e+00 0.000000e+00 1.000000e+00
    outer loop
      vertex   -3.566988e+00 4.275000e+01 -1.000000e+00
      vertex   -3.646447e+00 4.514645e+01 -1.000000e+00
      vertex   -3.646447e+00 4.285355e+01 -1.000000e+00
    endloop
  endfacet
  facet normal 0.000000e+00 -0.000000e+00 1.000000e+00
    outer loop
      vertex   -3.646447e+00 4.285355e+01 -1.000000e+00
      vertex   -3.646447e+00 4.514645e+01 -1.000000e+00
      vertex   -3.750000e+00 4.506699e+01 -1.000000e+00
    endloop
  endfacet
  facet normal 0.000000e+00 0.000000e+00 1.000000e+00
    outer loop
      vertex   -3.646447e+00 4.285355e+01 -1.000000e+00
      vertex   -3.750000e+00 4.506699e+01 -1.000000e+00
      vertex   -3.750000e+00 4.293301e+01 -1.000000e+00
    endloop
  endfacet
  facet normal 0.000000e+00 -0.000000e+00 1.000000e+00
    outer loop
      vertex   -3.750000e+00 4.293301e+01 -1.000000e+00
      vertex   -3.750000e+00 4.506699e+01 -1.000000e+00
      vertex   -3.870591e+00 4.501704e+01 -1.000000e+00
    endloop
  endfacet
  facet normal 0.000000e+00 0.000000e+00 1.000000e+00
    outer loop
      vertex   -3.750000e+00 4.293301e+01 -1.000000e+00
      vertex   -3.870591e+00 4.501704e+01 -1.000000e+00
      vertex   -3.870591e+00 4.298296e+01 -1.000000e+00
    endloop
  endfacet
  facet normal 0.000000e+00 -0.000000e+00 1.000000e+00
    outer loop
      vertex   -3.870591e+00 4.298296e+01 -1.000000e+00
      vertex   -3.870591e+00 4.501704e+01 -1.000000e+00
      vertex   -4.000000e+00 4.500000e+01 -1.000000e+00
    endloop
  endfacet
  facet normal 0.000000e+00 0.000000e+00 1.000000e+00
    outer loop
      vertex   -3.870591e+00 4.298296e+01 -1.000000e+00
      vertex   -4.000000e+00 4.500000e+01 -1.000000e+00
      vertex   -4.000000e+00 4.300000e+01 -1.000000e+00
    endloop
  endfacet
  facet normal 0.000000e+00 -0.000000e+00 1.000000e+00
    outer loop
      vertex   -4.000000e+00 4.300000e+01 -1.000000e+00
      vertex   -4.000000e+00 4.500000e+01 -1.000000e+00
      vertex   -3.148300e+01 4.500000e+01 -1.000000e+00
    endloop
  endfacet
  facet normal 0.000000e+00 0.000000e+00 1.000000e+00
    outer loop
      vertex   -4.000000e+00 4.300000e+01 -1.000000e+00
      vertex   -3.148300e+01 4.500000e+01 -1.000000e+00
      vertex   -3.148300e+01 4.300000e+01 -1.000000e+00
    endloop
  endfacet
  facet normal 0.000000e+00 0.000000e+00 1.000000e+00
    outer loop
      vertex   -3.148300e+01 4.300000e+01 -1.000000e+00
      vertex   -3.148300e+01 4.500000e+01 -1.000000e+00
      vertex   -3.161241e+01 4.298296e+01 -1.000000e+00
    endloop
  endfacet
  facet normal 0.000000e+00 -0.000000e+00 1.000000e+00
    outer loop
      vertex   -3.161241e+01 4.298296e+01 -1.000000e+00
      vertex   -3.148300e+01 4.500000e+01 -1.000000e+00
      vertex   -3.161241e+01 4.501704e+01 -1.000000e+00
    endloop
  endfacet
  facet normal 0.000000e+00 0.000000e+00 1.000000e+00
    outer loop
      vertex   -3.161241e+01 4.298296e+01 -1.000000e+00
      vertex   -3.161241e+01 4.501704e+01 -1.000000e+00
      vertex   -3.173300e+01 4.293301e+01 -1.000000e+00
    endloop
  endfacet
  facet normal 0.000000e+00 -0.000000e+00 1.000000e+00
    outer loop
      vertex   -3.173300e+01 4.293301e+01 -1.000000e+00
      vertex   -3.161241e+01 4.501704e+01 -1.000000e+00
      vertex   -3.173300e+01 4.506699e+01 -1.000000e+00
    endloop
  endfacet
  facet normal 0.000000e+00 0.000000e+00 1.000000e+00
    outer loop
      vertex   -3.173300e+01 4.293301e+01 -1.000000e+00
      vertex   -3.173300e+01 4.506699e+01 -1.000000e+00
      vertex   -3.183655e+01 4.285355e+01 -1.000000e+00
    endloop
  endfacet
  facet normal 0.000000e+00 -0.000000e+00 1.000000e+00
    outer loop
      vertex   -3.183655e+01 4.285355e+01 -1.000000e+00
      vertex   -3.173300e+01 4.506699e+01 -1.000000e+00
      vertex   -3.183655e+01 4.514645e+01 -1.000000e+00
    endloop
  endfacet
  facet normal 0.000000e+00 0.000000e+00 1.000000e+00
    outer loop
      vertex   -3.183655e+01 4.285355e+01 -1.000000e+00
      vertex   -3.183655e+01 4.514645e+01 -1.000000e+00
      vertex   -3.512945e+01 4.514645e+01 -1.000000e+00
    endloop
  endfacet
  facet normal 0.000000e+00 0.000000e+00 1.000000e+00
    outer loop
      vertex   -3.512945e+01 4.514645e+01 -1.000000e+00
      vertex   -3.183655e+01 4.514645e+01 -1.000000e+00
      vertex   -3.504999e+01 4.525000e+01 -1.000000e+00
    endloop
  endfacet
  facet normal -0.000000e+00 0.000000e+00 1.000000e+00
    outer loop
      vertex   -3.504999e+01 4.525000e+01 -1.000000e+00
      vertex   -3.183655e+01 4.514645e+01 -1.000000e+00
      vertex   -3.191601e+01 4.525000e+01 -1.000000e+00
    endloop
  endfacet
  facet normal 0.000000e+00 0.000000e+00 1.000000e+00
    outer loop
      vertex   -3.504999e+01 4.525000e+01 -1.000000e+00
      vertex   -3.191601e+01 4.525000e+01 -1.000000e+00
      vertex   -3.500004e+01 4.537059e+01 -1.000000e+00
    endloop
  endfacet
  facet normal -0.000000e+00 0.000000e+00 1.000000e+00
    outer loop
      vertex   -3.500004e+01 4.537059e+01 -1.000000e+00
      vertex   -3.191601e+01 4.525000e+01 -1.000000e+00
      vertex   -3.196596e+01 4.537059e+01 -1.000000e+00
    endloop
  endfacet
  facet normal 0.000000e+00 0.000000e+00 1.000000e+00
    outer loop
      vertex   -3.500004e+01 4.537059e+01 -1.000000e+00
      vertex   -3.196596e+01 4.537059e+01 -1.000000e+00
      vertex   -3.498300e+01 4.550000e+01 -1.000000e+00
    endloop
  endfacet
  facet normal -0.000000e+00 0.000000e+00 1.000000e+00
    outer loop
      vertex   -3.498300e+01 4.550000e+01 -1.000000e+00
      vertex   -3.196596e+01 4.537059e+01 -1.000000e+00
      vertex   -3.198300e+01 4.550000e+01 -1.000000e+00
    endloop
  endfacet
  facet normal 0.000000e+00 -0.000000e+00 1.000000e+00
    outer loop
      vertex   -3.498300e+01 4.550000e+01 -1.000000e+00
      vertex   -3.198300e+01 4.550000e+01 -1.000000e+00
      vertex   -3.500004e+01 4.562941e+01 -1.000000e+00
    endloop
  endfacet
  facet normal -0.000000e+00 0.000000e+00 1.000000e+00
    outer loop
      vertex   -3.500004e+01 4.562941e+01 -1.000000e+00
      vertex   -3.198300e+01 4.550000e+01 -1.000000e+00
      vertex   -3.196596e+01 4.562941e+01 -1.000000e+00
    endloop
  endfacet
  facet normal 0.000000e+00 -0.000000e+00 1.000000e+00
    outer loop
      vertex   -3.500004e+01 4.562941e+01 -1.000000e+00
      vertex   -3.196596e+01 4.562941e+01 -1.000000e+00
      vertex   -3.504999e+01 4.575000e+01 -1.000000e+00
    endloop
  endfacet
  facet normal -0.000000e+00 0.000000e+00 1.000000e+00
    outer loop
      vertex   -3.504999e+01 4.575000e+01 -1.000000e+00
      vertex   -3.196596e+01 4.562941e+01 -1.000000e+00
      vertex   -3.191601e+01 4.575000e+01 -1.000000e+00
    endloop
  endfacet
  facet normal 0.000000e+00 -0.000000e+00 1.000000e+00
    outer loop
      vertex   -3.504999e+01 4.575000e+01 -1.000000e+00
      vertex   -3.191601e+01 4.575000e+01 -1.000000e+00
      vertex   -3.512945e+01 4.585355e+01 -1.000000e+00
    endloop
  endfacet
  facet normal -0.000000e+00 0.000000e+00 1.000000e+00
    outer loop
      vertex   -3.512945e+01 4.585355e+01 -1.000000e+00
      vertex   -3.191601e+01 4.575000e+01 -1.000000e+00
      vertex   -3.183655e+01 4.585355e+01 -1.000000e+00
    endloop
  endfacet
  facet normal 0.000000e+00 -0.000000e+00 1.000000e+00
    outer loop
      vertex   -3.512945e+01 4.585355e+01 -1.000000e+00
      vertex   -3.183655e+01 4.585355e+01 -1.000000e+00
      vertex   -3.512945e+01 4.814645e+01 -1.000000e+00
    endloop
  endfacet
  facet normal -0.000000e+00 0.000000e+00 1.000000e+00
    outer loop
      vertex   -3.512945e+01 4.814645e+01 -1.000000e+00
      vertex   -3.183655e+01 4.585355e+01 -1.000000e+00
      vertex   -3.183655e+01 4.814645e+01 -1.000000e+00
    endloop
  endfacet
  facet normal 0.000000e+00 0.000000e+00 1.000000e+00
    outer loop
      vertex   -3.512945e+01 4.814645e+01 -1.000000e+00
      vertex   -3.183655e+01 4.814645e+01 -1.000000e+00
      vertex   -3.504999e+01 4.825000e+01 -1.000000e+00
    endloop
  endfacet
  facet normal -0.000000e+00 0.000000e+00 1.000000e+00
    outer loop
      vertex   -3.504999e+01 4.825000e+01 -1.000000e+00
      vertex   -3.183655e+01 4.814645e+01 -1.000000e+00
      vertex   -3.191601e+01 4.825000e+01 -1.000000e+00
    endloop
  endfacet
  facet normal 0.000000e+00 0.000000e+00 1.000000e+00
    outer loop
      vertex   -3.504999e+01 4.825000e+01 -1.000000e+00
      vertex   -3.191601e+01 4.825000e+01 -1.000000e+00
      vertex   -3.500004e+01 4.837059e+01 -1.000000e+00
    endloop
  endfacet
  facet normal -0.000000e+00 0.000000e+00 1.000000e+00
    outer loop
      vertex   -3.500004e+01 4.837059e+01 -1.000000e+00
      vertex   -3.191601e+01 4.825000e+01 -1.000000e+00
      vertex   -3.196596e+01 4.837059e+01 -1.000000e+00
    endloop
  endfacet
  facet normal 0.000000e+00 0.000000e+00 1.000000e+00
    outer loop
      vertex   -3.500004e+01 4.837059e+01 -1.000000e+00
      vertex   -3.196596e+01 4.837059e+01 -1.000000e+00
      vertex   -3.498300e+01 4.850000e+01 -1.000000e+00
    endloop
  endfacet
  facet normal -0.000000e+00 0.000000e+00 1.000000e+00
    outer loop
      vertex   -3.498300e+01 4.850000e+01 -1.000000e+00
      vertex   -3.196596e+01 4.837059e+01 -1.000000e+00
      vertex   -3.198300e+01 4.850000e+01 -1.000000e+00
    endloop
  endfacet
  facet normal 0.000000e+00 -0.000000e+00 1.000000e+00
    outer loop
      vertex   -3.498300e+01 4.850000e+01 -1.000000e+00
      vertex   -3.198300e+01 4.850000e+01 -1.000000e+00
      vertex   -3.500004e+01 4.862941e+01 -1.000000e+00
    endloop
  endfacet
  facet normal -0.000000e+00 0.000000e+00 1.000000e+00
    outer loop
      vertex   -3.500004e+01 4.862941e+01 -1.000000e+00
      vertex   -3.198300e+01 4.850000e+01 -1.000000e+00
      vertex   -3.196596e+01 4.862941e+01 -1.000000e+00
    endloop
  endfacet
  facet normal 0.000000e+00 -0.000000e+00 1.000000e+00
    outer loop
      vertex   -3.500004e+01 4.862941e+01 -1.000000e+00
      vertex   -3.196596e+01 4.862941e+01 -1.000000e+00
      vertex   -3.504999e+01 4.875000e+01 -1.000000e+00
    endloop
  endfacet
  facet normal -0.000000e+00 0.000000e+00 1.000000e+00
    outer loop
      vertex   -3.504999e+01 4.875000e+01 -1.000000e+00
      vertex   -3.196596e+01 4.862941e+01 -1.000000e+00
      vertex   -3.191601e+01 4.875000e+01 -1.000000e+00
    endloop
  endfacet
  facet normal 0.000000e+00 -0.000000e+00 1.000000e+00
    outer loop
      vertex   -3.504999e+01 4.875000e+01 -1.000000e+00
      vertex   -3.191601e+01 4.875000e+01 -1.000000e+00
      vertex   -3.512945e+01 4.885355e+01 -1.000000e+00
    endloop
  endfacet
  facet normal -0.000000e+00 0.000000e+00 1.000000e+00
    outer loop
      vertex   -3.512945e+01 4.885355e+01 -1.000000e+00
      vertex   -3.191601e+01 4.875000e+01 -1.000000e+00
      vertex   -3.183655e+01 4.885355e+01 -1.000000e+00
    endloop
  endfacet
  facet normal 0.000000e+00 -0.000000e+00 1.000000e+00
    outer loop
      vertex   -3.512945e+01 4.885355e+01 -1.000000e+00
      vertex   -3.183655e+01 4.885355e+01 -1.000000e+00
      vertex   -3.512945e+01 5.114645e+01 -1.000000e+00
    endloop
  endfacet
  facet normal -0.000000e+00 0.000000e+00 1.000000e+00
    outer loop
      vertex   -3.512945e+01 5.114645e+01 -1.000000e+00
      vertex   -3.183655e+01 4.885355e+01 -1.000000e+00
      vertex   -3.183655e+01 5.114645e+01 -1.000000e+00
    endloop
  endfacet
  facet normal 0.000000e+00 0.000000e+00 1.000000e+00
    outer loop
      vertex   -3.512945e+01 5.114645e+01 -1.000000e+00
      vertex   -3.183655e+01 5.114645e+01 -1.000000e+00
      vertex   -3.504999e+01 5.125000e+01 -1.000000e+00
    endloop
  endfacet
  facet normal -0.000000e+00 0.000000e+00 1.000000e+00
    outer loop
      vertex   -3.504999e+01 5.125000e+01 -1.000000e+00
      vertex   -3.183655e+01 5.114645e+01 -1.000000e+00
      vertex   -3.191601e+01 5.125000e+01 -1.000000e+00
    endloop
  endfacet
  facet normal 0.000000e+00 0.000000e+00 1.000000e+00
    outer loop
      vertex   -3.504999e+01 5.125000e+01 -1.000000e+00
      vertex   -3.191601e+01 5.125000e+01 -1.000000e+00
      vertex   -3.500004e+01 5.137059e+01 -1.000000e+00
    endloop
  endfacet
  facet normal -0.000000e+00 0.000000e+00 1.000000e+00
    outer loop
      vertex   -3.500004e+01 5.137059e+01 -1.000000e+00
      vertex   -3.191601e+01 5.125000e+01 -1.000000e+00
      vertex   -3.196596e+01 5.137059e+01 -1.000000e+00
    endloop
  endfacet
  facet normal 0.000000e+00 0.000000e+00 1.000000e+00
    outer loop
      vertex   -3.500004e+01 5.137059e+01 -1.000000e+00
      vertex   -3.196596e+01 5.137059e+01 -1.000000e+00
      vertex   -3.498300e+01 5.150000e+01 -1.000000e+00
    endloop
  endfacet
  facet normal -0.000000e+00 0.000000e+00 1.000000e+00
    outer loop
      vertex   -3.498300e+01 5.150000e+01 -1.000000e+00
      vertex   -3.196596e+01 5.137059e+01 -1.000000e+00
      vertex   -3.198300e+01 5.150000e+01 -1.000000e+00
    endloop
  endfacet
  facet normal 0.000000e+00 -0.000000e+00 1.000000e+00
    outer loop
      vertex   -3.498300e+01 5.150000e+01 -1.000000e+00
      vertex   -3.198300e+01 5.150000e+01 -1.000000e+00
      vertex   -3.500004e+01 5.162941e+01 -1.000000e+00
    endloop
  endfacet
  facet normal -0.000000e+00 0.000000e+00 1.000000e+00
    outer loop
      vertex   -3.500004e+01 5.162941e+01 -1.000000e+00
      vertex   -3.198300e+01 5.150000e+01 -1.000000e+00
      vertex   -3.196596e+01 5.162941e+01 -1.000000e+00
    endloop
  endfacet
  facet normal 0.000000e+00 -0.000000e+00 1.000000e+00
    outer loop
      vertex   -3.500004e+01 5.162941e+01 -1.000000e+00
      vertex   -3.196596e+01 5.162941e+01 -1.000000e+00
      vertex   -3.504999e+01 5.175000e+01 -1.000000e+00
    endloop
  endfacet
  facet normal -0.000000e+00 0.000000e+00 1.000000e+00
    outer loop
      vertex   -3.504999e+01 5.175000e+01 -1.000000e+00
      vertex   -3.196596e+01 5.162941e+01 -1.000000e+00
      vertex   -3.191601e+01 5.175000e+01 -1.000000e+00
    endloop
  endfacet
  facet normal 0.000000e+00 -0.000000e+00 1.000000e+00
    outer loop
      vertex   -3.504999e+01 5.175000e+01 -1.000000e+00
      vertex   -3.191601e+01 5.175000e+01 -1.000000e+00
      vertex   -3.512945e+01 5.185355e+01 -1.000000e+00
    endloop
  endfacet
  facet normal -0.000000e+00 0.000000e+00 1.000000e+00
    outer loop
      vertex   -3.512945e+01 5.185355e+01 -1.000000e+00
      vertex   -3.191601e+01 5.175000e+01 -1.000000e+00
      vertex   -3.183655e+01 5.185355e+01 -1.000000e+00
    endloop
  endfacet
  facet normal 0.000000e+00 -0.000000e+00 1.000000e+00
    outer loop
      vertex   -3.512945e+01 5.185355e+01 -1.000000e+00
      vertex   -3.183655e+01 5.185355e+01 -1.000000e+00
      vertex   -3.512945e+01 5.414645e+01 -1.000000e+00
    endloop
  endfacet
  facet normal -0.000000e+00 0.000000e+00 1.000000e+00
    outer loop
      vertex   -3.512945e+01 5.414645e+01 -1.000000e+00
      vertex   -3.183655e+01 5.185355e+01 -1.000000e+00
      vertex   -3.183655e+01 5.414645e+01 -1.000000e+00
    endloop
  endfacet
  facet normal 0.000000e+00 0.000000e+00 1.000000e+00
    outer loop
      vertex   -3.512945e+01 5.414645e+01 -1.000000e+00
      vertex   -3.183655e+01 5.414645e+01 -1.000000e+00
      vertex   -3.504999e+01 5.425000e+01 -1.000000e+00
    endloop
  endfacet
  facet normal -0.000000e+00 0.000000e+00 1.000000e+00
    outer loop
      vertex   -3.504999e+01 5.425000e+01 -1.000000e+00
      vertex   -3.183655e+01 5.414645e+01 -1.000000e+00
      vertex   -3.191601e+01 5.425000e+01 -1.000000e+00
    endloop
  endfacet
  facet normal 0.000000e+00 0.000000e+00 1.000000e+00
    outer loop
      vertex   -3.504999e+01 5.425000e+01 -1.000000e+00
      vertex   -3.191601e+01 5.425000e+01 -1.000000e+00
      vertex   -3.500004e+01 5.437059e+01 -1.000000e+00
    endloop
  endfacet
  facet normal -0.000000e+00 0.000000e+00 1.000000e+00
    outer loop
      vertex   -3.500004e+01 5.437059e+01 -1.000000e+00
      vertex   -3.191601e+01 5.425000e+01 -1.000000e+00
      vertex   -3.196596e+01 5.437059e+01 -1.000000e+00
    endloop
  endfacet
  facet normal 0.000000e+00 0.000000e+00 1.000000e+00
    outer loop
      vertex   -3.500004e+01 5.437059e+01 -1.000000e+00
      vertex   -3.196596e+01 5.437059e+01 -1.000000e+00
      vertex   -3.498300e+01 5.450000e+01 -1.000000e+00
    endloop
  endfacet
  facet normal -0.000000e+00 0.000000e+00 1.000000e+00
    outer loop
      vertex   -3.498300e+01 5.450000e+01 -1.000000e+00
      vertex   -3.196596e+01 5.437059e+01 -1.000000e+00
      vertex   -3.198300e+01 5.450000e+01 -1.000000e+00
    endloop
  endfacet
  facet normal 0.000000e+00 -0.000000e+00 1.000000e+00
    outer loop
      vertex   -3.498300e+01 5.450000e+01 -1.000000e+00
      vertex   -3.198300e+01 5.450000e+01 -1.000000e+00
      vertex   -3.500004e+01 5.462941e+01 -1.000000e+00
    endloop
  endfacet
  facet normal -0.000000e+00 0.000000e+00 1.000000e+00
    outer loop
      vertex   -3.500004e+01 5.462941e+01 -1.000000e+00
      vertex   -3.198300e+01 5.450000e+01 -1.000000e+00
      vertex   -3.196596e+01 5.462941e+01 -1.000000e+00
    endloop
  endfacet
  facet normal 0.000000e+00 -0.000000e+00 1.000000e+00
    outer loop
      vertex   -3.500004e+01 5.462941e+01 -1.000000e+00
      vertex   -3.196596e+01 5.462941e+01 -1.000000e+00
      vertex   -3.504999e+01 5.475000e+01 -1.000000e+00
    endloop
  endfacet
  facet normal -0.000000e+00 0.000000e+00 1.000000e+00
    outer loop
      vertex   -3.504999e+01 5.475000e+01 -1.000000e+00
      vertex   -3.196596e+01 5.462941e+01 -1.000000e+00
      vertex   -3.191601e+01 5.475000e+01 -1.000000e+00
    endloop
  endfacet
  facet normal 0.000000e+00 -0.000000e+00 1.000000e+00
    outer loop
      vertex   -3.504999e+01 5.475000e+01 -1.000000e+00
      vertex   -3.191601e+01 5.475000e+01 -1.000000e+00
      vertex   -3.512945e+01 5.485355e+01 -1.000000e+00
    endloop
  endfacet
  facet normal -0.000000e+00 0.000000e+00 1.000000e+00
    outer loop
      vertex   -3.512945e+01 5.485355e+01 -1.000000e+00
      vertex   -3.191601e+01 5.475000e+01 -1.000000e+00
      vertex   -3.183655e+01 5.485355e+01 -1.000000e+00
    endloop
  endfacet
  facet normal 0.000000e+00 -0.000000e+00 1.000000e+00
    outer loop
      vertex   -3.512945e+01 5.485355e+01 -1.000000e+00
      vertex   -3.183655e+01 5.485355e+01 -1.000000e+00
      vertex   -3.523300e+01 5.493301e+01 -1.000000e+00
    endloop
  endfacet
  facet normal -0.000000e+00 0.000000e+00 1.000000e+00
    outer loop
      vertex   -3.523300e+01 5.493301e+01 -1.000000e+00
      vertex   -3.183655e+01 5.485355e+01 -1.000000e+00
      vertex   -3.173300e+01 5.493301e+01 -1.000000e+00
    endloop
  endfacet
  facet normal 0.000000e+00 -0.000000e+00 1.000000e+00
    outer loop
      vertex   -3.523300e+01 5.493301e+01 -1.000000e+00
      vertex   -3.173300e+01 5.493301e+01 -1.000000e+00
      vertex   -3.535359e+01 5.498296e+01 -1.000000e+00
    endloop
  endfacet
  facet normal -0.000000e+00 0.000000e+00 1.000000e+00
    outer loop
      vertex   -3.535359e+01 5.498296e+01 -1.000000e+00
      vertex   -3.173300e+01 5.493301e+01 -1.000000e+00
      vertex   -3.161241e+01 5.498296e+01 -1.000000e+00
    endloop
  endfacet
  facet normal 0.000000e+00 -0.000000e+00 1.000000e+00
    outer loop
      vertex   -3.535359e+01 5.498296e+01 -1.000000e+00
      vertex   -3.161241e+01 5.498296e+01 -1.000000e+00
      vertex   -3.548300e+01 5.500000e+01 -1.000000e+00
    endloop
  endfacet
  facet normal -0.000000e+00 0.000000e+00 1.000000e+00
    outer loop
      vertex   -3.548300e+01 5.500000e+01 -1.000000e+00
      vertex   -3.161241e+01 5.498296e+01 -1.000000e+00
      vertex   -3.148300e+01 5.500000e+01 -1.000000e+00
    endloop
  endfacet
  facet normal 0.000000e+00 -0.000000e+00 1.000000e+00
    outer loop
      vertex   -3.548300e+01 5.500000e+01 -1.000000e+00
      vertex   -3.148300e+01 5.500000e+01 -1.000000e+00
      vertex   -6.696600e+01 5.700000e+01 -1.000000e+00
    endloop
  endfacet
  facet normal -0.000000e+00 0.000000e+00 1.000000e+00
    outer loop
      vertex   -6.696600e+01 5.700000e+01 -1.000000e+00
      vertex   -3.148300e+01 5.500000e+01 -1.000000e+00
      vertex   0.000000e+00 5.700000e+01 -1.000000e+00
    endloop
  endfacet
  facet normal 0.000000e+00 0.000000e+00 1.000000e+00
    outer loop
      vertex   0.000000e+00 5.700000e+01 -1.000000e+00
      vertex   -3.148300e+01 5.500000e+01 -1.000000e+00
      vertex   -9.000000e+00 5.500000e+01 -1.000000e+00
    endloop
  endfacet
  facet normal 0.000000e+00 0.000000e+00 1.000000e+00
    outer loop
      vertex   0.000000e+00 5.700000e+01 -1.000000e+00
      vertex   -9.000000e+00 5.500000e+01 -1.000000e+00
      vertex   -8.870590e+00 5.498296e+01 -1.000000e+00
    endloop
  endfacet
  facet normal 0.000000e+00 0.000000e+00 1.000000e+00
    outer loop
      vertex   -3.183655e+01 4.814645e+01 -1.000000e+00
      vertex   -3.183655e+01 4.585355e+01 -1.000000e+00
      vertex   -3.173300e+01 4.806699e+01 -1.000000e+00
    endloop
  endfacet
  facet normal 0.000000e+00 0.000000e+00 1.000000e+00
    outer loop
      vertex   -3.173300e+01 4.806699e+01 -1.000000e+00
      vertex   -3.183655e+01 4.585355e+01 -1.000000e+00
      vertex   -3.173300e+01 4.593301e+01 -1.000000e+00
    endloop
  endfacet
  facet normal 0.000000e+00 0.000000e+00 1.000000e+00
    outer loop
      vertex   -3.173300e+01 4.806699e+01 -1.000000e+00
      vertex   -3.173300e+01 4.593301e+01 -1.000000e+00
      vertex   -3.161241e+01 4.801704e+01 -1.000000e+00
    endloop
  endfacet
  facet normal 0.000000e+00 0.000000e+00 1.000000e+00
    outer loop
      vertex   -3.161241e+01 4.801704e+01 -1.000000e+00
      vertex   -3.173300e+01 4.593301e+01 -1.000000e+00
      vertex   -3.161241e+01 4.598296e+01 -1.000000e+00
    endloop
  endfacet
  facet normal 0.000000e+00 0.000000e+00 1.000000e+00
    outer loop
      vertex   -3.161241e+01 4.801704e+01 -1.000000e+00
      vertex   -3.161241e+01 4.598296e+01 -1.000000e+00
      vertex   -3.148300e+01 4.600000e+01 -1.000000e+00
    endloop
  endfacet
  facet normal 0.000000e+00 0.000000e+00 1.000000e+00
    outer loop
      vertex   -3.161241e+01 3.398296e+01 -1.000000e+00
      vertex   -3.148300e+01 3.400000e+01 -1.000000e+00
      vertex   -3.148300e+01 3.600000e+01 -1.000000e+00
    endloop
  endfacet
  facet normal 0.000000e+00 0.000000e+00 1.000000e+00
    outer loop
      vertex   -3.148300e+01 3.600000e+01 -1.000000e+00
      vertex   -3.148300e+01 3.400000e+01 -1.000000e+00
      vertex   -4.000000e+00 3.400000e+01 -1.000000e+00
    endloop
  endfacet
  facet normal -0.000000e+00 0.000000e+00 1.000000e+00
    outer loop
      vertex   -3.148300e+01 3.600000e+01 -1.000000e+00
      vertex   -4.000000e+00 3.400000e+01 -1.000000e+00
      vertex   -4.000000e+00 3.600000e+01 -1.000000e+00
    endloop
  endfacet
  facet normal 0.000000e+00 0.000000e+00 1.000000e+00
    outer loop
      vertex   -4.000000e+00 3.600000e+01 -1.000000e+00
      vertex   -4.000000e+00 3.400000e+01 -1.000000e+00
      vertex   -3.870591e+00 3.398296e+01 -1.000000e+00
    endloop
  endfacet
  facet normal -0.000000e+00 0.000000e+00 1.000000e+00
    outer loop
      vertex   -4.000000e+00 3.600000e+01 -1.000000e+00
      vertex   -3.870591e+00 3.398296e+01 -1.000000e+00
      vertex   -3.870591e+00 3.601704e+01 -1.000000e+00
    endloop
  endfacet
  facet normal 0.000000e+00 0.000000e+00 1.000000e+00
    outer loop
      vertex   -3.870591e+00 3.601704e+01 -1.000000e+00
      vertex   -3.870591e+00 3.398296e+01 -1.000000e+00
      vertex   -3.750000e+00 3.393301e+01 -1.000000e+00
    endloop
  endfacet
  facet normal -0.000000e+00 0.000000e+00 1.000000e+00
    outer loop
      vertex   -3.870591e+00 3.601704e+01 -1.000000e+00
      vertex   -3.750000e+00 3.393301e+01 -1.000000e+00
      vertex   -3.750000e+00 3.606699e+01 -1.000000e+00
    endloop
  endfacet
  facet normal -0.000000e+00 0.000000e+00 1.000000e+00
    outer loop
      vertex   -3.750000e+00 3.606699e+01 -1.000000e+00
      vertex   -3.750000e+00 3.393301e+01 -1.000000e+00
      vertex   -3.646447e+00 3.614645e+01 -1.000000e+00
    endloop
  endfacet
  facet normal 0.000000e+00 0.000000e+00 1.000000e+00
    outer loop
      vertex   -3.646447e+00 3.614645e+01 -1.000000e+00
      vertex   -3.750000e+00 3.393301e+01 -1.000000e+00
      vertex   -3.646447e+00 3.385355e+01 -1.000000e+00
    endloop
  endfacet
  facet normal -0.000000e+00 0.000000e+00 1.000000e+00
    outer loop
      vertex   -3.646447e+00 3.614645e+01 -1.000000e+00
      vertex   -3.646447e+00 3.385355e+01 -1.000000e+00
      vertex   -3.566988e+00 3.625000e+01 -1.000000e+00
    endloop
  endfacet
  facet normal 0.000000e+00 0.000000e+00 1.000000e+00
    outer loop
      vertex   -3.566988e+00 3.625000e+01 -1.000000e+00
      vertex   -3.646447e+00 3.385355e+01 -1.000000e+00
      vertex   -3.566988e+00 3.375000e+01 -1.000000e+00
    endloop
  endfacet
  facet normal -0.000000e+00 0.000000e+00 1.000000e+00
    outer loop
      vertex   -3.566988e+00 3.625000e+01 -1.000000e+00
      vertex   -3.566988e+00 3.375000e+01 -1.000000e+00
      vertex   -3.517037e+00 3.637059e+01 -1.000000e+00
    endloop
  endfacet
  facet normal 0.000000e+00 0.000000e+00 1.000000e+00
    outer loop
      vertex   -3.517037e+00 3.637059e+01 -1.000000e+00
      vertex   -3.566988e+00 3.375000e+01 -1.000000e+00
      vertex   -3.517037e+00 3.362941e+01 -1.000000e+00
    endloop
  endfacet
  facet normal 0.000000e+00 0.000000e+00 1.000000e+00
    outer loop
      vertex   -3.517037e+00 3.637059e+01 -1.000000e+00
      vertex   -3.517037e+00 3.362941e+01 -1.000000e+00
      vertex   0.000000e+00 3.107000e+01 -1.000000e+00
    endloop
  endfacet
  facet normal 0.000000e+00 0.000000e+00 1.000000e+00
    outer loop
      vertex   0.000000e+00 3.107000e+01 -1.000000e+00
      vertex   -3.517037e+00 3.362941e+01 -1.000000e+00
      vertex   -3.500000e+00 3.350000e+01 -1.000000e+00
    endloop
  endfacet
  facet normal 0.000000e+00 0.000000e+00 1.000000e+00
    outer loop
      vertex   0.000000e+00 3.107000e+01 -1.000000e+00
      vertex   -3.500000e+00 3.350000e+01 -1.000000e+00
      vertex   -3.517037e+00 3.337059e+01 -1.000000e+00
    endloop
  endfacet
  facet normal 0.000000e+00 0.000000e+00 1.000000e+00
    outer loop
      vertex   -3.517037e+00 3.337059e+01 -1.000000e+00
      vertex   -3.566988e+00 3.325000e+01 -1.000000e+00
      vertex   0.000000e+00 3.107000e+01 -1.000000e+00
    endloop
  endfacet
  facet normal 0.000000e+00 0.000000e+00 1.000000e+00
    outer loop
      vertex   0.000000e+00 3.107000e+01 -1.000000e+00
      vertex   -3.566988e+00 3.325000e+01 -1.000000e+00
      vertex   -3.646447e+00 3.314645e+01 -1.000000e+00
    endloop
  endfacet
  facet normal 0.000000e+00 0.000000e+00 1.000000e+00
    outer loop
      vertex   0.000000e+00 3.107000e+01 -1.000000e+00
      vertex   -3.646447e+00 3.314645e+01 -1.000000e+00
      vertex   -3.750000e+00 3.306699e+01 -1.000000e+00
    endloop
  endfacet
  facet normal 0.000000e+00 0.000000e+00 1.000000e+00
    outer loop
      vertex   -3.750000e+00 3.306699e+01 -1.000000e+00
      vertex   -3.870591e+00 3.301704e+01 -1.000000e+00
      vertex   0.000000e+00 3.107000e+01 -1.000000e+00
    endloop
  endfacet
  facet normal 0.000000e+00 0.000000e+00 1.000000e+00
    outer loop
      vertex   0.000000e+00 3.107000e+01 -1.000000e+00
      vertex   -3.870591e+00 3.301704e+01 -1.000000e+00
      vertex   -4.000000e+00 3.300000e+01 -1.000000e+00
    endloop
  endfacet
  facet normal 0.000000e+00 0.000000e+00 1.000000e+00
    outer loop
      vertex   0.000000e+00 3.107000e+01 -1.000000e+00
      vertex   -4.000000e+00 3.300000e+01 -1.000000e+00
      vertex   -3.148300e+01 3.300000e+01 -1.000000e+00
    endloop
  endfacet
  facet normal 0.000000e+00 0.000000e+00 1.000000e+00
    outer loop
      vertex   -3.161241e+01 3.301704e+01 -1.000000e+00
      vertex   -3.535359e+01 3.301704e+01 -1.000000e+00
      vertex   -3.148300e+01 3.300000e+01 -1.000000e+00
    endloop
  endfacet
  facet normal 0.000000e+00 0.000000e+00 1.000000e+00
    outer loop
      vertex   -3.148300e+01 3.300000e+01 -1.000000e+00
      vertex   -3.535359e+01 3.301704e+01 -1.000000e+00
      vertex   -3.548300e+01 3.300000e+01 -1.000000e+00
    endloop
  endfacet
  facet normal 0.000000e+00 0.000000e+00 1.000000e+00
    outer loop
      vertex   -3.148300e+01 3.300000e+01 -1.000000e+00
      vertex   -3.548300e+01 3.300000e+01 -1.000000e+00
      vertex   -6.100000e+01 3.107000e+01 -1.000000e+00
    endloop
  endfacet
  facet normal 0.000000e+00 -0.000000e+00 1.000000e+00
    outer loop
      vertex   -6.100000e+01 3.107000e+01 -1.000000e+00
      vertex   -3.548300e+01 3.300000e+01 -1.000000e+00
      vertex   -6.296600e+01 3.300000e+01 -1.000000e+00
    endloop
  endfacet
  facet normal 0.000000e+00 0.000000e+00 1.000000e+00
    outer loop
      vertex   -6.100000e+01 3.107000e+01 -1.000000e+00
      vertex   -6.296600e+01 3.300000e+01 -1.000000e+00
      vertex   -6.309541e+01 3.301704e+01 -1.000000e+00
    endloop
  endfacet
  facet normal 0.000000e+00 0.000000e+00 1.000000e+00
    outer loop
      vertex   -3.535359e+01 3.301704e+01 -1.000000e+00
      vertex   -3.161241e+01 3.301704e+01 -1.000000e+00
      vertex   -3.523300e+01 3.306699e+01 -1.000000e+00
    endloop
  endfacet
  facet normal -0.000000e+00 0.000000e+00 1.000000e+00
    outer loop
      vertex   -3.523300e+01 3.306699e+01 -1.000000e+00
      vertex   -3.161241e+01 3.301704e+01 -1.000000e+00
      vertex   -3.173300e+01 3.306699e+01 -1.000000e+00
    endloop
  endfacet
  facet normal 0.000000e+00 0.000000e+00 1.000000e+00
    outer loop
      vertex   -3.523300e+01 3.306699e+01 -1.000000e+00
      vertex   -3.173300e+01 3.306699e+01 -1.000000e+00
      vertex   -3.512945e+01 3.314645e+01 -1.000000e+00
    endloop
  endfacet
  facet normal -0.000000e+00 0.000000e+00 1.000000e+00
    outer loop
      vertex   -3.512945e+01 3.314645e+01 -1.000000e+00
      vertex   -3.173300e+01 3.306699e+01 -1.000000e+00
      vertex   -3.183655e+01 3.314645e+01 -1.000000e+00
    endloop
  endfacet
  facet normal 0.000000e+00 0.000000e+00 1.000000e+00
    outer loop
      vertex   -3.512945e+01 3.314645e+01 -1.000000e+00
      vertex   -3.183655e+01 3.314645e+01 -1.000000e+00
      vertex   -3.504999e+01 3.325000e+01 -1.000000e+00
    endloop
  endfacet
  facet normal -0.000000e+00 0.000000e+00 1.000000e+00
    outer loop
      vertex   -3.504999e+01 3.325000e+01 -1.000000e+00
      vertex   -3.183655e+01 3.314645e+01 -1.000000e+00
      vertex   -3.191601e+01 3.325000e+01 -1.000000e+00
    endloop
  endfacet
  facet normal 0.000000e+00 0.000000e+00 1.000000e+00
    outer loop
      vertex   -3.504999e+01 3.325000e+01 -1.000000e+00
      vertex   -3.191601e+01 3.325000e+01 -1.000000e+00
      vertex   -3.500004e+01 3.337059e+01 -1.000000e+00
    endloop
  endfacet
  facet normal -0.000000e+00 0.000000e+00 1.000000e+00
    outer loop
      vertex   -3.500004e+01 3.337059e+01 -1.000000e+00
      vertex   -3.191601e+01 3.325000e+01 -1.000000e+00
      vertex   -3.196596e+01 3.337059e+01 -1.000000e+00
    endloop
  endfacet
  facet normal 0.000000e+00 0.000000e+00 1.000000e+00
    outer loop
      vertex   -3.500004e+01 3.337059e+01 -1.000000e+00
      vertex   -3.196596e+01 3.337059e+01 -1.000000e+00
      vertex   -3.498300e+01 3.350000e+01 -1.000000e+00
    endloop
  endfacet
  facet normal -0.000000e+00 0.000000e+00 1.000000e+00
    outer loop
      vertex   -3.498300e+01 3.350000e+01 -1.000000e+00
      vertex   -3.196596e+01 3.337059e+01 -1.000000e+00
      vertex   -3.198300e+01 3.350000e+01 -1.000000e+00
    endloop
  endfacet
  facet normal 0.000000e+00 -0.000000e+00 1.000000e+00
    outer loop
      vertex   -3.498300e+01 3.350000e+01 -1.000000e+00
      vertex   -3.198300e+01 3.350000e+01 -1.000000e+00
      vertex   -3.500004e+01 3.362941e+01 -1.000000e+00
    endloop
  endfacet
  facet normal -0.000000e+00 0.000000e+00 1.000000e+00
    outer loop
      vertex   -3.500004e+01 3.362941e+01 -1.000000e+00
      vertex   -3.198300e+01 3.350000e+01 -1.000000e+00
      vertex   -3.196596e+01 3.362941e+01 -1.000000e+00
    endloop
  endfacet
  facet normal 0.000000e+00 -0.000000e+00 1.000000e+00
    outer loop
      vertex   -3.500004e+01 3.362941e+01 -1.000000e+00
      vertex   -3.196596e+01 3.362941e+01 -1.000000e+00
      vertex   -3.504999e+01 3.375000e+01 -1.000000e+00
    endloop
  endfacet
  facet normal -0.000000e+00 0.000000e+00 1.000000e+00
    outer loop
      vertex   -3.504999e+01 3.375000e+01 -1.000000e+00
      vertex   -3.196596e+01 3.362941e+01 -1.000000e+00
      vertex   -3.191601e+01 3.375000e+01 -1.000000e+00
    endloop
  endfacet
  facet normal 0.000000e+00 -0.000000e+00 1.000000e+00
    outer loop
      vertex   -3.504999e+01 3.375000e+01 -1.000000e+00
      vertex   -3.191601e+01 3.375000e+01 -1.000000e+00
      vertex   -3.512945e+01 3.385355e+01 -1.000000e+00
    endloop
  endfacet
  facet normal -0.000000e+00 0.000000e+00 1.000000e+00
    outer loop
      vertex   -3.512945e+01 3.385355e+01 -1.000000e+00
      vertex   -3.191601e+01 3.375000e+01 -1.000000e+00
      vertex   -3.183655e+01 3.385355e+01 -1.000000e+00
    endloop
  endfacet
  facet normal 0.000000e+00 0.000000e+00 1.000000e+00
    outer loop
      vertex   -3.512945e+01 3.385355e+01 -1.000000e+00
      vertex   -3.183655e+01 3.385355e+01 -1.000000e+00
      vertex   -3.512945e+01 3.614645e+01 -1.000000e+00
    endloop
  endfacet
  facet normal -0.000000e+00 0.000000e+00 1.000000e+00
    outer loop
      vertex   -3.512945e+01 3.614645e+01 -1.000000e+00
      vertex   -3.183655e+01 3.385355e+01 -1.000000e+00
      vertex   -3.183655e+01 3.614645e+01 -1.000000e+00
    endloop
  endfacet
  facet normal 0.000000e+00 0.000000e+00 1.000000e+00
    outer loop
      vertex   -3.512945e+01 3.614645e+01 -1.000000e+00
      vertex   -3.183655e+01 3.614645e+01 -1.000000e+00
      vertex   -3.504999e+01 3.625000e+01 -1.000000e+00
    endloop
  endfacet
  facet normal -0.000000e+00 0.000000e+00 1.000000e+00
    outer loop
      vertex   -3.504999e+01 3.625000e+01 -1.000000e+00
      vertex   -3.183655e+01 3.614645e+01 -1.000000e+00
      vertex   -3.191601e+01 3.625000e+01 -1.000000e+00
    endloop
  endfacet
  facet normal 0.000000e+00 0.000000e+00 1.000000e+00
    outer loop
      vertex   -3.504999e+01 3.625000e+01 -1.000000e+00
      vertex   -3.191601e+01 3.625000e+01 -1.000000e+00
      vertex   -3.500004e+01 3.637059e+01 -1.000000e+00
    endloop
  endfacet
  facet normal -0.000000e+00 0.000000e+00 1.000000e+00
    outer loop
      vertex   -3.500004e+01 3.637059e+01 -1.000000e+00
      vertex   -3.191601e+01 3.625000e+01 -1.000000e+00
      vertex   -3.196596e+01 3.637059e+01 -1.000000e+00
    endloop
  endfacet
  facet normal 0.000000e+00 0.000000e+00 1.000000e+00
    outer loop
      vertex   -3.500004e+01 3.637059e+01 -1.000000e+00
      vertex   -3.196596e+01 3.637059e+01 -1.000000e+00
      vertex   -3.498300e+01 3.650000e+01 -1.000000e+00
    endloop
  endfacet
  facet normal -0.000000e+00 0.000000e+00 1.000000e+00
    outer loop
      vertex   -3.498300e+01 3.650000e+01 -1.000000e+00
      vertex   -3.196596e+01 3.637059e+01 -1.000000e+00
      vertex   -3.198300e+01 3.650000e+01 -1.000000e+00
    endloop
  endfacet
  facet normal 0.000000e+00 -0.000000e+00 1.000000e+00
    outer loop
      vertex   -3.498300e+01 3.650000e+01 -1.000000e+00
      vertex   -3.198300e+01 3.650000e+01 -1.000000e+00
      vertex   -3.500004e+01 3.662941e+01 -1.000000e+00
    endloop
  endfacet
  facet normal -0.000000e+00 0.000000e+00 1.000000e+00
    outer loop
      vertex   -3.500004e+01 3.662941e+01 -1.000000e+00
      vertex   -3.198300e+01 3.650000e+01 -1.000000e+00
      vertex   -3.196596e+01 3.662941e+01 -1.000000e+00
    endloop
  endfacet
  facet normal 0.000000e+00 -0.000000e+00 1.000000e+00
    outer loop
      vertex   -3.500004e+01 3.662941e+01 -1.000000e+00
      vertex   -3.196596e+01 3.662941e+01 -1.000000e+00
      vertex   -3.504999e+01 3.675000e+01 -1.000000e+00
    endloop
  endfacet
  facet normal -0.000000e+00 0.000000e+00 1.000000e+00
    outer loop
      vertex   -3.504999e+01 3.675000e+01 -1.000000e+00
      vertex   -3.196596e+01 3.662941e+01 -1.000000e+00
      vertex   -3.191601e+01 3.675000e+01 -1.000000e+00
    endloop
  endfacet
  facet normal 0.000000e+00 -0.000000e+00 1.000000e+00
    outer loop
      vertex   -3.504999e+01 3.675000e+01 -1.000000e+00
      vertex   -3.191601e+01 3.675000e+01 -1.000000e+00
      vertex   -3.512945e+01 3.685355e+01 -1.000000e+00
    endloop
  endfacet
  facet normal -0.000000e+00 0.000000e+00 1.000000e+00
    outer loop
      vertex   -3.512945e+01 3.685355e+01 -1.000000e+00
      vertex   -3.191601e+01 3.675000e+01 -1.000000e+00
      vertex   -3.183655e+01 3.685355e+01 -1.000000e+00
    endloop
  endfacet
  facet normal 0.000000e+00 0.000000e+00 1.000000e+00
    outer loop
      vertex   -3.512945e+01 3.685355e+01 -1.000000e+00
      vertex   -3.183655e+01 3.685355e+01 -1.000000e+00
      vertex   -3.512945e+01 3.914645e+01 -1.000000e+00
    endloop
  endfacet
  facet normal -0.000000e+00 0.000000e+00 1.000000e+00
    outer loop
      vertex   -3.512945e+01 3.914645e+01 -1.000000e+00
      vertex   -3.183655e+01 3.685355e+01 -1.000000e+00
      vertex   -3.183655e+01 3.914645e+01 -1.000000e+00
    endloop
  endfacet
  facet normal 0.000000e+00 0.000000e+00 1.000000e+00
    outer loop
      vertex   -3.512945e+01 3.914645e+01 -1.000000e+00
      vertex   -3.183655e+01 3.914645e+01 -1.000000e+00
      vertex   -3.504999e+01 3.925000e+01 -1.000000e+00
    endloop
  endfacet
  facet normal -0.000000e+00 0.000000e+00 1.000000e+00
    outer loop
      vertex   -3.504999e+01 3.925000e+01 -1.000000e+00
      vertex   -3.183655e+01 3.914645e+01 -1.000000e+00
      vertex   -3.191601e+01 3.925000e+01 -1.000000e+00
    endloop
  endfacet
  facet normal 0.000000e+00 0.000000e+00 1.000000e+00
    outer loop
      vertex   -3.504999e+01 3.925000e+01 -1.000000e+00
      vertex   -3.191601e+01 3.925000e+01 -1.000000e+00
      vertex   -3.500004e+01 3.937059e+01 -1.000000e+00
    endloop
  endfacet
  facet normal -0.000000e+00 0.000000e+00 1.000000e+00
    outer loop
      vertex   -3.500004e+01 3.937059e+01 -1.000000e+00
      vertex   -3.191601e+01 3.925000e+01 -1.000000e+00
      vertex   -3.196596e+01 3.937059e+01 -1.000000e+00
    endloop
  endfacet
  facet normal 0.000000e+00 0.000000e+00 1.000000e+00
    outer loop
      vertex   -3.500004e+01 3.937059e+01 -1.000000e+00
      vertex   -3.196596e+01 3.937059e+01 -1.000000e+00
      vertex   -3.498300e+01 3.950000e+01 -1.000000e+00
    endloop
  endfacet
  facet normal -0.000000e+00 0.000000e+00 1.000000e+00
    outer loop
      vertex   -3.498300e+01 3.950000e+01 -1.000000e+00
      vertex   -3.196596e+01 3.937059e+01 -1.000000e+00
      vertex   -3.198300e+01 3.950000e+01 -1.000000e+00
    endloop
  endfacet
  facet normal 0.000000e+00 -0.000000e+00 1.000000e+00
    outer loop
      vertex   -3.498300e+01 3.950000e+01 -1.000000e+00
      vertex   -3.198300e+01 3.950000e+01 -1.000000e+00
      vertex   -3.500004e+01 3.962941e+01 -1.000000e+00
    endloop
  endfacet
  facet normal -0.000000e+00 0.000000e+00 1.000000e+00
    outer loop
      vertex   -3.500004e+01 3.962941e+01 -1.000000e+00
      vertex   -3.198300e+01 3.950000e+01 -1.000000e+00
      vertex   -3.196596e+01 3.962941e+01 -1.000000e+00
    endloop
  endfacet
  facet normal 0.000000e+00 -0.000000e+00 1.000000e+00
    outer loop
      vertex   -3.500004e+01 3.962941e+01 -1.000000e+00
      vertex   -3.196596e+01 3.962941e+01 -1.000000e+00
      vertex   -3.504999e+01 3.975000e+01 -1.000000e+00
    endloop
  endfacet
  facet normal -0.000000e+00 0.000000e+00 1.000000e+00
    outer loop
      vertex   -3.504999e+01 3.975000e+01 -1.000000e+00
      vertex   -3.196596e+01 3.962941e+01 -1.000000e+00
      vertex   -3.191601e+01 3.975000e+01 -1.000000e+00
    endloop
  endfacet
  facet normal 0.000000e+00 -0.000000e+00 1.000000e+00
    outer loop
      vertex   -3.504999e+01 3.975000e+01 -1.000000e+00
      vertex   -3.191601e+01 3.975000e+01 -1.000000e+00
      vertex   -3.512945e+01 3.985355e+01 -1.000000e+00
    endloop
  endfacet
  facet normal -0.000000e+00 0.000000e+00 1.000000e+00
    outer loop
      vertex   -3.512945e+01 3.985355e+01 -1.000000e+00
      vertex   -3.191601e+01 3.975000e+01 -1.000000e+00
      vertex   -3.183655e+01 3.985355e+01 -1.000000e+00
    endloop
  endfacet
  facet normal 0.000000e+00 0.000000e+00 1.000000e+00
    outer loop
      vertex   -3.512945e+01 3.985355e+01 -1.000000e+00
      vertex   -3.183655e+01 3.985355e+01 -1.000000e+00
      vertex   -3.512945e+01 4.214645e+01 -1.000000e+00
    endloop
  endfacet
  facet normal -0.000000e+00 0.000000e+00 1.000000e+00
    outer loop
      vertex   -3.512945e+01 4.214645e+01 -1.000000e+00
      vertex   -3.183655e+01 3.985355e+01 -1.000000e+00
      vertex   -3.183655e+01 4.214645e+01 -1.000000e+00
    endloop
  endfacet
  facet normal 0.000000e+00 0.000000e+00 1.000000e+00
    outer loop
      vertex   -3.512945e+01 4.214645e+01 -1.000000e+00
      vertex   -3.183655e+01 4.214645e+01 -1.000000e+00
      vertex   -3.504999e+01 4.225000e+01 -1.000000e+00
    endloop
  endfacet
  facet normal -0.000000e+00 0.000000e+00 1.000000e+00
    outer loop
      vertex   -3.504999e+01 4.225000e+01 -1.000000e+00
      vertex   -3.183655e+01 4.214645e+01 -1.000000e+00
      vertex   -3.191601e+01 4.225000e+01 -1.000000e+00
    endloop
  endfacet
  facet normal 0.000000e+00 0.000000e+00 1.000000e+00
    outer loop
      vertex   -3.504999e+01 4.225000e+01 -1.000000e+00
      vertex   -3.191601e+01 4.225000e+01 -1.000000e+00
      vertex   -3.500004e+01 4.237059e+01 -1.000000e+00
    endloop
  endfacet
  facet normal -0.000000e+00 0.000000e+00 1.000000e+00
    outer loop
      vertex   -3.500004e+01 4.237059e+01 -1.000000e+00
      vertex   -3.191601e+01 4.225000e+01 -1.000000e+00
      vertex   -3.196596e+01 4.237059e+01 -1.000000e+00
    endloop
  endfacet
  facet normal 0.000000e+00 0.000000e+00 1.000000e+00
    outer loop
      vertex   -3.500004e+01 4.237059e+01 -1.000000e+00
      vertex   -3.196596e+01 4.237059e+01 -1.000000e+00
      vertex   -3.498300e+01 4.250000e+01 -1.000000e+00
    endloop
  endfacet
  facet normal -0.000000e+00 0.000000e+00 1.000000e+00
    outer loop
      vertex   -3.498300e+01 4.250000e+01 -1.000000e+00
      vertex   -3.196596e+01 4.237059e+01 -1.000000e+00
      vertex   -3.198300e+01 4.250000e+01 -1.000000e+00
    endloop
  endfacet
  facet normal 0.000000e+00 -0.000000e+00 1.000000e+00
    outer loop
      vertex   -3.498300e+01 4.250000e+01 -1.000000e+00
      vertex   -3.198300e+01 4.250000e+01 -1.000000e+00
      vertex   -3.500004e+01 4.262941e+01 -1.000000e+00
    endloop
  endfacet
  facet normal -0.000000e+00 0.000000e+00 1.000000e+00
    outer loop
      vertex   -3.500004e+01 4.262941e+01 -1.000000e+00
      vertex   -3.198300e+01 4.250000e+01 -1.000000e+00
      vertex   -3.196596e+01 4.262941e+01 -1.000000e+00
    endloop
  endfacet
  facet normal 0.000000e+00 -0.000000e+00 1.000000e+00
    outer loop
      vertex   -3.500004e+01 4.262941e+01 -1.000000e+00
      vertex   -3.196596e+01 4.262941e+01 -1.000000e+00
      vertex   -3.504999e+01 4.275000e+01 -1.000000e+00
    endloop
  endfacet
  facet normal -0.000000e+00 0.000000e+00 1.000000e+00
    outer loop
      vertex   -3.504999e+01 4.275000e+01 -1.000000e+00
      vertex   -3.196596e+01 4.262941e+01 -1.000000e+00
      vertex   -3.191601e+01 4.275000e+01 -1.000000e+00
    endloop
  endfacet
  facet normal 0.000000e+00 -0.000000e+00 1.000000e+00
    outer loop
      vertex   -3.504999e+01 4.275000e+01 -1.000000e+00
      vertex   -3.191601e+01 4.275000e+01 -1.000000e+00
      vertex   -3.512945e+01 4.285355e+01 -1.000000e+00
    endloop
  endfacet
  facet normal -0.000000e+00 0.000000e+00 1.000000e+00
    outer loop
      vertex   -3.512945e+01 4.285355e+01 -1.000000e+00
      vertex   -3.191601e+01 4.275000e+01 -1.000000e+00
      vertex   -3.183655e+01 4.285355e+01 -1.000000e+00
    endloop
  endfacet
  facet normal 0.000000e+00 0.000000e+00 1.000000e+00
    outer loop
      vertex   -3.512945e+01 4.285355e+01 -1.000000e+00
      vertex   -3.183655e+01 4.285355e+01 -1.000000e+00
      vertex   -3.512945e+01 4.514645e+01 -1.000000e+00
    endloop
  endfacet
  facet normal 0.000000e+00 0.000000e+00 1.000000e+00
    outer loop
      vertex   -3.183655e+01 3.614645e+01 -1.000000e+00
      vertex   -3.183655e+01 3.385355e+01 -1.000000e+00
      vertex   -3.173300e+01 3.606699e+01 -1.000000e+00
    endloop
  endfacet
  facet normal 0.000000e+00 0.000000e+00 1.000000e+00
    outer loop
      vertex   -3.173300e+01 3.606699e+01 -1.000000e+00
      vertex   -3.183655e+01 3.385355e+01 -1.000000e+00
      vertex   -3.173300e+01 3.393301e+01 -1.000000e+00
    endloop
  endfacet
  facet normal 0.000000e+00 0.000000e+00 1.000000e+00
    outer loop
      vertex   -3.173300e+01 3.606699e+01 -1.000000e+00
      vertex   -3.173300e+01 3.393301e+01 -1.000000e+00
      vertex   -3.161241e+01 3.601704e+01 -1.000000e+00
    endloop
  endfacet
  facet normal 0.000000e+00 0.000000e+00 1.000000e+00
    outer loop
      vertex   -3.161241e+01 3.601704e+01 -1.000000e+00
      vertex   -3.173300e+01 3.393301e+01 -1.000000e+00
      vertex   -3.161241e+01 3.398296e+01 -1.000000e+00
    endloop
  endfacet
  facet normal 0.000000e+00 0.000000e+00 1.000000e+00
    outer loop
      vertex   -3.161241e+01 3.601704e+01 -1.000000e+00
      vertex   -3.161241e+01 3.398296e+01 -1.000000e+00
      vertex   -3.148300e+01 3.600000e+01 -1.000000e+00
    endloop
  endfacet
  facet normal 0.000000e+00 0.000000e+00 1.000000e+00
    outer loop
      vertex   -3.183655e+01 5.114645e+01 -1.000000e+00
      vertex   -3.183655e+01 4.885355e+01 -1.000000e+00
      vertex   -3.173300e+01 5.106699e+01 -1.000000e+00
    endloop
  endfacet
  facet normal 0.000000e+00 0.000000e+00 1.000000e+00
    outer loop
      vertex   -3.173300e+01 5.106699e+01 -1.000000e+00
      vertex   -3.183655e+01 4.885355e+01 -1.000000e+00
      vertex   -3.173300e+01 4.893301e+01 -1.000000e+00
    endloop
  endfacet
  facet normal 0.000000e+00 0.000000e+00 1.000000e+00
    outer loop
      vertex   -3.173300e+01 5.106699e+01 -1.000000e+00
      vertex   -3.173300e+01 4.893301e+01 -1.000000e+00
      vertex   -3.161241e+01 5.101704e+01 -1.000000e+00
    endloop
  endfacet
  facet normal 0.000000e+00 0.000000e+00 1.000000e+00
    outer loop
      vertex   -3.161241e+01 5.101704e+01 -1.000000e+00
      vertex   -3.173300e+01 4.893301e+01 -1.000000e+00
      vertex   -3.161241e+01 4.898296e+01 -1.000000e+00
    endloop
  endfacet
  facet normal 0.000000e+00 0.000000e+00 1.000000e+00
    outer loop
      vertex   -3.161241e+01 5.101704e+01 -1.000000e+00
      vertex   -3.161241e+01 4.898296e+01 -1.000000e+00
      vertex   -3.148300e+01 5.100000e+01 -1.000000e+00
    endloop
  endfacet
  facet normal 0.000000e+00 0.000000e+00 1.000000e+00
    outer loop
      vertex   -3.148300e+01 5.100000e+01 -1.000000e+00
      vertex   -3.161241e+01 4.898296e+01 -1.000000e+00
      vertex   -3.148300e+01 4.900000e+01 -1.000000e+00
    endloop
  endfacet
  facet normal -0.000000e+00 0.000000e+00 1.000000e+00
    outer loop
      vertex   -3.148300e+01 5.100000e+01 -1.000000e+00
      vertex   -3.148300e+01 4.900000e+01 -1.000000e+00
      vertex   -9.000000e+00 5.100000e+01 -1.000000e+00
    endloop
  endfacet
  facet normal 0.000000e+00 0.000000e+00 1.000000e+00
    outer loop
      vertex   -9.000000e+00 5.100000e+01 -1.000000e+00
      vertex   -3.148300e+01 4.900000e+01 -1.000000e+00
      vertex   -4.000000e+00 4.900000e+01 -1.000000e+00
    endloop
  endfacet
  facet normal -0.000000e+00 0.000000e+00 1.000000e+00
    outer loop
      vertex   -9.000000e+00 5.100000e+01 -1.000000e+00
      vertex   -4.000000e+00 4.900000e+01 -1.000000e+00
      vertex   -8.870590e+00 5.101704e+01 -1.000000e+00
    endloop
  endfacet
  facet normal -0.000000e+00 0.000000e+00 1.000000e+00
    outer loop
      vertex   -8.870590e+00 5.101704e+01 -1.000000e+00
      vertex   -4.000000e+00 4.900000e+01 -1.000000e+00
      vertex   -8.750000e+00 5.106699e+01 -1.000000e+00
    endloop
  endfacet
  facet normal -0.000000e+00 0.000000e+00 1.000000e+00
    outer loop
      vertex   -8.750000e+00 5.106699e+01 -1.000000e+00
      vertex   -4.000000e+00 4.900000e+01 -1.000000e+00
      vertex   -8.646447e+00 5.114645e+01 -1.000000e+00
    endloop
  endfacet
  facet normal -0.000000e+00 0.000000e+00 1.000000e+00
    outer loop
      vertex   -8.646447e+00 5.114645e+01 -1.000000e+00
      vertex   -4.000000e+00 4.900000e+01 -1.000000e+00
      vertex   -5.187500e+00 5.130922e+01 -1.000000e+00
    endloop
  endfacet
  facet normal 0.000000e+00 0.000000e+00 1.000000e+00
    outer loop
      vertex   -8.646447e+00 5.114645e+01 -1.000000e+00
      vertex   -5.187500e+00 5.130922e+01 -1.000000e+00
      vertex   -5.472272e+00 5.152773e+01 -1.000000e+00
    endloop
  endfacet
  facet normal 0.000000e+00 0.000000e+00 1.000000e+00
    outer loop
      vertex   -3.870591e+00 4.898296e+01 -1.000000e+00
      vertex   -4.144124e+00 5.117185e+01 -1.000000e+00
      vertex   -4.000000e+00 4.900000e+01 -1.000000e+00
    endloop
  endfacet
  facet normal 0.000000e+00 0.000000e+00 1.000000e+00
    outer loop
      vertex   -4.000000e+00 4.900000e+01 -1.000000e+00
      vertex   -4.144124e+00 5.117185e+01 -1.000000e+00
      vertex   -4.500000e+00 5.112500e+01 -1.000000e+00
    endloop
  endfacet
  facet normal 0.000000e+00 0.000000e+00 1.000000e+00
    outer loop
      vertex   -4.000000e+00 4.900000e+01 -1.000000e+00
      vertex   -4.500000e+00 5.112500e+01 -1.000000e+00
      vertex   -4.855876e+00 5.117185e+01 -1.000000e+00
    endloop
  endfacet
  facet normal -0.000000e+00 0.000000e+00 1.000000e+00
    outer loop
      vertex   -4.144124e+00 5.117185e+01 -1.000000e+00
      vertex   -3.870591e+00 4.898296e+01 -1.000000e+00
      vertex   -3.812500e+00 5.130922e+01 -1.000000e+00
    endloop
  endfacet
  facet normal 0.000000e+00 0.000000e+00 1.000000e+00
    outer loop
      vertex   -3.812500e+00 5.130922e+01 -1.000000e+00
      vertex   -3.870591e+00 4.898296e+01 -1.000000e+00
      vertex   -3.750000e+00 4.893301e+01 -1.000000e+00
    endloop
  endfacet
  facet normal 0.000000e+00 0.000000e+00 1.000000e+00
    outer loop
      vertex   -3.812500e+00 5.130922e+01 -1.000000e+00
      vertex   -3.750000e+00 4.893301e+01 -1.000000e+00
      vertex   -3.646447e+00 4.885355e+01 -1.000000e+00
    endloop
  endfacet
  facet normal -0.000000e+00 0.000000e+00 1.000000e+00
    outer loop
      vertex   -3.812500e+00 5.130922e+01 -1.000000e+00
      vertex   -3.646447e+00 4.885355e+01 -1.000000e+00
      vertex   -3.527728e+00 5.152773e+01 -1.000000e+00
    endloop
  endfacet
  facet normal 0.000000e+00 0.000000e+00 1.000000e+00
    outer loop
      vertex   -3.527728e+00 5.152773e+01 -1.000000e+00
      vertex   -3.646447e+00 4.885355e+01 -1.000000e+00
      vertex   -3.566988e+00 4.875000e+01 -1.000000e+00
    endloop
  endfacet
  facet normal -0.000000e+00 0.000000e+00 1.000000e+00
    outer loop
      vertex   -3.527728e+00 5.152773e+01 -1.000000e+00
      vertex   -3.566988e+00 4.875000e+01 -1.000000e+00
      vertex   -3.309215e+00 5.181250e+01 -1.000000e+00
    endloop
  endfacet
  facet normal 0.000000e+00 0.000000e+00 1.000000e+00
    outer loop
      vertex   -3.309215e+00 5.181250e+01 -1.000000e+00
      vertex   -3.566988e+00 4.875000e+01 -1.000000e+00
      vertex   -3.517037e+00 4.862941e+01 -1.000000e+00
    endloop
  endfacet
  facet normal -0.000000e+00 0.000000e+00 1.000000e+00
    outer loop
      vertex   -3.309215e+00 5.181250e+01 -1.000000e+00
      vertex   -3.517037e+00 4.862941e+01 -1.000000e+00
      vertex   -3.171852e+00 5.214412e+01 -1.000000e+00
    endloop
  endfacet
  facet normal 0.000000e+00 0.000000e+00 1.000000e+00
    outer loop
      vertex   -3.171852e+00 5.214412e+01 -1.000000e+00
      vertex   -3.517037e+00 4.862941e+01 -1.000000e+00
      vertex   -3.500000e+00 4.850000e+01 -1.000000e+00
    endloop
  endfacet
  facet normal -0.000000e+00 0.000000e+00 1.000000e+00
    outer loop
      vertex   -3.171852e+00 5.214412e+01 -1.000000e+00
      vertex   -3.500000e+00 4.850000e+01 -1.000000e+00
      vertex   0.000000e+00 5.700000e+01 -1.000000e+00
    endloop
  endfacet
  facet normal 0.000000e+00 0.000000e+00 1.000000e+00
    outer loop
      vertex   -3.161241e+01 3.698296e+01 -1.000000e+00
      vertex   -3.148300e+01 3.700000e+01 -1.000000e+00
      vertex   -3.148300e+01 3.900000e+01 -1.000000e+00
    endloop
  endfacet
  facet normal 0.000000e+00 0.000000e+00 1.000000e+00
    outer loop
      vertex   -3.148300e+01 3.900000e+01 -1.000000e+00
      vertex   -3.148300e+01 3.700000e+01 -1.000000e+00
      vertex   -4.000000e+00 3.700000e+01 -1.000000e+00
    endloop
  endfacet
  facet normal -0.000000e+00 0.000000e+00 1.000000e+00
    outer loop
      vertex   -3.148300e+01 3.900000e+01 -1.000000e+00
      vertex   -4.000000e+00 3.700000e+01 -1.000000e+00
      vertex   -4.000000e+00 3.900000e+01 -1.000000e+00
    endloop
  endfacet
  facet normal 0.000000e+00 0.000000e+00 1.000000e+00
    outer loop
      vertex   -4.000000e+00 3.900000e+01 -1.000000e+00
      vertex   -4.000000e+00 3.700000e+01 -1.000000e+00
      vertex   -3.870591e+00 3.698296e+01 -1.000000e+00
    endloop
  endfacet
  facet normal -0.000000e+00 0.000000e+00 1.000000e+00
    outer loop
      vertex   -4.000000e+00 3.900000e+01 -1.000000e+00
      vertex   -3.870591e+00 3.698296e+01 -1.000000e+00
      vertex   -3.870591e+00 3.901704e+01 -1.000000e+00
    endloop
  endfacet
  facet normal 0.000000e+00 0.000000e+00 1.000000e+00
    outer loop
      vertex   -3.870591e+00 3.901704e+01 -1.000000e+00
      vertex   -3.870591e+00 3.698296e+01 -1.000000e+00
      vertex   -3.750000e+00 3.693301e+01 -1.000000e+00
    endloop
  endfacet
  facet normal -0.000000e+00 0.000000e+00 1.000000e+00
    outer loop
      vertex   -3.870591e+00 3.901704e+01 -1.000000e+00
      vertex   -3.750000e+00 3.693301e+01 -1.000000e+00
      vertex   -3.750000e+00 3.906699e+01 -1.000000e+00
    endloop
  endfacet
  facet normal 0.000000e+00 0.000000e+00 1.000000e+00
    outer loop
      vertex   -3.750000e+00 3.906699e+01 -1.000000e+00
      vertex   -3.750000e+00 3.693301e+01 -1.000000e+00
      vertex   -3.646447e+00 3.685355e+01 -1.000000e+00
    endloop
  endfacet
  facet normal -0.000000e+00 0.000000e+00 1.000000e+00
    outer loop
      vertex   -3.750000e+00 3.906699e+01 -1.000000e+00
      vertex   -3.646447e+00 3.685355e+01 -1.000000e+00
      vertex   -3.646447e+00 3.914645e+01 -1.000000e+00
    endloop
  endfacet
  facet normal 0.000000e+00 0.000000e+00 1.000000e+00
    outer loop
      vertex   -3.646447e+00 3.914645e+01 -1.000000e+00
      vertex   -3.646447e+00 3.685355e+01 -1.000000e+00
      vertex   -3.566988e+00 3.675000e+01 -1.000000e+00
    endloop
  endfacet
  facet normal -0.000000e+00 0.000000e+00 1.000000e+00
    outer loop
      vertex   -3.646447e+00 3.914645e+01 -1.000000e+00
      vertex   -3.566988e+00 3.675000e+01 -1.000000e+00
      vertex   -3.566988e+00 3.925000e+01 -1.000000e+00
    endloop
  endfacet
  facet normal -0.000000e+00 0.000000e+00 1.000000e+00
    outer loop
      vertex   -3.566988e+00 3.925000e+01 -1.000000e+00
      vertex   -3.566988e+00 3.675000e+01 -1.000000e+00
      vertex   -3.517037e+00 3.937059e+01 -1.000000e+00
    endloop
  endfacet
  facet normal 0.000000e+00 0.000000e+00 1.000000e+00
    outer loop
      vertex   -3.517037e+00 3.937059e+01 -1.000000e+00
      vertex   -3.566988e+00 3.675000e+01 -1.000000e+00
      vertex   -3.517037e+00 3.662941e+01 -1.000000e+00
    endloop
  endfacet
  facet normal 0.000000e+00 0.000000e+00 1.000000e+00
    outer loop
      vertex   -3.517037e+00 3.937059e+01 -1.000000e+00
      vertex   -3.517037e+00 3.662941e+01 -1.000000e+00
      vertex   0.000000e+00 3.107000e+01 -1.000000e+00
    endloop
  endfacet
  facet normal 0.000000e+00 0.000000e+00 1.000000e+00
    outer loop
      vertex   0.000000e+00 3.107000e+01 -1.000000e+00
      vertex   -3.517037e+00 3.662941e+01 -1.000000e+00
      vertex   -3.500000e+00 3.650000e+01 -1.000000e+00
    endloop
  endfacet
  facet normal 0.000000e+00 0.000000e+00 1.000000e+00
    outer loop
      vertex   0.000000e+00 3.107000e+01 -1.000000e+00
      vertex   -3.500000e+00 3.650000e+01 -1.000000e+00
      vertex   -3.517037e+00 3.637059e+01 -1.000000e+00
    endloop
  endfacet
  facet normal 0.000000e+00 0.000000e+00 1.000000e+00
    outer loop
      vertex   -3.183655e+01 3.914645e+01 -1.000000e+00
      vertex   -3.183655e+01 3.685355e+01 -1.000000e+00
      vertex   -3.173300e+01 3.906699e+01 -1.000000e+00
    endloop
  endfacet
  facet normal 0.000000e+00 0.000000e+00 1.000000e+00
    outer loop
      vertex   -3.173300e+01 3.906699e+01 -1.000000e+00
      vertex   -3.183655e+01 3.685355e+01 -1.000000e+00
      vertex   -3.173300e+01 3.693301e+01 -1.000000e+00
    endloop
  endfacet
  facet normal 0.000000e+00 0.000000e+00 1.000000e+00
    outer loop
      vertex   -3.173300e+01 3.906699e+01 -1.000000e+00
      vertex   -3.173300e+01 3.693301e+01 -1.000000e+00
      vertex   -3.161241e+01 3.901704e+01 -1.000000e+00
    endloop
  endfacet
  facet normal 0.000000e+00 0.000000e+00 1.000000e+00
    outer loop
      vertex   -3.161241e+01 3.901704e+01 -1.000000e+00
      vertex   -3.173300e+01 3.693301e+01 -1.000000e+00
      vertex   -3.161241e+01 3.698296e+01 -1.000000e+00
    endloop
  endfacet
  facet normal 0.000000e+00 0.000000e+00 1.000000e+00
    outer loop
      vertex   -3.161241e+01 3.901704e+01 -1.000000e+00
      vertex   -3.161241e+01 3.698296e+01 -1.000000e+00
      vertex   -3.148300e+01 3.900000e+01 -1.000000e+00
    endloop
  endfacet
  facet normal -0.000000e+00 0.000000e+00 1.000000e+00
    outer loop
      vertex   -8.870590e+00 5.498296e+01 -1.000000e+00
      vertex   -8.750000e+00 5.493301e+01 -1.000000e+00
      vertex   0.000000e+00 5.700000e+01 -1.000000e+00
    endloop
  endfacet
  facet normal 0.000000e+00 0.000000e+00 1.000000e+00
    outer loop
      vertex   0.000000e+00 5.700000e+01 -1.000000e+00
      vertex   -8.750000e+00 5.493301e+01 -1.000000e+00
      vertex   -4.500000e+00 5.387500e+01 -1.000000e+00
    endloop
  endfacet
  facet normal 0.000000e+00 0.000000e+00 1.000000e+00
    outer loop
      vertex   0.000000e+00 5.700000e+01 -1.000000e+00
      vertex   -4.500000e+00 5.387500e+01 -1.000000e+00
      vertex   -4.144124e+00 5.382815e+01 -1.000000e+00
    endloop
  endfacet
  facet normal 0.000000e+00 0.000000e+00 1.000000e+00
    outer loop
      vertex   -8.750000e+00 5.493301e+01 -1.000000e+00
      vertex   -8.646447e+00 5.485355e+01 -1.000000e+00
      vertex   -4.500000e+00 5.387500e+01 -1.000000e+00
    endloop
  endfacet
  facet normal 0.000000e+00 0.000000e+00 1.000000e+00
    outer loop
      vertex   -4.500000e+00 5.387500e+01 -1.000000e+00
      vertex   -8.646447e+00 5.485355e+01 -1.000000e+00
      vertex   -4.855876e+00 5.382815e+01 -1.000000e+00
    endloop
  endfacet
  facet normal 0.000000e+00 0.000000e+00 1.000000e+00
    outer loop
      vertex   -4.855876e+00 5.382815e+01 -1.000000e+00
      vertex   -8.646447e+00 5.485355e+01 -1.000000e+00
      vertex   -8.566987e+00 5.475000e+01 -1.000000e+00
    endloop
  endfacet
  facet normal 0.000000e+00 0.000000e+00 1.000000e+00
    outer loop
      vertex   -4.855876e+00 5.382815e+01 -1.000000e+00
      vertex   -8.566987e+00 5.475000e+01 -1.000000e+00
      vertex   -5.187500e+00 5.369078e+01 -1.000000e+00
    endloop
  endfacet
  facet normal 0.000000e+00 0.000000e+00 1.000000e+00
    outer loop
      vertex   -5.187500e+00 5.369078e+01 -1.000000e+00
      vertex   -8.566987e+00 5.475000e+01 -1.000000e+00
      vertex   -8.517037e+00 5.462941e+01 -1.000000e+00
    endloop
  endfacet
  facet normal 0.000000e+00 0.000000e+00 1.000000e+00
    outer loop
      vertex   -5.187500e+00 5.369078e+01 -1.000000e+00
      vertex   -8.517037e+00 5.462941e+01 -1.000000e+00
      vertex   -5.472272e+00 5.347227e+01 -1.000000e+00
    endloop
  endfacet
  facet normal 0.000000e+00 0.000000e+00 1.000000e+00
    outer loop
      vertex   -5.472272e+00 5.347227e+01 -1.000000e+00
      vertex   -8.517037e+00 5.462941e+01 -1.000000e+00
      vertex   -8.500000e+00 5.450000e+01 -1.000000e+00
    endloop
  endfacet
  facet normal 0.000000e+00 0.000000e+00 1.000000e+00
    outer loop
      vertex   -5.472272e+00 5.347227e+01 -1.000000e+00
      vertex   -8.500000e+00 5.450000e+01 -1.000000e+00
      vertex   -8.517037e+00 5.437059e+01 -1.000000e+00
    endloop
  endfacet
  facet normal 0.000000e+00 0.000000e+00 1.000000e+00
    outer loop
      vertex   -5.472272e+00 5.347227e+01 -1.000000e+00
      vertex   -8.517037e+00 5.437059e+01 -1.000000e+00
      vertex   -5.690785e+00 5.318750e+01 -1.000000e+00
    endloop
  endfacet
  facet normal 0.000000e+00 0.000000e+00 1.000000e+00
    outer loop
      vertex   -5.690785e+00 5.318750e+01 -1.000000e+00
      vertex   -8.517037e+00 5.437059e+01 -1.000000e+00
      vertex   -8.566987e+00 5.425000e+01 -1.000000e+00
    endloop
  endfacet
  facet normal 0.000000e+00 0.000000e+00 1.000000e+00
    outer loop
      vertex   -5.690785e+00 5.318750e+01 -1.000000e+00
      vertex   -8.566987e+00 5.425000e+01 -1.000000e+00
      vertex   -5.828148e+00 5.285588e+01 -1.000000e+00
    endloop
  endfacet
  facet normal 0.000000e+00 0.000000e+00 1.000000e+00
    outer loop
      vertex   -5.828148e+00 5.285588e+01 -1.000000e+00
      vertex   -8.566987e+00 5.425000e+01 -1.000000e+00
      vertex   -8.646447e+00 5.414645e+01 -1.000000e+00
    endloop
  endfacet
  facet normal 0.000000e+00 0.000000e+00 1.000000e+00
    outer loop
      vertex   -5.828148e+00 5.285588e+01 -1.000000e+00
      vertex   -8.646447e+00 5.414645e+01 -1.000000e+00
      vertex   -8.750000e+00 5.406699e+01 -1.000000e+00
    endloop
  endfacet
  facet normal 0.000000e+00 0.000000e+00 1.000000e+00
    outer loop
      vertex   -5.828148e+00 5.285588e+01 -1.000000e+00
      vertex   -8.750000e+00 5.406699e+01 -1.000000e+00
      vertex   -8.750000e+00 5.193301e+01 -1.000000e+00
    endloop
  endfacet
  facet normal 0.000000e+00 -0.000000e+00 1.000000e+00
    outer loop
      vertex   -8.750000e+00 5.193301e+01 -1.000000e+00
      vertex   -8.750000e+00 5.406699e+01 -1.000000e+00
      vertex   -8.870590e+00 5.401704e+01 -1.000000e+00
    endloop
  endfacet
  facet normal 0.000000e+00 0.000000e+00 1.000000e+00
    outer loop
      vertex   -8.750000e+00 5.193301e+01 -1.000000e+00
      vertex   -8.870590e+00 5.401704e+01 -1.000000e+00
      vertex   -8.870590e+00 5.198296e+01 -1.000000e+00
    endloop
  endfacet
  facet normal 0.000000e+00 -0.000000e+00 1.000000e+00
    outer loop
      vertex   -8.870590e+00 5.198296e+01 -1.000000e+00
      vertex   -8.870590e+00 5.401704e+01 -1.000000e+00
      vertex   -9.000000e+00 5.400000e+01 -1.000000e+00
    endloop
  endfacet
  facet normal 0.000000e+00 0.000000e+00 1.000000e+00
    outer loop
      vertex   -8.870590e+00 5.198296e+01 -1.000000e+00
      vertex   -9.000000e+00 5.400000e+01 -1.000000e+00
      vertex   -9.000000e+00 5.200000e+01 -1.000000e+00
    endloop
  endfacet
  facet normal 0.000000e+00 -0.000000e+00 1.000000e+00
    outer loop
      vertex   -9.000000e+00 5.200000e+01 -1.000000e+00
      vertex   -9.000000e+00 5.400000e+01 -1.000000e+00
      vertex   -3.148300e+01 5.400000e+01 -1.000000e+00
    endloop
  endfacet
  facet normal 0.000000e+00 0.000000e+00 1.000000e+00
    outer loop
      vertex   -9.000000e+00 5.200000e+01 -1.000000e+00
      vertex   -3.148300e+01 5.400000e+01 -1.000000e+00
      vertex   -3.148300e+01 5.200000e+01 -1.000000e+00
    endloop
  endfacet
  facet normal 0.000000e+00 -0.000000e+00 1.000000e+00
    outer loop
      vertex   -3.148300e+01 5.200000e+01 -1.000000e+00
      vertex   -3.148300e+01 5.400000e+01 -1.000000e+00
      vertex   -3.161241e+01 5.198296e+01 -1.000000e+00
    endloop
  endfacet
  facet normal 0.000000e+00 0.000000e+00 1.000000e+00
    outer loop
      vertex   -3.161241e+01 5.198296e+01 -1.000000e+00
      vertex   -3.148300e+01 5.400000e+01 -1.000000e+00
      vertex   -3.161241e+01 5.401704e+01 -1.000000e+00
    endloop
  endfacet
  facet normal 0.000000e+00 -0.000000e+00 1.000000e+00
    outer loop
      vertex   -3.161241e+01 5.198296e+01 -1.000000e+00
      vertex   -3.161241e+01 5.401704e+01 -1.000000e+00
      vertex   -3.173300e+01 5.193301e+01 -1.000000e+00
    endloop
  endfacet
  facet normal 0.000000e+00 0.000000e+00 1.000000e+00
    outer loop
      vertex   -3.173300e+01 5.193301e+01 -1.000000e+00
      vertex   -3.161241e+01 5.401704e+01 -1.000000e+00
      vertex   -3.173300e+01 5.406699e+01 -1.000000e+00
    endloop
  endfacet
  facet normal 0.000000e+00 -0.000000e+00 1.000000e+00
    outer loop
      vertex   -3.173300e+01 5.193301e+01 -1.000000e+00
      vertex   -3.173300e+01 5.406699e+01 -1.000000e+00
      vertex   -3.183655e+01 5.185355e+01 -1.000000e+00
    endloop
  endfacet
  facet normal 0.000000e+00 0.000000e+00 1.000000e+00
    outer loop
      vertex   -3.183655e+01 5.185355e+01 -1.000000e+00
      vertex   -3.173300e+01 5.406699e+01 -1.000000e+00
      vertex   -3.183655e+01 5.414645e+01 -1.000000e+00
    endloop
  endfacet
  facet normal 0.000000e+00 0.000000e+00 1.000000e+00
    outer loop
      vertex   -3.517037e+00 3.962941e+01 -1.000000e+00
      vertex   -3.566988e+00 4.225000e+01 -1.000000e+00
      vertex   -3.566988e+00 3.975000e+01 -1.000000e+00
    endloop
  endfacet
  facet normal 0.000000e+00 -0.000000e+00 1.000000e+00
    outer loop
      vertex   -3.566988e+00 3.975000e+01 -1.000000e+00
      vertex   -3.566988e+00 4.225000e+01 -1.000000e+00
      vertex   -3.646447e+00 4.214645e+01 -1.000000e+00
    endloop
  endfacet
  facet normal 0.000000e+00 0.000000e+00 1.000000e+00
    outer loop
      vertex   -3.566988e+00 3.975000e+01 -1.000000e+00
      vertex   -3.646447e+00 4.214645e+01 -1.000000e+00
      vertex   -3.646447e+00 3.985355e+01 -1.000000e+00
    endloop
  endfacet
  facet normal 0.000000e+00 -0.000000e+00 1.000000e+00
    outer loop
      vertex   -3.646447e+00 3.985355e+01 -1.000000e+00
      vertex   -3.646447e+00 4.214645e+01 -1.000000e+00
      vertex   -3.750000e+00 4.206699e+01 -1.000000e+00
    endloop
  endfacet
  facet normal 0.000000e+00 0.000000e+00 1.000000e+00
    outer loop
      vertex   -3.646447e+00 3.985355e+01 -1.000000e+00
      vertex   -3.750000e+00 4.206699e+01 -1.000000e+00
      vertex   -3.750000e+00 3.993301e+01 -1.000000e+00
    endloop
  endfacet
  facet normal 0.000000e+00 -0.000000e+00 1.000000e+00
    outer loop
      vertex   -3.750000e+00 3.993301e+01 -1.000000e+00
      vertex   -3.750000e+00 4.206699e+01 -1.000000e+00
      vertex   -3.870591e+00 4.201704e+01 -1.000000e+00
    endloop
  endfacet
  facet normal 0.000000e+00 0.000000e+00 1.000000e+00
    outer loop
      vertex   -3.750000e+00 3.993301e+01 -1.000000e+00
      vertex   -3.870591e+00 4.201704e+01 -1.000000e+00
      vertex   -3.870591e+00 3.998296e+01 -1.000000e+00
    endloop
  endfacet
  facet normal 0.000000e+00 -0.000000e+00 1.000000e+00
    outer loop
      vertex   -3.870591e+00 3.998296e+01 -1.000000e+00
      vertex   -3.870591e+00 4.201704e+01 -1.000000e+00
      vertex   -4.000000e+00 4.200000e+01 -1.000000e+00
    endloop
  endfacet
  facet normal 0.000000e+00 0.000000e+00 1.000000e+00
    outer loop
      vertex   -3.870591e+00 3.998296e+01 -1.000000e+00
      vertex   -4.000000e+00 4.200000e+01 -1.000000e+00
      vertex   -4.000000e+00 4.000000e+01 -1.000000e+00
    endloop
  endfacet
  facet normal 0.000000e+00 -0.000000e+00 1.000000e+00
    outer loop
      vertex   -4.000000e+00 4.000000e+01 -1.000000e+00
      vertex   -4.000000e+00 4.200000e+01 -1.000000e+00
      vertex   -3.148300e+01 4.200000e+01 -1.000000e+00
    endloop
  endfacet
  facet normal 0.000000e+00 0.000000e+00 1.000000e+00
    outer loop
      vertex   -4.000000e+00 4.000000e+01 -1.000000e+00
      vertex   -3.148300e+01 4.200000e+01 -1.000000e+00
      vertex   -3.148300e+01 4.000000e+01 -1.000000e+00
    endloop
  endfacet
  facet normal 0.000000e+00 0.000000e+00 1.000000e+00
    outer loop
      vertex   -3.148300e+01 4.000000e+01 -1.000000e+00
      vertex   -3.148300e+01 4.200000e+01 -1.000000e+00
      vertex   -3.161241e+01 3.998296e+01 -1.000000e+00
    endloop
  endfacet
  facet normal 0.000000e+00 -0.000000e+00 1.000000e+00
    outer loop
      vertex   -3.161241e+01 3.998296e+01 -1.000000e+00
      vertex   -3.148300e+01 4.200000e+01 -1.000000e+00
      vertex   -3.161241e+01 4.201704e+01 -1.000000e+00
    endloop
  endfacet
  facet normal 0.000000e+00 0.000000e+00 1.000000e+00
    outer loop
      vertex   -3.161241e+01 3.998296e+01 -1.000000e+00
      vertex   -3.161241e+01 4.201704e+01 -1.000000e+00
      vertex   -3.173300e+01 3.993301e+01 -1.000000e+00
    endloop
  endfacet
  facet normal 0.000000e+00 -0.000000e+00 1.000000e+00
    outer loop
      vertex   -3.173300e+01 3.993301e+01 -1.000000e+00
      vertex   -3.161241e+01 4.201704e+01 -1.000000e+00
      vertex   -3.173300e+01 4.206699e+01 -1.000000e+00
    endloop
  endfacet
  facet normal 0.000000e+00 0.000000e+00 1.000000e+00
    outer loop
      vertex   -3.173300e+01 3.993301e+01 -1.000000e+00
      vertex   -3.173300e+01 4.206699e+01 -1.000000e+00
      vertex   -3.183655e+01 3.985355e+01 -1.000000e+00
    endloop
  endfacet
  facet normal 0.000000e+00 -0.000000e+00 1.000000e+00
    outer loop
      vertex   -3.183655e+01 3.985355e+01 -1.000000e+00
      vertex   -3.173300e+01 4.206699e+01 -1.000000e+00
      vertex   -3.183655e+01 4.214645e+01 -1.000000e+00
    endloop
  endfacet
  facet normal 0.000000e+00 0.000000e+00 1.000000e+00
    outer loop
      vertex   -3.500000e+00 3.950000e+01 -1.000000e+00
      vertex   -3.517037e+00 3.937059e+01 -1.000000e+00
      vertex   0.000000e+00 3.107000e+01 -1.000000e+00
    endloop
  endfacet
  facet normal -0.000000e+00 0.000000e+00 1.000000e+00
    outer loop
      vertex   -8.750000e+00 5.193301e+01 -1.000000e+00
      vertex   -8.646447e+00 5.185355e+01 -1.000000e+00
      vertex   -5.828148e+00 5.285588e+01 -1.000000e+00
    endloop
  endfacet
  facet normal 0.000000e+00 0.000000e+00 1.000000e+00
    outer loop
      vertex   -5.828148e+00 5.285588e+01 -1.000000e+00
      vertex   -8.646447e+00 5.185355e+01 -1.000000e+00
      vertex   -5.875000e+00 5.250000e+01 -1.000000e+00
    endloop
  endfacet
  facet normal 0.000000e+00 0.000000e+00 1.000000e+00
    outer loop
      vertex   -5.875000e+00 5.250000e+01 -1.000000e+00
      vertex   -8.646447e+00 5.185355e+01 -1.000000e+00
      vertex   -8.566987e+00 5.175000e+01 -1.000000e+00
    endloop
  endfacet
  facet normal 0.000000e+00 0.000000e+00 1.000000e+00
    outer loop
      vertex   -5.875000e+00 5.250000e+01 -1.000000e+00
      vertex   -8.566987e+00 5.175000e+01 -1.000000e+00
      vertex   -5.828148e+00 5.214412e+01 -1.000000e+00
    endloop
  endfacet
  facet normal 0.000000e+00 0.000000e+00 1.000000e+00
    outer loop
      vertex   -5.828148e+00 5.214412e+01 -1.000000e+00
      vertex   -8.566987e+00 5.175000e+01 -1.000000e+00
      vertex   -8.517037e+00 5.162941e+01 -1.000000e+00
    endloop
  endfacet
  facet normal 0.000000e+00 0.000000e+00 1.000000e+00
    outer loop
      vertex   -5.828148e+00 5.214412e+01 -1.000000e+00
      vertex   -8.517037e+00 5.162941e+01 -1.000000e+00
      vertex   -8.500000e+00 5.150000e+01 -1.000000e+00
    endloop
  endfacet
  facet normal 0.000000e+00 0.000000e+00 1.000000e+00
    outer loop
      vertex   -5.828148e+00 5.214412e+01 -1.000000e+00
      vertex   -8.500000e+00 5.150000e+01 -1.000000e+00
      vertex   -5.690785e+00 5.181250e+01 -1.000000e+00
    endloop
  endfacet
  facet normal 0.000000e+00 0.000000e+00 1.000000e+00
    outer loop
      vertex   -5.690785e+00 5.181250e+01 -1.000000e+00
      vertex   -8.500000e+00 5.150000e+01 -1.000000e+00
      vertex   -8.517037e+00 5.137059e+01 -1.000000e+00
    endloop
  endfacet
  facet normal 0.000000e+00 0.000000e+00 1.000000e+00
    outer loop
      vertex   -5.690785e+00 5.181250e+01 -1.000000e+00
      vertex   -8.517037e+00 5.137059e+01 -1.000000e+00
      vertex   -5.472272e+00 5.152773e+01 -1.000000e+00
    endloop
  endfacet
  facet normal 0.000000e+00 0.000000e+00 1.000000e+00
    outer loop
      vertex   -5.472272e+00 5.152773e+01 -1.000000e+00
      vertex   -8.517037e+00 5.137059e+01 -1.000000e+00
      vertex   -8.566987e+00 5.125000e+01 -1.000000e+00
    endloop
  endfacet
  facet normal 0.000000e+00 0.000000e+00 1.000000e+00
    outer loop
      vertex   -5.472272e+00 5.152773e+01 -1.000000e+00
      vertex   -8.566987e+00 5.125000e+01 -1.000000e+00
      vertex   -8.646447e+00 5.114645e+01 -1.000000e+00
    endloop
  endfacet
  facet normal -0.000000e+00 0.000000e+00 1.000000e+00
    outer loop
      vertex   -3.171852e+00 5.285588e+01 -1.000000e+00
      vertex   -3.125000e+00 5.250000e+01 -1.000000e+00
      vertex   0.000000e+00 5.700000e+01 -1.000000e+00
    endloop
  endfacet
  facet normal 0.000000e+00 0.000000e+00 1.000000e+00
    outer loop
      vertex   0.000000e+00 5.700000e+01 -1.000000e+00
      vertex   -3.125000e+00 5.250000e+01 -1.000000e+00
      vertex   -3.171852e+00 5.214412e+01 -1.000000e+00
    endloop
  endfacet
  facet normal 0.000000e+00 0.000000e+00 1.000000e+00
    outer loop
      vertex   -4.855876e+00 5.117185e+01 -1.000000e+00
      vertex   -5.187500e+00 5.130922e+01 -1.000000e+00
      vertex   -4.000000e+00 4.900000e+01 -1.000000e+00
    endloop
  endfacet
  facet normal -0.000000e+00 0.000000e+00 1.000000e+00
    outer loop
      vertex   -4.144124e+00 5.382815e+01 -1.000000e+00
      vertex   -3.812500e+00 5.369078e+01 -1.000000e+00
      vertex   0.000000e+00 5.700000e+01 -1.000000e+00
    endloop
  endfacet
  facet normal 0.000000e+00 0.000000e+00 1.000000e+00
    outer loop
      vertex   0.000000e+00 5.700000e+01 -1.000000e+00
      vertex   -3.812500e+00 5.369078e+01 -1.000000e+00
      vertex   -3.527728e+00 5.347227e+01 -1.000000e+00
    endloop
  endfacet
  facet normal 0.000000e+00 0.000000e+00 1.000000e+00
    outer loop
      vertex   0.000000e+00 5.700000e+01 -1.000000e+00
      vertex   -3.527728e+00 5.347227e+01 -1.000000e+00
      vertex   -3.309215e+00 5.318750e+01 -1.000000e+00
    endloop
  endfacet
  facet normal -0.000000e+00 0.000000e+00 1.000000e+00
    outer loop
      vertex   -3.309215e+00 5.318750e+01 -1.000000e+00
      vertex   -3.171852e+00 5.285588e+01 -1.000000e+00
      vertex   0.000000e+00 5.700000e+01 -1.000000e+00
    endloop
  endfacet
  facet normal -0.000000e+00 0.000000e+00 1.000000e+00
    outer loop
      vertex   -6.117185e+01 5.214412e+01 -1.000000e+00
      vertex   -5.839901e+01 5.175000e+01 -1.000000e+00
      vertex   -6.112500e+01 5.250000e+01 -1.000000e+00
    endloop
  endfacet
  facet normal 0.000000e+00 0.000000e+00 1.000000e+00
    outer loop
      vertex   -6.112500e+01 5.250000e+01 -1.000000e+00
      vertex   -5.839901e+01 5.175000e+01 -1.000000e+00
      vertex   -5.831955e+01 5.185355e+01 -1.000000e+00
    endloop
  endfacet
  facet normal -0.000000e+00 -0.000000e+00 1.000000e+00
    outer loop
      vertex   -6.112500e+01 5.250000e+01 -1.000000e+00
      vertex   -5.831955e+01 5.185355e+01 -1.000000e+00
      vertex   -6.117185e+01 5.285588e+01 -1.000000e+00
    endloop
  endfacet
  facet normal 0.000000e+00 0.000000e+00 1.000000e+00
    outer loop
      vertex   -6.117185e+01 5.285588e+01 -1.000000e+00
      vertex   -5.831955e+01 5.185355e+01 -1.000000e+00
      vertex   -5.821600e+01 5.193301e+01 -1.000000e+00
    endloop
  endfacet
  facet normal -0.000000e+00 0.000000e+00 1.000000e+00
    outer loop
      vertex   -6.117185e+01 5.285588e+01 -1.000000e+00
      vertex   -5.821600e+01 5.193301e+01 -1.000000e+00
      vertex   -5.821600e+01 5.406699e+01 -1.000000e+00
    endloop
  endfacet
  facet normal 0.000000e+00 0.000000e+00 1.000000e+00
    outer loop
      vertex   -5.821600e+01 5.406699e+01 -1.000000e+00
      vertex   -5.821600e+01 5.193301e+01 -1.000000e+00
      vertex   -5.809541e+01 5.401704e+01 -1.000000e+00
    endloop
  endfacet
  facet normal 0.000000e+00 0.000000e+00 1.000000e+00
    outer loop
      vertex   -5.809541e+01 5.401704e+01 -1.000000e+00
      vertex   -5.821600e+01 5.193301e+01 -1.000000e+00
      vertex   -5.809541e+01 5.198296e+01 -1.000000e+00
    endloop
  endfacet
  facet normal 0.000000e+00 0.000000e+00 1.000000e+00
    outer loop
      vertex   -5.809541e+01 5.401704e+01 -1.000000e+00
      vertex   -5.809541e+01 5.198296e+01 -1.000000e+00
      vertex   -5.796600e+01 5.400000e+01 -1.000000e+00
    endloop
  endfacet
  facet normal 0.000000e+00 0.000000e+00 1.000000e+00
    outer loop
      vertex   -5.796600e+01 5.400000e+01 -1.000000e+00
      vertex   -5.809541e+01 5.198296e+01 -1.000000e+00
      vertex   -5.796600e+01 5.200000e+01 -1.000000e+00
    endloop
  endfacet
  facet normal 0.000000e+00 0.000000e+00 1.000000e+00
    outer loop
      vertex   -5.796600e+01 5.400000e+01 -1.000000e+00
      vertex   -5.796600e+01 5.200000e+01 -1.000000e+00
      vertex   -3.548300e+01 5.200000e+01 -1.000000e+00
    endloop
  endfacet
  facet normal -0.000000e+00 0.000000e+00 1.000000e+00
    outer loop
      vertex   -6.130922e+01 5.181250e+01 -1.000000e+00
      vertex   -5.846600e+01 5.150000e+01 -1.000000e+00
      vertex   -6.117185e+01 5.214412e+01 -1.000000e+00
    endloop
  endfacet
  facet normal 0.000000e+00 0.000000e+00 1.000000e+00
    outer loop
      vertex   -6.117185e+01 5.214412e+01 -1.000000e+00
      vertex   -5.846600e+01 5.150000e+01 -1.000000e+00
      vertex   -5.844896e+01 5.162941e+01 -1.000000e+00
    endloop
  endfacet
  facet normal 0.000000e+00 0.000000e+00 1.000000e+00
    outer loop
      vertex   -6.117185e+01 5.214412e+01 -1.000000e+00
      vertex   -5.844896e+01 5.162941e+01 -1.000000e+00
      vertex   -5.839901e+01 5.175000e+01 -1.000000e+00
    endloop
  endfacet
  facet normal 0.000000e+00 0.000000e+00 1.000000e+00
    outer loop
      vertex   -5.846600e+01 5.150000e+01 -1.000000e+00
      vertex   -6.130922e+01 5.181250e+01 -1.000000e+00
      vertex   -5.844896e+01 5.137059e+01 -1.000000e+00
    endloop
  endfacet
  facet normal 0.000000e+00 0.000000e+00 1.000000e+00
    outer loop
      vertex   -5.844896e+01 5.137059e+01 -1.000000e+00
      vertex   -6.130922e+01 5.181250e+01 -1.000000e+00
      vertex   -6.152773e+01 5.152773e+01 -1.000000e+00
    endloop
  endfacet
  facet normal 0.000000e+00 0.000000e+00 1.000000e+00
    outer loop
      vertex   -5.844896e+01 5.137059e+01 -1.000000e+00
      vertex   -6.152773e+01 5.152773e+01 -1.000000e+00
      vertex   -5.839901e+01 5.125000e+01 -1.000000e+00
    endloop
  endfacet
  facet normal 0.000000e+00 0.000000e+00 1.000000e+00
    outer loop
      vertex   -5.839901e+01 5.125000e+01 -1.000000e+00
      vertex   -6.152773e+01 5.152773e+01 -1.000000e+00
      vertex   -5.831955e+01 5.114645e+01 -1.000000e+00
    endloop
  endfacet
  facet normal 0.000000e+00 0.000000e+00 1.000000e+00
    outer loop
      vertex   -5.831955e+01 5.114645e+01 -1.000000e+00
      vertex   -6.152773e+01 5.152773e+01 -1.000000e+00
      vertex   -6.181250e+01 5.130922e+01 -1.000000e+00
    endloop
  endfacet
  facet normal 0.000000e+00 0.000000e+00 1.000000e+00
    outer loop
      vertex   -5.831955e+01 5.114645e+01 -1.000000e+00
      vertex   -6.181250e+01 5.130922e+01 -1.000000e+00
      vertex   -6.296600e+01 4.900000e+01 -1.000000e+00
    endloop
  endfacet
  facet normal 0.000000e+00 0.000000e+00 1.000000e+00
    outer loop
      vertex   -6.296600e+01 4.900000e+01 -1.000000e+00
      vertex   -6.181250e+01 5.130922e+01 -1.000000e+00
      vertex   -6.214412e+01 5.117185e+01 -1.000000e+00
    endloop
  endfacet
  facet normal 0.000000e+00 0.000000e+00 1.000000e+00
    outer loop
      vertex   -6.296600e+01 4.900000e+01 -1.000000e+00
      vertex   -6.214412e+01 5.117185e+01 -1.000000e+00
      vertex   -6.250000e+01 5.112500e+01 -1.000000e+00
    endloop
  endfacet
  facet normal 0.000000e+00 0.000000e+00 1.000000e+00
    outer loop
      vertex   -6.250000e+01 5.112500e+01 -1.000000e+00
      vertex   -6.285588e+01 5.117185e+01 -1.000000e+00
      vertex   -6.296600e+01 4.900000e+01 -1.000000e+00
    endloop
  endfacet
  facet normal 0.000000e+00 -0.000000e+00 1.000000e+00
    outer loop
      vertex   -6.296600e+01 4.900000e+01 -1.000000e+00
      vertex   -6.285588e+01 5.117185e+01 -1.000000e+00
      vertex   -6.309541e+01 4.898296e+01 -1.000000e+00
    endloop
  endfacet
  facet normal 0.000000e+00 -0.000000e+00 1.000000e+00
    outer loop
      vertex   -6.309541e+01 4.898296e+01 -1.000000e+00
      vertex   -6.285588e+01 5.117185e+01 -1.000000e+00
      vertex   -6.318750e+01 5.130922e+01 -1.000000e+00
    endloop
  endfacet
  facet normal 0.000000e+00 0.000000e+00 1.000000e+00
    outer loop
      vertex   -6.309541e+01 4.898296e+01 -1.000000e+00
      vertex   -6.318750e+01 5.130922e+01 -1.000000e+00
      vertex   -6.321600e+01 4.893301e+01 -1.000000e+00
    endloop
  endfacet
  facet normal 0.000000e+00 -0.000000e+00 1.000000e+00
    outer loop
      vertex   -6.321600e+01 4.893301e+01 -1.000000e+00
      vertex   -6.318750e+01 5.130922e+01 -1.000000e+00
      vertex   -6.331955e+01 4.885355e+01 -1.000000e+00
    endloop
  endfacet
  facet normal 0.000000e+00 -0.000000e+00 1.000000e+00
    outer loop
      vertex   -6.331955e+01 4.885355e+01 -1.000000e+00
      vertex   -6.318750e+01 5.130922e+01 -1.000000e+00
      vertex   -6.347227e+01 5.152773e+01 -1.000000e+00
    endloop
  endfacet
  facet normal 0.000000e+00 0.000000e+00 1.000000e+00
    outer loop
      vertex   -6.331955e+01 4.885355e+01 -1.000000e+00
      vertex   -6.347227e+01 5.152773e+01 -1.000000e+00
      vertex   -6.339901e+01 4.875000e+01 -1.000000e+00
    endloop
  endfacet
  facet normal 0.000000e+00 0.000000e+00 1.000000e+00
    outer loop
      vertex   -6.339901e+01 4.875000e+01 -1.000000e+00
      vertex   -6.347227e+01 5.152773e+01 -1.000000e+00
      vertex   -6.369078e+01 5.181250e+01 -1.000000e+00
    endloop
  endfacet
  facet normal 0.000000e+00 0.000000e+00 1.000000e+00
    outer loop
      vertex   -6.339901e+01 4.875000e+01 -1.000000e+00
      vertex   -6.369078e+01 5.181250e+01 -1.000000e+00
      vertex   -6.344896e+01 4.862941e+01 -1.000000e+00
    endloop
  endfacet
  facet normal 0.000000e+00 0.000000e+00 1.000000e+00
    outer loop
      vertex   -6.344896e+01 4.862941e+01 -1.000000e+00
      vertex   -6.369078e+01 5.181250e+01 -1.000000e+00
      vertex   -6.382815e+01 5.214412e+01 -1.000000e+00
    endloop
  endfacet
  facet normal 0.000000e+00 0.000000e+00 1.000000e+00
    outer loop
      vertex   -6.344896e+01 4.862941e+01 -1.000000e+00
      vertex   -6.382815e+01 5.214412e+01 -1.000000e+00
      vertex   -6.346600e+01 4.850000e+01 -1.000000e+00
    endloop
  endfacet
  facet normal 0.000000e+00 0.000000e+00 1.000000e+00
    outer loop
      vertex   -6.346600e+01 4.850000e+01 -1.000000e+00
      vertex   -6.382815e+01 5.214412e+01 -1.000000e+00
      vertex   -6.696600e+01 5.700000e+01 -1.000000e+00
    endloop
  endfacet
  facet normal 0.000000e+00 0.000000e+00 1.000000e+00
    outer loop
      vertex   -6.346600e+01 4.850000e+01 -1.000000e+00
      vertex   -6.696600e+01 5.700000e+01 -1.000000e+00
      vertex   -6.346600e+01 4.550000e+01 -1.000000e+00
    endloop
  endfacet
  facet normal 0.000000e+00 0.000000e+00 1.000000e+00
    outer loop
      vertex   -6.346600e+01 4.550000e+01 -1.000000e+00
      vertex   -6.696600e+01 5.700000e+01 -1.000000e+00
      vertex   -6.346600e+01 4.250000e+01 -1.000000e+00
    endloop
  endfacet
  facet normal 0.000000e+00 0.000000e+00 1.000000e+00
    outer loop
      vertex   -6.346600e+01 4.550000e+01 -1.000000e+00
      vertex   -6.346600e+01 4.250000e+01 -1.000000e+00
      vertex   -6.344896e+01 4.537059e+01 -1.000000e+00
    endloop
  endfacet
  facet normal 0.000000e+00 0.000000e+00 1.000000e+00
    outer loop
      vertex   -6.344896e+01 4.537059e+01 -1.000000e+00
      vertex   -6.346600e+01 4.250000e+01 -1.000000e+00
      vertex   -6.344896e+01 4.262941e+01 -1.000000e+00
    endloop
  endfacet
  facet normal 0.000000e+00 0.000000e+00 1.000000e+00
    outer loop
      vertex   -6.344896e+01 4.537059e+01 -1.000000e+00
      vertex   -6.344896e+01 4.262941e+01 -1.000000e+00
      vertex   -6.339901e+01 4.525000e+01 -1.000000e+00
    endloop
  endfacet
  facet normal 0.000000e+00 0.000000e+00 1.000000e+00
    outer loop
      vertex   -6.339901e+01 4.525000e+01 -1.000000e+00
      vertex   -6.344896e+01 4.262941e+01 -1.000000e+00
      vertex   -6.339901e+01 4.275000e+01 -1.000000e+00
    endloop
  endfacet
  facet normal 0.000000e+00 0.000000e+00 1.000000e+00
    outer loop
      vertex   -6.339901e+01 4.525000e+01 -1.000000e+00
      vertex   -6.339901e+01 4.275000e+01 -1.000000e+00
      vertex   -6.331955e+01 4.514645e+01 -1.000000e+00
    endloop
  endfacet
  facet normal 0.000000e+00 0.000000e+00 1.000000e+00
    outer loop
      vertex   -6.331955e+01 4.514645e+01 -1.000000e+00
      vertex   -6.339901e+01 4.275000e+01 -1.000000e+00
      vertex   -6.331955e+01 4.285355e+01 -1.000000e+00
    endloop
  endfacet
  facet normal 0.000000e+00 0.000000e+00 1.000000e+00
    outer loop
      vertex   -6.331955e+01 4.514645e+01 -1.000000e+00
      vertex   -6.331955e+01 4.285355e+01 -1.000000e+00
      vertex   -6.321600e+01 4.506699e+01 -1.000000e+00
    endloop
  endfacet
  facet normal 0.000000e+00 0.000000e+00 1.000000e+00
    outer loop
      vertex   -6.321600e+01 4.506699e+01 -1.000000e+00
      vertex   -6.331955e+01 4.285355e+01 -1.000000e+00
      vertex   -6.321600e+01 4.293301e+01 -1.000000e+00
    endloop
  endfacet
  facet normal 0.000000e+00 0.000000e+00 1.000000e+00
    outer loop
      vertex   -6.321600e+01 4.506699e+01 -1.000000e+00
      vertex   -6.321600e+01 4.293301e+01 -1.000000e+00
      vertex   -6.309541e+01 4.501704e+01 -1.000000e+00
    endloop
  endfacet
  facet normal 0.000000e+00 0.000000e+00 1.000000e+00
    outer loop
      vertex   -6.309541e+01 4.501704e+01 -1.000000e+00
      vertex   -6.321600e+01 4.293301e+01 -1.000000e+00
      vertex   -6.309541e+01 4.298296e+01 -1.000000e+00
    endloop
  endfacet
  facet normal 0.000000e+00 0.000000e+00 1.000000e+00
    outer loop
      vertex   -6.309541e+01 4.501704e+01 -1.000000e+00
      vertex   -6.309541e+01 4.298296e+01 -1.000000e+00
      vertex   -6.296600e+01 4.500000e+01 -1.000000e+00
    endloop
  endfacet
  facet normal 0.000000e+00 0.000000e+00 1.000000e+00
    outer loop
      vertex   -6.296600e+01 4.500000e+01 -1.000000e+00
      vertex   -6.309541e+01 4.298296e+01 -1.000000e+00
      vertex   -6.296600e+01 4.300000e+01 -1.000000e+00
    endloop
  endfacet
  facet normal 0.000000e+00 0.000000e+00 1.000000e+00
    outer loop
      vertex   -6.296600e+01 4.500000e+01 -1.000000e+00
      vertex   -6.296600e+01 4.300000e+01 -1.000000e+00
      vertex   -3.548300e+01 4.500000e+01 -1.000000e+00
    endloop
  endfacet
  facet normal 0.000000e+00 0.000000e+00 1.000000e+00
    outer loop
      vertex   -3.548300e+01 4.500000e+01 -1.000000e+00
      vertex   -6.296600e+01 4.300000e+01 -1.000000e+00
      vertex   -3.548300e+01 4.300000e+01 -1.000000e+00
    endloop
  endfacet
  facet normal 0.000000e+00 0.000000e+00 1.000000e+00
    outer loop
      vertex   -3.548300e+01 4.500000e+01 -1.000000e+00
      vertex   -3.548300e+01 4.300000e+01 -1.000000e+00
      vertex   -3.535359e+01 4.298296e+01 -1.000000e+00
    endloop
  endfacet
  facet normal 0.000000e+00 0.000000e+00 1.000000e+00
    outer loop
      vertex   -6.382815e+01 5.214412e+01 -1.000000e+00
      vertex   -6.387500e+01 5.250000e+01 -1.000000e+00
      vertex   -6.696600e+01 5.700000e+01 -1.000000e+00
    endloop
  endfacet
  facet normal 0.000000e+00 0.000000e+00 1.000000e+00
    outer loop
      vertex   -6.696600e+01 5.700000e+01 -1.000000e+00
      vertex   -6.387500e+01 5.250000e+01 -1.000000e+00
      vertex   -6.382815e+01 5.285588e+01 -1.000000e+00
    endloop
  endfacet
  facet normal 0.000000e+00 0.000000e+00 1.000000e+00
    outer loop
      vertex   -6.696600e+01 5.700000e+01 -1.000000e+00
      vertex   -6.382815e+01 5.285588e+01 -1.000000e+00
      vertex   -6.369078e+01 5.318750e+01 -1.000000e+00
    endloop
  endfacet
  facet normal 0.000000e+00 -0.000000e+00 1.000000e+00
    outer loop
      vertex   -6.369078e+01 5.318750e+01 -1.000000e+00
      vertex   -6.347227e+01 5.347227e+01 -1.000000e+00
      vertex   -6.696600e+01 5.700000e+01 -1.000000e+00
    endloop
  endfacet
  facet normal 0.000000e+00 0.000000e+00 1.000000e+00
    outer loop
      vertex   -6.696600e+01 5.700000e+01 -1.000000e+00
      vertex   -6.347227e+01 5.347227e+01 -1.000000e+00
      vertex   -6.318750e+01 5.369078e+01 -1.000000e+00
    endloop
  endfacet
  facet normal 0.000000e+00 0.000000e+00 1.000000e+00
    outer loop
      vertex   -6.696600e+01 5.700000e+01 -1.000000e+00
      vertex   -6.318750e+01 5.369078e+01 -1.000000e+00
      vertex   -6.285588e+01 5.382815e+01 -1.000000e+00
    endloop
  endfacet
  facet normal 0.000000e+00 -0.000000e+00 1.000000e+00
    outer loop
      vertex   -6.285588e+01 5.382815e+01 -1.000000e+00
      vertex   -6.250000e+01 5.387500e+01 -1.000000e+00
      vertex   -6.696600e+01 5.700000e+01 -1.000000e+00
    endloop
  endfacet
  facet normal 0.000000e+00 0.000000e+00 1.000000e+00
    outer loop
      vertex   -6.696600e+01 5.700000e+01 -1.000000e+00
      vertex   -6.250000e+01 5.387500e+01 -1.000000e+00
      vertex   -5.821600e+01 5.493301e+01 -1.000000e+00
    endloop
  endfacet
  facet normal 0.000000e+00 0.000000e+00 1.000000e+00
    outer loop
      vertex   -6.696600e+01 5.700000e+01 -1.000000e+00
      vertex   -5.821600e+01 5.493301e+01 -1.000000e+00
      vertex   -5.809541e+01 5.498296e+01 -1.000000e+00
    endloop
  endfacet
  facet normal 0.000000e+00 0.000000e+00 1.000000e+00
    outer loop
      vertex   -5.821600e+01 5.493301e+01 -1.000000e+00
      vertex   -6.250000e+01 5.387500e+01 -1.000000e+00
      vertex   -5.831955e+01 5.485355e+01 -1.000000e+00
    endloop
  endfacet
  facet normal 0.000000e+00 0.000000e+00 1.000000e+00
    outer loop
      vertex   -5.831955e+01 5.485355e+01 -1.000000e+00
      vertex   -6.250000e+01 5.387500e+01 -1.000000e+00
      vertex   -6.214412e+01 5.382815e+01 -1.000000e+00
    endloop
  endfacet
  facet normal 0.000000e+00 0.000000e+00 1.000000e+00
    outer loop
      vertex   -5.831955e+01 5.485355e+01 -1.000000e+00
      vertex   -6.214412e+01 5.382815e+01 -1.000000e+00
      vertex   -5.839901e+01 5.475000e+01 -1.000000e+00
    endloop
  endfacet
  facet normal 0.000000e+00 0.000000e+00 1.000000e+00
    outer loop
      vertex   -5.839901e+01 5.475000e+01 -1.000000e+00
      vertex   -6.214412e+01 5.382815e+01 -1.000000e+00
      vertex   -6.181250e+01 5.369078e+01 -1.000000e+00
    endloop
  endfacet
  facet normal 0.000000e+00 0.000000e+00 1.000000e+00
    outer loop
      vertex   -5.839901e+01 5.475000e+01 -1.000000e+00
      vertex   -6.181250e+01 5.369078e+01 -1.000000e+00
      vertex   -5.844896e+01 5.462941e+01 -1.000000e+00
    endloop
  endfacet
  facet normal 0.000000e+00 0.000000e+00 1.000000e+00
    outer loop
      vertex   -5.844896e+01 5.462941e+01 -1.000000e+00
      vertex   -6.181250e+01 5.369078e+01 -1.000000e+00
      vertex   -6.152773e+01 5.347227e+01 -1.000000e+00
    endloop
  endfacet
  facet normal 0.000000e+00 0.000000e+00 1.000000e+00
    outer loop
      vertex   -5.844896e+01 5.462941e+01 -1.000000e+00
      vertex   -6.152773e+01 5.347227e+01 -1.000000e+00
      vertex   -5.846600e+01 5.450000e+01 -1.000000e+00
    endloop
  endfacet
  facet normal 0.000000e+00 0.000000e+00 1.000000e+00
    outer loop
      vertex   -5.846600e+01 5.450000e+01 -1.000000e+00
      vertex   -6.152773e+01 5.347227e+01 -1.000000e+00
      vertex   -5.844896e+01 5.437059e+01 -1.000000e+00
    endloop
  endfacet
  facet normal 0.000000e+00 0.000000e+00 1.000000e+00
    outer loop
      vertex   -5.844896e+01 5.437059e+01 -1.000000e+00
      vertex   -6.152773e+01 5.347227e+01 -1.000000e+00
      vertex   -6.130922e+01 5.318750e+01 -1.000000e+00
    endloop
  endfacet
  facet normal 0.000000e+00 0.000000e+00 1.000000e+00
    outer loop
      vertex   -5.844896e+01 5.437059e+01 -1.000000e+00
      vertex   -6.130922e+01 5.318750e+01 -1.000000e+00
      vertex   -5.839901e+01 5.425000e+01 -1.000000e+00
    endloop
  endfacet
  facet normal 0.000000e+00 0.000000e+00 1.000000e+00
    outer loop
      vertex   -5.839901e+01 5.425000e+01 -1.000000e+00
      vertex   -6.130922e+01 5.318750e+01 -1.000000e+00
      vertex   -6.117185e+01 5.285588e+01 -1.000000e+00
    endloop
  endfacet
  facet normal 0.000000e+00 0.000000e+00 1.000000e+00
    outer loop
      vertex   -5.839901e+01 5.425000e+01 -1.000000e+00
      vertex   -6.117185e+01 5.285588e+01 -1.000000e+00
      vertex   -5.831955e+01 5.414645e+01 -1.000000e+00
    endloop
  endfacet
  facet normal 0.000000e+00 0.000000e+00 1.000000e+00
    outer loop
      vertex   -5.831955e+01 5.414645e+01 -1.000000e+00
      vertex   -6.117185e+01 5.285588e+01 -1.000000e+00
      vertex   -5.821600e+01 5.406699e+01 -1.000000e+00
    endloop
  endfacet
  facet normal -0.000000e+00 0.000000e+00 1.000000e+00
    outer loop
      vertex   -6.117185e+01 3.144124e+00 -1.000000e+00
      vertex   -6.100000e+01 3.441691e-14 -1.000000e+00
      vertex   -6.112500e+01 3.500000e+00 -1.000000e+00
    endloop
  endfacet
  facet normal -0.000000e+00 0.000000e+00 1.000000e+00
    outer loop
      vertex   -6.112500e+01 3.500000e+00 -1.000000e+00
      vertex   -6.100000e+01 3.441691e-14 -1.000000e+00
      vertex   -6.100000e+01 3.107000e+01 -1.000000e+00
    endloop
  endfacet
  facet normal 0.000000e+00 -0.000000e+00 1.000000e+00
    outer loop
      vertex   -6.112500e+01 3.500000e+00 -1.000000e+00
      vertex   -6.100000e+01 3.107000e+01 -1.000000e+00
      vertex   -6.117185e+01 3.855876e+00 -1.000000e+00
    endloop
  endfacet
  facet normal 0.000000e+00 -0.000000e+00 1.000000e+00
    outer loop
      vertex   -6.117185e+01 3.855876e+00 -1.000000e+00
      vertex   -6.100000e+01 3.107000e+01 -1.000000e+00
      vertex   -6.130922e+01 4.187500e+00 -1.000000e+00
    endloop
  endfacet
  facet normal 0.000000e+00 -0.000000e+00 1.000000e+00
    outer loop
      vertex   -6.130922e+01 4.187500e+00 -1.000000e+00
      vertex   -6.100000e+01 3.107000e+01 -1.000000e+00
      vertex   -6.152773e+01 4.472272e+00 -1.000000e+00
    endloop
  endfacet
  facet normal 0.000000e+00 -0.000000e+00 1.000000e+00
    outer loop
      vertex   -6.152773e+01 4.472272e+00 -1.000000e+00
      vertex   -6.100000e+01 3.107000e+01 -1.000000e+00
      vertex   -6.181250e+01 4.690785e+00 -1.000000e+00
    endloop
  endfacet
  facet normal 0.000000e+00 -0.000000e+00 1.000000e+00
    outer loop
      vertex   -6.181250e+01 4.690785e+00 -1.000000e+00
      vertex   -6.100000e+01 3.107000e+01 -1.000000e+00
      vertex   -6.214412e+01 4.828148e+00 -1.000000e+00
    endloop
  endfacet
  facet normal 0.000000e+00 -0.000000e+00 1.000000e+00
    outer loop
      vertex   -6.214412e+01 4.828148e+00 -1.000000e+00
      vertex   -6.100000e+01 3.107000e+01 -1.000000e+00
      vertex   -6.250000e+01 4.875000e+00 -1.000000e+00
    endloop
  endfacet
  facet normal 0.000000e+00 -0.000000e+00 1.000000e+00
    outer loop
      vertex   -6.250000e+01 4.875000e+00 -1.000000e+00
      vertex   -6.100000e+01 3.107000e+01 -1.000000e+00
      vertex   -6.285588e+01 4.828148e+00 -1.000000e+00
    endloop
  endfacet
  facet normal 0.000000e+00 -0.000000e+00 1.000000e+00
    outer loop
      vertex   -6.285588e+01 4.828148e+00 -1.000000e+00
      vertex   -6.100000e+01 3.107000e+01 -1.000000e+00
      vertex   -6.318750e+01 4.690785e+00 -1.000000e+00
    endloop
  endfacet
  facet normal 0.000000e+00 -0.000000e+00 1.000000e+00
    outer loop
      vertex   -6.318750e+01 4.690785e+00 -1.000000e+00
      vertex   -6.100000e+01 3.107000e+01 -1.000000e+00
      vertex   -6.347227e+01 4.472272e+00 -1.000000e+00
    endloop
  endfacet
  facet normal 0.000000e+00 0.000000e+00 1.000000e+00
    outer loop
      vertex   -6.347227e+01 4.472272e+00 -1.000000e+00
      vertex   -6.100000e+01 3.107000e+01 -1.000000e+00
      vertex   -6.331955e+01 3.314645e+01 -1.000000e+00
    endloop
  endfacet
  facet normal 0.000000e+00 0.000000e+00 1.000000e+00
    outer loop
      vertex   -6.347227e+01 4.472272e+00 -1.000000e+00
      vertex   -6.331955e+01 3.314645e+01 -1.000000e+00
      vertex   -6.339901e+01 3.325000e+01 -1.000000e+00
    endloop
  endfacet
  facet normal 0.000000e+00 0.000000e+00 1.000000e+00
    outer loop
      vertex   -6.117185e+01 3.144124e+00 -1.000000e+00
      vertex   -6.130922e+01 2.812500e+00 -1.000000e+00
      vertex   -6.100000e+01 3.441691e-14 -1.000000e+00
    endloop
  endfacet
  facet normal 0.000000e+00 0.000000e+00 1.000000e+00
    outer loop
      vertex   -6.100000e+01 3.441691e-14 -1.000000e+00
      vertex   -6.130922e+01 2.812500e+00 -1.000000e+00
      vertex   -6.152773e+01 2.527728e+00 -1.000000e+00
    endloop
  endfacet
  facet normal 0.000000e+00 0.000000e+00 1.000000e+00
    outer loop
      vertex   -6.100000e+01 3.441691e-14 -1.000000e+00
      vertex   -6.152773e+01 2.527728e+00 -1.000000e+00
      vertex   -6.181250e+01 2.309215e+00 -1.000000e+00
    endloop
  endfacet
  facet normal 0.000000e+00 0.000000e+00 1.000000e+00
    outer loop
      vertex   -6.181250e+01 2.309215e+00 -1.000000e+00
      vertex   -6.214412e+01 2.171852e+00 -1.000000e+00
      vertex   -6.100000e+01 3.441691e-14 -1.000000e+00
    endloop
  endfacet
  facet normal 0.000000e+00 0.000000e+00 1.000000e+00
    outer loop
      vertex   -6.100000e+01 3.441691e-14 -1.000000e+00
      vertex   -6.214412e+01 2.171852e+00 -1.000000e+00
      vertex   -6.250000e+01 2.125000e+00 -1.000000e+00
    endloop
  endfacet
  facet normal 0.000000e+00 0.000000e+00 1.000000e+00
    outer loop
      vertex   -6.100000e+01 3.441691e-14 -1.000000e+00
      vertex   -6.250000e+01 2.125000e+00 -1.000000e+00
      vertex   -6.285588e+01 2.171852e+00 -1.000000e+00
    endloop
  endfacet
  facet normal 0.000000e+00 0.000000e+00 1.000000e+00
    outer loop
      vertex   -6.100000e+01 3.441691e-14 -1.000000e+00
      vertex   -6.285588e+01 2.171852e+00 -1.000000e+00
      vertex   -6.696600e+01 0.000000e+00 -1.000000e+00
    endloop
  endfacet
  facet normal 0.000000e+00 0.000000e+00 1.000000e+00
    outer loop
      vertex   -6.696600e+01 0.000000e+00 -1.000000e+00
      vertex   -6.285588e+01 2.171852e+00 -1.000000e+00
      vertex   -6.318750e+01 2.309215e+00 -1.000000e+00
    endloop
  endfacet
  facet normal 0.000000e+00 0.000000e+00 1.000000e+00
    outer loop
      vertex   -6.696600e+01 0.000000e+00 -1.000000e+00
      vertex   -6.318750e+01 2.309215e+00 -1.000000e+00
      vertex   -6.347227e+01 2.527728e+00 -1.000000e+00
    endloop
  endfacet
  facet normal 0.000000e+00 0.000000e+00 1.000000e+00
    outer loop
      vertex   -6.347227e+01 2.527728e+00 -1.000000e+00
      vertex   -6.369078e+01 2.812500e+00 -1.000000e+00
      vertex   -6.696600e+01 0.000000e+00 -1.000000e+00
    endloop
  endfacet
  facet normal 0.000000e+00 0.000000e+00 1.000000e+00
    outer loop
      vertex   -6.696600e+01 0.000000e+00 -1.000000e+00
      vertex   -6.369078e+01 2.812500e+00 -1.000000e+00
      vertex   -6.382815e+01 3.144124e+00 -1.000000e+00
    endloop
  endfacet
  facet normal 0.000000e+00 0.000000e+00 1.000000e+00
    outer loop
      vertex   -6.696600e+01 0.000000e+00 -1.000000e+00
      vertex   -6.382815e+01 3.144124e+00 -1.000000e+00
      vertex   -6.387500e+01 3.500000e+00 -1.000000e+00
    endloop
  endfacet
  facet normal 0.000000e+00 -0.000000e+00 1.000000e+00
    outer loop
      vertex   -6.387500e+01 3.500000e+00 -1.000000e+00
      vertex   -6.382815e+01 3.855876e+00 -1.000000e+00
      vertex   -6.696600e+01 0.000000e+00 -1.000000e+00
    endloop
  endfacet
  facet normal 0.000000e+00 0.000000e+00 1.000000e+00
    outer loop
      vertex   -6.696600e+01 0.000000e+00 -1.000000e+00
      vertex   -6.382815e+01 3.855876e+00 -1.000000e+00
      vertex   -6.369078e+01 4.187500e+00 -1.000000e+00
    endloop
  endfacet
  facet normal 0.000000e+00 0.000000e+00 1.000000e+00
    outer loop
      vertex   -6.696600e+01 0.000000e+00 -1.000000e+00
      vertex   -6.369078e+01 4.187500e+00 -1.000000e+00
      vertex   -6.339901e+01 3.325000e+01 -1.000000e+00
    endloop
  endfacet
  facet normal 0.000000e+00 0.000000e+00 1.000000e+00
    outer loop
      vertex   -6.339901e+01 3.325000e+01 -1.000000e+00
      vertex   -6.369078e+01 4.187500e+00 -1.000000e+00
      vertex   -6.347227e+01 4.472272e+00 -1.000000e+00
    endloop
  endfacet
  facet normal 0.000000e+00 0.000000e+00 1.000000e+00
    outer loop
      vertex   -6.100000e+01 3.107000e+01 -1.000000e+00
      vertex   0.000000e+00 3.107000e+01 -1.000000e+00
      vertex   -3.148300e+01 3.300000e+01 -1.000000e+00
    endloop
  endfacet
  facet normal 0.000000e+00 -0.000000e+00 1.000000e+00
    outer loop
      vertex   -6.696600e+01 0.000000e+00 -1.000000e+00
      vertex   -6.346600e+01 3.350000e+01 -1.000000e+00
      vertex   -6.696600e+01 5.700000e+01 -1.000000e+00
    endloop
  endfacet
  facet normal 0.000000e+00 0.000000e+00 1.000000e+00
    outer loop
      vertex   -6.696600e+01 5.700000e+01 -1.000000e+00
      vertex   -6.346600e+01 3.350000e+01 -1.000000e+00
      vertex   -6.346600e+01 3.650000e+01 -1.000000e+00
    endloop
  endfacet
  facet normal 0.000000e+00 0.000000e+00 1.000000e+00
    outer loop
      vertex   -6.696600e+01 5.700000e+01 -1.000000e+00
      vertex   -6.346600e+01 3.650000e+01 -1.000000e+00
      vertex   -6.346600e+01 3.950000e+01 -1.000000e+00
    endloop
  endfacet
  facet normal 0.000000e+00 0.000000e+00 1.000000e+00
    outer loop
      vertex   -6.346600e+01 3.950000e+01 -1.000000e+00
      vertex   -6.346600e+01 3.650000e+01 -1.000000e+00
      vertex   -6.344896e+01 3.937059e+01 -1.000000e+00
    endloop
  endfacet
  facet normal 0.000000e+00 0.000000e+00 1.000000e+00
    outer loop
      vertex   -6.344896e+01 3.937059e+01 -1.000000e+00
      vertex   -6.346600e+01 3.650000e+01 -1.000000e+00
      vertex   -6.344896e+01 3.662941e+01 -1.000000e+00
    endloop
  endfacet
  facet normal 0.000000e+00 0.000000e+00 1.000000e+00
    outer loop
      vertex   -6.344896e+01 3.937059e+01 -1.000000e+00
      vertex   -6.344896e+01 3.662941e+01 -1.000000e+00
      vertex   -6.339901e+01 3.925000e+01 -1.000000e+00
    endloop
  endfacet
  facet normal 0.000000e+00 0.000000e+00 1.000000e+00
    outer loop
      vertex   -6.339901e+01 3.925000e+01 -1.000000e+00
      vertex   -6.344896e+01 3.662941e+01 -1.000000e+00
      vertex   -6.339901e+01 3.675000e+01 -1.000000e+00
    endloop
  endfacet
  facet normal 0.000000e+00 0.000000e+00 1.000000e+00
    outer loop
      vertex   -6.339901e+01 3.925000e+01 -1.000000e+00
      vertex   -6.339901e+01 3.675000e+01 -1.000000e+00
      vertex   -6.331955e+01 3.914645e+01 -1.000000e+00
    endloop
  endfacet
  facet normal 0.000000e+00 0.000000e+00 1.000000e+00
    outer loop
      vertex   -6.331955e+01 3.914645e+01 -1.000000e+00
      vertex   -6.339901e+01 3.675000e+01 -1.000000e+00
      vertex   -6.331955e+01 3.685355e+01 -1.000000e+00
    endloop
  endfacet
  facet normal 0.000000e+00 0.000000e+00 1.000000e+00
    outer loop
      vertex   -6.331955e+01 3.914645e+01 -1.000000e+00
      vertex   -6.331955e+01 3.685355e+01 -1.000000e+00
      vertex   -6.321600e+01 3.906699e+01 -1.000000e+00
    endloop
  endfacet
  facet normal 0.000000e+00 0.000000e+00 1.000000e+00
    outer loop
      vertex   -6.321600e+01 3.906699e+01 -1.000000e+00
      vertex   -6.331955e+01 3.685355e+01 -1.000000e+00
      vertex   -6.321600e+01 3.693301e+01 -1.000000e+00
    endloop
  endfacet
  facet normal 0.000000e+00 0.000000e+00 1.000000e+00
    outer loop
      vertex   -6.321600e+01 3.906699e+01 -1.000000e+00
      vertex   -6.321600e+01 3.693301e+01 -1.000000e+00
      vertex   -6.309541e+01 3.901704e+01 -1.000000e+00
    endloop
  endfacet
  facet normal 0.000000e+00 0.000000e+00 1.000000e+00
    outer loop
      vertex   -6.309541e+01 3.901704e+01 -1.000000e+00
      vertex   -6.321600e+01 3.693301e+01 -1.000000e+00
      vertex   -6.309541e+01 3.698296e+01 -1.000000e+00
    endloop
  endfacet
  facet normal 0.000000e+00 0.000000e+00 1.000000e+00
    outer loop
      vertex   -6.309541e+01 3.901704e+01 -1.000000e+00
      vertex   -6.309541e+01 3.698296e+01 -1.000000e+00
      vertex   -6.296600e+01 3.900000e+01 -1.000000e+00
    endloop
  endfacet
  facet normal 0.000000e+00 0.000000e+00 1.000000e+00
    outer loop
      vertex   -6.296600e+01 3.900000e+01 -1.000000e+00
      vertex   -6.309541e+01 3.698296e+01 -1.000000e+00
      vertex   -6.296600e+01 3.700000e+01 -1.000000e+00
    endloop
  endfacet
  facet normal 0.000000e+00 0.000000e+00 1.000000e+00
    outer loop
      vertex   -6.296600e+01 3.900000e+01 -1.000000e+00
      vertex   -6.296600e+01 3.700000e+01 -1.000000e+00
      vertex   -3.548300e+01 3.900000e+01 -1.000000e+00
    endloop
  endfacet
  facet normal 0.000000e+00 0.000000e+00 1.000000e+00
    outer loop
      vertex   -3.548300e+01 3.900000e+01 -1.000000e+00
      vertex   -6.296600e+01 3.700000e+01 -1.000000e+00
      vertex   -3.548300e+01 3.700000e+01 -1.000000e+00
    endloop
  endfacet
  facet normal 0.000000e+00 0.000000e+00 1.000000e+00
    outer loop
      vertex   -3.548300e+01 3.900000e+01 -1.000000e+00
      vertex   -3.548300e+01 3.700000e+01 -1.000000e+00
      vertex   -3.535359e+01 3.698296e+01 -1.000000e+00
    endloop
  endfacet
  facet normal 0.000000e+00 -0.000000e+00 1.000000e+00
    outer loop
      vertex   -5.809541e+01 5.498296e+01 -1.000000e+00
      vertex   -5.796600e+01 5.500000e+01 -1.000000e+00
      vertex   -6.696600e+01 5.700000e+01 -1.000000e+00
    endloop
  endfacet
  facet normal 0.000000e+00 0.000000e+00 1.000000e+00
    outer loop
      vertex   -6.696600e+01 5.700000e+01 -1.000000e+00
      vertex   -5.796600e+01 5.500000e+01 -1.000000e+00
      vertex   -3.548300e+01 5.500000e+01 -1.000000e+00
    endloop
  endfacet
  facet normal 0.000000e+00 0.000000e+00 1.000000e+00
    outer loop
      vertex   -3.512945e+01 5.414645e+01 -1.000000e+00
      vertex   -3.523300e+01 5.406699e+01 -1.000000e+00
      vertex   -3.512945e+01 5.185355e+01 -1.000000e+00
    endloop
  endfacet
  facet normal 0.000000e+00 0.000000e+00 1.000000e+00
    outer loop
      vertex   -3.512945e+01 5.185355e+01 -1.000000e+00
      vertex   -3.523300e+01 5.406699e+01 -1.000000e+00
      vertex   -3.523300e+01 5.193301e+01 -1.000000e+00
    endloop
  endfacet
  facet normal 0.000000e+00 0.000000e+00 1.000000e+00
    outer loop
      vertex   -3.523300e+01 5.193301e+01 -1.000000e+00
      vertex   -3.523300e+01 5.406699e+01 -1.000000e+00
      vertex   -3.535359e+01 5.401704e+01 -1.000000e+00
    endloop
  endfacet
  facet normal 0.000000e+00 0.000000e+00 1.000000e+00
    outer loop
      vertex   -3.523300e+01 5.193301e+01 -1.000000e+00
      vertex   -3.535359e+01 5.401704e+01 -1.000000e+00
      vertex   -3.535359e+01 5.198296e+01 -1.000000e+00
    endloop
  endfacet
  facet normal 0.000000e+00 0.000000e+00 1.000000e+00
    outer loop
      vertex   -3.535359e+01 5.198296e+01 -1.000000e+00
      vertex   -3.535359e+01 5.401704e+01 -1.000000e+00
      vertex   -3.548300e+01 5.400000e+01 -1.000000e+00
    endloop
  endfacet
  facet normal 0.000000e+00 0.000000e+00 1.000000e+00
    outer loop
      vertex   -3.535359e+01 5.198296e+01 -1.000000e+00
      vertex   -3.548300e+01 5.400000e+01 -1.000000e+00
      vertex   -3.548300e+01 5.200000e+01 -1.000000e+00
    endloop
  endfacet
  facet normal 0.000000e+00 0.000000e+00 1.000000e+00
    outer loop
      vertex   -3.548300e+01 5.200000e+01 -1.000000e+00
      vertex   -3.548300e+01 5.400000e+01 -1.000000e+00
      vertex   -5.796600e+01 5.400000e+01 -1.000000e+00
    endloop
  endfacet
  facet normal -0.000000e+00 0.000000e+00 1.000000e+00
    outer loop
      vertex   -3.548300e+01 3.900000e+01 -1.000000e+00
      vertex   -3.535359e+01 3.698296e+01 -1.000000e+00
      vertex   -3.535359e+01 3.901704e+01 -1.000000e+00
    endloop
  endfacet
  facet normal 0.000000e+00 0.000000e+00 1.000000e+00
    outer loop
      vertex   -3.535359e+01 3.901704e+01 -1.000000e+00
      vertex   -3.535359e+01 3.698296e+01 -1.000000e+00
      vertex   -3.523300e+01 3.693301e+01 -1.000000e+00
    endloop
  endfacet
  facet normal -0.000000e+00 0.000000e+00 1.000000e+00
    outer loop
      vertex   -3.535359e+01 3.901704e+01 -1.000000e+00
      vertex   -3.523300e+01 3.693301e+01 -1.000000e+00
      vertex   -3.523300e+01 3.906699e+01 -1.000000e+00
    endloop
  endfacet
  facet normal 0.000000e+00 0.000000e+00 1.000000e+00
    outer loop
      vertex   -3.523300e+01 3.906699e+01 -1.000000e+00
      vertex   -3.523300e+01 3.693301e+01 -1.000000e+00
      vertex   -3.512945e+01 3.685355e+01 -1.000000e+00
    endloop
  endfacet
  facet normal -0.000000e+00 0.000000e+00 1.000000e+00
    outer loop
      vertex   -3.523300e+01 3.906699e+01 -1.000000e+00
      vertex   -3.512945e+01 3.685355e+01 -1.000000e+00
      vertex   -3.512945e+01 3.914645e+01 -1.000000e+00
    endloop
  endfacet
  facet normal 0.000000e+00 0.000000e+00 1.000000e+00
    outer loop
      vertex   -3.512945e+01 3.614645e+01 -1.000000e+00
      vertex   -3.523300e+01 3.606699e+01 -1.000000e+00
      vertex   -3.512945e+01 3.385355e+01 -1.000000e+00
    endloop
  endfacet
  facet normal 0.000000e+00 0.000000e+00 1.000000e+00
    outer loop
      vertex   -3.512945e+01 3.385355e+01 -1.000000e+00
      vertex   -3.523300e+01 3.606699e+01 -1.000000e+00
      vertex   -3.523300e+01 3.393301e+01 -1.000000e+00
    endloop
  endfacet
  facet normal 0.000000e+00 -0.000000e+00 1.000000e+00
    outer loop
      vertex   -3.523300e+01 3.393301e+01 -1.000000e+00
      vertex   -3.523300e+01 3.606699e+01 -1.000000e+00
      vertex   -3.535359e+01 3.601704e+01 -1.000000e+00
    endloop
  endfacet
  facet normal 0.000000e+00 0.000000e+00 1.000000e+00
    outer loop
      vertex   -3.523300e+01 3.393301e+01 -1.000000e+00
      vertex   -3.535359e+01 3.601704e+01 -1.000000e+00
      vertex   -3.535359e+01 3.398296e+01 -1.000000e+00
    endloop
  endfacet
  facet normal 0.000000e+00 -0.000000e+00 1.000000e+00
    outer loop
      vertex   -3.535359e+01 3.398296e+01 -1.000000e+00
      vertex   -3.535359e+01 3.601704e+01 -1.000000e+00
      vertex   -3.548300e+01 3.600000e+01 -1.000000e+00
    endloop
  endfacet
  facet normal 0.000000e+00 0.000000e+00 1.000000e+00
    outer loop
      vertex   -3.535359e+01 3.398296e+01 -1.000000e+00
      vertex   -3.548300e+01 3.600000e+01 -1.000000e+00
      vertex   -3.548300e+01 3.400000e+01 -1.000000e+00
    endloop
  endfacet
  facet normal 0.000000e+00 -0.000000e+00 1.000000e+00
    outer loop
      vertex   -3.548300e+01 3.400000e+01 -1.000000e+00
      vertex   -3.548300e+01 3.600000e+01 -1.000000e+00
      vertex   -6.296600e+01 3.400000e+01 -1.000000e+00
    endloop
  endfacet
  facet normal 0.000000e+00 -0.000000e+00 1.000000e+00
    outer loop
      vertex   -6.296600e+01 3.400000e+01 -1.000000e+00
      vertex   -3.548300e+01 3.600000e+01 -1.000000e+00
      vertex   -6.296600e+01 3.600000e+01 -1.000000e+00
    endloop
  endfacet
  facet normal 0.000000e+00 0.000000e+00 1.000000e+00
    outer loop
      vertex   -6.296600e+01 3.400000e+01 -1.000000e+00
      vertex   -6.296600e+01 3.600000e+01 -1.000000e+00
      vertex   -6.309541e+01 3.398296e+01 -1.000000e+00
    endloop
  endfacet
  facet normal 0.000000e+00 -0.000000e+00 1.000000e+00
    outer loop
      vertex   -6.309541e+01 3.398296e+01 -1.000000e+00
      vertex   -6.296600e+01 3.600000e+01 -1.000000e+00
      vertex   -6.309541e+01 3.601704e+01 -1.000000e+00
    endloop
  endfacet
  facet normal 0.000000e+00 0.000000e+00 1.000000e+00
    outer loop
      vertex   -6.309541e+01 3.398296e+01 -1.000000e+00
      vertex   -6.309541e+01 3.601704e+01 -1.000000e+00
      vertex   -6.321600e+01 3.393301e+01 -1.000000e+00
    endloop
  endfacet
  facet normal 0.000000e+00 -0.000000e+00 1.000000e+00
    outer loop
      vertex   -6.321600e+01 3.393301e+01 -1.000000e+00
      vertex   -6.309541e+01 3.601704e+01 -1.000000e+00
      vertex   -6.321600e+01 3.606699e+01 -1.000000e+00
    endloop
  endfacet
  facet normal 0.000000e+00 0.000000e+00 1.000000e+00
    outer loop
      vertex   -6.321600e+01 3.393301e+01 -1.000000e+00
      vertex   -6.321600e+01 3.606699e+01 -1.000000e+00
      vertex   -6.331955e+01 3.385355e+01 -1.000000e+00
    endloop
  endfacet
  facet normal 0.000000e+00 -0.000000e+00 1.000000e+00
    outer loop
      vertex   -6.331955e+01 3.385355e+01 -1.000000e+00
      vertex   -6.321600e+01 3.606699e+01 -1.000000e+00
      vertex   -6.331955e+01 3.614645e+01 -1.000000e+00
    endloop
  endfacet
  facet normal 0.000000e+00 0.000000e+00 1.000000e+00
    outer loop
      vertex   -6.331955e+01 3.385355e+01 -1.000000e+00
      vertex   -6.331955e+01 3.614645e+01 -1.000000e+00
      vertex   -6.339901e+01 3.375000e+01 -1.000000e+00
    endloop
  endfacet
  facet normal 0.000000e+00 -0.000000e+00 1.000000e+00
    outer loop
      vertex   -6.339901e+01 3.375000e+01 -1.000000e+00
      vertex   -6.331955e+01 3.614645e+01 -1.000000e+00
      vertex   -6.339901e+01 3.625000e+01 -1.000000e+00
    endloop
  endfacet
  facet normal 0.000000e+00 0.000000e+00 1.000000e+00
    outer loop
      vertex   -6.339901e+01 3.375000e+01 -1.000000e+00
      vertex   -6.339901e+01 3.625000e+01 -1.000000e+00
      vertex   -6.344896e+01 3.362941e+01 -1.000000e+00
    endloop
  endfacet
  facet normal 0.000000e+00 -0.000000e+00 1.000000e+00
    outer loop
      vertex   -6.344896e+01 3.362941e+01 -1.000000e+00
      vertex   -6.339901e+01 3.625000e+01 -1.000000e+00
      vertex   -6.344896e+01 3.637059e+01 -1.000000e+00
    endloop
  endfacet
  facet normal 0.000000e+00 0.000000e+00 1.000000e+00
    outer loop
      vertex   -6.344896e+01 3.362941e+01 -1.000000e+00
      vertex   -6.344896e+01 3.637059e+01 -1.000000e+00
      vertex   -6.346600e+01 3.350000e+01 -1.000000e+00
    endloop
  endfacet
  facet normal 0.000000e+00 0.000000e+00 1.000000e+00
    outer loop
      vertex   -6.346600e+01 3.350000e+01 -1.000000e+00
      vertex   -6.344896e+01 3.637059e+01 -1.000000e+00
      vertex   -6.346600e+01 3.650000e+01 -1.000000e+00
    endloop
  endfacet
  facet normal -0.000000e+00 0.000000e+00 1.000000e+00
    outer loop
      vertex   -3.548300e+01 4.500000e+01 -1.000000e+00
      vertex   -3.535359e+01 4.298296e+01 -1.000000e+00
      vertex   -3.535359e+01 4.501704e+01 -1.000000e+00
    endloop
  endfacet
  facet normal 0.000000e+00 0.000000e+00 1.000000e+00
    outer loop
      vertex   -3.535359e+01 4.501704e+01 -1.000000e+00
      vertex   -3.535359e+01 4.298296e+01 -1.000000e+00
      vertex   -3.523300e+01 4.293301e+01 -1.000000e+00
    endloop
  endfacet
  facet normal -0.000000e+00 0.000000e+00 1.000000e+00
    outer loop
      vertex   -3.535359e+01 4.501704e+01 -1.000000e+00
      vertex   -3.523300e+01 4.293301e+01 -1.000000e+00
      vertex   -3.523300e+01 4.506699e+01 -1.000000e+00
    endloop
  endfacet
  facet normal 0.000000e+00 0.000000e+00 1.000000e+00
    outer loop
      vertex   -3.523300e+01 4.506699e+01 -1.000000e+00
      vertex   -3.523300e+01 4.293301e+01 -1.000000e+00
      vertex   -3.512945e+01 4.285355e+01 -1.000000e+00
    endloop
  endfacet
  facet normal -0.000000e+00 0.000000e+00 1.000000e+00
    outer loop
      vertex   -3.523300e+01 4.506699e+01 -1.000000e+00
      vertex   -3.512945e+01 4.285355e+01 -1.000000e+00
      vertex   -3.512945e+01 4.514645e+01 -1.000000e+00
    endloop
  endfacet
  facet normal 0.000000e+00 0.000000e+00 1.000000e+00
    outer loop
      vertex   -3.512945e+01 4.214645e+01 -1.000000e+00
      vertex   -3.523300e+01 4.206699e+01 -1.000000e+00
      vertex   -3.512945e+01 3.985355e+01 -1.000000e+00
    endloop
  endfacet
  facet normal 0.000000e+00 0.000000e+00 1.000000e+00
    outer loop
      vertex   -3.512945e+01 3.985355e+01 -1.000000e+00
      vertex   -3.523300e+01 4.206699e+01 -1.000000e+00
      vertex   -3.523300e+01 3.993301e+01 -1.000000e+00
    endloop
  endfacet
  facet normal 0.000000e+00 -0.000000e+00 1.000000e+00
    outer loop
      vertex   -3.523300e+01 3.993301e+01 -1.000000e+00
      vertex   -3.523300e+01 4.206699e+01 -1.000000e+00
      vertex   -3.535359e+01 4.201704e+01 -1.000000e+00
    endloop
  endfacet
  facet normal 0.000000e+00 0.000000e+00 1.000000e+00
    outer loop
      vertex   -3.523300e+01 3.993301e+01 -1.000000e+00
      vertex   -3.535359e+01 4.201704e+01 -1.000000e+00
      vertex   -3.535359e+01 3.998296e+01 -1.000000e+00
    endloop
  endfacet
  facet normal 0.000000e+00 -0.000000e+00 1.000000e+00
    outer loop
      vertex   -3.535359e+01 3.998296e+01 -1.000000e+00
      vertex   -3.535359e+01 4.201704e+01 -1.000000e+00
      vertex   -3.548300e+01 4.200000e+01 -1.000000e+00
    endloop
  endfacet
  facet normal 0.000000e+00 0.000000e+00 1.000000e+00
    outer loop
      vertex   -3.535359e+01 3.998296e+01 -1.000000e+00
      vertex   -3.548300e+01 4.200000e+01 -1.000000e+00
      vertex   -3.548300e+01 4.000000e+01 -1.000000e+00
    endloop
  endfacet
  facet normal 0.000000e+00 -0.000000e+00 1.000000e+00
    outer loop
      vertex   -3.548300e+01 4.000000e+01 -1.000000e+00
      vertex   -3.548300e+01 4.200000e+01 -1.000000e+00
      vertex   -6.296600e+01 4.000000e+01 -1.000000e+00
    endloop
  endfacet
  facet normal 0.000000e+00 -0.000000e+00 1.000000e+00
    outer loop
      vertex   -6.296600e+01 4.000000e+01 -1.000000e+00
      vertex   -3.548300e+01 4.200000e+01 -1.000000e+00
      vertex   -6.296600e+01 4.200000e+01 -1.000000e+00
    endloop
  endfacet
  facet normal 0.000000e+00 0.000000e+00 1.000000e+00
    outer loop
      vertex   -6.296600e+01 4.000000e+01 -1.000000e+00
      vertex   -6.296600e+01 4.200000e+01 -1.000000e+00
      vertex   -6.309541e+01 3.998296e+01 -1.000000e+00
    endloop
  endfacet
  facet normal 0.000000e+00 -0.000000e+00 1.000000e+00
    outer loop
      vertex   -6.309541e+01 3.998296e+01 -1.000000e+00
      vertex   -6.296600e+01 4.200000e+01 -1.000000e+00
      vertex   -6.309541e+01 4.201704e+01 -1.000000e+00
    endloop
  endfacet
  facet normal 0.000000e+00 0.000000e+00 1.000000e+00
    outer loop
      vertex   -6.309541e+01 3.998296e+01 -1.000000e+00
      vertex   -6.309541e+01 4.201704e+01 -1.000000e+00
      vertex   -6.321600e+01 3.993301e+01 -1.000000e+00
    endloop
  endfacet
  facet normal 0.000000e+00 -0.000000e+00 1.000000e+00
    outer loop
      vertex   -6.321600e+01 3.993301e+01 -1.000000e+00
      vertex   -6.309541e+01 4.201704e+01 -1.000000e+00
      vertex   -6.321600e+01 4.206699e+01 -1.000000e+00
    endloop
  endfacet
  facet normal 0.000000e+00 0.000000e+00 1.000000e+00
    outer loop
      vertex   -6.321600e+01 3.993301e+01 -1.000000e+00
      vertex   -6.321600e+01 4.206699e+01 -1.000000e+00
      vertex   -6.331955e+01 3.985355e+01 -1.000000e+00
    endloop
  endfacet
  facet normal 0.000000e+00 -0.000000e+00 1.000000e+00
    outer loop
      vertex   -6.331955e+01 3.985355e+01 -1.000000e+00
      vertex   -6.321600e+01 4.206699e+01 -1.000000e+00
      vertex   -6.331955e+01 4.214645e+01 -1.000000e+00
    endloop
  endfacet
  facet normal 0.000000e+00 0.000000e+00 1.000000e+00
    outer loop
      vertex   -6.331955e+01 3.985355e+01 -1.000000e+00
      vertex   -6.331955e+01 4.214645e+01 -1.000000e+00
      vertex   -6.339901e+01 3.975000e+01 -1.000000e+00
    endloop
  endfacet
  facet normal 0.000000e+00 -0.000000e+00 1.000000e+00
    outer loop
      vertex   -6.339901e+01 3.975000e+01 -1.000000e+00
      vertex   -6.331955e+01 4.214645e+01 -1.000000e+00
      vertex   -6.339901e+01 4.225000e+01 -1.000000e+00
    endloop
  endfacet
  facet normal 0.000000e+00 0.000000e+00 1.000000e+00
    outer loop
      vertex   -6.339901e+01 3.975000e+01 -1.000000e+00
      vertex   -6.339901e+01 4.225000e+01 -1.000000e+00
      vertex   -6.344896e+01 3.962941e+01 -1.000000e+00
    endloop
  endfacet
  facet normal 0.000000e+00 -0.000000e+00 1.000000e+00
    outer loop
      vertex   -6.344896e+01 3.962941e+01 -1.000000e+00
      vertex   -6.339901e+01 4.225000e+01 -1.000000e+00
      vertex   -6.344896e+01 4.237059e+01 -1.000000e+00
    endloop
  endfacet
  facet normal 0.000000e+00 0.000000e+00 1.000000e+00
    outer loop
      vertex   -6.344896e+01 3.962941e+01 -1.000000e+00
      vertex   -6.344896e+01 4.237059e+01 -1.000000e+00
      vertex   -6.346600e+01 3.950000e+01 -1.000000e+00
    endloop
  endfacet
  facet normal 0.000000e+00 0.000000e+00 1.000000e+00
    outer loop
      vertex   -6.346600e+01 3.950000e+01 -1.000000e+00
      vertex   -6.344896e+01 4.237059e+01 -1.000000e+00
      vertex   -6.346600e+01 4.250000e+01 -1.000000e+00
    endloop
  endfacet
  facet normal 0.000000e+00 -0.000000e+00 1.000000e+00
    outer loop
      vertex   -6.346600e+01 3.950000e+01 -1.000000e+00
      vertex   -6.346600e+01 4.250000e+01 -1.000000e+00
      vertex   -6.696600e+01 5.700000e+01 -1.000000e+00
    endloop
  endfacet
  facet normal 0.000000e+00 0.000000e+00 1.000000e+00
    outer loop
      vertex   -3.535359e+01 4.898296e+01 -1.000000e+00
      vertex   -3.548300e+01 5.100000e+01 -1.000000e+00
      vertex   -3.548300e+01 4.900000e+01 -1.000000e+00
    endloop
  endfacet
  facet normal 0.000000e+00 -0.000000e+00 1.000000e+00
    outer loop
      vertex   -3.548300e+01 4.900000e+01 -1.000000e+00
      vertex   -3.548300e+01 5.100000e+01 -1.000000e+00
      vertex   -5.796600e+01 5.100000e+01 -1.000000e+00
    endloop
  endfacet
  facet normal 0.000000e+00 0.000000e+00 1.000000e+00
    outer loop
      vertex   -3.548300e+01 4.900000e+01 -1.000000e+00
      vertex   -5.796600e+01 5.100000e+01 -1.000000e+00
      vertex   -6.296600e+01 4.900000e+01 -1.000000e+00
    endloop
  endfacet
  facet normal 0.000000e+00 0.000000e+00 1.000000e+00
    outer loop
      vertex   -6.296600e+01 4.900000e+01 -1.000000e+00
      vertex   -5.796600e+01 5.100000e+01 -1.000000e+00
      vertex   -5.809541e+01 5.101704e+01 -1.000000e+00
    endloop
  endfacet
  facet normal 0.000000e+00 0.000000e+00 1.000000e+00
    outer loop
      vertex   -6.296600e+01 4.900000e+01 -1.000000e+00
      vertex   -5.809541e+01 5.101704e+01 -1.000000e+00
      vertex   -5.821600e+01 5.106699e+01 -1.000000e+00
    endloop
  endfacet
  facet normal -0.000000e+00 0.000000e+00 1.000000e+00
    outer loop
      vertex   -3.548300e+01 5.100000e+01 -1.000000e+00
      vertex   -3.535359e+01 4.898296e+01 -1.000000e+00
      vertex   -3.535359e+01 5.101704e+01 -1.000000e+00
    endloop
  endfacet
  facet normal 0.000000e+00 0.000000e+00 1.000000e+00
    outer loop
      vertex   -3.535359e+01 5.101704e+01 -1.000000e+00
      vertex   -3.535359e+01 4.898296e+01 -1.000000e+00
      vertex   -3.523300e+01 4.893301e+01 -1.000000e+00
    endloop
  endfacet
  facet normal -0.000000e+00 0.000000e+00 1.000000e+00
    outer loop
      vertex   -3.535359e+01 5.101704e+01 -1.000000e+00
      vertex   -3.523300e+01 4.893301e+01 -1.000000e+00
      vertex   -3.523300e+01 5.106699e+01 -1.000000e+00
    endloop
  endfacet
  facet normal 0.000000e+00 0.000000e+00 1.000000e+00
    outer loop
      vertex   -3.523300e+01 5.106699e+01 -1.000000e+00
      vertex   -3.523300e+01 4.893301e+01 -1.000000e+00
      vertex   -3.512945e+01 4.885355e+01 -1.000000e+00
    endloop
  endfacet
  facet normal -0.000000e+00 0.000000e+00 1.000000e+00
    outer loop
      vertex   -3.523300e+01 5.106699e+01 -1.000000e+00
      vertex   -3.512945e+01 4.885355e+01 -1.000000e+00
      vertex   -3.512945e+01 5.114645e+01 -1.000000e+00
    endloop
  endfacet
  facet normal 0.000000e+00 0.000000e+00 1.000000e+00
    outer loop
      vertex   -3.512945e+01 4.814645e+01 -1.000000e+00
      vertex   -3.523300e+01 4.806699e+01 -1.000000e+00
      vertex   -3.512945e+01 4.585355e+01 -1.000000e+00
    endloop
  endfacet
  facet normal 0.000000e+00 0.000000e+00 1.000000e+00
    outer loop
      vertex   -3.512945e+01 4.585355e+01 -1.000000e+00
      vertex   -3.523300e+01 4.806699e+01 -1.000000e+00
      vertex   -3.523300e+01 4.593301e+01 -1.000000e+00
    endloop
  endfacet
  facet normal 0.000000e+00 0.000000e+00 1.000000e+00
    outer loop
      vertex   -3.523300e+01 4.593301e+01 -1.000000e+00
      vertex   -3.523300e+01 4.806699e+01 -1.000000e+00
      vertex   -3.535359e+01 4.801704e+01 -1.000000e+00
    endloop
  endfacet
  facet normal 0.000000e+00 0.000000e+00 1.000000e+00
    outer loop
      vertex   -3.523300e+01 4.593301e+01 -1.000000e+00
      vertex   -3.535359e+01 4.801704e+01 -1.000000e+00
      vertex   -3.535359e+01 4.598296e+01 -1.000000e+00
    endloop
  endfacet
  facet normal 0.000000e+00 0.000000e+00 1.000000e+00
    outer loop
      vertex   -3.535359e+01 4.598296e+01 -1.000000e+00
      vertex   -3.535359e+01 4.801704e+01 -1.000000e+00
      vertex   -3.548300e+01 4.600000e+01 -1.000000e+00
    endloop
  endfacet
  facet normal 0.000000e+00 0.000000e+00 1.000000e+00
    outer loop
      vertex   -3.548300e+01 4.600000e+01 -1.000000e+00
      vertex   -3.535359e+01 4.801704e+01 -1.000000e+00
      vertex   -3.548300e+01 4.800000e+01 -1.000000e+00
    endloop
  endfacet
  facet normal 0.000000e+00 -0.000000e+00 1.000000e+00
    outer loop
      vertex   -3.548300e+01 4.600000e+01 -1.000000e+00
      vertex   -3.548300e+01 4.800000e+01 -1.000000e+00
      vertex   -6.296600e+01 4.800000e+01 -1.000000e+00
    endloop
  endfacet
  facet normal 0.000000e+00 0.000000e+00 1.000000e+00
    outer loop
      vertex   -6.309541e+01 4.801704e+01 -1.000000e+00
      vertex   -6.309541e+01 4.598296e+01 -1.000000e+00
      vertex   -6.296600e+01 4.800000e+01 -1.000000e+00
    endloop
  endfacet
  facet normal 0.000000e+00 0.000000e+00 1.000000e+00
    outer loop
      vertex   -6.296600e+01 4.800000e+01 -1.000000e+00
      vertex   -6.309541e+01 4.598296e+01 -1.000000e+00
      vertex   -6.296600e+01 4.600000e+01 -1.000000e+00
    endloop
  endfacet
  facet normal 0.000000e+00 0.000000e+00 1.000000e+00
    outer loop
      vertex   -6.296600e+01 4.800000e+01 -1.000000e+00
      vertex   -6.296600e+01 4.600000e+01 -1.000000e+00
      vertex   -3.548300e+01 4.600000e+01 -1.000000e+00
    endloop
  endfacet
  facet normal 0.000000e+00 0.000000e+00 1.000000e+00
    outer loop
      vertex   -6.309541e+01 4.598296e+01 -1.000000e+00
      vertex   -6.309541e+01 4.801704e+01 -1.000000e+00
      vertex   -6.321600e+01 4.593301e+01 -1.000000e+00
    endloop
  endfacet
  facet normal 0.000000e+00 -0.000000e+00 1.000000e+00
    outer loop
      vertex   -6.321600e+01 4.593301e+01 -1.000000e+00
      vertex   -6.309541e+01 4.801704e+01 -1.000000e+00
      vertex   -6.321600e+01 4.806699e+01 -1.000000e+00
    endloop
  endfacet
  facet normal 0.000000e+00 0.000000e+00 1.000000e+00
    outer loop
      vertex   -6.321600e+01 4.593301e+01 -1.000000e+00
      vertex   -6.321600e+01 4.806699e+01 -1.000000e+00
      vertex   -6.331955e+01 4.585355e+01 -1.000000e+00
    endloop
  endfacet
  facet normal 0.000000e+00 -0.000000e+00 1.000000e+00
    outer loop
      vertex   -6.331955e+01 4.585355e+01 -1.000000e+00
      vertex   -6.321600e+01 4.806699e+01 -1.000000e+00
      vertex   -6.331955e+01 4.814645e+01 -1.000000e+00
    endloop
  endfacet
  facet normal 0.000000e+00 0.000000e+00 1.000000e+00
    outer loop
      vertex   -6.331955e+01 4.585355e+01 -1.000000e+00
      vertex   -6.331955e+01 4.814645e+01 -1.000000e+00
      vertex   -6.339901e+01 4.575000e+01 -1.000000e+00
    endloop
  endfacet
  facet normal 0.000000e+00 -0.000000e+00 1.000000e+00
    outer loop
      vertex   -6.339901e+01 4.575000e+01 -1.000000e+00
      vertex   -6.331955e+01 4.814645e+01 -1.000000e+00
      vertex   -6.339901e+01 4.825000e+01 -1.000000e+00
    endloop
  endfacet
  facet normal 0.000000e+00 0.000000e+00 1.000000e+00
    outer loop
      vertex   -6.339901e+01 4.575000e+01 -1.000000e+00
      vertex   -6.339901e+01 4.825000e+01 -1.000000e+00
      vertex   -6.344896e+01 4.562941e+01 -1.000000e+00
    endloop
  endfacet
  facet normal 0.000000e+00 -0.000000e+00 1.000000e+00
    outer loop
      vertex   -6.344896e+01 4.562941e+01 -1.000000e+00
      vertex   -6.339901e+01 4.825000e+01 -1.000000e+00
      vertex   -6.344896e+01 4.837059e+01 -1.000000e+00
    endloop
  endfacet
  facet normal 0.000000e+00 0.000000e+00 1.000000e+00
    outer loop
      vertex   -6.344896e+01 4.562941e+01 -1.000000e+00
      vertex   -6.344896e+01 4.837059e+01 -1.000000e+00
      vertex   -6.346600e+01 4.550000e+01 -1.000000e+00
    endloop
  endfacet
  facet normal 0.000000e+00 0.000000e+00 1.000000e+00
    outer loop
      vertex   -6.346600e+01 4.550000e+01 -1.000000e+00
      vertex   -6.344896e+01 4.837059e+01 -1.000000e+00
      vertex   -6.346600e+01 4.850000e+01 -1.000000e+00
    endloop
  endfacet
  facet normal 0.000000e+00 0.000000e+00 1.000000e+00
    outer loop
      vertex   -6.309541e+01 3.301704e+01 -1.000000e+00
      vertex   -6.321600e+01 3.306699e+01 -1.000000e+00
      vertex   -6.100000e+01 3.107000e+01 -1.000000e+00
    endloop
  endfacet
  facet normal 0.000000e+00 0.000000e+00 1.000000e+00
    outer loop
      vertex   -6.100000e+01 3.107000e+01 -1.000000e+00
      vertex   -6.321600e+01 3.306699e+01 -1.000000e+00
      vertex   -6.331955e+01 3.314645e+01 -1.000000e+00
    endloop
  endfacet
  facet normal 0.000000e+00 0.000000e+00 1.000000e+00
    outer loop
      vertex   -6.339901e+01 3.325000e+01 -1.000000e+00
      vertex   -6.344896e+01 3.337059e+01 -1.000000e+00
      vertex   -6.696600e+01 0.000000e+00 -1.000000e+00
    endloop
  endfacet
  facet normal 0.000000e+00 0.000000e+00 1.000000e+00
    outer loop
      vertex   -6.696600e+01 0.000000e+00 -1.000000e+00
      vertex   -6.344896e+01 3.337059e+01 -1.000000e+00
      vertex   -6.346600e+01 3.350000e+01 -1.000000e+00
    endloop
  endfacet
  facet normal 0.000000e+00 0.000000e+00 1.000000e+00
    outer loop
      vertex   -5.821600e+01 5.106699e+01 -1.000000e+00
      vertex   -5.831955e+01 5.114645e+01 -1.000000e+00
      vertex   -6.296600e+01 4.900000e+01 -1.000000e+00
    endloop
  endfacet
  facet normal -0.000000e+00 -0.000000e+00 1.000000e+00
    outer loop
      vertex   -1.000000e+00 0.000000e+00 -1.000000e+00
      vertex   0.000000e+00 -5.372047e-16 -1.000000e+00
      vertex   -1.000000e+00 2.907000e+01 -1.000000e+00
    endloop
  endfacet
  facet normal -0.000000e+00 0.000000e+00 1.000000e+00
    outer loop
      vertex   -1.000000e+00 2.907000e+01 -1.000000e+00
      vertex   0.000000e+00 -5.372047e-16 -1.000000e+00
      vertex   -8.881784e-15 3.007000e+01 -1.000000e+00
    endloop
  endfacet
  facet normal 0.000000e+00 -0.000000e+00 1.000000e+00
    outer loop
      vertex   -1.000000e+00 2.907000e+01 -1.000000e+00
      vertex   -8.881784e-15 3.007000e+01 -1.000000e+00
      vertex   -6.000000e+01 3.007000e+01 -1.000000e+00
    endloop
  endfacet
  facet normal 0.000000e+00 0.000000e+00 1.000000e+00
    outer loop
      vertex   -1.000000e+00 2.907000e+01 -1.000000e+00
      vertex   -6.000000e+01 3.007000e+01 -1.000000e+00
      vertex   -5.900000e+01 2.907000e+01 -1.000000e+00
    endloop
  endfacet
  facet normal 0.000000e+00 0.000000e+00 1.000000e+00
    outer loop
      vertex   -5.900000e+01 2.907000e+01 -1.000000e+00
      vertex   -6.000000e+01 3.007000e+01 -1.000000e+00
      vertex   -6.000000e+01 3.384390e-14 -1.000000e+00
    endloop
  endfacet
  facet normal 0.000000e+00 0.000000e+00 1.000000e+00
    outer loop
      vertex   -5.900000e+01 2.907000e+01 -1.000000e+00
      vertex   -6.000000e+01 3.384390e-14 -1.000000e+00
      vertex   -5.900000e+01 3.379036e-14 -1.000000e+00
    endloop
  endfacet
  facet normal -1.000000e+00 -6.110619e-16 -0.000000e+00
    outer loop
      vertex   -1.000000e+00 0.000000e+00 -1.000000e+00
      vertex   -1.000000e+00 2.907000e+01 -1.000000e+00
      vertex   -1.000000e+00 0.000000e+00 -2.000000e+00
    endloop
  endfacet
  facet normal -1.000000e+00 -6.110619e-16 0.000000e+00
    outer loop
      vertex   -1.000000e+00 0.000000e+00 -2.000000e+00
      vertex   -1.000000e+00 2.907000e+01 -1.000000e+00
      vertex   -1.000000e+00 2.907000e+01 -2.000000e+00
    endloop
  endfacet
  facet normal -6.125368e-17 -1.000000e+00 -0.000000e+00
    outer loop
      vertex   -1.000000e+00 2.907000e+01 -1.000000e+00
      vertex   -5.900000e+01 2.907000e+01 -1.000000e+00
      vertex   -1.000000e+00 2.907000e+01 -2.000000e+00
    endloop
  endfacet
  facet normal -6.125368e-17 -1.000000e+00 0.000000e+00
    outer loop
      vertex   -1.000000e+00 2.907000e+01 -2.000000e+00
      vertex   -5.900000e+01 2.907000e+01 -1.000000e+00
      vertex   -5.900000e+01 2.907000e+01 -2.000000e+00
    endloop
  endfacet
  facet normal 1.000000e+00 -7.332742e-16 0.000000e+00
    outer loop
      vertex   -5.900000e+01 2.907000e+01 -1.000000e+00
      vertex   -5.900000e+01 3.379036e-14 -1.000000e+00
      vertex   -5.900000e+01 2.907000e+01 -2.000000e+00
    endloop
  endfacet
  facet normal 1.000000e+00 -7.332742e-16 0.000000e+00
    outer loop
      vertex   -5.900000e+01 2.907000e+01 -2.000000e+00
      vertex   -5.900000e+01 3.379036e-14 -1.000000e+00
      vertex   -5.900000e+01 3.379036e-14 -2.000000e+00
    endloop
  endfacet
  facet normal 1.000000e+00 0.000000e+00 0.000000e+00
    outer loop
      vertex   0.000000e+00 5.700000e+01 -1.000000e+00
      vertex   0.000000e+00 3.107000e+01 -1.000000e+00
      vertex   0.000000e+00 5.700000e+01 -2.000000e+00
    endloop
  endfacet
  facet normal 1.000000e+00 0.000000e+00 0.000000e+00
    outer loop
      vertex   0.000000e+00 5.700000e+01 -2.000000e+00
      vertex   0.000000e+00 3.107000e+01 -1.000000e+00
      vertex   0.000000e+00 3.107000e+01 -2.000000e+00
    endloop
  endfacet
  facet normal -0.000000e+00 1.000000e+00 0.000000e+00
    outer loop
      vertex   -6.696600e+01 5.700000e+01 -1.000000e+00
      vertex   0.000000e+00 5.700000e+01 -1.000000e+00
      vertex   -6.696600e+01 5.700000e+01 -2.000000e+00
    endloop
  endfacet
  facet normal 0.000000e+00 1.000000e+00 0.000000e+00
    outer loop
      vertex   -6.696600e+01 5.700000e+01 -2.000000e+00
      vertex   0.000000e+00 5.700000e+01 -1.000000e+00
      vertex   0.000000e+00 5.700000e+01 -2.000000e+00
    endloop
  endfacet
  facet normal -1.000000e+00 -2.493132e-16 -0.000000e+00
    outer loop
      vertex   -6.696600e+01 0.000000e+00 -1.000000e+00
      vertex   -6.696600e+01 5.700000e+01 -1.000000e+00
      vertex   -6.696600e+01 0.000000e+00 -2.000000e+00
    endloop
  endfacet
  facet normal -1.000000e+00 -2.493132e-16 0.000000e+00
    outer loop
      vertex   -6.696600e+01 0.000000e+00 -2.000000e+00
      vertex   -6.696600e+01 5.700000e+01 -1.000000e+00
      vertex   -6.696600e+01 5.700000e+01 -2.000000e+00
    endloop
  endfacet
  facet normal 0.000000e+00 0.000000e+00 -1.000000e+00
    outer loop
      vertex   -3.870591e+00 4.598296e+01 -2.000000e+00
      vertex   -4.000000e+00 4.600000e+01 -2.000000e+00
      vertex   -4.000000e+00 4.800000e+01 -2.000000e+00
    endloop
  endfacet
  facet normal 0.000000e+00 0.000000e+00 -1.000000e+00
    outer loop
      vertex   -4.000000e+00 4.800000e+01 -2.000000e+00
      vertex   -4.000000e+00 4.600000e+01 -2.000000e+00
      vertex   -3.148300e+01 4.600000e+01 -2.000000e+00
    endloop
  endfacet
  facet normal 0.000000e+00 0.000000e+00 -1.000000e+00
    outer loop
      vertex   -4.000000e+00 4.800000e+01 -2.000000e+00
      vertex   -3.148300e+01 4.600000e+01 -2.000000e+00
      vertex   -3.148300e+01 4.800000e+01 -2.000000e+00
    endloop
  endfacet
  facet normal -0.000000e+00 -0.000000e+00 -1.000000e+00
    outer loop
      vertex   -3.148300e+01 4.800000e+01 -2.000000e+00
      vertex   -3.148300e+01 4.600000e+01 -2.000000e+00
      vertex   -3.161241e+01 4.801704e+01 -2.000000e+00
    endloop
  endfacet
  facet normal 0.000000e+00 -0.000000e+00 -1.000000e+00
    outer loop
      vertex   -3.161241e+01 4.801704e+01 -2.000000e+00
      vertex   -3.148300e+01 4.600000e+01 -2.000000e+00
      vertex   -3.161241e+01 4.598296e+01 -2.000000e+00
    endloop
  endfacet
  facet normal 0.000000e+00 0.000000e+00 -1.000000e+00
    outer loop
      vertex   -3.161241e+01 4.801704e+01 -2.000000e+00
      vertex   -3.161241e+01 4.598296e+01 -2.000000e+00
      vertex   -3.173300e+01 4.593301e+01 -2.000000e+00
    endloop
  endfacet
  facet normal -0.000000e+00 0.000000e+00 -1.000000e+00
    outer loop
      vertex   -3.161241e+01 4.801704e+01 -2.000000e+00
      vertex   -3.173300e+01 4.593301e+01 -2.000000e+00
      vertex   -3.173300e+01 4.806699e+01 -2.000000e+00
    endloop
  endfacet
  facet normal 0.000000e+00 0.000000e+00 -1.000000e+00
    outer loop
      vertex   -3.173300e+01 4.806699e+01 -2.000000e+00
      vertex   -3.173300e+01 4.593301e+01 -2.000000e+00
      vertex   -3.183655e+01 4.585355e+01 -2.000000e+00
    endloop
  endfacet
  facet normal -0.000000e+00 0.000000e+00 -1.000000e+00
    outer loop
      vertex   -3.173300e+01 4.806699e+01 -2.000000e+00
      vertex   -3.183655e+01 4.585355e+01 -2.000000e+00
      vertex   -3.183655e+01 4.814645e+01 -2.000000e+00
    endloop
  endfacet
  facet normal 0.000000e+00 0.000000e+00 -1.000000e+00
    outer loop
      vertex   -3.183655e+01 4.814645e+01 -2.000000e+00
      vertex   -3.183655e+01 4.585355e+01 -2.000000e+00
      vertex   -3.512945e+01 4.585355e+01 -2.000000e+00
    endloop
  endfacet
  facet normal 0.000000e+00 0.000000e+00 -1.000000e+00
    outer loop
      vertex   -3.183655e+01 4.814645e+01 -2.000000e+00
      vertex   -3.512945e+01 4.585355e+01 -2.000000e+00
      vertex   -3.512945e+01 4.814645e+01 -2.000000e+00
    endloop
  endfacet
  facet normal 0.000000e+00 -0.000000e+00 -1.000000e+00
    outer loop
      vertex   -3.512945e+01 4.814645e+01 -2.000000e+00
      vertex   -3.512945e+01 4.585355e+01 -2.000000e+00
      vertex   -3.523300e+01 4.806699e+01 -2.000000e+00
    endloop
  endfacet
  facet normal 0.000000e+00 0.000000e+00 -1.000000e+00
    outer loop
      vertex   -3.523300e+01 4.806699e+01 -2.000000e+00
      vertex   -3.512945e+01 4.585355e+01 -2.000000e+00
      vertex   -3.523300e+01 4.593301e+01 -2.000000e+00
    endloop
  endfacet
  facet normal 0.000000e+00 -0.000000e+00 -1.000000e+00
    outer loop
      vertex   -3.523300e+01 4.806699e+01 -2.000000e+00
      vertex   -3.523300e+01 4.593301e+01 -2.000000e+00
      vertex   -3.535359e+01 4.801704e+01 -2.000000e+00
    endloop
  endfacet
  facet normal 0.000000e+00 0.000000e+00 -1.000000e+00
    outer loop
      vertex   -3.535359e+01 4.801704e+01 -2.000000e+00
      vertex   -3.523300e+01 4.593301e+01 -2.000000e+00
      vertex   -3.535359e+01 4.598296e+01 -2.000000e+00
    endloop
  endfacet
  facet normal 0.000000e+00 -0.000000e+00 -1.000000e+00
    outer loop
      vertex   -3.535359e+01 4.801704e+01 -2.000000e+00
      vertex   -3.535359e+01 4.598296e+01 -2.000000e+00
      vertex   -3.548300e+01 4.600000e+01 -2.000000e+00
    endloop
  endfacet
  facet normal 0.000000e+00 0.000000e+00 -1.000000e+00
    outer loop
      vertex   -3.512945e+01 4.585355e+01 -2.000000e+00
      vertex   -3.183655e+01 4.585355e+01 -2.000000e+00
      vertex   -3.504999e+01 4.575000e+01 -2.000000e+00
    endloop
  endfacet
  facet normal 0.000000e+00 0.000000e+00 -1.000000e+00
    outer loop
      vertex   -3.504999e+01 4.575000e+01 -2.000000e+00
      vertex   -3.183655e+01 4.585355e+01 -2.000000e+00
      vertex   -3.191601e+01 4.575000e+01 -2.000000e+00
    endloop
  endfacet
  facet normal 0.000000e+00 0.000000e+00 -1.000000e+00
    outer loop
      vertex   -3.504999e+01 4.575000e+01 -2.000000e+00
      vertex   -3.191601e+01 4.575000e+01 -2.000000e+00
      vertex   -3.500004e+01 4.562941e+01 -2.000000e+00
    endloop
  endfacet
  facet normal 0.000000e+00 0.000000e+00 -1.000000e+00
    outer loop
      vertex   -3.500004e+01 4.562941e+01 -2.000000e+00
      vertex   -3.191601e+01 4.575000e+01 -2.000000e+00
      vertex   -3.196596e+01 4.562941e+01 -2.000000e+00
    endloop
  endfacet
  facet normal 0.000000e+00 0.000000e+00 -1.000000e+00
    outer loop
      vertex   -3.500004e+01 4.562941e+01 -2.000000e+00
      vertex   -3.196596e+01 4.562941e+01 -2.000000e+00
      vertex   -3.498300e+01 4.550000e+01 -2.000000e+00
    endloop
  endfacet
  facet normal 0.000000e+00 0.000000e+00 -1.000000e+00
    outer loop
      vertex   -3.498300e+01 4.550000e+01 -2.000000e+00
      vertex   -3.196596e+01 4.562941e+01 -2.000000e+00
      vertex   -3.198300e+01 4.550000e+01 -2.000000e+00
    endloop
  endfacet
  facet normal 0.000000e+00 -0.000000e+00 -1.000000e+00
    outer loop
      vertex   -3.498300e+01 4.550000e+01 -2.000000e+00
      vertex   -3.198300e+01 4.550000e+01 -2.000000e+00
      vertex   -3.500004e+01 4.537059e+01 -2.000000e+00
    endloop
  endfacet
  facet normal 0.000000e+00 0.000000e+00 -1.000000e+00
    outer loop
      vertex   -3.500004e+01 4.537059e+01 -2.000000e+00
      vertex   -3.198300e+01 4.550000e+01 -2.000000e+00
      vertex   -3.196596e+01 4.537059e+01 -2.000000e+00
    endloop
  endfacet
  facet normal 0.000000e+00 -0.000000e+00 -1.000000e+00
    outer loop
      vertex   -3.500004e+01 4.537059e+01 -2.000000e+00
      vertex   -3.196596e+01 4.537059e+01 -2.000000e+00
      vertex   -3.504999e+01 4.525000e+01 -2.000000e+00
    endloop
  endfacet
  facet normal 0.000000e+00 0.000000e+00 -1.000000e+00
    outer loop
      vertex   -3.504999e+01 4.525000e+01 -2.000000e+00
      vertex   -3.196596e+01 4.537059e+01 -2.000000e+00
      vertex   -3.191601e+01 4.525000e+01 -2.000000e+00
    endloop
  endfacet
  facet normal 0.000000e+00 -0.000000e+00 -1.000000e+00
    outer loop
      vertex   -3.504999e+01 4.525000e+01 -2.000000e+00
      vertex   -3.191601e+01 4.525000e+01 -2.000000e+00
      vertex   -3.512945e+01 4.514645e+01 -2.000000e+00
    endloop
  endfacet
  facet normal 0.000000e+00 0.000000e+00 -1.000000e+00
    outer loop
      vertex   -3.512945e+01 4.514645e+01 -2.000000e+00
      vertex   -3.191601e+01 4.525000e+01 -2.000000e+00
      vertex   -3.183655e+01 4.514645e+01 -2.000000e+00
    endloop
  endfacet
  facet normal 0.000000e+00 -0.000000e+00 -1.000000e+00
    outer loop
      vertex   -3.512945e+01 4.514645e+01 -2.000000e+00
      vertex   -3.183655e+01 4.514645e+01 -2.000000e+00
      vertex   -3.512945e+01 4.285355e+01 -2.000000e+00
    endloop
  endfacet
  facet normal 0.000000e+00 0.000000e+00 -1.000000e+00
    outer loop
      vertex   -3.512945e+01 4.285355e+01 -2.000000e+00
      vertex   -3.183655e+01 4.514645e+01 -2.000000e+00
      vertex   -3.183655e+01 4.285355e+01 -2.000000e+00
    endloop
  endfacet
  facet normal 0.000000e+00 0.000000e+00 -1.000000e+00
    outer loop
      vertex   -3.512945e+01 4.285355e+01 -2.000000e+00
      vertex   -3.183655e+01 4.285355e+01 -2.000000e+00
      vertex   -3.504999e+01 4.275000e+01 -2.000000e+00
    endloop
  endfacet
  facet normal 0.000000e+00 0.000000e+00 -1.000000e+00
    outer loop
      vertex   -3.504999e+01 4.275000e+01 -2.000000e+00
      vertex   -3.183655e+01 4.285355e+01 -2.000000e+00
      vertex   -3.191601e+01 4.275000e+01 -2.000000e+00
    endloop
  endfacet
  facet normal 0.000000e+00 0.000000e+00 -1.000000e+00
    outer loop
      vertex   -3.504999e+01 4.275000e+01 -2.000000e+00
      vertex   -3.191601e+01 4.275000e+01 -2.000000e+00
      vertex   -3.500004e+01 4.262941e+01 -2.000000e+00
    endloop
  endfacet
  facet normal 0.000000e+00 0.000000e+00 -1.000000e+00
    outer loop
      vertex   -3.500004e+01 4.262941e+01 -2.000000e+00
      vertex   -3.191601e+01 4.275000e+01 -2.000000e+00
      vertex   -3.196596e+01 4.262941e+01 -2.000000e+00
    endloop
  endfacet
  facet normal 0.000000e+00 0.000000e+00 -1.000000e+00
    outer loop
      vertex   -3.500004e+01 4.262941e+01 -2.000000e+00
      vertex   -3.196596e+01 4.262941e+01 -2.000000e+00
      vertex   -3.498300e+01 4.250000e+01 -2.000000e+00
    endloop
  endfacet
  facet normal 0.000000e+00 0.000000e+00 -1.000000e+00
    outer loop
      vertex   -3.498300e+01 4.250000e+01 -2.000000e+00
      vertex   -3.196596e+01 4.262941e+01 -2.000000e+00
      vertex   -3.198300e+01 4.250000e+01 -2.000000e+00
    endloop
  endfacet
  facet normal 0.000000e+00 -0.000000e+00 -1.000000e+00
    outer loop
      vertex   -3.498300e+01 4.250000e+01 -2.000000e+00
      vertex   -3.198300e+01 4.250000e+01 -2.000000e+00
      vertex   -3.500004e+01 4.237059e+01 -2.000000e+00
    endloop
  endfacet
  facet normal 0.000000e+00 0.000000e+00 -1.000000e+00
    outer loop
      vertex   -3.500004e+01 4.237059e+01 -2.000000e+00
      vertex   -3.198300e+01 4.250000e+01 -2.000000e+00
      vertex   -3.196596e+01 4.237059e+01 -2.000000e+00
    endloop
  endfacet
  facet normal 0.000000e+00 -0.000000e+00 -1.000000e+00
    outer loop
      vertex   -3.500004e+01 4.237059e+01 -2.000000e+00
      vertex   -3.196596e+01 4.237059e+01 -2.000000e+00
      vertex   -3.504999e+01 4.225000e+01 -2.000000e+00
    endloop
  endfacet
  facet normal 0.000000e+00 0.000000e+00 -1.000000e+00
    outer loop
      vertex   -3.504999e+01 4.225000e+01 -2.000000e+00
      vertex   -3.196596e+01 4.237059e+01 -2.000000e+00
      vertex   -3.191601e+01 4.225000e+01 -2.000000e+00
    endloop
  endfacet
  facet normal 0.000000e+00 -0.000000e+00 -1.000000e+00
    outer loop
      vertex   -3.504999e+01 4.225000e+01 -2.000000e+00
      vertex   -3.191601e+01 4.225000e+01 -2.000000e+00
      vertex   -3.512945e+01 4.214645e+01 -2.000000e+00
    endloop
  endfacet
  facet normal 0.000000e+00 0.000000e+00 -1.000000e+00
    outer loop
      vertex   -3.512945e+01 4.214645e+01 -2.000000e+00
      vertex   -3.191601e+01 4.225000e+01 -2.000000e+00
      vertex   -3.183655e+01 4.214645e+01 -2.000000e+00
    endloop
  endfacet
  facet normal 0.000000e+00 -0.000000e+00 -1.000000e+00
    outer loop
      vertex   -3.512945e+01 4.214645e+01 -2.000000e+00
      vertex   -3.183655e+01 4.214645e+01 -2.000000e+00
      vertex   -3.512945e+01 3.985355e+01 -2.000000e+00
    endloop
  endfacet
  facet normal 0.000000e+00 0.000000e+00 -1.000000e+00
    outer loop
      vertex   -3.512945e+01 3.985355e+01 -2.000000e+00
      vertex   -3.183655e+01 4.214645e+01 -2.000000e+00
      vertex   -3.183655e+01 3.985355e+01 -2.000000e+00
    endloop
  endfacet
  facet normal 0.000000e+00 0.000000e+00 -1.000000e+00
    outer loop
      vertex   -3.512945e+01 3.985355e+01 -2.000000e+00
      vertex   -3.183655e+01 3.985355e+01 -2.000000e+00
      vertex   -3.504999e+01 3.975000e+01 -2.000000e+00
    endloop
  endfacet
  facet normal 0.000000e+00 0.000000e+00 -1.000000e+00
    outer loop
      vertex   -3.504999e+01 3.975000e+01 -2.000000e+00
      vertex   -3.183655e+01 3.985355e+01 -2.000000e+00
      vertex   -3.191601e+01 3.975000e+01 -2.000000e+00
    endloop
  endfacet
  facet normal 0.000000e+00 0.000000e+00 -1.000000e+00
    outer loop
      vertex   -3.504999e+01 3.975000e+01 -2.000000e+00
      vertex   -3.191601e+01 3.975000e+01 -2.000000e+00
      vertex   -3.500004e+01 3.962941e+01 -2.000000e+00
    endloop
  endfacet
  facet normal 0.000000e+00 0.000000e+00 -1.000000e+00
    outer loop
      vertex   -3.500004e+01 3.962941e+01 -2.000000e+00
      vertex   -3.191601e+01 3.975000e+01 -2.000000e+00
      vertex   -3.196596e+01 3.962941e+01 -2.000000e+00
    endloop
  endfacet
  facet normal 0.000000e+00 0.000000e+00 -1.000000e+00
    outer loop
      vertex   -3.500004e+01 3.962941e+01 -2.000000e+00
      vertex   -3.196596e+01 3.962941e+01 -2.000000e+00
      vertex   -3.498300e+01 3.950000e+01 -2.000000e+00
    endloop
  endfacet
  facet normal 0.000000e+00 0.000000e+00 -1.000000e+00
    outer loop
      vertex   -3.498300e+01 3.950000e+01 -2.000000e+00
      vertex   -3.196596e+01 3.962941e+01 -2.000000e+00
      vertex   -3.198300e+01 3.950000e+01 -2.000000e+00
    endloop
  endfacet
  facet normal 0.000000e+00 -0.000000e+00 -1.000000e+00
    outer loop
      vertex   -3.498300e+01 3.950000e+01 -2.000000e+00
      vertex   -3.198300e+01 3.950000e+01 -2.000000e+00
      vertex   -3.500004e+01 3.937059e+01 -2.000000e+00
    endloop
  endfacet
  facet normal 0.000000e+00 0.000000e+00 -1.000000e+00
    outer loop
      vertex   -3.500004e+01 3.937059e+01 -2.000000e+00
      vertex   -3.198300e+01 3.950000e+01 -2.000000e+00
      vertex   -3.196596e+01 3.937059e+01 -2.000000e+00
    endloop
  endfacet
  facet normal 0.000000e+00 -0.000000e+00 -1.000000e+00
    outer loop
      vertex   -3.500004e+01 3.937059e+01 -2.000000e+00
      vertex   -3.196596e+01 3.937059e+01 -2.000000e+00
      vertex   -3.504999e+01 3.925000e+01 -2.000000e+00
    endloop
  endfacet
  facet normal 0.000000e+00 0.000000e+00 -1.000000e+00
    outer loop
      vertex   -3.504999e+01 3.925000e+01 -2.000000e+00
      vertex   -3.196596e+01 3.937059e+01 -2.000000e+00
      vertex   -3.191601e+01 3.925000e+01 -2.000000e+00
    endloop
  endfacet
  facet normal 0.000000e+00 -0.000000e+00 -1.000000e+00
    outer loop
      vertex   -3.504999e+01 3.925000e+01 -2.000000e+00
      vertex   -3.191601e+01 3.925000e+01 -2.000000e+00
      vertex   -3.512945e+01 3.914645e+01 -2.000000e+00
    endloop
  endfacet
  facet normal 0.000000e+00 0.000000e+00 -1.000000e+00
    outer loop
      vertex   -3.512945e+01 3.914645e+01 -2.000000e+00
      vertex   -3.191601e+01 3.925000e+01 -2.000000e+00
      vertex   -3.183655e+01 3.914645e+01 -2.000000e+00
    endloop
  endfacet
  facet normal 0.000000e+00 -0.000000e+00 -1.000000e+00
    outer loop
      vertex   -3.512945e+01 3.914645e+01 -2.000000e+00
      vertex   -3.183655e+01 3.914645e+01 -2.000000e+00
      vertex   -3.512945e+01 3.685355e+01 -2.000000e+00
    endloop
  endfacet
  facet normal 0.000000e+00 0.000000e+00 -1.000000e+00
    outer loop
      vertex   -3.512945e+01 3.685355e+01 -2.000000e+00
      vertex   -3.183655e+01 3.914645e+01 -2.000000e+00
      vertex   -3.183655e+01 3.685355e+01 -2.000000e+00
    endloop
  endfacet
  facet normal 0.000000e+00 0.000000e+00 -1.000000e+00
    outer loop
      vertex   -3.512945e+01 3.685355e+01 -2.000000e+00
      vertex   -3.183655e+01 3.685355e+01 -2.000000e+00
      vertex   -3.504999e+01 3.675000e+01 -2.000000e+00
    endloop
  endfacet
  facet normal 0.000000e+00 0.000000e+00 -1.000000e+00
    outer loop
      vertex   -3.504999e+01 3.675000e+01 -2.000000e+00
      vertex   -3.183655e+01 3.685355e+01 -2.000000e+00
      vertex   -3.191601e+01 3.675000e+01 -2.000000e+00
    endloop
  endfacet
  facet normal 0.000000e+00 0.000000e+00 -1.000000e+00
    outer loop
      vertex   -3.504999e+01 3.675000e+01 -2.000000e+00
      vertex   -3.191601e+01 3.675000e+01 -2.000000e+00
      vertex   -3.500004e+01 3.662941e+01 -2.000000e+00
    endloop
  endfacet
  facet normal 0.000000e+00 0.000000e+00 -1.000000e+00
    outer loop
      vertex   -3.500004e+01 3.662941e+01 -2.000000e+00
      vertex   -3.191601e+01 3.675000e+01 -2.000000e+00
      vertex   -3.196596e+01 3.662941e+01 -2.000000e+00
    endloop
  endfacet
  facet normal 0.000000e+00 0.000000e+00 -1.000000e+00
    outer loop
      vertex   -3.500004e+01 3.662941e+01 -2.000000e+00
      vertex   -3.196596e+01 3.662941e+01 -2.000000e+00
      vertex   -3.498300e+01 3.650000e+01 -2.000000e+00
    endloop
  endfacet
  facet normal 0.000000e+00 0.000000e+00 -1.000000e+00
    outer loop
      vertex   -3.498300e+01 3.650000e+01 -2.000000e+00
      vertex   -3.196596e+01 3.662941e+01 -2.000000e+00
      vertex   -3.198300e+01 3.650000e+01 -2.000000e+00
    endloop
  endfacet
  facet normal 0.000000e+00 -0.000000e+00 -1.000000e+00
    outer loop
      vertex   -3.498300e+01 3.650000e+01 -2.000000e+00
      vertex   -3.198300e+01 3.650000e+01 -2.000000e+00
      vertex   -3.500004e+01 3.637059e+01 -2.000000e+00
    endloop
  endfacet
  facet normal 0.000000e+00 0.000000e+00 -1.000000e+00
    outer loop
      vertex   -3.500004e+01 3.637059e+01 -2.000000e+00
      vertex   -3.198300e+01 3.650000e+01 -2.000000e+00
      vertex   -3.196596e+01 3.637059e+01 -2.000000e+00
    endloop
  endfacet
  facet normal 0.000000e+00 -0.000000e+00 -1.000000e+00
    outer loop
      vertex   -3.500004e+01 3.637059e+01 -2.000000e+00
      vertex   -3.196596e+01 3.637059e+01 -2.000000e+00
      vertex   -3.504999e+01 3.625000e+01 -2.000000e+00
    endloop
  endfacet
  facet normal 0.000000e+00 0.000000e+00 -1.000000e+00
    outer loop
      vertex   -3.504999e+01 3.625000e+01 -2.000000e+00
      vertex   -3.196596e+01 3.637059e+01 -2.000000e+00
      vertex   -3.191601e+01 3.625000e+01 -2.000000e+00
    endloop
  endfacet
  facet normal 0.000000e+00 -0.000000e+00 -1.000000e+00
    outer loop
      vertex   -3.504999e+01 3.625000e+01 -2.000000e+00
      vertex   -3.191601e+01 3.625000e+01 -2.000000e+00
      vertex   -3.512945e+01 3.614645e+01 -2.000000e+00
    endloop
  endfacet
  facet normal 0.000000e+00 0.000000e+00 -1.000000e+00
    outer loop
      vertex   -3.512945e+01 3.614645e+01 -2.000000e+00
      vertex   -3.191601e+01 3.625000e+01 -2.000000e+00
      vertex   -3.183655e+01 3.614645e+01 -2.000000e+00
    endloop
  endfacet
  facet normal 0.000000e+00 -0.000000e+00 -1.000000e+00
    outer loop
      vertex   -3.512945e+01 3.614645e+01 -2.000000e+00
      vertex   -3.183655e+01 3.614645e+01 -2.000000e+00
      vertex   -3.512945e+01 3.385355e+01 -2.000000e+00
    endloop
  endfacet
  facet normal 0.000000e+00 0.000000e+00 -1.000000e+00
    outer loop
      vertex   -3.512945e+01 3.385355e+01 -2.000000e+00
      vertex   -3.183655e+01 3.614645e+01 -2.000000e+00
      vertex   -3.183655e+01 3.385355e+01 -2.000000e+00
    endloop
  endfacet
  facet normal 0.000000e+00 0.000000e+00 -1.000000e+00
    outer loop
      vertex   -3.512945e+01 3.385355e+01 -2.000000e+00
      vertex   -3.183655e+01 3.385355e+01 -2.000000e+00
      vertex   -3.504999e+01 3.375000e+01 -2.000000e+00
    endloop
  endfacet
  facet normal 0.000000e+00 0.000000e+00 -1.000000e+00
    outer loop
      vertex   -3.504999e+01 3.375000e+01 -2.000000e+00
      vertex   -3.183655e+01 3.385355e+01 -2.000000e+00
      vertex   -3.191601e+01 3.375000e+01 -2.000000e+00
    endloop
  endfacet
  facet normal 0.000000e+00 0.000000e+00 -1.000000e+00
    outer loop
      vertex   -3.504999e+01 3.375000e+01 -2.000000e+00
      vertex   -3.191601e+01 3.375000e+01 -2.000000e+00
      vertex   -3.500004e+01 3.362941e+01 -2.000000e+00
    endloop
  endfacet
  facet normal 0.000000e+00 0.000000e+00 -1.000000e+00
    outer loop
      vertex   -3.500004e+01 3.362941e+01 -2.000000e+00
      vertex   -3.191601e+01 3.375000e+01 -2.000000e+00
      vertex   -3.196596e+01 3.362941e+01 -2.000000e+00
    endloop
  endfacet
  facet normal 0.000000e+00 0.000000e+00 -1.000000e+00
    outer loop
      vertex   -3.500004e+01 3.362941e+01 -2.000000e+00
      vertex   -3.196596e+01 3.362941e+01 -2.000000e+00
      vertex   -3.498300e+01 3.350000e+01 -2.000000e+00
    endloop
  endfacet
  facet normal 0.000000e+00 0.000000e+00 -1.000000e+00
    outer loop
      vertex   -3.498300e+01 3.350000e+01 -2.000000e+00
      vertex   -3.196596e+01 3.362941e+01 -2.000000e+00
      vertex   -3.198300e+01 3.350000e+01 -2.000000e+00
    endloop
  endfacet
  facet normal 0.000000e+00 -0.000000e+00 -1.000000e+00
    outer loop
      vertex   -3.498300e+01 3.350000e+01 -2.000000e+00
      vertex   -3.198300e+01 3.350000e+01 -2.000000e+00
      vertex   -3.500004e+01 3.337059e+01 -2.000000e+00
    endloop
  endfacet
  facet normal 0.000000e+00 0.000000e+00 -1.000000e+00
    outer loop
      vertex   -3.500004e+01 3.337059e+01 -2.000000e+00
      vertex   -3.198300e+01 3.350000e+01 -2.000000e+00
      vertex   -3.196596e+01 3.337059e+01 -2.000000e+00
    endloop
  endfacet
  facet normal 0.000000e+00 -0.000000e+00 -1.000000e+00
    outer loop
      vertex   -3.500004e+01 3.337059e+01 -2.000000e+00
      vertex   -3.196596e+01 3.337059e+01 -2.000000e+00
      vertex   -3.504999e+01 3.325000e+01 -2.000000e+00
    endloop
  endfacet
  facet normal 0.000000e+00 0.000000e+00 -1.000000e+00
    outer loop
      vertex   -3.504999e+01 3.325000e+01 -2.000000e+00
      vertex   -3.196596e+01 3.337059e+01 -2.000000e+00
      vertex   -3.191601e+01 3.325000e+01 -2.000000e+00
    endloop
  endfacet
  facet normal 0.000000e+00 -0.000000e+00 -1.000000e+00
    outer loop
      vertex   -3.504999e+01 3.325000e+01 -2.000000e+00
      vertex   -3.191601e+01 3.325000e+01 -2.000000e+00
      vertex   -3.512945e+01 3.314645e+01 -2.000000e+00
    endloop
  endfacet
  facet normal 0.000000e+00 0.000000e+00 -1.000000e+00
    outer loop
      vertex   -3.512945e+01 3.314645e+01 -2.000000e+00
      vertex   -3.191601e+01 3.325000e+01 -2.000000e+00
      vertex   -3.183655e+01 3.314645e+01 -2.000000e+00
    endloop
  endfacet
  facet normal 0.000000e+00 -0.000000e+00 -1.000000e+00
    outer loop
      vertex   -3.512945e+01 3.314645e+01 -2.000000e+00
      vertex   -3.183655e+01 3.314645e+01 -2.000000e+00
      vertex   -3.523300e+01 3.306699e+01 -2.000000e+00
    endloop
  endfacet
  facet normal 0.000000e+00 0.000000e+00 -1.000000e+00
    outer loop
      vertex   -3.523300e+01 3.306699e+01 -2.000000e+00
      vertex   -3.183655e+01 3.314645e+01 -2.000000e+00
      vertex   -3.173300e+01 3.306699e+01 -2.000000e+00
    endloop
  endfacet
  facet normal 0.000000e+00 -0.000000e+00 -1.000000e+00
    outer loop
      vertex   -3.523300e+01 3.306699e+01 -2.000000e+00
      vertex   -3.173300e+01 3.306699e+01 -2.000000e+00
      vertex   -3.535359e+01 3.301704e+01 -2.000000e+00
    endloop
  endfacet
  facet normal 0.000000e+00 0.000000e+00 -1.000000e+00
    outer loop
      vertex   -3.535359e+01 3.301704e+01 -2.000000e+00
      vertex   -3.173300e+01 3.306699e+01 -2.000000e+00
      vertex   -3.161241e+01 3.301704e+01 -2.000000e+00
    endloop
  endfacet
  facet normal 0.000000e+00 -0.000000e+00 -1.000000e+00
    outer loop
      vertex   -3.535359e+01 3.301704e+01 -2.000000e+00
      vertex   -3.161241e+01 3.301704e+01 -2.000000e+00
      vertex   -3.548300e+01 3.300000e+01 -2.000000e+00
    endloop
  endfacet
  facet normal 0.000000e+00 0.000000e+00 -1.000000e+00
    outer loop
      vertex   -3.548300e+01 3.300000e+01 -2.000000e+00
      vertex   -3.161241e+01 3.301704e+01 -2.000000e+00
      vertex   -3.148300e+01 3.300000e+01 -2.000000e+00
    endloop
  endfacet
  facet normal 0.000000e+00 -0.000000e+00 -1.000000e+00
    outer loop
      vertex   -3.548300e+01 3.300000e+01 -2.000000e+00
      vertex   -3.148300e+01 3.300000e+01 -2.000000e+00
      vertex   -5.900000e+01 2.907000e+01 -2.000000e+00
    endloop
  endfacet
  facet normal 0.000000e+00 0.000000e+00 -1.000000e+00
    outer loop
      vertex   -5.900000e+01 2.907000e+01 -2.000000e+00
      vertex   -3.148300e+01 3.300000e+01 -2.000000e+00
      vertex   -1.000000e+00 2.907000e+01 -2.000000e+00
    endloop
  endfacet
  facet normal 0.000000e+00 0.000000e+00 -1.000000e+00
    outer loop
      vertex   -1.000000e+00 2.907000e+01 -2.000000e+00
      vertex   -3.148300e+01 3.300000e+01 -2.000000e+00
      vertex   -4.000000e+00 3.300000e+01 -2.000000e+00
    endloop
  endfacet
  facet normal 0.000000e+00 0.000000e+00 -1.000000e+00
    outer loop
      vertex   -1.000000e+00 2.907000e+01 -2.000000e+00
      vertex   -4.000000e+00 3.300000e+01 -2.000000e+00
      vertex   -3.870591e+00 3.301704e+01 -2.000000e+00
    endloop
  endfacet
  facet normal 0.000000e+00 0.000000e+00 -1.000000e+00
    outer loop
      vertex   -3.183655e+01 4.514645e+01 -2.000000e+00
      vertex   -3.173300e+01 4.506699e+01 -2.000000e+00
      vertex   -3.183655e+01 4.285355e+01 -2.000000e+00
    endloop
  endfacet
  facet normal 0.000000e+00 0.000000e+00 -1.000000e+00
    outer loop
      vertex   -3.183655e+01 4.285355e+01 -2.000000e+00
      vertex   -3.173300e+01 4.506699e+01 -2.000000e+00
      vertex   -3.173300e+01 4.293301e+01 -2.000000e+00
    endloop
  endfacet
  facet normal 0.000000e+00 0.000000e+00 -1.000000e+00
    outer loop
      vertex   -3.173300e+01 4.293301e+01 -2.000000e+00
      vertex   -3.173300e+01 4.506699e+01 -2.000000e+00
      vertex   -3.161241e+01 4.501704e+01 -2.000000e+00
    endloop
  endfacet
  facet normal 0.000000e+00 0.000000e+00 -1.000000e+00
    outer loop
      vertex   -3.173300e+01 4.293301e+01 -2.000000e+00
      vertex   -3.161241e+01 4.501704e+01 -2.000000e+00
      vertex   -3.161241e+01 4.298296e+01 -2.000000e+00
    endloop
  endfacet
  facet normal 0.000000e+00 0.000000e+00 -1.000000e+00
    outer loop
      vertex   -3.161241e+01 4.298296e+01 -2.000000e+00
      vertex   -3.161241e+01 4.501704e+01 -2.000000e+00
      vertex   -3.148300e+01 4.500000e+01 -2.000000e+00
    endloop
  endfacet
  facet normal 0.000000e+00 0.000000e+00 -1.000000e+00
    outer loop
      vertex   -3.161241e+01 4.298296e+01 -2.000000e+00
      vertex   -3.148300e+01 4.500000e+01 -2.000000e+00
      vertex   -3.148300e+01 4.300000e+01 -2.000000e+00
    endloop
  endfacet
  facet normal 0.000000e+00 0.000000e+00 -1.000000e+00
    outer loop
      vertex   -3.148300e+01 4.300000e+01 -2.000000e+00
      vertex   -3.148300e+01 4.500000e+01 -2.000000e+00
      vertex   -4.000000e+00 4.300000e+01 -2.000000e+00
    endloop
  endfacet
  facet normal 0.000000e+00 0.000000e+00 -1.000000e+00
    outer loop
      vertex   -4.000000e+00 4.300000e+01 -2.000000e+00
      vertex   -3.148300e+01 4.500000e+01 -2.000000e+00
      vertex   -4.000000e+00 4.500000e+01 -2.000000e+00
    endloop
  endfacet
  facet normal 0.000000e+00 0.000000e+00 -1.000000e+00
    outer loop
      vertex   -4.000000e+00 4.300000e+01 -2.000000e+00
      vertex   -4.000000e+00 4.500000e+01 -2.000000e+00
      vertex   -3.870591e+00 4.298296e+01 -2.000000e+00
    endloop
  endfacet
  facet normal 0.000000e+00 0.000000e+00 -1.000000e+00
    outer loop
      vertex   -3.870591e+00 4.298296e+01 -2.000000e+00
      vertex   -4.000000e+00 4.500000e+01 -2.000000e+00
      vertex   -3.870591e+00 4.501704e+01 -2.000000e+00
    endloop
  endfacet
  facet normal 0.000000e+00 0.000000e+00 -1.000000e+00
    outer loop
      vertex   -3.870591e+00 4.298296e+01 -2.000000e+00
      vertex   -3.870591e+00 4.501704e+01 -2.000000e+00
      vertex   -3.750000e+00 4.293301e+01 -2.000000e+00
    endloop
  endfacet
  facet normal 0.000000e+00 0.000000e+00 -1.000000e+00
    outer loop
      vertex   -3.750000e+00 4.293301e+01 -2.000000e+00
      vertex   -3.870591e+00 4.501704e+01 -2.000000e+00
      vertex   -3.750000e+00 4.506699e+01 -2.000000e+00
    endloop
  endfacet
  facet normal 0.000000e+00 0.000000e+00 -1.000000e+00
    outer loop
      vertex   -3.750000e+00 4.293301e+01 -2.000000e+00
      vertex   -3.750000e+00 4.506699e+01 -2.000000e+00
      vertex   -3.646447e+00 4.285355e+01 -2.000000e+00
    endloop
  endfacet
  facet normal 0.000000e+00 0.000000e+00 -1.000000e+00
    outer loop
      vertex   -3.646447e+00 4.285355e+01 -2.000000e+00
      vertex   -3.750000e+00 4.506699e+01 -2.000000e+00
      vertex   -3.646447e+00 4.514645e+01 -2.000000e+00
    endloop
  endfacet
  facet normal 0.000000e+00 0.000000e+00 -1.000000e+00
    outer loop
      vertex   -3.646447e+00 4.285355e+01 -2.000000e+00
      vertex   -3.646447e+00 4.514645e+01 -2.000000e+00
      vertex   -3.566988e+00 4.275000e+01 -2.000000e+00
    endloop
  endfacet
  facet normal 0.000000e+00 0.000000e+00 -1.000000e+00
    outer loop
      vertex   -3.566988e+00 4.275000e+01 -2.000000e+00
      vertex   -3.646447e+00 4.514645e+01 -2.000000e+00
      vertex   -3.566988e+00 4.525000e+01 -2.000000e+00
    endloop
  endfacet
  facet normal 0.000000e+00 0.000000e+00 -1.000000e+00
    outer loop
      vertex   -3.566988e+00 4.275000e+01 -2.000000e+00
      vertex   -3.566988e+00 4.525000e+01 -2.000000e+00
      vertex   -3.517037e+00 4.262941e+01 -2.000000e+00
    endloop
  endfacet
  facet normal 0.000000e+00 0.000000e+00 -1.000000e+00
    outer loop
      vertex   -3.517037e+00 4.262941e+01 -2.000000e+00
      vertex   -3.566988e+00 4.525000e+01 -2.000000e+00
      vertex   -3.517037e+00 4.537059e+01 -2.000000e+00
    endloop
  endfacet
  facet normal 0.000000e+00 0.000000e+00 -1.000000e+00
    outer loop
      vertex   -3.517037e+00 4.262941e+01 -2.000000e+00
      vertex   -3.517037e+00 4.537059e+01 -2.000000e+00
      vertex   -3.500000e+00 4.550000e+01 -2.000000e+00
    endloop
  endfacet
  facet normal 0.000000e+00 0.000000e+00 -1.000000e+00
    outer loop
      vertex   -3.517037e+00 4.562941e+01 -2.000000e+00
      vertex   -3.500000e+00 4.850000e+01 -2.000000e+00
      vertex   -3.500000e+00 4.550000e+01 -2.000000e+00
    endloop
  endfacet
  facet normal 0.000000e+00 0.000000e+00 -1.000000e+00
    outer loop
      vertex   -3.500000e+00 4.550000e+01 -2.000000e+00
      vertex   -3.500000e+00 4.850000e+01 -2.000000e+00
      vertex   0.000000e+00 5.700000e+01 -2.000000e+00
    endloop
  endfacet
  facet normal 0.000000e+00 0.000000e+00 -1.000000e+00
    outer loop
      vertex   -3.500000e+00 4.550000e+01 -2.000000e+00
      vertex   0.000000e+00 5.700000e+01 -2.000000e+00
      vertex   0.000000e+00 3.107000e+01 -2.000000e+00
    endloop
  endfacet
  facet normal 0.000000e+00 0.000000e+00 -1.000000e+00
    outer loop
      vertex   -3.566988e+00 4.575000e+01 -2.000000e+00
      vertex   -3.566988e+00 4.825000e+01 -2.000000e+00
      vertex   -3.517037e+00 4.562941e+01 -2.000000e+00
    endloop
  endfacet
  facet normal 0.000000e+00 0.000000e+00 -1.000000e+00
    outer loop
      vertex   -3.517037e+00 4.562941e+01 -2.000000e+00
      vertex   -3.566988e+00 4.825000e+01 -2.000000e+00
      vertex   -3.517037e+00 4.837059e+01 -2.000000e+00
    endloop
  endfacet
  facet normal 0.000000e+00 0.000000e+00 -1.000000e+00
    outer loop
      vertex   -3.517037e+00 4.562941e+01 -2.000000e+00
      vertex   -3.517037e+00 4.837059e+01 -2.000000e+00
      vertex   -3.500000e+00 4.850000e+01 -2.000000e+00
    endloop
  endfacet
  facet normal 0.000000e+00 0.000000e+00 -1.000000e+00
    outer loop
      vertex   -3.566988e+00 4.825000e+01 -2.000000e+00
      vertex   -3.566988e+00 4.575000e+01 -2.000000e+00
      vertex   -3.646447e+00 4.814645e+01 -2.000000e+00
    endloop
  endfacet
  facet normal 0.000000e+00 -0.000000e+00 -1.000000e+00
    outer loop
      vertex   -3.646447e+00 4.814645e+01 -2.000000e+00
      vertex   -3.566988e+00 4.575000e+01 -2.000000e+00
      vertex   -3.646447e+00 4.585355e+01 -2.000000e+00
    endloop
  endfacet
  facet normal 0.000000e+00 0.000000e+00 -1.000000e+00
    outer loop
      vertex   -3.646447e+00 4.814645e+01 -2.000000e+00
      vertex   -3.646447e+00 4.585355e+01 -2.000000e+00
      vertex   -3.750000e+00 4.806699e+01 -2.000000e+00
    endloop
  endfacet
  facet normal 0.000000e+00 -0.000000e+00 -1.000000e+00
    outer loop
      vertex   -3.750000e+00 4.806699e+01 -2.000000e+00
      vertex   -3.646447e+00 4.585355e+01 -2.000000e+00
      vertex   -3.750000e+00 4.593301e+01 -2.000000e+00
    endloop
  endfacet
  facet normal 0.000000e+00 0.000000e+00 -1.000000e+00
    outer loop
      vertex   -3.750000e+00 4.806699e+01 -2.000000e+00
      vertex   -3.750000e+00 4.593301e+01 -2.000000e+00
      vertex   -3.870591e+00 4.801704e+01 -2.000000e+00
    endloop
  endfacet
  facet normal 0.000000e+00 -0.000000e+00 -1.000000e+00
    outer loop
      vertex   -3.870591e+00 4.801704e+01 -2.000000e+00
      vertex   -3.750000e+00 4.593301e+01 -2.000000e+00
      vertex   -3.870591e+00 4.598296e+01 -2.000000e+00
    endloop
  endfacet
  facet normal 0.000000e+00 0.000000e+00 -1.000000e+00
    outer loop
      vertex   -3.870591e+00 4.801704e+01 -2.000000e+00
      vertex   -3.870591e+00 4.598296e+01 -2.000000e+00
      vertex   -4.000000e+00 4.800000e+01 -2.000000e+00
    endloop
  endfacet
  facet normal 0.000000e+00 0.000000e+00 -1.000000e+00
    outer loop
      vertex   -3.148300e+01 3.400000e+01 -2.000000e+00
      vertex   -3.148300e+01 3.600000e+01 -2.000000e+00
      vertex   -4.000000e+00 3.400000e+01 -2.000000e+00
    endloop
  endfacet
  facet normal 0.000000e+00 0.000000e+00 -1.000000e+00
    outer loop
      vertex   -4.000000e+00 3.400000e+01 -2.000000e+00
      vertex   -3.148300e+01 3.600000e+01 -2.000000e+00
      vertex   -4.000000e+00 3.600000e+01 -2.000000e+00
    endloop
  endfacet
  facet normal 0.000000e+00 0.000000e+00 -1.000000e+00
    outer loop
      vertex   -4.000000e+00 3.400000e+01 -2.000000e+00
      vertex   -4.000000e+00 3.600000e+01 -2.000000e+00
      vertex   -3.870591e+00 3.398296e+01 -2.000000e+00
    endloop
  endfacet
  facet normal 0.000000e+00 0.000000e+00 -1.000000e+00
    outer loop
      vertex   -3.870591e+00 3.398296e+01 -2.000000e+00
      vertex   -4.000000e+00 3.600000e+01 -2.000000e+00
      vertex   -3.870591e+00 3.601704e+01 -2.000000e+00
    endloop
  endfacet
  facet normal 0.000000e+00 0.000000e+00 -1.000000e+00
    outer loop
      vertex   -3.870591e+00 3.398296e+01 -2.000000e+00
      vertex   -3.870591e+00 3.601704e+01 -2.000000e+00
      vertex   -3.750000e+00 3.393301e+01 -2.000000e+00
    endloop
  endfacet
  facet normal 0.000000e+00 0.000000e+00 -1.000000e+00
    outer loop
      vertex   -3.750000e+00 3.393301e+01 -2.000000e+00
      vertex   -3.870591e+00 3.601704e+01 -2.000000e+00
      vertex   -3.750000e+00 3.606699e+01 -2.000000e+00
    endloop
  endfacet
  facet normal 0.000000e+00 0.000000e+00 -1.000000e+00
    outer loop
      vertex   -3.750000e+00 3.393301e+01 -2.000000e+00
      vertex   -3.750000e+00 3.606699e+01 -2.000000e+00
      vertex   -3.646447e+00 3.614645e+01 -2.000000e+00
    endloop
  endfacet
  facet normal -0.000000e+00 0.000000e+00 -1.000000e+00
    outer loop
      vertex   -3.148300e+01 3.400000e+01 -2.000000e+00
      vertex   -3.161241e+01 3.398296e+01 -2.000000e+00
      vertex   -3.148300e+01 3.600000e+01 -2.000000e+00
    endloop
  endfacet
  facet normal -0.000000e+00 0.000000e+00 -1.000000e+00
    outer loop
      vertex   -3.148300e+01 3.600000e+01 -2.000000e+00
      vertex   -3.161241e+01 3.398296e+01 -2.000000e+00
      vertex   -3.161241e+01 3.601704e+01 -2.000000e+00
    endloop
  endfacet
  facet normal 0.000000e+00 -0.000000e+00 -1.000000e+00
    outer loop
      vertex   -3.161241e+01 3.601704e+01 -2.000000e+00
      vertex   -3.161241e+01 3.398296e+01 -2.000000e+00
      vertex   -3.173300e+01 3.393301e+01 -2.000000e+00
    endloop
  endfacet
  facet normal -0.000000e+00 0.000000e+00 -1.000000e+00
    outer loop
      vertex   -3.161241e+01 3.601704e+01 -2.000000e+00
      vertex   -3.173300e+01 3.393301e+01 -2.000000e+00
      vertex   -3.173300e+01 3.606699e+01 -2.000000e+00
    endloop
  endfacet
  facet normal 0.000000e+00 -0.000000e+00 -1.000000e+00
    outer loop
      vertex   -3.173300e+01 3.606699e+01 -2.000000e+00
      vertex   -3.173300e+01 3.393301e+01 -2.000000e+00
      vertex   -3.183655e+01 3.385355e+01 -2.000000e+00
    endloop
  endfacet
  facet normal -0.000000e+00 0.000000e+00 -1.000000e+00
    outer loop
      vertex   -3.173300e+01 3.606699e+01 -2.000000e+00
      vertex   -3.183655e+01 3.385355e+01 -2.000000e+00
      vertex   -3.183655e+01 3.614645e+01 -2.000000e+00
    endloop
  endfacet
  facet normal 0.000000e+00 0.000000e+00 -1.000000e+00
    outer loop
      vertex   -1.000000e+00 2.907000e+01 -2.000000e+00
      vertex   -3.870591e+00 3.301704e+01 -2.000000e+00
      vertex   0.000000e+00 3.107000e+01 -2.000000e+00
    endloop
  endfacet
  facet normal 0.000000e+00 0.000000e+00 -1.000000e+00
    outer loop
      vertex   0.000000e+00 3.107000e+01 -2.000000e+00
      vertex   -3.870591e+00 3.301704e+01 -2.000000e+00
      vertex   -3.750000e+00 3.306699e+01 -2.000000e+00
    endloop
  endfacet
  facet normal 0.000000e+00 0.000000e+00 -1.000000e+00
    outer loop
      vertex   0.000000e+00 3.107000e+01 -2.000000e+00
      vertex   -3.750000e+00 3.306699e+01 -2.000000e+00
      vertex   -3.646447e+00 3.314645e+01 -2.000000e+00
    endloop
  endfacet
  facet normal 0.000000e+00 0.000000e+00 -1.000000e+00
    outer loop
      vertex   -3.646447e+00 3.314645e+01 -2.000000e+00
      vertex   -3.566988e+00 3.325000e+01 -2.000000e+00
      vertex   0.000000e+00 3.107000e+01 -2.000000e+00
    endloop
  endfacet
  facet normal 0.000000e+00 0.000000e+00 -1.000000e+00
    outer loop
      vertex   0.000000e+00 3.107000e+01 -2.000000e+00
      vertex   -3.566988e+00 3.325000e+01 -2.000000e+00
      vertex   -3.517037e+00 3.337059e+01 -2.000000e+00
    endloop
  endfacet
  facet normal 0.000000e+00 0.000000e+00 -1.000000e+00
    outer loop
      vertex   0.000000e+00 3.107000e+01 -2.000000e+00
      vertex   -3.517037e+00 3.337059e+01 -2.000000e+00
      vertex   -3.500000e+00 3.350000e+01 -2.000000e+00
    endloop
  endfacet
  facet normal 0.000000e+00 0.000000e+00 -1.000000e+00
    outer loop
      vertex   -3.500000e+00 3.350000e+01 -2.000000e+00
      vertex   -3.517037e+00 3.362941e+01 -2.000000e+00
      vertex   0.000000e+00 3.107000e+01 -2.000000e+00
    endloop
  endfacet
  facet normal 0.000000e+00 0.000000e+00 -1.000000e+00
    outer loop
      vertex   0.000000e+00 3.107000e+01 -2.000000e+00
      vertex   -3.517037e+00 3.362941e+01 -2.000000e+00
      vertex   -3.517037e+00 3.637059e+01 -2.000000e+00
    endloop
  endfacet
  facet normal 0.000000e+00 0.000000e+00 -1.000000e+00
    outer loop
      vertex   0.000000e+00 3.107000e+01 -2.000000e+00
      vertex   -3.517037e+00 3.637059e+01 -2.000000e+00
      vertex   -3.500000e+00 3.650000e+01 -2.000000e+00
    endloop
  endfacet
  facet normal 0.000000e+00 0.000000e+00 -1.000000e+00
    outer loop
      vertex   -3.517037e+00 3.362941e+01 -2.000000e+00
      vertex   -3.566988e+00 3.375000e+01 -2.000000e+00
      vertex   -3.517037e+00 3.637059e+01 -2.000000e+00
    endloop
  endfacet
  facet normal 0.000000e+00 0.000000e+00 -1.000000e+00
    outer loop
      vertex   -3.517037e+00 3.637059e+01 -2.000000e+00
      vertex   -3.566988e+00 3.375000e+01 -2.000000e+00
      vertex   -3.566988e+00 3.625000e+01 -2.000000e+00
    endloop
  endfacet
  facet normal 0.000000e+00 0.000000e+00 -1.000000e+00
    outer loop
      vertex   -3.566988e+00 3.625000e+01 -2.000000e+00
      vertex   -3.566988e+00 3.375000e+01 -2.000000e+00
      vertex   -3.646447e+00 3.385355e+01 -2.000000e+00
    endloop
  endfacet
  facet normal 0.000000e+00 0.000000e+00 -1.000000e+00
    outer loop
      vertex   -3.566988e+00 3.625000e+01 -2.000000e+00
      vertex   -3.646447e+00 3.385355e+01 -2.000000e+00
      vertex   -3.646447e+00 3.614645e+01 -2.000000e+00
    endloop
  endfacet
  facet normal 0.000000e+00 0.000000e+00 -1.000000e+00
    outer loop
      vertex   -3.646447e+00 3.614645e+01 -2.000000e+00
      vertex   -3.646447e+00 3.385355e+01 -2.000000e+00
      vertex   -3.750000e+00 3.393301e+01 -2.000000e+00
    endloop
  endfacet
  facet normal 0.000000e+00 0.000000e+00 -1.000000e+00
    outer loop
      vertex   -3.161241e+01 4.898296e+01 -2.000000e+00
      vertex   -3.148300e+01 5.100000e+01 -2.000000e+00
      vertex   -3.148300e+01 4.900000e+01 -2.000000e+00
    endloop
  endfacet
  facet normal 0.000000e+00 0.000000e+00 -1.000000e+00
    outer loop
      vertex   -3.148300e+01 4.900000e+01 -2.000000e+00
      vertex   -3.148300e+01 5.100000e+01 -2.000000e+00
      vertex   -9.000000e+00 5.100000e+01 -2.000000e+00
    endloop
  endfacet
  facet normal 0.000000e+00 0.000000e+00 -1.000000e+00
    outer loop
      vertex   -3.148300e+01 4.900000e+01 -2.000000e+00
      vertex   -9.000000e+00 5.100000e+01 -2.000000e+00
      vertex   -4.000000e+00 4.900000e+01 -2.000000e+00
    endloop
  endfacet
  facet normal 0.000000e+00 0.000000e+00 -1.000000e+00
    outer loop
      vertex   -4.000000e+00 4.900000e+01 -2.000000e+00
      vertex   -9.000000e+00 5.100000e+01 -2.000000e+00
      vertex   -8.870590e+00 5.101704e+01 -2.000000e+00
    endloop
  endfacet
  facet normal 0.000000e+00 0.000000e+00 -1.000000e+00
    outer loop
      vertex   -4.000000e+00 4.900000e+01 -2.000000e+00
      vertex   -8.870590e+00 5.101704e+01 -2.000000e+00
      vertex   -8.750000e+00 5.106699e+01 -2.000000e+00
    endloop
  endfacet
  facet normal -0.000000e+00 0.000000e+00 -1.000000e+00
    outer loop
      vertex   -3.148300e+01 5.100000e+01 -2.000000e+00
      vertex   -3.161241e+01 4.898296e+01 -2.000000e+00
      vertex   -3.161241e+01 5.101704e+01 -2.000000e+00
    endloop
  endfacet
  facet normal 0.000000e+00 0.000000e+00 -1.000000e+00
    outer loop
      vertex   -3.161241e+01 5.101704e+01 -2.000000e+00
      vertex   -3.161241e+01 4.898296e+01 -2.000000e+00
      vertex   -3.173300e+01 4.893301e+01 -2.000000e+00
    endloop
  endfacet
  facet normal -0.000000e+00 0.000000e+00 -1.000000e+00
    outer loop
      vertex   -3.161241e+01 5.101704e+01 -2.000000e+00
      vertex   -3.173300e+01 4.893301e+01 -2.000000e+00
      vertex   -3.173300e+01 5.106699e+01 -2.000000e+00
    endloop
  endfacet
  facet normal 0.000000e+00 0.000000e+00 -1.000000e+00
    outer loop
      vertex   -3.173300e+01 5.106699e+01 -2.000000e+00
      vertex   -3.173300e+01 4.893301e+01 -2.000000e+00
      vertex   -3.183655e+01 4.885355e+01 -2.000000e+00
    endloop
  endfacet
  facet normal -0.000000e+00 0.000000e+00 -1.000000e+00
    outer loop
      vertex   -3.173300e+01 5.106699e+01 -2.000000e+00
      vertex   -3.183655e+01 4.885355e+01 -2.000000e+00
      vertex   -3.183655e+01 5.114645e+01 -2.000000e+00
    endloop
  endfacet
  facet normal 0.000000e+00 0.000000e+00 -1.000000e+00
    outer loop
      vertex   -3.183655e+01 5.114645e+01 -2.000000e+00
      vertex   -3.183655e+01 4.885355e+01 -2.000000e+00
      vertex   -3.512945e+01 4.885355e+01 -2.000000e+00
    endloop
  endfacet
  facet normal 0.000000e+00 0.000000e+00 -1.000000e+00
    outer loop
      vertex   -3.183655e+01 5.114645e+01 -2.000000e+00
      vertex   -3.512945e+01 4.885355e+01 -2.000000e+00
      vertex   -3.512945e+01 5.114645e+01 -2.000000e+00
    endloop
  endfacet
  facet normal 0.000000e+00 -0.000000e+00 -1.000000e+00
    outer loop
      vertex   -3.512945e+01 5.114645e+01 -2.000000e+00
      vertex   -3.512945e+01 4.885355e+01 -2.000000e+00
      vertex   -3.523300e+01 5.106699e+01 -2.000000e+00
    endloop
  endfacet
  facet normal 0.000000e+00 0.000000e+00 -1.000000e+00
    outer loop
      vertex   -3.523300e+01 5.106699e+01 -2.000000e+00
      vertex   -3.512945e+01 4.885355e+01 -2.000000e+00
      vertex   -3.523300e+01 4.893301e+01 -2.000000e+00
    endloop
  endfacet
  facet normal 0.000000e+00 -0.000000e+00 -1.000000e+00
    outer loop
      vertex   -3.523300e+01 5.106699e+01 -2.000000e+00
      vertex   -3.523300e+01 4.893301e+01 -2.000000e+00
      vertex   -3.535359e+01 5.101704e+01 -2.000000e+00
    endloop
  endfacet
  facet normal 0.000000e+00 0.000000e+00 -1.000000e+00
    outer loop
      vertex   -3.535359e+01 5.101704e+01 -2.000000e+00
      vertex   -3.523300e+01 4.893301e+01 -2.000000e+00
      vertex   -3.535359e+01 4.898296e+01 -2.000000e+00
    endloop
  endfacet
  facet normal 0.000000e+00 -0.000000e+00 -1.000000e+00
    outer loop
      vertex   -3.535359e+01 5.101704e+01 -2.000000e+00
      vertex   -3.535359e+01 4.898296e+01 -2.000000e+00
      vertex   -3.548300e+01 5.100000e+01 -2.000000e+00
    endloop
  endfacet
  facet normal 0.000000e+00 -0.000000e+00 -1.000000e+00
    outer loop
      vertex   -3.548300e+01 5.100000e+01 -2.000000e+00
      vertex   -3.535359e+01 4.898296e+01 -2.000000e+00
      vertex   -3.548300e+01 4.900000e+01 -2.000000e+00
    endloop
  endfacet
  facet normal -0.000000e+00 0.000000e+00 -1.000000e+00
    outer loop
      vertex   -3.548300e+01 5.100000e+01 -2.000000e+00
      vertex   -3.548300e+01 4.900000e+01 -2.000000e+00
      vertex   -5.796600e+01 5.100000e+01 -2.000000e+00
    endloop
  endfacet
  facet normal 0.000000e+00 -0.000000e+00 -1.000000e+00
    outer loop
      vertex   -5.796600e+01 5.100000e+01 -2.000000e+00
      vertex   -3.548300e+01 4.900000e+01 -2.000000e+00
      vertex   -6.296600e+01 4.900000e+01 -2.000000e+00
    endloop
  endfacet
  facet normal -0.000000e+00 0.000000e+00 -1.000000e+00
    outer loop
      vertex   -5.796600e+01 5.100000e+01 -2.000000e+00
      vertex   -6.296600e+01 4.900000e+01 -2.000000e+00
      vertex   -5.809541e+01 5.101704e+01 -2.000000e+00
    endloop
  endfacet
  facet normal -0.000000e+00 0.000000e+00 -1.000000e+00
    outer loop
      vertex   -5.809541e+01 5.101704e+01 -2.000000e+00
      vertex   -6.296600e+01 4.900000e+01 -2.000000e+00
      vertex   -5.821600e+01 5.106699e+01 -2.000000e+00
    endloop
  endfacet
  facet normal -0.000000e+00 0.000000e+00 -1.000000e+00
    outer loop
      vertex   -5.821600e+01 5.106699e+01 -2.000000e+00
      vertex   -6.296600e+01 4.900000e+01 -2.000000e+00
      vertex   -5.831955e+01 5.114645e+01 -2.000000e+00
    endloop
  endfacet
  facet normal -0.000000e+00 0.000000e+00 -1.000000e+00
    outer loop
      vertex   -5.831955e+01 5.114645e+01 -2.000000e+00
      vertex   -6.296600e+01 4.900000e+01 -2.000000e+00
      vertex   -6.181250e+01 5.130922e+01 -2.000000e+00
    endloop
  endfacet
  facet normal 0.000000e+00 0.000000e+00 -1.000000e+00
    outer loop
      vertex   -5.831955e+01 5.114645e+01 -2.000000e+00
      vertex   -6.181250e+01 5.130922e+01 -2.000000e+00
      vertex   -6.152773e+01 5.152773e+01 -2.000000e+00
    endloop
  endfacet
  facet normal 0.000000e+00 0.000000e+00 -1.000000e+00
    outer loop
      vertex   -3.512945e+01 4.885355e+01 -2.000000e+00
      vertex   -3.183655e+01 4.885355e+01 -2.000000e+00
      vertex   -3.504999e+01 4.875000e+01 -2.000000e+00
    endloop
  endfacet
  facet normal 0.000000e+00 0.000000e+00 -1.000000e+00
    outer loop
      vertex   -3.504999e+01 4.875000e+01 -2.000000e+00
      vertex   -3.183655e+01 4.885355e+01 -2.000000e+00
      vertex   -3.191601e+01 4.875000e+01 -2.000000e+00
    endloop
  endfacet
  facet normal 0.000000e+00 0.000000e+00 -1.000000e+00
    outer loop
      vertex   -3.504999e+01 4.875000e+01 -2.000000e+00
      vertex   -3.191601e+01 4.875000e+01 -2.000000e+00
      vertex   -3.500004e+01 4.862941e+01 -2.000000e+00
    endloop
  endfacet
  facet normal 0.000000e+00 0.000000e+00 -1.000000e+00
    outer loop
      vertex   -3.500004e+01 4.862941e+01 -2.000000e+00
      vertex   -3.191601e+01 4.875000e+01 -2.000000e+00
      vertex   -3.196596e+01 4.862941e+01 -2.000000e+00
    endloop
  endfacet
  facet normal 0.000000e+00 0.000000e+00 -1.000000e+00
    outer loop
      vertex   -3.500004e+01 4.862941e+01 -2.000000e+00
      vertex   -3.196596e+01 4.862941e+01 -2.000000e+00
      vertex   -3.498300e+01 4.850000e+01 -2.000000e+00
    endloop
  endfacet
  facet normal 0.000000e+00 0.000000e+00 -1.000000e+00
    outer loop
      vertex   -3.498300e+01 4.850000e+01 -2.000000e+00
      vertex   -3.196596e+01 4.862941e+01 -2.000000e+00
      vertex   -3.198300e+01 4.850000e+01 -2.000000e+00
    endloop
  endfacet
  facet normal 0.000000e+00 -0.000000e+00 -1.000000e+00
    outer loop
      vertex   -3.498300e+01 4.850000e+01 -2.000000e+00
      vertex   -3.198300e+01 4.850000e+01 -2.000000e+00
      vertex   -3.500004e+01 4.837059e+01 -2.000000e+00
    endloop
  endfacet
  facet normal 0.000000e+00 0.000000e+00 -1.000000e+00
    outer loop
      vertex   -3.500004e+01 4.837059e+01 -2.000000e+00
      vertex   -3.198300e+01 4.850000e+01 -2.000000e+00
      vertex   -3.196596e+01 4.837059e+01 -2.000000e+00
    endloop
  endfacet
  facet normal 0.000000e+00 -0.000000e+00 -1.000000e+00
    outer loop
      vertex   -3.500004e+01 4.837059e+01 -2.000000e+00
      vertex   -3.196596e+01 4.837059e+01 -2.000000e+00
      vertex   -3.504999e+01 4.825000e+01 -2.000000e+00
    endloop
  endfacet
  facet normal 0.000000e+00 0.000000e+00 -1.000000e+00
    outer loop
      vertex   -3.504999e+01 4.825000e+01 -2.000000e+00
      vertex   -3.196596e+01 4.837059e+01 -2.000000e+00
      vertex   -3.191601e+01 4.825000e+01 -2.000000e+00
    endloop
  endfacet
  facet normal 0.000000e+00 -0.000000e+00 -1.000000e+00
    outer loop
      vertex   -3.504999e+01 4.825000e+01 -2.000000e+00
      vertex   -3.191601e+01 4.825000e+01 -2.000000e+00
      vertex   -3.512945e+01 4.814645e+01 -2.000000e+00
    endloop
  endfacet
  facet normal 0.000000e+00 0.000000e+00 -1.000000e+00
    outer loop
      vertex   -3.512945e+01 4.814645e+01 -2.000000e+00
      vertex   -3.191601e+01 4.825000e+01 -2.000000e+00
      vertex   -3.183655e+01 4.814645e+01 -2.000000e+00
    endloop
  endfacet
  facet normal 0.000000e+00 0.000000e+00 -1.000000e+00
    outer loop
      vertex   0.000000e+00 5.700000e+01 -2.000000e+00
      vertex   -3.500000e+00 4.850000e+01 -2.000000e+00
      vertex   -3.171852e+00 5.214412e+01 -2.000000e+00
    endloop
  endfacet
  facet normal 0.000000e+00 0.000000e+00 -1.000000e+00
    outer loop
      vertex   -3.171852e+00 5.214412e+01 -2.000000e+00
      vertex   -3.500000e+00 4.850000e+01 -2.000000e+00
      vertex   -3.517037e+00 4.862941e+01 -2.000000e+00
    endloop
  endfacet
  facet normal 0.000000e+00 0.000000e+00 -1.000000e+00
    outer loop
      vertex   -3.171852e+00 5.214412e+01 -2.000000e+00
      vertex   -3.517037e+00 4.862941e+01 -2.000000e+00
      vertex   -3.309215e+00 5.181250e+01 -2.000000e+00
    endloop
  endfacet
  facet normal 0.000000e+00 0.000000e+00 -1.000000e+00
    outer loop
      vertex   -3.309215e+00 5.181250e+01 -2.000000e+00
      vertex   -3.517037e+00 4.862941e+01 -2.000000e+00
      vertex   -3.566988e+00 4.875000e+01 -2.000000e+00
    endloop
  endfacet
  facet normal 0.000000e+00 0.000000e+00 -1.000000e+00
    outer loop
      vertex   -3.309215e+00 5.181250e+01 -2.000000e+00
      vertex   -3.566988e+00 4.875000e+01 -2.000000e+00
      vertex   -3.527728e+00 5.152773e+01 -2.000000e+00
    endloop
  endfacet
  facet normal 0.000000e+00 0.000000e+00 -1.000000e+00
    outer loop
      vertex   -3.527728e+00 5.152773e+01 -2.000000e+00
      vertex   -3.566988e+00 4.875000e+01 -2.000000e+00
      vertex   -3.646447e+00 4.885355e+01 -2.000000e+00
    endloop
  endfacet
  facet normal 0.000000e+00 0.000000e+00 -1.000000e+00
    outer loop
      vertex   -3.527728e+00 5.152773e+01 -2.000000e+00
      vertex   -3.646447e+00 4.885355e+01 -2.000000e+00
      vertex   -3.812500e+00 5.130922e+01 -2.000000e+00
    endloop
  endfacet
  facet normal 0.000000e+00 0.000000e+00 -1.000000e+00
    outer loop
      vertex   -3.812500e+00 5.130922e+01 -2.000000e+00
      vertex   -3.646447e+00 4.885355e+01 -2.000000e+00
      vertex   -3.750000e+00 4.893301e+01 -2.000000e+00
    endloop
  endfacet
  facet normal 0.000000e+00 -0.000000e+00 -1.000000e+00
    outer loop
      vertex   -3.812500e+00 5.130922e+01 -2.000000e+00
      vertex   -3.750000e+00 4.893301e+01 -2.000000e+00
      vertex   -3.870591e+00 4.898296e+01 -2.000000e+00
    endloop
  endfacet
  facet normal 0.000000e+00 0.000000e+00 -1.000000e+00
    outer loop
      vertex   -3.812500e+00 5.130922e+01 -2.000000e+00
      vertex   -3.870591e+00 4.898296e+01 -2.000000e+00
      vertex   -4.144124e+00 5.117185e+01 -2.000000e+00
    endloop
  endfacet
  facet normal 0.000000e+00 0.000000e+00 -1.000000e+00
    outer loop
      vertex   -4.144124e+00 5.117185e+01 -2.000000e+00
      vertex   -3.870591e+00 4.898296e+01 -2.000000e+00
      vertex   -4.000000e+00 4.900000e+01 -2.000000e+00
    endloop
  endfacet
  facet normal 0.000000e+00 -0.000000e+00 -1.000000e+00
    outer loop
      vertex   -4.144124e+00 5.117185e+01 -2.000000e+00
      vertex   -4.000000e+00 4.900000e+01 -2.000000e+00
      vertex   -4.500000e+00 5.112500e+01 -2.000000e+00
    endloop
  endfacet
  facet normal -0.000000e+00 -0.000000e+00 -1.000000e+00
    outer loop
      vertex   -4.500000e+00 5.112500e+01 -2.000000e+00
      vertex   -4.000000e+00 4.900000e+01 -2.000000e+00
      vertex   -4.855876e+00 5.117185e+01 -2.000000e+00
    endloop
  endfacet
  facet normal -0.000000e+00 -0.000000e+00 -1.000000e+00
    outer loop
      vertex   -4.855876e+00 5.117185e+01 -2.000000e+00
      vertex   -4.000000e+00 4.900000e+01 -2.000000e+00
      vertex   -5.187500e+00 5.130922e+01 -2.000000e+00
    endloop
  endfacet
  facet normal 0.000000e+00 -0.000000e+00 -1.000000e+00
    outer loop
      vertex   -5.187500e+00 5.130922e+01 -2.000000e+00
      vertex   -4.000000e+00 4.900000e+01 -2.000000e+00
      vertex   -8.646447e+00 5.114645e+01 -2.000000e+00
    endloop
  endfacet
  facet normal -0.000000e+00 0.000000e+00 -1.000000e+00
    outer loop
      vertex   -5.187500e+00 5.130922e+01 -2.000000e+00
      vertex   -8.646447e+00 5.114645e+01 -2.000000e+00
      vertex   -5.472272e+00 5.152773e+01 -2.000000e+00
    endloop
  endfacet
  facet normal 0.000000e+00 0.000000e+00 -1.000000e+00
    outer loop
      vertex   -5.472272e+00 5.152773e+01 -2.000000e+00
      vertex   -8.646447e+00 5.114645e+01 -2.000000e+00
      vertex   -8.566987e+00 5.125000e+01 -2.000000e+00
    endloop
  endfacet
  facet normal 0.000000e+00 0.000000e+00 -1.000000e+00
    outer loop
      vertex   -5.472272e+00 5.152773e+01 -2.000000e+00
      vertex   -8.566987e+00 5.125000e+01 -2.000000e+00
      vertex   -8.517037e+00 5.137059e+01 -2.000000e+00
    endloop
  endfacet
  facet normal 0.000000e+00 0.000000e+00 -1.000000e+00
    outer loop
      vertex   -3.148300e+01 3.700000e+01 -2.000000e+00
      vertex   -3.148300e+01 3.900000e+01 -2.000000e+00
      vertex   -4.000000e+00 3.700000e+01 -2.000000e+00
    endloop
  endfacet
  facet normal 0.000000e+00 0.000000e+00 -1.000000e+00
    outer loop
      vertex   -4.000000e+00 3.700000e+01 -2.000000e+00
      vertex   -3.148300e+01 3.900000e+01 -2.000000e+00
      vertex   -4.000000e+00 3.900000e+01 -2.000000e+00
    endloop
  endfacet
  facet normal 0.000000e+00 0.000000e+00 -1.000000e+00
    outer loop
      vertex   -4.000000e+00 3.700000e+01 -2.000000e+00
      vertex   -4.000000e+00 3.900000e+01 -2.000000e+00
      vertex   -3.870591e+00 3.698296e+01 -2.000000e+00
    endloop
  endfacet
  facet normal 0.000000e+00 0.000000e+00 -1.000000e+00
    outer loop
      vertex   -3.870591e+00 3.698296e+01 -2.000000e+00
      vertex   -4.000000e+00 3.900000e+01 -2.000000e+00
      vertex   -3.870591e+00 3.901704e+01 -2.000000e+00
    endloop
  endfacet
  facet normal 0.000000e+00 0.000000e+00 -1.000000e+00
    outer loop
      vertex   -3.870591e+00 3.698296e+01 -2.000000e+00
      vertex   -3.870591e+00 3.901704e+01 -2.000000e+00
      vertex   -3.750000e+00 3.693301e+01 -2.000000e+00
    endloop
  endfacet
  facet normal 0.000000e+00 0.000000e+00 -1.000000e+00
    outer loop
      vertex   -3.750000e+00 3.693301e+01 -2.000000e+00
      vertex   -3.870591e+00 3.901704e+01 -2.000000e+00
      vertex   -3.750000e+00 3.906699e+01 -2.000000e+00
    endloop
  endfacet
  facet normal 0.000000e+00 0.000000e+00 -1.000000e+00
    outer loop
      vertex   -3.750000e+00 3.693301e+01 -2.000000e+00
      vertex   -3.750000e+00 3.906699e+01 -2.000000e+00
      vertex   -3.646447e+00 3.685355e+01 -2.000000e+00
    endloop
  endfacet
  facet normal 0.000000e+00 0.000000e+00 -1.000000e+00
    outer loop
      vertex   -3.646447e+00 3.685355e+01 -2.000000e+00
      vertex   -3.750000e+00 3.906699e+01 -2.000000e+00
      vertex   -3.646447e+00 3.914645e+01 -2.000000e+00
    endloop
  endfacet
  facet normal 0.000000e+00 0.000000e+00 -1.000000e+00
    outer loop
      vertex   -3.646447e+00 3.685355e+01 -2.000000e+00
      vertex   -3.646447e+00 3.914645e+01 -2.000000e+00
      vertex   -3.566988e+00 3.675000e+01 -2.000000e+00
    endloop
  endfacet
  facet normal 0.000000e+00 0.000000e+00 -1.000000e+00
    outer loop
      vertex   -3.566988e+00 3.675000e+01 -2.000000e+00
      vertex   -3.646447e+00 3.914645e+01 -2.000000e+00
      vertex   -3.566988e+00 3.925000e+01 -2.000000e+00
    endloop
  endfacet
  facet normal 0.000000e+00 0.000000e+00 -1.000000e+00
    outer loop
      vertex   -3.566988e+00 3.675000e+01 -2.000000e+00
      vertex   -3.566988e+00 3.925000e+01 -2.000000e+00
      vertex   -3.517037e+00 3.937059e+01 -2.000000e+00
    endloop
  endfacet
  facet normal -0.000000e+00 0.000000e+00 -1.000000e+00
    outer loop
      vertex   -3.148300e+01 3.700000e+01 -2.000000e+00
      vertex   -3.161241e+01 3.698296e+01 -2.000000e+00
      vertex   -3.148300e+01 3.900000e+01 -2.000000e+00
    endloop
  endfacet
  facet normal -0.000000e+00 0.000000e+00 -1.000000e+00
    outer loop
      vertex   -3.148300e+01 3.900000e+01 -2.000000e+00
      vertex   -3.161241e+01 3.698296e+01 -2.000000e+00
      vertex   -3.161241e+01 3.901704e+01 -2.000000e+00
    endloop
  endfacet
  facet normal 0.000000e+00 -0.000000e+00 -1.000000e+00
    outer loop
      vertex   -3.161241e+01 3.901704e+01 -2.000000e+00
      vertex   -3.161241e+01 3.698296e+01 -2.000000e+00
      vertex   -3.173300e+01 3.693301e+01 -2.000000e+00
    endloop
  endfacet
  facet normal -0.000000e+00 0.000000e+00 -1.000000e+00
    outer loop
      vertex   -3.161241e+01 3.901704e+01 -2.000000e+00
      vertex   -3.173300e+01 3.693301e+01 -2.000000e+00
      vertex   -3.173300e+01 3.906699e+01 -2.000000e+00
    endloop
  endfacet
  facet normal 0.000000e+00 -0.000000e+00 -1.000000e+00
    outer loop
      vertex   -3.173300e+01 3.906699e+01 -2.000000e+00
      vertex   -3.173300e+01 3.693301e+01 -2.000000e+00
      vertex   -3.183655e+01 3.685355e+01 -2.000000e+00
    endloop
  endfacet
  facet normal -0.000000e+00 0.000000e+00 -1.000000e+00
    outer loop
      vertex   -3.173300e+01 3.906699e+01 -2.000000e+00
      vertex   -3.183655e+01 3.685355e+01 -2.000000e+00
      vertex   -3.183655e+01 3.914645e+01 -2.000000e+00
    endloop
  endfacet
  facet normal 0.000000e+00 0.000000e+00 -1.000000e+00
    outer loop
      vertex   -3.500000e+00 3.650000e+01 -2.000000e+00
      vertex   -3.517037e+00 3.662941e+01 -2.000000e+00
      vertex   0.000000e+00 3.107000e+01 -2.000000e+00
    endloop
  endfacet
  facet normal 0.000000e+00 0.000000e+00 -1.000000e+00
    outer loop
      vertex   0.000000e+00 3.107000e+01 -2.000000e+00
      vertex   -3.517037e+00 3.662941e+01 -2.000000e+00
      vertex   -3.517037e+00 3.937059e+01 -2.000000e+00
    endloop
  endfacet
  facet normal 0.000000e+00 0.000000e+00 -1.000000e+00
    outer loop
      vertex   0.000000e+00 3.107000e+01 -2.000000e+00
      vertex   -3.517037e+00 3.937059e+01 -2.000000e+00
      vertex   -3.500000e+00 3.950000e+01 -2.000000e+00
    endloop
  endfacet
  facet normal 0.000000e+00 0.000000e+00 -1.000000e+00
    outer loop
      vertex   -3.517037e+00 3.662941e+01 -2.000000e+00
      vertex   -3.566988e+00 3.675000e+01 -2.000000e+00
      vertex   -3.517037e+00 3.937059e+01 -2.000000e+00
    endloop
  endfacet
  facet normal 0.000000e+00 0.000000e+00 -1.000000e+00
    outer loop
      vertex   -8.870590e+00 5.498296e+01 -2.000000e+00
      vertex   -9.000000e+00 5.500000e+01 -2.000000e+00
      vertex   0.000000e+00 5.700000e+01 -2.000000e+00
    endloop
  endfacet
  facet normal 0.000000e+00 0.000000e+00 -1.000000e+00
    outer loop
      vertex   0.000000e+00 5.700000e+01 -2.000000e+00
      vertex   -9.000000e+00 5.500000e+01 -2.000000e+00
      vertex   -3.148300e+01 5.500000e+01 -2.000000e+00
    endloop
  endfacet
  facet normal 0.000000e+00 0.000000e+00 -1.000000e+00
    outer loop
      vertex   0.000000e+00 5.700000e+01 -2.000000e+00
      vertex   -3.148300e+01 5.500000e+01 -2.000000e+00
      vertex   -3.548300e+01 5.500000e+01 -2.000000e+00
    endloop
  endfacet
  facet normal 0.000000e+00 0.000000e+00 -1.000000e+00
    outer loop
      vertex   -3.548300e+01 5.500000e+01 -2.000000e+00
      vertex   -3.148300e+01 5.500000e+01 -2.000000e+00
      vertex   -3.535359e+01 5.498296e+01 -2.000000e+00
    endloop
  endfacet
  facet normal 0.000000e+00 0.000000e+00 -1.000000e+00
    outer loop
      vertex   -3.535359e+01 5.498296e+01 -2.000000e+00
      vertex   -3.148300e+01 5.500000e+01 -2.000000e+00
      vertex   -3.161241e+01 5.498296e+01 -2.000000e+00
    endloop
  endfacet
  facet normal 0.000000e+00 0.000000e+00 -1.000000e+00
    outer loop
      vertex   -3.535359e+01 5.498296e+01 -2.000000e+00
      vertex   -3.161241e+01 5.498296e+01 -2.000000e+00
      vertex   -3.523300e+01 5.493301e+01 -2.000000e+00
    endloop
  endfacet
  facet normal 0.000000e+00 0.000000e+00 -1.000000e+00
    outer loop
      vertex   -3.523300e+01 5.493301e+01 -2.000000e+00
      vertex   -3.161241e+01 5.498296e+01 -2.000000e+00
      vertex   -3.173300e+01 5.493301e+01 -2.000000e+00
    endloop
  endfacet
  facet normal 0.000000e+00 0.000000e+00 -1.000000e+00
    outer loop
      vertex   -3.523300e+01 5.493301e+01 -2.000000e+00
      vertex   -3.173300e+01 5.493301e+01 -2.000000e+00
      vertex   -3.512945e+01 5.485355e+01 -2.000000e+00
    endloop
  endfacet
  facet normal 0.000000e+00 0.000000e+00 -1.000000e+00
    outer loop
      vertex   -3.512945e+01 5.485355e+01 -2.000000e+00
      vertex   -3.173300e+01 5.493301e+01 -2.000000e+00
      vertex   -3.183655e+01 5.485355e+01 -2.000000e+00
    endloop
  endfacet
  facet normal 0.000000e+00 0.000000e+00 -1.000000e+00
    outer loop
      vertex   -3.512945e+01 5.485355e+01 -2.000000e+00
      vertex   -3.183655e+01 5.485355e+01 -2.000000e+00
      vertex   -3.504999e+01 5.475000e+01 -2.000000e+00
    endloop
  endfacet
  facet normal 0.000000e+00 0.000000e+00 -1.000000e+00
    outer loop
      vertex   -3.504999e+01 5.475000e+01 -2.000000e+00
      vertex   -3.183655e+01 5.485355e+01 -2.000000e+00
      vertex   -3.191601e+01 5.475000e+01 -2.000000e+00
    endloop
  endfacet
  facet normal 0.000000e+00 0.000000e+00 -1.000000e+00
    outer loop
      vertex   -3.504999e+01 5.475000e+01 -2.000000e+00
      vertex   -3.191601e+01 5.475000e+01 -2.000000e+00
      vertex   -3.500004e+01 5.462941e+01 -2.000000e+00
    endloop
  endfacet
  facet normal 0.000000e+00 0.000000e+00 -1.000000e+00
    outer loop
      vertex   -3.500004e+01 5.462941e+01 -2.000000e+00
      vertex   -3.191601e+01 5.475000e+01 -2.000000e+00
      vertex   -3.196596e+01 5.462941e+01 -2.000000e+00
    endloop
  endfacet
  facet normal 0.000000e+00 0.000000e+00 -1.000000e+00
    outer loop
      vertex   -3.500004e+01 5.462941e+01 -2.000000e+00
      vertex   -3.196596e+01 5.462941e+01 -2.000000e+00
      vertex   -3.498300e+01 5.450000e+01 -2.000000e+00
    endloop
  endfacet
  facet normal 0.000000e+00 0.000000e+00 -1.000000e+00
    outer loop
      vertex   -3.498300e+01 5.450000e+01 -2.000000e+00
      vertex   -3.196596e+01 5.462941e+01 -2.000000e+00
      vertex   -3.198300e+01 5.450000e+01 -2.000000e+00
    endloop
  endfacet
  facet normal 0.000000e+00 -0.000000e+00 -1.000000e+00
    outer loop
      vertex   -3.498300e+01 5.450000e+01 -2.000000e+00
      vertex   -3.198300e+01 5.450000e+01 -2.000000e+00
      vertex   -3.500004e+01 5.437059e+01 -2.000000e+00
    endloop
  endfacet
  facet normal 0.000000e+00 0.000000e+00 -1.000000e+00
    outer loop
      vertex   -3.500004e+01 5.437059e+01 -2.000000e+00
      vertex   -3.198300e+01 5.450000e+01 -2.000000e+00
      vertex   -3.196596e+01 5.437059e+01 -2.000000e+00
    endloop
  endfacet
  facet normal 0.000000e+00 -0.000000e+00 -1.000000e+00
    outer loop
      vertex   -3.500004e+01 5.437059e+01 -2.000000e+00
      vertex   -3.196596e+01 5.437059e+01 -2.000000e+00
      vertex   -3.504999e+01 5.425000e+01 -2.000000e+00
    endloop
  endfacet
  facet normal 0.000000e+00 0.000000e+00 -1.000000e+00
    outer loop
      vertex   -3.504999e+01 5.425000e+01 -2.000000e+00
      vertex   -3.196596e+01 5.437059e+01 -2.000000e+00
      vertex   -3.191601e+01 5.425000e+01 -2.000000e+00
    endloop
  endfacet
  facet normal 0.000000e+00 -0.000000e+00 -1.000000e+00
    outer loop
      vertex   -3.504999e+01 5.425000e+01 -2.000000e+00
      vertex   -3.191601e+01 5.425000e+01 -2.000000e+00
      vertex   -3.512945e+01 5.414645e+01 -2.000000e+00
    endloop
  endfacet
  facet normal 0.000000e+00 0.000000e+00 -1.000000e+00
    outer loop
      vertex   -3.512945e+01 5.414645e+01 -2.000000e+00
      vertex   -3.191601e+01 5.425000e+01 -2.000000e+00
      vertex   -3.183655e+01 5.414645e+01 -2.000000e+00
    endloop
  endfacet
  facet normal 0.000000e+00 0.000000e+00 -1.000000e+00
    outer loop
      vertex   -3.512945e+01 5.414645e+01 -2.000000e+00
      vertex   -3.183655e+01 5.414645e+01 -2.000000e+00
      vertex   -3.512945e+01 5.185355e+01 -2.000000e+00
    endloop
  endfacet
  facet normal 0.000000e+00 0.000000e+00 -1.000000e+00
    outer loop
      vertex   -3.512945e+01 5.185355e+01 -2.000000e+00
      vertex   -3.183655e+01 5.414645e+01 -2.000000e+00
      vertex   -3.183655e+01 5.185355e+01 -2.000000e+00
    endloop
  endfacet
  facet normal 0.000000e+00 0.000000e+00 -1.000000e+00
    outer loop
      vertex   -3.512945e+01 5.185355e+01 -2.000000e+00
      vertex   -3.183655e+01 5.185355e+01 -2.000000e+00
      vertex   -3.504999e+01 5.175000e+01 -2.000000e+00
    endloop
  endfacet
  facet normal 0.000000e+00 0.000000e+00 -1.000000e+00
    outer loop
      vertex   -3.504999e+01 5.175000e+01 -2.000000e+00
      vertex   -3.183655e+01 5.185355e+01 -2.000000e+00
      vertex   -3.191601e+01 5.175000e+01 -2.000000e+00
    endloop
  endfacet
  facet normal 0.000000e+00 0.000000e+00 -1.000000e+00
    outer loop
      vertex   -3.504999e+01 5.175000e+01 -2.000000e+00
      vertex   -3.191601e+01 5.175000e+01 -2.000000e+00
      vertex   -3.500004e+01 5.162941e+01 -2.000000e+00
    endloop
  endfacet
  facet normal 0.000000e+00 0.000000e+00 -1.000000e+00
    outer loop
      vertex   -3.500004e+01 5.162941e+01 -2.000000e+00
      vertex   -3.191601e+01 5.175000e+01 -2.000000e+00
      vertex   -3.196596e+01 5.162941e+01 -2.000000e+00
    endloop
  endfacet
  facet normal 0.000000e+00 0.000000e+00 -1.000000e+00
    outer loop
      vertex   -3.500004e+01 5.162941e+01 -2.000000e+00
      vertex   -3.196596e+01 5.162941e+01 -2.000000e+00
      vertex   -3.498300e+01 5.150000e+01 -2.000000e+00
    endloop
  endfacet
  facet normal 0.000000e+00 0.000000e+00 -1.000000e+00
    outer loop
      vertex   -3.498300e+01 5.150000e+01 -2.000000e+00
      vertex   -3.196596e+01 5.162941e+01 -2.000000e+00
      vertex   -3.198300e+01 5.150000e+01 -2.000000e+00
    endloop
  endfacet
  facet normal 0.000000e+00 -0.000000e+00 -1.000000e+00
    outer loop
      vertex   -3.498300e+01 5.150000e+01 -2.000000e+00
      vertex   -3.198300e+01 5.150000e+01 -2.000000e+00
      vertex   -3.500004e+01 5.137059e+01 -2.000000e+00
    endloop
  endfacet
  facet normal 0.000000e+00 0.000000e+00 -1.000000e+00
    outer loop
      vertex   -3.500004e+01 5.137059e+01 -2.000000e+00
      vertex   -3.198300e+01 5.150000e+01 -2.000000e+00
      vertex   -3.196596e+01 5.137059e+01 -2.000000e+00
    endloop
  endfacet
  facet normal 0.000000e+00 -0.000000e+00 -1.000000e+00
    outer loop
      vertex   -3.500004e+01 5.137059e+01 -2.000000e+00
      vertex   -3.196596e+01 5.137059e+01 -2.000000e+00
      vertex   -3.504999e+01 5.125000e+01 -2.000000e+00
    endloop
  endfacet
  facet normal 0.000000e+00 0.000000e+00 -1.000000e+00
    outer loop
      vertex   -3.504999e+01 5.125000e+01 -2.000000e+00
      vertex   -3.196596e+01 5.137059e+01 -2.000000e+00
      vertex   -3.191601e+01 5.125000e+01 -2.000000e+00
    endloop
  endfacet
  facet normal 0.000000e+00 -0.000000e+00 -1.000000e+00
    outer loop
      vertex   -3.504999e+01 5.125000e+01 -2.000000e+00
      vertex   -3.191601e+01 5.125000e+01 -2.000000e+00
      vertex   -3.512945e+01 5.114645e+01 -2.000000e+00
    endloop
  endfacet
  facet normal 0.000000e+00 0.000000e+00 -1.000000e+00
    outer loop
      vertex   -3.512945e+01 5.114645e+01 -2.000000e+00
      vertex   -3.191601e+01 5.125000e+01 -2.000000e+00
      vertex   -3.183655e+01 5.114645e+01 -2.000000e+00
    endloop
  endfacet
  facet normal 0.000000e+00 -0.000000e+00 -1.000000e+00
    outer loop
      vertex   -3.183655e+01 5.414645e+01 -2.000000e+00
      vertex   -3.173300e+01 5.406699e+01 -2.000000e+00
      vertex   -3.183655e+01 5.185355e+01 -2.000000e+00
    endloop
  endfacet
  facet normal 0.000000e+00 0.000000e+00 -1.000000e+00
    outer loop
      vertex   -3.183655e+01 5.185355e+01 -2.000000e+00
      vertex   -3.173300e+01 5.406699e+01 -2.000000e+00
      vertex   -3.173300e+01 5.193301e+01 -2.000000e+00
    endloop
  endfacet
  facet normal 0.000000e+00 0.000000e+00 -1.000000e+00
    outer loop
      vertex   -3.173300e+01 5.193301e+01 -2.000000e+00
      vertex   -3.173300e+01 5.406699e+01 -2.000000e+00
      vertex   -3.161241e+01 5.401704e+01 -2.000000e+00
    endloop
  endfacet
  facet normal 0.000000e+00 0.000000e+00 -1.000000e+00
    outer loop
      vertex   -3.173300e+01 5.193301e+01 -2.000000e+00
      vertex   -3.161241e+01 5.401704e+01 -2.000000e+00
      vertex   -3.161241e+01 5.198296e+01 -2.000000e+00
    endloop
  endfacet
  facet normal 0.000000e+00 0.000000e+00 -1.000000e+00
    outer loop
      vertex   -3.161241e+01 5.198296e+01 -2.000000e+00
      vertex   -3.161241e+01 5.401704e+01 -2.000000e+00
      vertex   -3.148300e+01 5.400000e+01 -2.000000e+00
    endloop
  endfacet
  facet normal 0.000000e+00 0.000000e+00 -1.000000e+00
    outer loop
      vertex   -3.161241e+01 5.198296e+01 -2.000000e+00
      vertex   -3.148300e+01 5.400000e+01 -2.000000e+00
      vertex   -3.148300e+01 5.200000e+01 -2.000000e+00
    endloop
  endfacet
  facet normal 0.000000e+00 0.000000e+00 -1.000000e+00
    outer loop
      vertex   -3.148300e+01 5.200000e+01 -2.000000e+00
      vertex   -3.148300e+01 5.400000e+01 -2.000000e+00
      vertex   -9.000000e+00 5.400000e+01 -2.000000e+00
    endloop
  endfacet
  facet normal 0.000000e+00 0.000000e+00 -1.000000e+00
    outer loop
      vertex   -3.148300e+01 5.200000e+01 -2.000000e+00
      vertex   -9.000000e+00 5.400000e+01 -2.000000e+00
      vertex   -9.000000e+00 5.200000e+01 -2.000000e+00
    endloop
  endfacet
  facet normal 0.000000e+00 0.000000e+00 -1.000000e+00
    outer loop
      vertex   -9.000000e+00 5.200000e+01 -2.000000e+00
      vertex   -9.000000e+00 5.400000e+01 -2.000000e+00
      vertex   -8.870590e+00 5.198296e+01 -2.000000e+00
    endloop
  endfacet
  facet normal 0.000000e+00 0.000000e+00 -1.000000e+00
    outer loop
      vertex   -8.870590e+00 5.198296e+01 -2.000000e+00
      vertex   -9.000000e+00 5.400000e+01 -2.000000e+00
      vertex   -8.870590e+00 5.401704e+01 -2.000000e+00
    endloop
  endfacet
  facet normal 0.000000e+00 0.000000e+00 -1.000000e+00
    outer loop
      vertex   -8.870590e+00 5.198296e+01 -2.000000e+00
      vertex   -8.870590e+00 5.401704e+01 -2.000000e+00
      vertex   -8.750000e+00 5.193301e+01 -2.000000e+00
    endloop
  endfacet
  facet normal 0.000000e+00 0.000000e+00 -1.000000e+00
    outer loop
      vertex   -8.750000e+00 5.193301e+01 -2.000000e+00
      vertex   -8.870590e+00 5.401704e+01 -2.000000e+00
      vertex   -8.750000e+00 5.406699e+01 -2.000000e+00
    endloop
  endfacet
  facet normal 0.000000e+00 0.000000e+00 -1.000000e+00
    outer loop
      vertex   -8.750000e+00 5.193301e+01 -2.000000e+00
      vertex   -8.750000e+00 5.406699e+01 -2.000000e+00
      vertex   -5.828148e+00 5.285588e+01 -2.000000e+00
    endloop
  endfacet
  facet normal 0.000000e+00 0.000000e+00 -1.000000e+00
    outer loop
      vertex   -5.828148e+00 5.285588e+01 -2.000000e+00
      vertex   -8.750000e+00 5.406699e+01 -2.000000e+00
      vertex   -8.646447e+00 5.414645e+01 -2.000000e+00
    endloop
  endfacet
  facet normal 0.000000e+00 0.000000e+00 -1.000000e+00
    outer loop
      vertex   -5.828148e+00 5.285588e+01 -2.000000e+00
      vertex   -8.646447e+00 5.414645e+01 -2.000000e+00
      vertex   -5.690785e+00 5.318750e+01 -2.000000e+00
    endloop
  endfacet
  facet normal 0.000000e+00 0.000000e+00 -1.000000e+00
    outer loop
      vertex   -5.690785e+00 5.318750e+01 -2.000000e+00
      vertex   -8.646447e+00 5.414645e+01 -2.000000e+00
      vertex   -8.566987e+00 5.425000e+01 -2.000000e+00
    endloop
  endfacet
  facet normal 0.000000e+00 0.000000e+00 -1.000000e+00
    outer loop
      vertex   -5.690785e+00 5.318750e+01 -2.000000e+00
      vertex   -8.566987e+00 5.425000e+01 -2.000000e+00
      vertex   -8.517037e+00 5.437059e+01 -2.000000e+00
    endloop
  endfacet
  facet normal 0.000000e+00 0.000000e+00 -1.000000e+00
    outer loop
      vertex   -5.690785e+00 5.318750e+01 -2.000000e+00
      vertex   -8.517037e+00 5.437059e+01 -2.000000e+00
      vertex   -5.472272e+00 5.347227e+01 -2.000000e+00
    endloop
  endfacet
  facet normal 0.000000e+00 0.000000e+00 -1.000000e+00
    outer loop
      vertex   -5.472272e+00 5.347227e+01 -2.000000e+00
      vertex   -8.517037e+00 5.437059e+01 -2.000000e+00
      vertex   -8.500000e+00 5.450000e+01 -2.000000e+00
    endloop
  endfacet
  facet normal 0.000000e+00 0.000000e+00 -1.000000e+00
    outer loop
      vertex   -5.472272e+00 5.347227e+01 -2.000000e+00
      vertex   -8.500000e+00 5.450000e+01 -2.000000e+00
      vertex   -8.517037e+00 5.462941e+01 -2.000000e+00
    endloop
  endfacet
  facet normal 0.000000e+00 0.000000e+00 -1.000000e+00
    outer loop
      vertex   -5.472272e+00 5.347227e+01 -2.000000e+00
      vertex   -8.517037e+00 5.462941e+01 -2.000000e+00
      vertex   -5.187500e+00 5.369078e+01 -2.000000e+00
    endloop
  endfacet
  facet normal 0.000000e+00 0.000000e+00 -1.000000e+00
    outer loop
      vertex   -5.187500e+00 5.369078e+01 -2.000000e+00
      vertex   -8.517037e+00 5.462941e+01 -2.000000e+00
      vertex   -8.566987e+00 5.475000e+01 -2.000000e+00
    endloop
  endfacet
  facet normal 0.000000e+00 0.000000e+00 -1.000000e+00
    outer loop
      vertex   -5.187500e+00 5.369078e+01 -2.000000e+00
      vertex   -8.566987e+00 5.475000e+01 -2.000000e+00
      vertex   -4.855876e+00 5.382815e+01 -2.000000e+00
    endloop
  endfacet
  facet normal 0.000000e+00 0.000000e+00 -1.000000e+00
    outer loop
      vertex   -4.855876e+00 5.382815e+01 -2.000000e+00
      vertex   -8.566987e+00 5.475000e+01 -2.000000e+00
      vertex   -8.646447e+00 5.485355e+01 -2.000000e+00
    endloop
  endfacet
  facet normal 0.000000e+00 0.000000e+00 -1.000000e+00
    outer loop
      vertex   -4.855876e+00 5.382815e+01 -2.000000e+00
      vertex   -8.646447e+00 5.485355e+01 -2.000000e+00
      vertex   -4.500000e+00 5.387500e+01 -2.000000e+00
    endloop
  endfacet
  facet normal 0.000000e+00 0.000000e+00 -1.000000e+00
    outer loop
      vertex   -4.500000e+00 5.387500e+01 -2.000000e+00
      vertex   -8.646447e+00 5.485355e+01 -2.000000e+00
      vertex   -8.750000e+00 5.493301e+01 -2.000000e+00
    endloop
  endfacet
  facet normal 0.000000e+00 0.000000e+00 -1.000000e+00
    outer loop
      vertex   -4.500000e+00 5.387500e+01 -2.000000e+00
      vertex   -8.750000e+00 5.493301e+01 -2.000000e+00
      vertex   0.000000e+00 5.700000e+01 -2.000000e+00
    endloop
  endfacet
  facet normal 0.000000e+00 0.000000e+00 -1.000000e+00
    outer loop
      vertex   0.000000e+00 5.700000e+01 -2.000000e+00
      vertex   -8.750000e+00 5.493301e+01 -2.000000e+00
      vertex   -8.870590e+00 5.498296e+01 -2.000000e+00
    endloop
  endfacet
  facet normal 0.000000e+00 0.000000e+00 -1.000000e+00
    outer loop
      vertex   -3.183655e+01 4.214645e+01 -2.000000e+00
      vertex   -3.173300e+01 4.206699e+01 -2.000000e+00
      vertex   -3.183655e+01 3.985355e+01 -2.000000e+00
    endloop
  endfacet
  facet normal 0.000000e+00 0.000000e+00 -1.000000e+00
    outer loop
      vertex   -3.183655e+01 3.985355e+01 -2.000000e+00
      vertex   -3.173300e+01 4.206699e+01 -2.000000e+00
      vertex   -3.173300e+01 3.993301e+01 -2.000000e+00
    endloop
  endfacet
  facet normal 0.000000e+00 0.000000e+00 -1.000000e+00
    outer loop
      vertex   -3.173300e+01 3.993301e+01 -2.000000e+00
      vertex   -3.173300e+01 4.206699e+01 -2.000000e+00
      vertex   -3.161241e+01 4.201704e+01 -2.000000e+00
    endloop
  endfacet
  facet normal 0.000000e+00 0.000000e+00 -1.000000e+00
    outer loop
      vertex   -3.173300e+01 3.993301e+01 -2.000000e+00
      vertex   -3.161241e+01 4.201704e+01 -2.000000e+00
      vertex   -3.161241e+01 3.998296e+01 -2.000000e+00
    endloop
  endfacet
  facet normal 0.000000e+00 0.000000e+00 -1.000000e+00
    outer loop
      vertex   -3.161241e+01 3.998296e+01 -2.000000e+00
      vertex   -3.161241e+01 4.201704e+01 -2.000000e+00
      vertex   -3.148300e+01 4.200000e+01 -2.000000e+00
    endloop
  endfacet
  facet normal 0.000000e+00 0.000000e+00 -1.000000e+00
    outer loop
      vertex   -3.161241e+01 3.998296e+01 -2.000000e+00
      vertex   -3.148300e+01 4.200000e+01 -2.000000e+00
      vertex   -3.148300e+01 4.000000e+01 -2.000000e+00
    endloop
  endfacet
  facet normal 0.000000e+00 0.000000e+00 -1.000000e+00
    outer loop
      vertex   -3.148300e+01 4.000000e+01 -2.000000e+00
      vertex   -3.148300e+01 4.200000e+01 -2.000000e+00
      vertex   -4.000000e+00 4.000000e+01 -2.000000e+00
    endloop
  endfacet
  facet normal 0.000000e+00 0.000000e+00 -1.000000e+00
    outer loop
      vertex   -4.000000e+00 4.000000e+01 -2.000000e+00
      vertex   -3.148300e+01 4.200000e+01 -2.000000e+00
      vertex   -4.000000e+00 4.200000e+01 -2.000000e+00
    endloop
  endfacet
  facet normal 0.000000e+00 0.000000e+00 -1.000000e+00
    outer loop
      vertex   -4.000000e+00 4.000000e+01 -2.000000e+00
      vertex   -4.000000e+00 4.200000e+01 -2.000000e+00
      vertex   -3.870591e+00 3.998296e+01 -2.000000e+00
    endloop
  endfacet
  facet normal 0.000000e+00 0.000000e+00 -1.000000e+00
    outer loop
      vertex   -3.870591e+00 3.998296e+01 -2.000000e+00
      vertex   -4.000000e+00 4.200000e+01 -2.000000e+00
      vertex   -3.870591e+00 4.201704e+01 -2.000000e+00
    endloop
  endfacet
  facet normal 0.000000e+00 0.000000e+00 -1.000000e+00
    outer loop
      vertex   -3.870591e+00 3.998296e+01 -2.000000e+00
      vertex   -3.870591e+00 4.201704e+01 -2.000000e+00
      vertex   -3.750000e+00 3.993301e+01 -2.000000e+00
    endloop
  endfacet
  facet normal 0.000000e+00 0.000000e+00 -1.000000e+00
    outer loop
      vertex   -3.750000e+00 3.993301e+01 -2.000000e+00
      vertex   -3.870591e+00 4.201704e+01 -2.000000e+00
      vertex   -3.750000e+00 4.206699e+01 -2.000000e+00
    endloop
  endfacet
  facet normal 0.000000e+00 0.000000e+00 -1.000000e+00
    outer loop
      vertex   -3.750000e+00 3.993301e+01 -2.000000e+00
      vertex   -3.750000e+00 4.206699e+01 -2.000000e+00
      vertex   -3.646447e+00 3.985355e+01 -2.000000e+00
    endloop
  endfacet
  facet normal 0.000000e+00 0.000000e+00 -1.000000e+00
    outer loop
      vertex   -3.646447e+00 3.985355e+01 -2.000000e+00
      vertex   -3.750000e+00 4.206699e+01 -2.000000e+00
      vertex   -3.646447e+00 4.214645e+01 -2.000000e+00
    endloop
  endfacet
  facet normal 0.000000e+00 0.000000e+00 -1.000000e+00
    outer loop
      vertex   -3.646447e+00 3.985355e+01 -2.000000e+00
      vertex   -3.646447e+00 4.214645e+01 -2.000000e+00
      vertex   -3.566988e+00 3.975000e+01 -2.000000e+00
    endloop
  endfacet
  facet normal 0.000000e+00 0.000000e+00 -1.000000e+00
    outer loop
      vertex   -3.566988e+00 3.975000e+01 -2.000000e+00
      vertex   -3.646447e+00 4.214645e+01 -2.000000e+00
      vertex   -3.566988e+00 4.225000e+01 -2.000000e+00
    endloop
  endfacet
  facet normal 0.000000e+00 0.000000e+00 -1.000000e+00
    outer loop
      vertex   -3.566988e+00 3.975000e+01 -2.000000e+00
      vertex   -3.566988e+00 4.225000e+01 -2.000000e+00
      vertex   -3.517037e+00 3.962941e+01 -2.000000e+00
    endloop
  endfacet
  facet normal 0.000000e+00 0.000000e+00 -1.000000e+00
    outer loop
      vertex   -3.517037e+00 3.962941e+01 -2.000000e+00
      vertex   -3.566988e+00 4.225000e+01 -2.000000e+00
      vertex   -3.517037e+00 4.237059e+01 -2.000000e+00
    endloop
  endfacet
  facet normal 0.000000e+00 0.000000e+00 -1.000000e+00
    outer loop
      vertex   -3.517037e+00 3.962941e+01 -2.000000e+00
      vertex   -3.517037e+00 4.237059e+01 -2.000000e+00
      vertex   -3.500000e+00 4.250000e+01 -2.000000e+00
    endloop
  endfacet
  facet normal 0.000000e+00 0.000000e+00 -1.000000e+00
    outer loop
      vertex   -3.517037e+00 4.262941e+01 -2.000000e+00
      vertex   -3.500000e+00 4.550000e+01 -2.000000e+00
      vertex   -3.500000e+00 4.250000e+01 -2.000000e+00
    endloop
  endfacet
  facet normal 0.000000e+00 0.000000e+00 -1.000000e+00
    outer loop
      vertex   -3.500000e+00 4.250000e+01 -2.000000e+00
      vertex   -3.500000e+00 4.550000e+01 -2.000000e+00
      vertex   0.000000e+00 3.107000e+01 -2.000000e+00
    endloop
  endfacet
  facet normal 0.000000e+00 0.000000e+00 -1.000000e+00
    outer loop
      vertex   -3.500000e+00 4.250000e+01 -2.000000e+00
      vertex   0.000000e+00 3.107000e+01 -2.000000e+00
      vertex   -3.500000e+00 3.950000e+01 -2.000000e+00
    endloop
  endfacet
  facet normal 0.000000e+00 0.000000e+00 -1.000000e+00
    outer loop
      vertex   -3.500000e+00 3.950000e+01 -2.000000e+00
      vertex   -3.517037e+00 3.962941e+01 -2.000000e+00
      vertex   -3.500000e+00 4.250000e+01 -2.000000e+00
    endloop
  endfacet
  facet normal 0.000000e+00 0.000000e+00 -1.000000e+00
    outer loop
      vertex   -8.750000e+00 5.106699e+01 -2.000000e+00
      vertex   -8.646447e+00 5.114645e+01 -2.000000e+00
      vertex   -4.000000e+00 4.900000e+01 -2.000000e+00
    endloop
  endfacet
  facet normal -0.000000e+00 0.000000e+00 -1.000000e+00
    outer loop
      vertex   -5.472272e+00 5.152773e+01 -2.000000e+00
      vertex   -8.517037e+00 5.137059e+01 -2.000000e+00
      vertex   -5.690785e+00 5.181250e+01 -2.000000e+00
    endloop
  endfacet
  facet normal 0.000000e+00 0.000000e+00 -1.000000e+00
    outer loop
      vertex   -5.690785e+00 5.181250e+01 -2.000000e+00
      vertex   -8.517037e+00 5.137059e+01 -2.000000e+00
      vertex   -8.500000e+00 5.150000e+01 -2.000000e+00
    endloop
  endfacet
  facet normal -0.000000e+00 0.000000e+00 -1.000000e+00
    outer loop
      vertex   -5.690785e+00 5.181250e+01 -2.000000e+00
      vertex   -8.500000e+00 5.150000e+01 -2.000000e+00
      vertex   -5.828148e+00 5.214412e+01 -2.000000e+00
    endloop
  endfacet
  facet normal 0.000000e+00 0.000000e+00 -1.000000e+00
    outer loop
      vertex   -5.828148e+00 5.214412e+01 -2.000000e+00
      vertex   -8.500000e+00 5.150000e+01 -2.000000e+00
      vertex   -8.517037e+00 5.162941e+01 -2.000000e+00
    endloop
  endfacet
  facet normal 0.000000e+00 0.000000e+00 -1.000000e+00
    outer loop
      vertex   -5.828148e+00 5.214412e+01 -2.000000e+00
      vertex   -8.517037e+00 5.162941e+01 -2.000000e+00
      vertex   -8.566987e+00 5.175000e+01 -2.000000e+00
    endloop
  endfacet
  facet normal -0.000000e+00 0.000000e+00 -1.000000e+00
    outer loop
      vertex   -5.828148e+00 5.214412e+01 -2.000000e+00
      vertex   -8.566987e+00 5.175000e+01 -2.000000e+00
      vertex   -5.875000e+00 5.250000e+01 -2.000000e+00
    endloop
  endfacet
  facet normal 0.000000e+00 0.000000e+00 -1.000000e+00
    outer loop
      vertex   -5.875000e+00 5.250000e+01 -2.000000e+00
      vertex   -8.566987e+00 5.175000e+01 -2.000000e+00
      vertex   -8.646447e+00 5.185355e+01 -2.000000e+00
    endloop
  endfacet
  facet normal -0.000000e+00 0.000000e+00 -1.000000e+00
    outer loop
      vertex   -5.875000e+00 5.250000e+01 -2.000000e+00
      vertex   -8.646447e+00 5.185355e+01 -2.000000e+00
      vertex   -5.828148e+00 5.285588e+01 -2.000000e+00
    endloop
  endfacet
  facet normal 0.000000e+00 0.000000e+00 -1.000000e+00
    outer loop
      vertex   -5.828148e+00 5.285588e+01 -2.000000e+00
      vertex   -8.646447e+00 5.185355e+01 -2.000000e+00
      vertex   -8.750000e+00 5.193301e+01 -2.000000e+00
    endloop
  endfacet
  facet normal 0.000000e+00 0.000000e+00 -1.000000e+00
    outer loop
      vertex   -3.171852e+00 5.214412e+01 -2.000000e+00
      vertex   -3.125000e+00 5.250000e+01 -2.000000e+00
      vertex   0.000000e+00 5.700000e+01 -2.000000e+00
    endloop
  endfacet
  facet normal 0.000000e+00 0.000000e+00 -1.000000e+00
    outer loop
      vertex   0.000000e+00 5.700000e+01 -2.000000e+00
      vertex   -3.125000e+00 5.250000e+01 -2.000000e+00
      vertex   -3.171852e+00 5.285588e+01 -2.000000e+00
    endloop
  endfacet
  facet normal 0.000000e+00 0.000000e+00 -1.000000e+00
    outer loop
      vertex   0.000000e+00 5.700000e+01 -2.000000e+00
      vertex   -3.171852e+00 5.285588e+01 -2.000000e+00
      vertex   -3.309215e+00 5.318750e+01 -2.000000e+00
    endloop
  endfacet
  facet normal 0.000000e+00 0.000000e+00 -1.000000e+00
    outer loop
      vertex   -3.309215e+00 5.318750e+01 -2.000000e+00
      vertex   -3.527728e+00 5.347227e+01 -2.000000e+00
      vertex   0.000000e+00 5.700000e+01 -2.000000e+00
    endloop
  endfacet
  facet normal 0.000000e+00 0.000000e+00 -1.000000e+00
    outer loop
      vertex   0.000000e+00 5.700000e+01 -2.000000e+00
      vertex   -3.527728e+00 5.347227e+01 -2.000000e+00
      vertex   -3.812500e+00 5.369078e+01 -2.000000e+00
    endloop
  endfacet
  facet normal 0.000000e+00 0.000000e+00 -1.000000e+00
    outer loop
      vertex   0.000000e+00 5.700000e+01 -2.000000e+00
      vertex   -3.812500e+00 5.369078e+01 -2.000000e+00
      vertex   -4.144124e+00 5.382815e+01 -2.000000e+00
    endloop
  endfacet
  facet normal 0.000000e+00 0.000000e+00 -1.000000e+00
    outer loop
      vertex   -4.144124e+00 5.382815e+01 -2.000000e+00
      vertex   -4.500000e+00 5.387500e+01 -2.000000e+00
      vertex   0.000000e+00 5.700000e+01 -2.000000e+00
    endloop
  endfacet
  facet normal 0.000000e+00 0.000000e+00 -1.000000e+00
    outer loop
      vertex   -6.117185e+01 5.285588e+01 -2.000000e+00
      vertex   -5.831955e+01 5.185355e+01 -2.000000e+00
      vertex   -6.112500e+01 5.250000e+01 -2.000000e+00
    endloop
  endfacet
  facet normal 0.000000e+00 0.000000e+00 -1.000000e+00
    outer loop
      vertex   -6.112500e+01 5.250000e+01 -2.000000e+00
      vertex   -5.831955e+01 5.185355e+01 -2.000000e+00
      vertex   -5.839901e+01 5.175000e+01 -2.000000e+00
    endloop
  endfacet
  facet normal 0.000000e+00 -0.000000e+00 -1.000000e+00
    outer loop
      vertex   -6.112500e+01 5.250000e+01 -2.000000e+00
      vertex   -5.839901e+01 5.175000e+01 -2.000000e+00
      vertex   -6.117185e+01 5.214412e+01 -2.000000e+00
    endloop
  endfacet
  facet normal 0.000000e+00 0.000000e+00 -1.000000e+00
    outer loop
      vertex   -6.117185e+01 5.214412e+01 -2.000000e+00
      vertex   -5.839901e+01 5.175000e+01 -2.000000e+00
      vertex   -5.844896e+01 5.162941e+01 -2.000000e+00
    endloop
  endfacet
  facet normal 0.000000e+00 0.000000e+00 -1.000000e+00
    outer loop
      vertex   -6.117185e+01 5.214412e+01 -2.000000e+00
      vertex   -5.844896e+01 5.162941e+01 -2.000000e+00
      vertex   -5.846600e+01 5.150000e+01 -2.000000e+00
    endloop
  endfacet
  facet normal 0.000000e+00 0.000000e+00 -1.000000e+00
    outer loop
      vertex   -6.130922e+01 5.318750e+01 -2.000000e+00
      vertex   -5.839901e+01 5.425000e+01 -2.000000e+00
      vertex   -6.117185e+01 5.285588e+01 -2.000000e+00
    endloop
  endfacet
  facet normal 0.000000e+00 0.000000e+00 -1.000000e+00
    outer loop
      vertex   -6.117185e+01 5.285588e+01 -2.000000e+00
      vertex   -5.839901e+01 5.425000e+01 -2.000000e+00
      vertex   -5.831955e+01 5.414645e+01 -2.000000e+00
    endloop
  endfacet
  facet normal 0.000000e+00 0.000000e+00 -1.000000e+00
    outer loop
      vertex   -6.117185e+01 5.285588e+01 -2.000000e+00
      vertex   -5.831955e+01 5.414645e+01 -2.000000e+00
      vertex   -5.821600e+01 5.406699e+01 -2.000000e+00
    endloop
  endfacet
  facet normal -0.000000e+00 0.000000e+00 -1.000000e+00
    outer loop
      vertex   -5.839901e+01 5.425000e+01 -2.000000e+00
      vertex   -6.130922e+01 5.318750e+01 -2.000000e+00
      vertex   -5.844896e+01 5.437059e+01 -2.000000e+00
    endloop
  endfacet
  facet normal 0.000000e+00 0.000000e+00 -1.000000e+00
    outer loop
      vertex   -5.844896e+01 5.437059e+01 -2.000000e+00
      vertex   -6.130922e+01 5.318750e+01 -2.000000e+00
      vertex   -6.152773e+01 5.347227e+01 -2.000000e+00
    endloop
  endfacet
  facet normal -0.000000e+00 0.000000e+00 -1.000000e+00
    outer loop
      vertex   -5.844896e+01 5.437059e+01 -2.000000e+00
      vertex   -6.152773e+01 5.347227e+01 -2.000000e+00
      vertex   -5.846600e+01 5.450000e+01 -2.000000e+00
    endloop
  endfacet
  facet normal -0.000000e+00 0.000000e+00 -1.000000e+00
    outer loop
      vertex   -5.846600e+01 5.450000e+01 -2.000000e+00
      vertex   -6.152773e+01 5.347227e+01 -2.000000e+00
      vertex   -5.844896e+01 5.462941e+01 -2.000000e+00
    endloop
  endfacet
  facet normal 0.000000e+00 0.000000e+00 -1.000000e+00
    outer loop
      vertex   -5.844896e+01 5.462941e+01 -2.000000e+00
      vertex   -6.152773e+01 5.347227e+01 -2.000000e+00
      vertex   -6.181250e+01 5.369078e+01 -2.000000e+00
    endloop
  endfacet
  facet normal -0.000000e+00 0.000000e+00 -1.000000e+00
    outer loop
      vertex   -5.844896e+01 5.462941e+01 -2.000000e+00
      vertex   -6.181250e+01 5.369078e+01 -2.000000e+00
      vertex   -5.839901e+01 5.475000e+01 -2.000000e+00
    endloop
  endfacet
  facet normal 0.000000e+00 0.000000e+00 -1.000000e+00
    outer loop
      vertex   -5.839901e+01 5.475000e+01 -2.000000e+00
      vertex   -6.181250e+01 5.369078e+01 -2.000000e+00
      vertex   -6.214412e+01 5.382815e+01 -2.000000e+00
    endloop
  endfacet
  facet normal -0.000000e+00 0.000000e+00 -1.000000e+00
    outer loop
      vertex   -5.839901e+01 5.475000e+01 -2.000000e+00
      vertex   -6.214412e+01 5.382815e+01 -2.000000e+00
      vertex   -5.831955e+01 5.485355e+01 -2.000000e+00
    endloop
  endfacet
  facet normal 0.000000e+00 0.000000e+00 -1.000000e+00
    outer loop
      vertex   -5.831955e+01 5.485355e+01 -2.000000e+00
      vertex   -6.214412e+01 5.382815e+01 -2.000000e+00
      vertex   -6.250000e+01 5.387500e+01 -2.000000e+00
    endloop
  endfacet
  facet normal -0.000000e+00 0.000000e+00 -1.000000e+00
    outer loop
      vertex   -5.831955e+01 5.485355e+01 -2.000000e+00
      vertex   -6.250000e+01 5.387500e+01 -2.000000e+00
      vertex   -5.821600e+01 5.493301e+01 -2.000000e+00
    endloop
  endfacet
  facet normal -0.000000e+00 0.000000e+00 -1.000000e+00
    outer loop
      vertex   -5.821600e+01 5.493301e+01 -2.000000e+00
      vertex   -6.250000e+01 5.387500e+01 -2.000000e+00
      vertex   -6.696600e+01 5.700000e+01 -2.000000e+00
    endloop
  endfacet
  facet normal 0.000000e+00 0.000000e+00 -1.000000e+00
    outer loop
      vertex   -5.821600e+01 5.493301e+01 -2.000000e+00
      vertex   -6.696600e+01 5.700000e+01 -2.000000e+00
      vertex   -5.809541e+01 5.498296e+01 -2.000000e+00
    endloop
  endfacet
  facet normal 0.000000e+00 0.000000e+00 -1.000000e+00
    outer loop
      vertex   -5.809541e+01 5.498296e+01 -2.000000e+00
      vertex   -6.696600e+01 5.700000e+01 -2.000000e+00
      vertex   -5.796600e+01 5.500000e+01 -2.000000e+00
    endloop
  endfacet
  facet normal 0.000000e+00 0.000000e+00 -1.000000e+00
    outer loop
      vertex   -5.796600e+01 5.500000e+01 -2.000000e+00
      vertex   -6.696600e+01 5.700000e+01 -2.000000e+00
      vertex   -3.548300e+01 5.500000e+01 -2.000000e+00
    endloop
  endfacet
  facet normal 0.000000e+00 0.000000e+00 -1.000000e+00
    outer loop
      vertex   -3.548300e+01 5.500000e+01 -2.000000e+00
      vertex   -6.696600e+01 5.700000e+01 -2.000000e+00
      vertex   0.000000e+00 5.700000e+01 -2.000000e+00
    endloop
  endfacet
  facet normal -0.000000e+00 0.000000e+00 -1.000000e+00
    outer loop
      vertex   -6.250000e+01 5.387500e+01 -2.000000e+00
      vertex   -6.285588e+01 5.382815e+01 -2.000000e+00
      vertex   -6.696600e+01 5.700000e+01 -2.000000e+00
    endloop
  endfacet
  facet normal 0.000000e+00 0.000000e+00 -1.000000e+00
    outer loop
      vertex   -6.696600e+01 5.700000e+01 -2.000000e+00
      vertex   -6.285588e+01 5.382815e+01 -2.000000e+00
      vertex   -6.318750e+01 5.369078e+01 -2.000000e+00
    endloop
  endfacet
  facet normal 0.000000e+00 0.000000e+00 -1.000000e+00
    outer loop
      vertex   -6.696600e+01 5.700000e+01 -2.000000e+00
      vertex   -6.318750e+01 5.369078e+01 -2.000000e+00
      vertex   -6.347227e+01 5.347227e+01 -2.000000e+00
    endloop
  endfacet
  facet normal -0.000000e+00 0.000000e+00 -1.000000e+00
    outer loop
      vertex   -6.347227e+01 5.347227e+01 -2.000000e+00
      vertex   -6.369078e+01 5.318750e+01 -2.000000e+00
      vertex   -6.696600e+01 5.700000e+01 -2.000000e+00
    endloop
  endfacet
  facet normal 0.000000e+00 0.000000e+00 -1.000000e+00
    outer loop
      vertex   -6.696600e+01 5.700000e+01 -2.000000e+00
      vertex   -6.369078e+01 5.318750e+01 -2.000000e+00
      vertex   -6.382815e+01 5.285588e+01 -2.000000e+00
    endloop
  endfacet
  facet normal 0.000000e+00 0.000000e+00 -1.000000e+00
    outer loop
      vertex   -6.696600e+01 5.700000e+01 -2.000000e+00
      vertex   -6.382815e+01 5.285588e+01 -2.000000e+00
      vertex   -6.387500e+01 5.250000e+01 -2.000000e+00
    endloop
  endfacet
  facet normal -0.000000e+00 -0.000000e+00 -1.000000e+00
    outer loop
      vertex   -6.387500e+01 5.250000e+01 -2.000000e+00
      vertex   -6.382815e+01 5.214412e+01 -2.000000e+00
      vertex   -6.696600e+01 5.700000e+01 -2.000000e+00
    endloop
  endfacet
  facet normal 0.000000e+00 0.000000e+00 -1.000000e+00
    outer loop
      vertex   -6.696600e+01 5.700000e+01 -2.000000e+00
      vertex   -6.382815e+01 5.214412e+01 -2.000000e+00
      vertex   -6.346600e+01 4.850000e+01 -2.000000e+00
    endloop
  endfacet
  facet normal 0.000000e+00 0.000000e+00 -1.000000e+00
    outer loop
      vertex   -6.696600e+01 5.700000e+01 -2.000000e+00
      vertex   -6.346600e+01 4.850000e+01 -2.000000e+00
      vertex   -6.346600e+01 4.550000e+01 -2.000000e+00
    endloop
  endfacet
  facet normal 0.000000e+00 0.000000e+00 -1.000000e+00
    outer loop
      vertex   -6.346600e+01 4.550000e+01 -2.000000e+00
      vertex   -6.346600e+01 4.850000e+01 -2.000000e+00
      vertex   -6.344896e+01 4.837059e+01 -2.000000e+00
    endloop
  endfacet
  facet normal 0.000000e+00 0.000000e+00 -1.000000e+00
    outer loop
      vertex   -6.346600e+01 4.550000e+01 -2.000000e+00
      vertex   -6.344896e+01 4.837059e+01 -2.000000e+00
      vertex   -6.344896e+01 4.562941e+01 -2.000000e+00
    endloop
  endfacet
  facet normal 0.000000e+00 0.000000e+00 -1.000000e+00
    outer loop
      vertex   -6.344896e+01 4.562941e+01 -2.000000e+00
      vertex   -6.344896e+01 4.837059e+01 -2.000000e+00
      vertex   -6.339901e+01 4.825000e+01 -2.000000e+00
    endloop
  endfacet
  facet normal 0.000000e+00 0.000000e+00 -1.000000e+00
    outer loop
      vertex   -6.344896e+01 4.562941e+01 -2.000000e+00
      vertex   -6.339901e+01 4.825000e+01 -2.000000e+00
      vertex   -6.339901e+01 4.575000e+01 -2.000000e+00
    endloop
  endfacet
  facet normal 0.000000e+00 0.000000e+00 -1.000000e+00
    outer loop
      vertex   -6.339901e+01 4.575000e+01 -2.000000e+00
      vertex   -6.339901e+01 4.825000e+01 -2.000000e+00
      vertex   -6.331955e+01 4.814645e+01 -2.000000e+00
    endloop
  endfacet
  facet normal 0.000000e+00 0.000000e+00 -1.000000e+00
    outer loop
      vertex   -6.339901e+01 4.575000e+01 -2.000000e+00
      vertex   -6.331955e+01 4.814645e+01 -2.000000e+00
      vertex   -6.331955e+01 4.585355e+01 -2.000000e+00
    endloop
  endfacet
  facet normal 0.000000e+00 0.000000e+00 -1.000000e+00
    outer loop
      vertex   -6.331955e+01 4.585355e+01 -2.000000e+00
      vertex   -6.331955e+01 4.814645e+01 -2.000000e+00
      vertex   -6.321600e+01 4.806699e+01 -2.000000e+00
    endloop
  endfacet
  facet normal 0.000000e+00 0.000000e+00 -1.000000e+00
    outer loop
      vertex   -6.331955e+01 4.585355e+01 -2.000000e+00
      vertex   -6.321600e+01 4.806699e+01 -2.000000e+00
      vertex   -6.321600e+01 4.593301e+01 -2.000000e+00
    endloop
  endfacet
  facet normal 0.000000e+00 0.000000e+00 -1.000000e+00
    outer loop
      vertex   -6.321600e+01 4.593301e+01 -2.000000e+00
      vertex   -6.321600e+01 4.806699e+01 -2.000000e+00
      vertex   -6.309541e+01 4.801704e+01 -2.000000e+00
    endloop
  endfacet
  facet normal 0.000000e+00 0.000000e+00 -1.000000e+00
    outer loop
      vertex   -6.321600e+01 4.593301e+01 -2.000000e+00
      vertex   -6.309541e+01 4.801704e+01 -2.000000e+00
      vertex   -6.309541e+01 4.598296e+01 -2.000000e+00
    endloop
  endfacet
  facet normal 0.000000e+00 0.000000e+00 -1.000000e+00
    outer loop
      vertex   -6.309541e+01 4.598296e+01 -2.000000e+00
      vertex   -6.309541e+01 4.801704e+01 -2.000000e+00
      vertex   -6.296600e+01 4.800000e+01 -2.000000e+00
    endloop
  endfacet
  facet normal 0.000000e+00 0.000000e+00 -1.000000e+00
    outer loop
      vertex   -6.309541e+01 4.598296e+01 -2.000000e+00
      vertex   -6.296600e+01 4.800000e+01 -2.000000e+00
      vertex   -6.296600e+01 4.600000e+01 -2.000000e+00
    endloop
  endfacet
  facet normal 0.000000e+00 0.000000e+00 -1.000000e+00
    outer loop
      vertex   -6.296600e+01 4.600000e+01 -2.000000e+00
      vertex   -6.296600e+01 4.800000e+01 -2.000000e+00
      vertex   -3.548300e+01 4.600000e+01 -2.000000e+00
    endloop
  endfacet
  facet normal 0.000000e+00 0.000000e+00 -1.000000e+00
    outer loop
      vertex   -3.548300e+01 4.600000e+01 -2.000000e+00
      vertex   -6.296600e+01 4.800000e+01 -2.000000e+00
      vertex   -3.548300e+01 4.800000e+01 -2.000000e+00
    endloop
  endfacet
  facet normal 0.000000e+00 0.000000e+00 -1.000000e+00
    outer loop
      vertex   -3.548300e+01 4.600000e+01 -2.000000e+00
      vertex   -3.548300e+01 4.800000e+01 -2.000000e+00
      vertex   -3.535359e+01 4.801704e+01 -2.000000e+00
    endloop
  endfacet
  facet normal 0.000000e+00 0.000000e+00 -1.000000e+00
    outer loop
      vertex   -6.346600e+01 4.850000e+01 -2.000000e+00
      vertex   -6.382815e+01 5.214412e+01 -2.000000e+00
      vertex   -6.344896e+01 4.862941e+01 -2.000000e+00
    endloop
  endfacet
  facet normal 0.000000e+00 0.000000e+00 -1.000000e+00
    outer loop
      vertex   -6.344896e+01 4.862941e+01 -2.000000e+00
      vertex   -6.382815e+01 5.214412e+01 -2.000000e+00
      vertex   -6.369078e+01 5.181250e+01 -2.000000e+00
    endloop
  endfacet
  facet normal 0.000000e+00 0.000000e+00 -1.000000e+00
    outer loop
      vertex   -6.344896e+01 4.862941e+01 -2.000000e+00
      vertex   -6.369078e+01 5.181250e+01 -2.000000e+00
      vertex   -6.339901e+01 4.875000e+01 -2.000000e+00
    endloop
  endfacet
  facet normal 0.000000e+00 0.000000e+00 -1.000000e+00
    outer loop
      vertex   -6.339901e+01 4.875000e+01 -2.000000e+00
      vertex   -6.369078e+01 5.181250e+01 -2.000000e+00
      vertex   -6.347227e+01 5.152773e+01 -2.000000e+00
    endloop
  endfacet
  facet normal 0.000000e+00 0.000000e+00 -1.000000e+00
    outer loop
      vertex   -6.339901e+01 4.875000e+01 -2.000000e+00
      vertex   -6.347227e+01 5.152773e+01 -2.000000e+00
      vertex   -6.331955e+01 4.885355e+01 -2.000000e+00
    endloop
  endfacet
  facet normal 0.000000e+00 0.000000e+00 -1.000000e+00
    outer loop
      vertex   -6.331955e+01 4.885355e+01 -2.000000e+00
      vertex   -6.347227e+01 5.152773e+01 -2.000000e+00
      vertex   -6.318750e+01 5.130922e+01 -2.000000e+00
    endloop
  endfacet
  facet normal 0.000000e+00 0.000000e+00 -1.000000e+00
    outer loop
      vertex   -6.331955e+01 4.885355e+01 -2.000000e+00
      vertex   -6.318750e+01 5.130922e+01 -2.000000e+00
      vertex   -6.321600e+01 4.893301e+01 -2.000000e+00
    endloop
  endfacet
  facet normal 0.000000e+00 0.000000e+00 -1.000000e+00
    outer loop
      vertex   -6.321600e+01 4.893301e+01 -2.000000e+00
      vertex   -6.318750e+01 5.130922e+01 -2.000000e+00
      vertex   -6.309541e+01 4.898296e+01 -2.000000e+00
    endloop
  endfacet
  facet normal 0.000000e+00 0.000000e+00 -1.000000e+00
    outer loop
      vertex   -6.309541e+01 4.898296e+01 -2.000000e+00
      vertex   -6.318750e+01 5.130922e+01 -2.000000e+00
      vertex   -6.285588e+01 5.117185e+01 -2.000000e+00
    endloop
  endfacet
  facet normal 0.000000e+00 0.000000e+00 -1.000000e+00
    outer loop
      vertex   -6.309541e+01 4.898296e+01 -2.000000e+00
      vertex   -6.285588e+01 5.117185e+01 -2.000000e+00
      vertex   -6.296600e+01 4.900000e+01 -2.000000e+00
    endloop
  endfacet
  facet normal 0.000000e+00 0.000000e+00 -1.000000e+00
    outer loop
      vertex   -6.296600e+01 4.900000e+01 -2.000000e+00
      vertex   -6.285588e+01 5.117185e+01 -2.000000e+00
      vertex   -6.250000e+01 5.112500e+01 -2.000000e+00
    endloop
  endfacet
  facet normal 0.000000e+00 0.000000e+00 -1.000000e+00
    outer loop
      vertex   -6.296600e+01 4.900000e+01 -2.000000e+00
      vertex   -6.250000e+01 5.112500e+01 -2.000000e+00
      vertex   -6.214412e+01 5.117185e+01 -2.000000e+00
    endloop
  endfacet
  facet normal 0.000000e+00 -0.000000e+00 -1.000000e+00
    outer loop
      vertex   -6.214412e+01 5.117185e+01 -2.000000e+00
      vertex   -6.181250e+01 5.130922e+01 -2.000000e+00
      vertex   -6.296600e+01 4.900000e+01 -2.000000e+00
    endloop
  endfacet
  facet normal 0.000000e+00 -0.000000e+00 -1.000000e+00
    outer loop
      vertex   -6.130922e+01 5.181250e+01 -2.000000e+00
      vertex   -5.844896e+01 5.137059e+01 -2.000000e+00
      vertex   -6.152773e+01 5.152773e+01 -2.000000e+00
    endloop
  endfacet
  facet normal 0.000000e+00 0.000000e+00 -1.000000e+00
    outer loop
      vertex   -6.152773e+01 5.152773e+01 -2.000000e+00
      vertex   -5.844896e+01 5.137059e+01 -2.000000e+00
      vertex   -5.839901e+01 5.125000e+01 -2.000000e+00
    endloop
  endfacet
  facet normal 0.000000e+00 0.000000e+00 -1.000000e+00
    outer loop
      vertex   -6.152773e+01 5.152773e+01 -2.000000e+00
      vertex   -5.839901e+01 5.125000e+01 -2.000000e+00
      vertex   -5.831955e+01 5.114645e+01 -2.000000e+00
    endloop
  endfacet
  facet normal 0.000000e+00 0.000000e+00 -1.000000e+00
    outer loop
      vertex   -5.844896e+01 5.137059e+01 -2.000000e+00
      vertex   -6.130922e+01 5.181250e+01 -2.000000e+00
      vertex   -5.846600e+01 5.150000e+01 -2.000000e+00
    endloop
  endfacet
  facet normal 0.000000e+00 0.000000e+00 -1.000000e+00
    outer loop
      vertex   -5.846600e+01 5.150000e+01 -2.000000e+00
      vertex   -6.130922e+01 5.181250e+01 -2.000000e+00
      vertex   -6.117185e+01 5.214412e+01 -2.000000e+00
    endloop
  endfacet
  facet normal 0.000000e+00 0.000000e+00 -1.000000e+00
    outer loop
      vertex   -6.117185e+01 3.144124e+00 -2.000000e+00
      vertex   -6.112500e+01 3.500000e+00 -2.000000e+00
      vertex   -5.900000e+01 3.379036e-14 -2.000000e+00
    endloop
  endfacet
  facet normal 0.000000e+00 0.000000e+00 -1.000000e+00
    outer loop
      vertex   -5.900000e+01 3.379036e-14 -2.000000e+00
      vertex   -6.112500e+01 3.500000e+00 -2.000000e+00
      vertex   -6.117185e+01 3.855876e+00 -2.000000e+00
    endloop
  endfacet
  facet normal 0.000000e+00 0.000000e+00 -1.000000e+00
    outer loop
      vertex   -5.900000e+01 3.379036e-14 -2.000000e+00
      vertex   -6.117185e+01 3.855876e+00 -2.000000e+00
      vertex   -6.130922e+01 4.187500e+00 -2.000000e+00
    endloop
  endfacet
  facet normal 0.000000e+00 0.000000e+00 -1.000000e+00
    outer loop
      vertex   -5.900000e+01 3.379036e-14 -2.000000e+00
      vertex   -6.130922e+01 4.187500e+00 -2.000000e+00
      vertex   -5.900000e+01 2.907000e+01 -2.000000e+00
    endloop
  endfacet
  facet normal 0.000000e+00 0.000000e+00 -1.000000e+00
    outer loop
      vertex   -5.900000e+01 2.907000e+01 -2.000000e+00
      vertex   -6.130922e+01 4.187500e+00 -2.000000e+00
      vertex   -6.152773e+01 4.472272e+00 -2.000000e+00
    endloop
  endfacet
  facet normal 0.000000e+00 0.000000e+00 -1.000000e+00
    outer loop
      vertex   -5.900000e+01 2.907000e+01 -2.000000e+00
      vertex   -6.152773e+01 4.472272e+00 -2.000000e+00
      vertex   -6.181250e+01 4.690785e+00 -2.000000e+00
    endloop
  endfacet
  facet normal 0.000000e+00 0.000000e+00 -1.000000e+00
    outer loop
      vertex   -6.181250e+01 4.690785e+00 -2.000000e+00
      vertex   -6.214412e+01 4.828148e+00 -2.000000e+00
      vertex   -5.900000e+01 2.907000e+01 -2.000000e+00
    endloop
  endfacet
  facet normal 0.000000e+00 0.000000e+00 -1.000000e+00
    outer loop
      vertex   -5.900000e+01 2.907000e+01 -2.000000e+00
      vertex   -6.214412e+01 4.828148e+00 -2.000000e+00
      vertex   -6.250000e+01 4.875000e+00 -2.000000e+00
    endloop
  endfacet
  facet normal 0.000000e+00 0.000000e+00 -1.000000e+00
    outer loop
      vertex   -5.900000e+01 2.907000e+01 -2.000000e+00
      vertex   -6.250000e+01 4.875000e+00 -2.000000e+00
      vertex   -6.285588e+01 4.828148e+00 -2.000000e+00
    endloop
  endfacet
  facet normal -0.000000e+00 0.000000e+00 -1.000000e+00
    outer loop
      vertex   -6.285588e+01 4.828148e+00 -2.000000e+00
      vertex   -6.318750e+01 4.690785e+00 -2.000000e+00
      vertex   -5.900000e+01 2.907000e+01 -2.000000e+00
    endloop
  endfacet
  facet normal -0.000000e+00 0.000000e+00 -1.000000e+00
    outer loop
      vertex   -5.900000e+01 2.907000e+01 -2.000000e+00
      vertex   -6.318750e+01 4.690785e+00 -2.000000e+00
      vertex   -6.321600e+01 3.306699e+01 -2.000000e+00
    endloop
  endfacet
  facet normal 0.000000e+00 0.000000e+00 -1.000000e+00
    outer loop
      vertex   -5.900000e+01 2.907000e+01 -2.000000e+00
      vertex   -6.321600e+01 3.306699e+01 -2.000000e+00
      vertex   -6.309541e+01 3.301704e+01 -2.000000e+00
    endloop
  endfacet
  facet normal -0.000000e+00 -0.000000e+00 -1.000000e+00
    outer loop
      vertex   -6.321600e+01 3.306699e+01 -2.000000e+00
      vertex   -6.318750e+01 4.690785e+00 -2.000000e+00
      vertex   -6.331955e+01 3.314645e+01 -2.000000e+00
    endloop
  endfacet
  facet normal 0.000000e+00 -0.000000e+00 -1.000000e+00
    outer loop
      vertex   -6.331955e+01 3.314645e+01 -2.000000e+00
      vertex   -6.318750e+01 4.690785e+00 -2.000000e+00
      vertex   -6.347227e+01 4.472272e+00 -2.000000e+00
    endloop
  endfacet
  facet normal -0.000000e+00 0.000000e+00 -1.000000e+00
    outer loop
      vertex   -6.331955e+01 3.314645e+01 -2.000000e+00
      vertex   -6.347227e+01 4.472272e+00 -2.000000e+00
      vertex   -6.339901e+01 3.325000e+01 -2.000000e+00
    endloop
  endfacet
  facet normal 0.000000e+00 0.000000e+00 -1.000000e+00
    outer loop
      vertex   -6.339901e+01 3.325000e+01 -2.000000e+00
      vertex   -6.347227e+01 4.472272e+00 -2.000000e+00
      vertex   -6.369078e+01 4.187500e+00 -2.000000e+00
    endloop
  endfacet
  facet normal 0.000000e+00 0.000000e+00 -1.000000e+00
    outer loop
      vertex   -6.339901e+01 3.325000e+01 -2.000000e+00
      vertex   -6.369078e+01 4.187500e+00 -2.000000e+00
      vertex   -6.696600e+01 0.000000e+00 -2.000000e+00
    endloop
  endfacet
  facet normal 0.000000e+00 0.000000e+00 -1.000000e+00
    outer loop
      vertex   -6.696600e+01 0.000000e+00 -2.000000e+00
      vertex   -6.369078e+01 4.187500e+00 -2.000000e+00
      vertex   -6.382815e+01 3.855876e+00 -2.000000e+00
    endloop
  endfacet
  facet normal 0.000000e+00 0.000000e+00 -1.000000e+00
    outer loop
      vertex   -6.696600e+01 0.000000e+00 -2.000000e+00
      vertex   -6.382815e+01 3.855876e+00 -2.000000e+00
      vertex   -6.387500e+01 3.500000e+00 -2.000000e+00
    endloop
  endfacet
  facet normal 0.000000e+00 -0.000000e+00 -1.000000e+00
    outer loop
      vertex   -6.387500e+01 3.500000e+00 -2.000000e+00
      vertex   -6.382815e+01 3.144124e+00 -2.000000e+00
      vertex   -6.696600e+01 0.000000e+00 -2.000000e+00
    endloop
  endfacet
  facet normal 0.000000e+00 0.000000e+00 -1.000000e+00
    outer loop
      vertex   -6.696600e+01 0.000000e+00 -2.000000e+00
      vertex   -6.382815e+01 3.144124e+00 -2.000000e+00
      vertex   -6.369078e+01 2.812500e+00 -2.000000e+00
    endloop
  endfacet
  facet normal 0.000000e+00 0.000000e+00 -1.000000e+00
    outer loop
      vertex   -6.696600e+01 0.000000e+00 -2.000000e+00
      vertex   -6.369078e+01 2.812500e+00 -2.000000e+00
      vertex   -6.347227e+01 2.527728e+00 -2.000000e+00
    endloop
  endfacet
  facet normal 0.000000e+00 -0.000000e+00 -1.000000e+00
    outer loop
      vertex   -6.347227e+01 2.527728e+00 -2.000000e+00
      vertex   -6.318750e+01 2.309215e+00 -2.000000e+00
      vertex   -6.696600e+01 0.000000e+00 -2.000000e+00
    endloop
  endfacet
  facet normal 0.000000e+00 0.000000e+00 -1.000000e+00
    outer loop
      vertex   -6.696600e+01 0.000000e+00 -2.000000e+00
      vertex   -6.318750e+01 2.309215e+00 -2.000000e+00
      vertex   -6.285588e+01 2.171852e+00 -2.000000e+00
    endloop
  endfacet
  facet normal 0.000000e+00 0.000000e+00 -1.000000e+00
    outer loop
      vertex   -6.696600e+01 0.000000e+00 -2.000000e+00
      vertex   -6.285588e+01 2.171852e+00 -2.000000e+00
      vertex   -6.250000e+01 2.125000e+00 -2.000000e+00
    endloop
  endfacet
  facet normal 0.000000e+00 0.000000e+00 -1.000000e+00
    outer loop
      vertex   -6.696600e+01 0.000000e+00 -2.000000e+00
      vertex   -6.250000e+01 2.125000e+00 -2.000000e+00
      vertex   -5.900000e+01 3.379036e-14 -2.000000e+00
    endloop
  endfacet
  facet normal 0.000000e+00 0.000000e+00 -1.000000e+00
    outer loop
      vertex   -5.900000e+01 3.379036e-14 -2.000000e+00
      vertex   -6.250000e+01 2.125000e+00 -2.000000e+00
      vertex   -6.214412e+01 2.171852e+00 -2.000000e+00
    endloop
  endfacet
  facet normal 0.000000e+00 0.000000e+00 -1.000000e+00
    outer loop
      vertex   -5.900000e+01 3.379036e-14 -2.000000e+00
      vertex   -6.214412e+01 2.171852e+00 -2.000000e+00
      vertex   -6.181250e+01 2.309215e+00 -2.000000e+00
    endloop
  endfacet
  facet normal 0.000000e+00 0.000000e+00 -1.000000e+00
    outer loop
      vertex   -6.181250e+01 2.309215e+00 -2.000000e+00
      vertex   -6.152773e+01 2.527728e+00 -2.000000e+00
      vertex   -5.900000e+01 3.379036e-14 -2.000000e+00
    endloop
  endfacet
  facet normal 0.000000e+00 0.000000e+00 -1.000000e+00
    outer loop
      vertex   -5.900000e+01 3.379036e-14 -2.000000e+00
      vertex   -6.152773e+01 2.527728e+00 -2.000000e+00
      vertex   -6.130922e+01 2.812500e+00 -2.000000e+00
    endloop
  endfacet
  facet normal 0.000000e+00 0.000000e+00 -1.000000e+00
    outer loop
      vertex   -5.900000e+01 3.379036e-14 -2.000000e+00
      vertex   -6.130922e+01 2.812500e+00 -2.000000e+00
      vertex   -6.117185e+01 3.144124e+00 -2.000000e+00
    endloop
  endfacet
  facet normal 0.000000e+00 0.000000e+00 -1.000000e+00
    outer loop
      vertex   -6.696600e+01 5.700000e+01 -2.000000e+00
      vertex   -6.346600e+01 3.350000e+01 -2.000000e+00
      vertex   -6.696600e+01 0.000000e+00 -2.000000e+00
    endloop
  endfacet
  facet normal 0.000000e+00 0.000000e+00 -1.000000e+00
    outer loop
      vertex   -6.696600e+01 0.000000e+00 -2.000000e+00
      vertex   -6.346600e+01 3.350000e+01 -2.000000e+00
      vertex   -6.344896e+01 3.337059e+01 -2.000000e+00
    endloop
  endfacet
  facet normal 0.000000e+00 0.000000e+00 -1.000000e+00
    outer loop
      vertex   -6.696600e+01 0.000000e+00 -2.000000e+00
      vertex   -6.344896e+01 3.337059e+01 -2.000000e+00
      vertex   -6.339901e+01 3.325000e+01 -2.000000e+00
    endloop
  endfacet
  facet normal 0.000000e+00 -0.000000e+00 -1.000000e+00
    outer loop
      vertex   0.000000e+00 3.107000e+01 -2.000000e+00
      vertex   1.000000e+00 3.107000e+01 -2.000000e+00
      vertex   -1.000000e+00 2.907000e+01 -2.000000e+00
    endloop
  endfacet
  facet normal 0.000000e+00 0.000000e+00 -1.000000e+00
    outer loop
      vertex   -1.000000e+00 2.907000e+01 -2.000000e+00
      vertex   1.000000e+00 3.107000e+01 -2.000000e+00
      vertex   1.000000e+00 0.000000e+00 -2.000000e+00
    endloop
  endfacet
  facet normal 0.000000e+00 0.000000e+00 -1.000000e+00
    outer loop
      vertex   -1.000000e+00 2.907000e+01 -2.000000e+00
      vertex   1.000000e+00 0.000000e+00 -2.000000e+00
      vertex   -1.000000e+00 0.000000e+00 -2.000000e+00
    endloop
  endfacet
  facet normal 0.000000e+00 0.000000e+00 -1.000000e+00
    outer loop
      vertex   -6.117185e+01 5.285588e+01 -2.000000e+00
      vertex   -5.821600e+01 5.406699e+01 -2.000000e+00
      vertex   -5.821600e+01 5.193301e+01 -2.000000e+00
    endloop
  endfacet
  facet normal 0.000000e+00 0.000000e+00 -1.000000e+00
    outer loop
      vertex   -5.821600e+01 5.193301e+01 -2.000000e+00
      vertex   -5.821600e+01 5.406699e+01 -2.000000e+00
      vertex   -5.809541e+01 5.401704e+01 -2.000000e+00
    endloop
  endfacet
  facet normal 0.000000e+00 0.000000e+00 -1.000000e+00
    outer loop
      vertex   -5.821600e+01 5.193301e+01 -2.000000e+00
      vertex   -5.809541e+01 5.401704e+01 -2.000000e+00
      vertex   -5.809541e+01 5.198296e+01 -2.000000e+00
    endloop
  endfacet
  facet normal 0.000000e+00 0.000000e+00 -1.000000e+00
    outer loop
      vertex   -5.809541e+01 5.198296e+01 -2.000000e+00
      vertex   -5.809541e+01 5.401704e+01 -2.000000e+00
      vertex   -5.796600e+01 5.400000e+01 -2.000000e+00
    endloop
  endfacet
  facet normal 0.000000e+00 0.000000e+00 -1.000000e+00
    outer loop
      vertex   -5.809541e+01 5.198296e+01 -2.000000e+00
      vertex   -5.796600e+01 5.400000e+01 -2.000000e+00
      vertex   -5.796600e+01 5.200000e+01 -2.000000e+00
    endloop
  endfacet
  facet normal 0.000000e+00 0.000000e+00 -1.000000e+00
    outer loop
      vertex   -5.796600e+01 5.200000e+01 -2.000000e+00
      vertex   -5.796600e+01 5.400000e+01 -2.000000e+00
      vertex   -3.548300e+01 5.400000e+01 -2.000000e+00
    endloop
  endfacet
  facet normal 0.000000e+00 0.000000e+00 -1.000000e+00
    outer loop
      vertex   -5.796600e+01 5.200000e+01 -2.000000e+00
      vertex   -3.548300e+01 5.400000e+01 -2.000000e+00
      vertex   -3.548300e+01 5.200000e+01 -2.000000e+00
    endloop
  endfacet
  facet normal 0.000000e+00 0.000000e+00 -1.000000e+00
    outer loop
      vertex   -3.548300e+01 5.200000e+01 -2.000000e+00
      vertex   -3.548300e+01 5.400000e+01 -2.000000e+00
      vertex   -3.535359e+01 5.198296e+01 -2.000000e+00
    endloop
  endfacet
  facet normal 0.000000e+00 0.000000e+00 -1.000000e+00
    outer loop
      vertex   -3.535359e+01 5.198296e+01 -2.000000e+00
      vertex   -3.548300e+01 5.400000e+01 -2.000000e+00
      vertex   -3.535359e+01 5.401704e+01 -2.000000e+00
    endloop
  endfacet
  facet normal 0.000000e+00 0.000000e+00 -1.000000e+00
    outer loop
      vertex   -3.535359e+01 5.198296e+01 -2.000000e+00
      vertex   -3.535359e+01 5.401704e+01 -2.000000e+00
      vertex   -3.523300e+01 5.193301e+01 -2.000000e+00
    endloop
  endfacet
  facet normal 0.000000e+00 0.000000e+00 -1.000000e+00
    outer loop
      vertex   -3.523300e+01 5.193301e+01 -2.000000e+00
      vertex   -3.535359e+01 5.401704e+01 -2.000000e+00
      vertex   -3.523300e+01 5.406699e+01 -2.000000e+00
    endloop
  endfacet
  facet normal 0.000000e+00 0.000000e+00 -1.000000e+00
    outer loop
      vertex   -3.523300e+01 5.193301e+01 -2.000000e+00
      vertex   -3.523300e+01 5.406699e+01 -2.000000e+00
      vertex   -3.512945e+01 5.185355e+01 -2.000000e+00
    endloop
  endfacet
  facet normal 0.000000e+00 0.000000e+00 -1.000000e+00
    outer loop
      vertex   -3.512945e+01 5.185355e+01 -2.000000e+00
      vertex   -3.523300e+01 5.406699e+01 -2.000000e+00
      vertex   -3.512945e+01 5.414645e+01 -2.000000e+00
    endloop
  endfacet
  facet normal 0.000000e+00 0.000000e+00 -1.000000e+00
    outer loop
      vertex   -3.535359e+01 3.698296e+01 -2.000000e+00
      vertex   -3.548300e+01 3.700000e+01 -2.000000e+00
      vertex   -3.548300e+01 3.900000e+01 -2.000000e+00
    endloop
  endfacet
  facet normal 0.000000e+00 0.000000e+00 -1.000000e+00
    outer loop
      vertex   -3.548300e+01 3.900000e+01 -2.000000e+00
      vertex   -3.548300e+01 3.700000e+01 -2.000000e+00
      vertex   -6.296600e+01 3.700000e+01 -2.000000e+00
    endloop
  endfacet
  facet normal -0.000000e+00 0.000000e+00 -1.000000e+00
    outer loop
      vertex   -3.548300e+01 3.900000e+01 -2.000000e+00
      vertex   -6.296600e+01 3.700000e+01 -2.000000e+00
      vertex   -6.296600e+01 3.900000e+01 -2.000000e+00
    endloop
  endfacet
  facet normal 0.000000e+00 -0.000000e+00 -1.000000e+00
    outer loop
      vertex   -6.296600e+01 3.900000e+01 -2.000000e+00
      vertex   -6.296600e+01 3.700000e+01 -2.000000e+00
      vertex   -6.309541e+01 3.698296e+01 -2.000000e+00
    endloop
  endfacet
  facet normal -0.000000e+00 0.000000e+00 -1.000000e+00
    outer loop
      vertex   -6.296600e+01 3.900000e+01 -2.000000e+00
      vertex   -6.309541e+01 3.698296e+01 -2.000000e+00
      vertex   -6.309541e+01 3.901704e+01 -2.000000e+00
    endloop
  endfacet
  facet normal 0.000000e+00 -0.000000e+00 -1.000000e+00
    outer loop
      vertex   -6.309541e+01 3.901704e+01 -2.000000e+00
      vertex   -6.309541e+01 3.698296e+01 -2.000000e+00
      vertex   -6.321600e+01 3.693301e+01 -2.000000e+00
    endloop
  endfacet
  facet normal -0.000000e+00 0.000000e+00 -1.000000e+00
    outer loop
      vertex   -6.309541e+01 3.901704e+01 -2.000000e+00
      vertex   -6.321600e+01 3.693301e+01 -2.000000e+00
      vertex   -6.321600e+01 3.906699e+01 -2.000000e+00
    endloop
  endfacet
  facet normal 0.000000e+00 -0.000000e+00 -1.000000e+00
    outer loop
      vertex   -6.321600e+01 3.906699e+01 -2.000000e+00
      vertex   -6.321600e+01 3.693301e+01 -2.000000e+00
      vertex   -6.331955e+01 3.685355e+01 -2.000000e+00
    endloop
  endfacet
  facet normal -0.000000e+00 0.000000e+00 -1.000000e+00
    outer loop
      vertex   -6.321600e+01 3.906699e+01 -2.000000e+00
      vertex   -6.331955e+01 3.685355e+01 -2.000000e+00
      vertex   -6.331955e+01 3.914645e+01 -2.000000e+00
    endloop
  endfacet
  facet normal 0.000000e+00 -0.000000e+00 -1.000000e+00
    outer loop
      vertex   -6.331955e+01 3.914645e+01 -2.000000e+00
      vertex   -6.331955e+01 3.685355e+01 -2.000000e+00
      vertex   -6.339901e+01 3.675000e+01 -2.000000e+00
    endloop
  endfacet
  facet normal -0.000000e+00 0.000000e+00 -1.000000e+00
    outer loop
      vertex   -6.331955e+01 3.914645e+01 -2.000000e+00
      vertex   -6.339901e+01 3.675000e+01 -2.000000e+00
      vertex   -6.339901e+01 3.925000e+01 -2.000000e+00
    endloop
  endfacet
  facet normal 0.000000e+00 -0.000000e+00 -1.000000e+00
    outer loop
      vertex   -6.339901e+01 3.925000e+01 -2.000000e+00
      vertex   -6.339901e+01 3.675000e+01 -2.000000e+00
      vertex   -6.344896e+01 3.662941e+01 -2.000000e+00
    endloop
  endfacet
  facet normal -0.000000e+00 0.000000e+00 -1.000000e+00
    outer loop
      vertex   -6.339901e+01 3.925000e+01 -2.000000e+00
      vertex   -6.344896e+01 3.662941e+01 -2.000000e+00
      vertex   -6.344896e+01 3.937059e+01 -2.000000e+00
    endloop
  endfacet
  facet normal 0.000000e+00 -0.000000e+00 -1.000000e+00
    outer loop
      vertex   -6.344896e+01 3.937059e+01 -2.000000e+00
      vertex   -6.344896e+01 3.662941e+01 -2.000000e+00
      vertex   -6.346600e+01 3.650000e+01 -2.000000e+00
    endloop
  endfacet
  facet normal -0.000000e+00 0.000000e+00 -1.000000e+00
    outer loop
      vertex   -6.344896e+01 3.937059e+01 -2.000000e+00
      vertex   -6.346600e+01 3.650000e+01 -2.000000e+00
      vertex   -6.346600e+01 3.950000e+01 -2.000000e+00
    endloop
  endfacet
  facet normal -0.000000e+00 -0.000000e+00 -1.000000e+00
    outer loop
      vertex   -6.346600e+01 3.950000e+01 -2.000000e+00
      vertex   -6.346600e+01 3.650000e+01 -2.000000e+00
      vertex   -6.696600e+01 5.700000e+01 -2.000000e+00
    endloop
  endfacet
  facet normal 0.000000e+00 0.000000e+00 -1.000000e+00
    outer loop
      vertex   -6.346600e+01 3.950000e+01 -2.000000e+00
      vertex   -6.696600e+01 5.700000e+01 -2.000000e+00
      vertex   -6.346600e+01 4.250000e+01 -2.000000e+00
    endloop
  endfacet
  facet normal 0.000000e+00 0.000000e+00 -1.000000e+00
    outer loop
      vertex   -6.346600e+01 4.250000e+01 -2.000000e+00
      vertex   -6.696600e+01 5.700000e+01 -2.000000e+00
      vertex   -6.346600e+01 4.550000e+01 -2.000000e+00
    endloop
  endfacet
  facet normal 0.000000e+00 0.000000e+00 -1.000000e+00
    outer loop
      vertex   -6.346600e+01 4.250000e+01 -2.000000e+00
      vertex   -6.346600e+01 4.550000e+01 -2.000000e+00
      vertex   -6.344896e+01 4.537059e+01 -2.000000e+00
    endloop
  endfacet
  facet normal 0.000000e+00 0.000000e+00 -1.000000e+00
    outer loop
      vertex   -6.696600e+01 5.700000e+01 -2.000000e+00
      vertex   -6.346600e+01 3.650000e+01 -2.000000e+00
      vertex   -6.346600e+01 3.350000e+01 -2.000000e+00
    endloop
  endfacet
  facet normal 0.000000e+00 0.000000e+00 -1.000000e+00
    outer loop
      vertex   -6.346600e+01 3.350000e+01 -2.000000e+00
      vertex   -6.346600e+01 3.650000e+01 -2.000000e+00
      vertex   -6.344896e+01 3.637059e+01 -2.000000e+00
    endloop
  endfacet
  facet normal 0.000000e+00 0.000000e+00 -1.000000e+00
    outer loop
      vertex   -6.346600e+01 3.350000e+01 -2.000000e+00
      vertex   -6.344896e+01 3.637059e+01 -2.000000e+00
      vertex   -6.344896e+01 3.362941e+01 -2.000000e+00
    endloop
  endfacet
  facet normal 0.000000e+00 0.000000e+00 -1.000000e+00
    outer loop
      vertex   -6.344896e+01 3.362941e+01 -2.000000e+00
      vertex   -6.344896e+01 3.637059e+01 -2.000000e+00
      vertex   -6.339901e+01 3.625000e+01 -2.000000e+00
    endloop
  endfacet
  facet normal 0.000000e+00 0.000000e+00 -1.000000e+00
    outer loop
      vertex   -6.344896e+01 3.362941e+01 -2.000000e+00
      vertex   -6.339901e+01 3.625000e+01 -2.000000e+00
      vertex   -6.339901e+01 3.375000e+01 -2.000000e+00
    endloop
  endfacet
  facet normal 0.000000e+00 0.000000e+00 -1.000000e+00
    outer loop
      vertex   -6.339901e+01 3.375000e+01 -2.000000e+00
      vertex   -6.339901e+01 3.625000e+01 -2.000000e+00
      vertex   -6.331955e+01 3.614645e+01 -2.000000e+00
    endloop
  endfacet
  facet normal 0.000000e+00 0.000000e+00 -1.000000e+00
    outer loop
      vertex   -6.339901e+01 3.375000e+01 -2.000000e+00
      vertex   -6.331955e+01 3.614645e+01 -2.000000e+00
      vertex   -6.331955e+01 3.385355e+01 -2.000000e+00
    endloop
  endfacet
  facet normal 0.000000e+00 0.000000e+00 -1.000000e+00
    outer loop
      vertex   -6.331955e+01 3.385355e+01 -2.000000e+00
      vertex   -6.331955e+01 3.614645e+01 -2.000000e+00
      vertex   -6.321600e+01 3.606699e+01 -2.000000e+00
    endloop
  endfacet
  facet normal 0.000000e+00 0.000000e+00 -1.000000e+00
    outer loop
      vertex   -6.331955e+01 3.385355e+01 -2.000000e+00
      vertex   -6.321600e+01 3.606699e+01 -2.000000e+00
      vertex   -6.321600e+01 3.393301e+01 -2.000000e+00
    endloop
  endfacet
  facet normal 0.000000e+00 0.000000e+00 -1.000000e+00
    outer loop
      vertex   -6.321600e+01 3.393301e+01 -2.000000e+00
      vertex   -6.321600e+01 3.606699e+01 -2.000000e+00
      vertex   -6.309541e+01 3.601704e+01 -2.000000e+00
    endloop
  endfacet
  facet normal 0.000000e+00 0.000000e+00 -1.000000e+00
    outer loop
      vertex   -6.321600e+01 3.393301e+01 -2.000000e+00
      vertex   -6.309541e+01 3.601704e+01 -2.000000e+00
      vertex   -6.309541e+01 3.398296e+01 -2.000000e+00
    endloop
  endfacet
  facet normal 0.000000e+00 0.000000e+00 -1.000000e+00
    outer loop
      vertex   -6.309541e+01 3.398296e+01 -2.000000e+00
      vertex   -6.309541e+01 3.601704e+01 -2.000000e+00
      vertex   -6.296600e+01 3.600000e+01 -2.000000e+00
    endloop
  endfacet
  facet normal 0.000000e+00 0.000000e+00 -1.000000e+00
    outer loop
      vertex   -6.309541e+01 3.398296e+01 -2.000000e+00
      vertex   -6.296600e+01 3.600000e+01 -2.000000e+00
      vertex   -6.296600e+01 3.400000e+01 -2.000000e+00
    endloop
  endfacet
  facet normal 0.000000e+00 0.000000e+00 -1.000000e+00
    outer loop
      vertex   -6.296600e+01 3.400000e+01 -2.000000e+00
      vertex   -6.296600e+01 3.600000e+01 -2.000000e+00
      vertex   -3.548300e+01 3.600000e+01 -2.000000e+00
    endloop
  endfacet
  facet normal 0.000000e+00 0.000000e+00 -1.000000e+00
    outer loop
      vertex   -6.296600e+01 3.400000e+01 -2.000000e+00
      vertex   -3.548300e+01 3.600000e+01 -2.000000e+00
      vertex   -3.548300e+01 3.400000e+01 -2.000000e+00
    endloop
  endfacet
  facet normal 0.000000e+00 0.000000e+00 -1.000000e+00
    outer loop
      vertex   -3.548300e+01 3.400000e+01 -2.000000e+00
      vertex   -3.548300e+01 3.600000e+01 -2.000000e+00
      vertex   -3.535359e+01 3.398296e+01 -2.000000e+00
    endloop
  endfacet
  facet normal 0.000000e+00 0.000000e+00 -1.000000e+00
    outer loop
      vertex   -3.535359e+01 3.398296e+01 -2.000000e+00
      vertex   -3.548300e+01 3.600000e+01 -2.000000e+00
      vertex   -3.535359e+01 3.601704e+01 -2.000000e+00
    endloop
  endfacet
  facet normal 0.000000e+00 0.000000e+00 -1.000000e+00
    outer loop
      vertex   -3.535359e+01 3.398296e+01 -2.000000e+00
      vertex   -3.535359e+01 3.601704e+01 -2.000000e+00
      vertex   -3.523300e+01 3.393301e+01 -2.000000e+00
    endloop
  endfacet
  facet normal 0.000000e+00 0.000000e+00 -1.000000e+00
    outer loop
      vertex   -3.523300e+01 3.393301e+01 -2.000000e+00
      vertex   -3.535359e+01 3.601704e+01 -2.000000e+00
      vertex   -3.523300e+01 3.606699e+01 -2.000000e+00
    endloop
  endfacet
  facet normal 0.000000e+00 0.000000e+00 -1.000000e+00
    outer loop
      vertex   -3.523300e+01 3.393301e+01 -2.000000e+00
      vertex   -3.523300e+01 3.606699e+01 -2.000000e+00
      vertex   -3.512945e+01 3.385355e+01 -2.000000e+00
    endloop
  endfacet
  facet normal 0.000000e+00 0.000000e+00 -1.000000e+00
    outer loop
      vertex   -3.512945e+01 3.385355e+01 -2.000000e+00
      vertex   -3.523300e+01 3.606699e+01 -2.000000e+00
      vertex   -3.512945e+01 3.614645e+01 -2.000000e+00
    endloop
  endfacet
  facet normal 0.000000e+00 0.000000e+00 -1.000000e+00
    outer loop
      vertex   -3.512945e+01 3.914645e+01 -2.000000e+00
      vertex   -3.512945e+01 3.685355e+01 -2.000000e+00
      vertex   -3.523300e+01 3.906699e+01 -2.000000e+00
    endloop
  endfacet
  facet normal 0.000000e+00 -0.000000e+00 -1.000000e+00
    outer loop
      vertex   -3.523300e+01 3.906699e+01 -2.000000e+00
      vertex   -3.512945e+01 3.685355e+01 -2.000000e+00
      vertex   -3.523300e+01 3.693301e+01 -2.000000e+00
    endloop
  endfacet
  facet normal 0.000000e+00 0.000000e+00 -1.000000e+00
    outer loop
      vertex   -3.523300e+01 3.906699e+01 -2.000000e+00
      vertex   -3.523300e+01 3.693301e+01 -2.000000e+00
      vertex   -3.535359e+01 3.901704e+01 -2.000000e+00
    endloop
  endfacet
  facet normal 0.000000e+00 -0.000000e+00 -1.000000e+00
    outer loop
      vertex   -3.535359e+01 3.901704e+01 -2.000000e+00
      vertex   -3.523300e+01 3.693301e+01 -2.000000e+00
      vertex   -3.535359e+01 3.698296e+01 -2.000000e+00
    endloop
  endfacet
  facet normal 0.000000e+00 0.000000e+00 -1.000000e+00
    outer loop
      vertex   -3.535359e+01 3.901704e+01 -2.000000e+00
      vertex   -3.535359e+01 3.698296e+01 -2.000000e+00
      vertex   -3.548300e+01 3.900000e+01 -2.000000e+00
    endloop
  endfacet
  facet normal 0.000000e+00 0.000000e+00 -1.000000e+00
    outer loop
      vertex   -3.535359e+01 4.298296e+01 -2.000000e+00
      vertex   -3.548300e+01 4.300000e+01 -2.000000e+00
      vertex   -3.548300e+01 4.500000e+01 -2.000000e+00
    endloop
  endfacet
  facet normal 0.000000e+00 0.000000e+00 -1.000000e+00
    outer loop
      vertex   -3.548300e+01 4.500000e+01 -2.000000e+00
      vertex   -3.548300e+01 4.300000e+01 -2.000000e+00
      vertex   -6.296600e+01 4.300000e+01 -2.000000e+00
    endloop
  endfacet
  facet normal -0.000000e+00 0.000000e+00 -1.000000e+00
    outer loop
      vertex   -3.548300e+01 4.500000e+01 -2.000000e+00
      vertex   -6.296600e+01 4.300000e+01 -2.000000e+00
      vertex   -6.296600e+01 4.500000e+01 -2.000000e+00
    endloop
  endfacet
  facet normal 0.000000e+00 -0.000000e+00 -1.000000e+00
    outer loop
      vertex   -6.296600e+01 4.500000e+01 -2.000000e+00
      vertex   -6.296600e+01 4.300000e+01 -2.000000e+00
      vertex   -6.309541e+01 4.298296e+01 -2.000000e+00
    endloop
  endfacet
  facet normal -0.000000e+00 0.000000e+00 -1.000000e+00
    outer loop
      vertex   -6.296600e+01 4.500000e+01 -2.000000e+00
      vertex   -6.309541e+01 4.298296e+01 -2.000000e+00
      vertex   -6.309541e+01 4.501704e+01 -2.000000e+00
    endloop
  endfacet
  facet normal 0.000000e+00 -0.000000e+00 -1.000000e+00
    outer loop
      vertex   -6.309541e+01 4.501704e+01 -2.000000e+00
      vertex   -6.309541e+01 4.298296e+01 -2.000000e+00
      vertex   -6.321600e+01 4.293301e+01 -2.000000e+00
    endloop
  endfacet
  facet normal -0.000000e+00 0.000000e+00 -1.000000e+00
    outer loop
      vertex   -6.309541e+01 4.501704e+01 -2.000000e+00
      vertex   -6.321600e+01 4.293301e+01 -2.000000e+00
      vertex   -6.321600e+01 4.506699e+01 -2.000000e+00
    endloop
  endfacet
  facet normal 0.000000e+00 -0.000000e+00 -1.000000e+00
    outer loop
      vertex   -6.321600e+01 4.506699e+01 -2.000000e+00
      vertex   -6.321600e+01 4.293301e+01 -2.000000e+00
      vertex   -6.331955e+01 4.285355e+01 -2.000000e+00
    endloop
  endfacet
  facet normal -0.000000e+00 0.000000e+00 -1.000000e+00
    outer loop
      vertex   -6.321600e+01 4.506699e+01 -2.000000e+00
      vertex   -6.331955e+01 4.285355e+01 -2.000000e+00
      vertex   -6.331955e+01 4.514645e+01 -2.000000e+00
    endloop
  endfacet
  facet normal 0.000000e+00 -0.000000e+00 -1.000000e+00
    outer loop
      vertex   -6.331955e+01 4.514645e+01 -2.000000e+00
      vertex   -6.331955e+01 4.285355e+01 -2.000000e+00
      vertex   -6.339901e+01 4.275000e+01 -2.000000e+00
    endloop
  endfacet
  facet normal -0.000000e+00 0.000000e+00 -1.000000e+00
    outer loop
      vertex   -6.331955e+01 4.514645e+01 -2.000000e+00
      vertex   -6.339901e+01 4.275000e+01 -2.000000e+00
      vertex   -6.339901e+01 4.525000e+01 -2.000000e+00
    endloop
  endfacet
  facet normal 0.000000e+00 -0.000000e+00 -1.000000e+00
    outer loop
      vertex   -6.339901e+01 4.525000e+01 -2.000000e+00
      vertex   -6.339901e+01 4.275000e+01 -2.000000e+00
      vertex   -6.344896e+01 4.262941e+01 -2.000000e+00
    endloop
  endfacet
  facet normal -0.000000e+00 0.000000e+00 -1.000000e+00
    outer loop
      vertex   -6.339901e+01 4.525000e+01 -2.000000e+00
      vertex   -6.344896e+01 4.262941e+01 -2.000000e+00
      vertex   -6.344896e+01 4.537059e+01 -2.000000e+00
    endloop
  endfacet
  facet normal 0.000000e+00 -0.000000e+00 -1.000000e+00
    outer loop
      vertex   -6.344896e+01 4.537059e+01 -2.000000e+00
      vertex   -6.344896e+01 4.262941e+01 -2.000000e+00
      vertex   -6.346600e+01 4.250000e+01 -2.000000e+00
    endloop
  endfacet
  facet normal 0.000000e+00 0.000000e+00 -1.000000e+00
    outer loop
      vertex   -6.346600e+01 4.250000e+01 -2.000000e+00
      vertex   -6.344896e+01 4.237059e+01 -2.000000e+00
      vertex   -6.346600e+01 3.950000e+01 -2.000000e+00
    endloop
  endfacet
  facet normal 0.000000e+00 0.000000e+00 -1.000000e+00
    outer loop
      vertex   -6.346600e+01 3.950000e+01 -2.000000e+00
      vertex   -6.344896e+01 4.237059e+01 -2.000000e+00
      vertex   -6.344896e+01 3.962941e+01 -2.000000e+00
    endloop
  endfacet
  facet normal 0.000000e+00 0.000000e+00 -1.000000e+00
    outer loop
      vertex   -6.344896e+01 3.962941e+01 -2.000000e+00
      vertex   -6.344896e+01 4.237059e+01 -2.000000e+00
      vertex   -6.339901e+01 4.225000e+01 -2.000000e+00
    endloop
  endfacet
  facet normal 0.000000e+00 0.000000e+00 -1.000000e+00
    outer loop
      vertex   -6.344896e+01 3.962941e+01 -2.000000e+00
      vertex   -6.339901e+01 4.225000e+01 -2.000000e+00
      vertex   -6.339901e+01 3.975000e+01 -2.000000e+00
    endloop
  endfacet
  facet normal 0.000000e+00 0.000000e+00 -1.000000e+00
    outer loop
      vertex   -6.339901e+01 3.975000e+01 -2.000000e+00
      vertex   -6.339901e+01 4.225000e+01 -2.000000e+00
      vertex   -6.331955e+01 4.214645e+01 -2.000000e+00
    endloop
  endfacet
  facet normal 0.000000e+00 0.000000e+00 -1.000000e+00
    outer loop
      vertex   -6.339901e+01 3.975000e+01 -2.000000e+00
      vertex   -6.331955e+01 4.214645e+01 -2.000000e+00
      vertex   -6.331955e+01 3.985355e+01 -2.000000e+00
    endloop
  endfacet
  facet normal 0.000000e+00 0.000000e+00 -1.000000e+00
    outer loop
      vertex   -6.331955e+01 3.985355e+01 -2.000000e+00
      vertex   -6.331955e+01 4.214645e+01 -2.000000e+00
      vertex   -6.321600e+01 4.206699e+01 -2.000000e+00
    endloop
  endfacet
  facet normal 0.000000e+00 0.000000e+00 -1.000000e+00
    outer loop
      vertex   -6.331955e+01 3.985355e+01 -2.000000e+00
      vertex   -6.321600e+01 4.206699e+01 -2.000000e+00
      vertex   -6.321600e+01 3.993301e+01 -2.000000e+00
    endloop
  endfacet
  facet normal 0.000000e+00 0.000000e+00 -1.000000e+00
    outer loop
      vertex   -6.321600e+01 3.993301e+01 -2.000000e+00
      vertex   -6.321600e+01 4.206699e+01 -2.000000e+00
      vertex   -6.309541e+01 4.201704e+01 -2.000000e+00
    endloop
  endfacet
  facet normal 0.000000e+00 0.000000e+00 -1.000000e+00
    outer loop
      vertex   -6.321600e+01 3.993301e+01 -2.000000e+00
      vertex   -6.309541e+01 4.201704e+01 -2.000000e+00
      vertex   -6.309541e+01 3.998296e+01 -2.000000e+00
    endloop
  endfacet
  facet normal 0.000000e+00 0.000000e+00 -1.000000e+00
    outer loop
      vertex   -6.309541e+01 3.998296e+01 -2.000000e+00
      vertex   -6.309541e+01 4.201704e+01 -2.000000e+00
      vertex   -6.296600e+01 4.200000e+01 -2.000000e+00
    endloop
  endfacet
  facet normal 0.000000e+00 0.000000e+00 -1.000000e+00
    outer loop
      vertex   -6.309541e+01 3.998296e+01 -2.000000e+00
      vertex   -6.296600e+01 4.200000e+01 -2.000000e+00
      vertex   -6.296600e+01 4.000000e+01 -2.000000e+00
    endloop
  endfacet
  facet normal 0.000000e+00 0.000000e+00 -1.000000e+00
    outer loop
      vertex   -6.296600e+01 4.000000e+01 -2.000000e+00
      vertex   -6.296600e+01 4.200000e+01 -2.000000e+00
      vertex   -3.548300e+01 4.200000e+01 -2.000000e+00
    endloop
  endfacet
  facet normal 0.000000e+00 0.000000e+00 -1.000000e+00
    outer loop
      vertex   -6.296600e+01 4.000000e+01 -2.000000e+00
      vertex   -3.548300e+01 4.200000e+01 -2.000000e+00
      vertex   -3.548300e+01 4.000000e+01 -2.000000e+00
    endloop
  endfacet
  facet normal 0.000000e+00 0.000000e+00 -1.000000e+00
    outer loop
      vertex   -3.548300e+01 4.000000e+01 -2.000000e+00
      vertex   -3.548300e+01 4.200000e+01 -2.000000e+00
      vertex   -3.535359e+01 3.998296e+01 -2.000000e+00
    endloop
  endfacet
  facet normal 0.000000e+00 0.000000e+00 -1.000000e+00
    outer loop
      vertex   -3.535359e+01 3.998296e+01 -2.000000e+00
      vertex   -3.548300e+01 4.200000e+01 -2.000000e+00
      vertex   -3.535359e+01 4.201704e+01 -2.000000e+00
    endloop
  endfacet
  facet normal 0.000000e+00 0.000000e+00 -1.000000e+00
    outer loop
      vertex   -3.535359e+01 3.998296e+01 -2.000000e+00
      vertex   -3.535359e+01 4.201704e+01 -2.000000e+00
      vertex   -3.523300e+01 3.993301e+01 -2.000000e+00
    endloop
  endfacet
  facet normal 0.000000e+00 0.000000e+00 -1.000000e+00
    outer loop
      vertex   -3.523300e+01 3.993301e+01 -2.000000e+00
      vertex   -3.535359e+01 4.201704e+01 -2.000000e+00
      vertex   -3.523300e+01 4.206699e+01 -2.000000e+00
    endloop
  endfacet
  facet normal 0.000000e+00 0.000000e+00 -1.000000e+00
    outer loop
      vertex   -3.523300e+01 3.993301e+01 -2.000000e+00
      vertex   -3.523300e+01 4.206699e+01 -2.000000e+00
      vertex   -3.512945e+01 3.985355e+01 -2.000000e+00
    endloop
  endfacet
  facet normal 0.000000e+00 0.000000e+00 -1.000000e+00
    outer loop
      vertex   -3.512945e+01 3.985355e+01 -2.000000e+00
      vertex   -3.523300e+01 4.206699e+01 -2.000000e+00
      vertex   -3.512945e+01 4.214645e+01 -2.000000e+00
    endloop
  endfacet
  facet normal 0.000000e+00 0.000000e+00 -1.000000e+00
    outer loop
      vertex   -3.512945e+01 4.514645e+01 -2.000000e+00
      vertex   -3.512945e+01 4.285355e+01 -2.000000e+00
      vertex   -3.523300e+01 4.506699e+01 -2.000000e+00
    endloop
  endfacet
  facet normal 0.000000e+00 -0.000000e+00 -1.000000e+00
    outer loop
      vertex   -3.523300e+01 4.506699e+01 -2.000000e+00
      vertex   -3.512945e+01 4.285355e+01 -2.000000e+00
      vertex   -3.523300e+01 4.293301e+01 -2.000000e+00
    endloop
  endfacet
  facet normal 0.000000e+00 0.000000e+00 -1.000000e+00
    outer loop
      vertex   -3.523300e+01 4.506699e+01 -2.000000e+00
      vertex   -3.523300e+01 4.293301e+01 -2.000000e+00
      vertex   -3.535359e+01 4.501704e+01 -2.000000e+00
    endloop
  endfacet
  facet normal 0.000000e+00 -0.000000e+00 -1.000000e+00
    outer loop
      vertex   -3.535359e+01 4.501704e+01 -2.000000e+00
      vertex   -3.523300e+01 4.293301e+01 -2.000000e+00
      vertex   -3.535359e+01 4.298296e+01 -2.000000e+00
    endloop
  endfacet
  facet normal 0.000000e+00 0.000000e+00 -1.000000e+00
    outer loop
      vertex   -3.535359e+01 4.501704e+01 -2.000000e+00
      vertex   -3.535359e+01 4.298296e+01 -2.000000e+00
      vertex   -3.548300e+01 4.500000e+01 -2.000000e+00
    endloop
  endfacet
  facet normal 0.000000e+00 0.000000e+00 -1.000000e+00
    outer loop
      vertex   -6.309541e+01 3.301704e+01 -2.000000e+00
      vertex   -6.296600e+01 3.300000e+01 -2.000000e+00
      vertex   -5.900000e+01 2.907000e+01 -2.000000e+00
    endloop
  endfacet
  facet normal 0.000000e+00 0.000000e+00 -1.000000e+00
    outer loop
      vertex   -5.900000e+01 2.907000e+01 -2.000000e+00
      vertex   -6.296600e+01 3.300000e+01 -2.000000e+00
      vertex   -3.548300e+01 3.300000e+01 -2.000000e+00
    endloop
  endfacet
  facet normal -0.000000e+00 0.000000e+00 -1.000000e+00
    outer loop
      vertex   -5.821600e+01 5.193301e+01 -2.000000e+00
      vertex   -5.831955e+01 5.185355e+01 -2.000000e+00
      vertex   -6.117185e+01 5.285588e+01 -2.000000e+00
    endloop
  endfacet
  facet normal 0.000000e+00 1.000000e+00 -0.000000e+00
    outer loop
      vertex   -6.000000e+01 1.060000e+01 0.000000e+00
      vertex   -6.100000e+01 1.060000e+01 0.000000e+00
      vertex   -6.000000e+01 1.060000e+01 2.000000e+00
    endloop
  endfacet
  facet normal 0.000000e+00 1.000000e+00 0.000000e+00
    outer loop
      vertex   -6.000000e+01 1.060000e+01 2.000000e+00
      vertex   -6.100000e+01 1.060000e+01 0.000000e+00
      vertex   -6.100000e+01 1.060000e+01 2.000000e+00
    endloop
  endfacet
  facet normal 0.000000e+00 -1.000000e+00 0.000000e+00
    outer loop
      vertex   -6.100000e+01 1.517000e+01 0.000000e+00
      vertex   -6.000000e+01 1.517000e+01 0.000000e+00
      vertex   -6.100000e+01 1.517000e+01 2.000000e+00
    endloop
  endfacet
  facet normal 0.000000e+00 -1.000000e+00 0.000000e+00
    outer loop
      vertex   -6.100000e+01 1.517000e+01 2.000000e+00
      vertex   -6.000000e+01 1.517000e+01 0.000000e+00
      vertex   -6.000000e+01 1.517000e+01 2.000000e+00
    endloop
  endfacet
  facet normal 0.000000e+00 0.000000e+00 -1.000000e+00
    outer loop
      vertex   -6.000000e+01 1.060000e+01 2.000000e+00
      vertex   -6.100000e+01 1.060000e+01 2.000000e+00
      vertex   -6.000000e+01 1.517000e+01 2.000000e+00
    endloop
  endfacet
  facet normal -0.000000e+00 0.000000e+00 -1.000000e+00
    outer loop
      vertex   -6.000000e+01 1.517000e+01 2.000000e+00
      vertex   -6.100000e+01 1.060000e+01 2.000000e+00
      vertex   -6.100000e+01 1.517000e+01 2.000000e+00
    endloop
  endfacet
  facet normal 0.000000e+00 0.000000e+00 1.000000e+00
    outer loop
      vertex   -6.000000e+01 1.517000e+01 0.000000e+00
      vertex   -6.100000e+01 1.517000e+01 0.000000e+00
      vertex   -6.000000e+01 1.060000e+01 0.000000e+00
    endloop
  endfacet
  facet normal 0.000000e+00 0.000000e+00 1.000000e+00
    outer loop
      vertex   -6.000000e+01 1.060000e+01 0.000000e+00
      vertex   -6.100000e+01 1.517000e+01 0.000000e+00
      vertex   -6.100000e+01 1.060000e+01 0.000000e+00
    endloop
  endfacet
  facet normal 1.000000e+00 0.000000e+00 0.000000e+00
    outer loop
      vertex   -4.384000e+01 3.007000e+01 0.000000e+00
      vertex   -4.384000e+01 3.107000e+01 0.000000e+00
      vertex   -4.384000e+01 3.007000e+01 7.780000e+00
    endloop
  endfacet
  facet normal 1.000000e+00 -0.000000e+00 0.000000e+00
    outer loop
      vertex   -4.384000e+01 3.007000e+01 7.780000e+00
      vertex   -4.384000e+01 3.107000e+01 0.000000e+00
      vertex   -4.384000e+01 3.107000e+01 7.780000e+00
    endloop
  endfacet
  facet normal -1.000000e+00 0.000000e+00 0.000000e+00
    outer loop
      vertex   -3.656000e+01 3.107000e+01 0.000000e+00
      vertex   -3.656000e+01 3.007000e+01 0.000000e+00
      vertex   -3.656000e+01 3.107000e+01 7.780000e+00
    endloop
  endfacet
  facet normal -1.000000e+00 -0.000000e+00 0.000000e+00
    outer loop
      vertex   -3.656000e+01 3.107000e+01 7.780000e+00
      vertex   -3.656000e+01 3.007000e+01 0.000000e+00
      vertex   -3.656000e+01 3.007000e+01 7.780000e+00
    endloop
  endfacet
  facet normal 0.000000e+00 0.000000e+00 -1.000000e+00
    outer loop
      vertex   -3.656000e+01 3.007000e+01 7.780000e+00
      vertex   -4.384000e+01 3.007000e+01 7.780000e+00
      vertex   -3.656000e+01 3.107000e+01 7.780000e+00
    endloop
  endfacet
  facet normal -0.000000e+00 0.000000e+00 -1.000000e+00
    outer loop
      vertex   -3.656000e+01 3.107000e+01 7.780000e+00
      vertex   -4.384000e+01 3.007000e+01 7.780000e+00
      vertex   -4.384000e+01 3.107000e+01 7.780000e+00
    endloop
  endfacet
  facet normal 0.000000e+00 0.000000e+00 1.000000e+00
    outer loop
      vertex   -3.656000e+01 3.107000e+01 0.000000e+00
      vertex   -4.384000e+01 3.107000e+01 0.000000e+00
      vertex   -3.656000e+01 3.007000e+01 0.000000e+00
    endloop
  endfacet
  facet normal 0.000000e+00 0.000000e+00 1.000000e+00
    outer loop
      vertex   -3.656000e+01 3.007000e+01 0.000000e+00
      vertex   -4.384000e+01 3.107000e+01 0.000000e+00
      vertex   -4.384000e+01 3.007000e+01 0.000000e+00
    endloop
  endfacet
  facet normal 1.000000e+00 0.000000e+00 0.000000e+00
    outer loop
      vertex   -3.392000e+01 3.007000e+01 0.000000e+00
      vertex   -3.392000e+01 3.107000e+01 0.000000e+00
      vertex   -3.392000e+01 3.007000e+01 7.780000e+00
    endloop
  endfacet
  facet normal 1.000000e+00 -0.000000e+00 0.000000e+00
    outer loop
      vertex   -3.392000e+01 3.007000e+01 7.780000e+00
      vertex   -3.392000e+01 3.107000e+01 0.000000e+00
      vertex   -3.392000e+01 3.107000e+01 7.780000e+00
    endloop
  endfacet
  facet normal -1.000000e+00 0.000000e+00 0.000000e+00
    outer loop
      vertex   -2.664000e+01 3.107000e+01 0.000000e+00
      vertex   -2.664000e+01 3.007000e+01 0.000000e+00
      vertex   -2.664000e+01 3.107000e+01 7.780000e+00
    endloop
  endfacet
  facet normal -1.000000e+00 -0.000000e+00 0.000000e+00
    outer loop
      vertex   -2.664000e+01 3.107000e+01 7.780000e+00
      vertex   -2.664000e+01 3.007000e+01 0.000000e+00
      vertex   -2.664000e+01 3.007000e+01 7.780000e+00
    endloop
  endfacet
  facet normal 0.000000e+00 0.000000e+00 -1.000000e+00
    outer loop
      vertex   -2.664000e+01 3.007000e+01 7.780000e+00
      vertex   -3.392000e+01 3.007000e+01 7.780000e+00
      vertex   -2.664000e+01 3.107000e+01 7.780000e+00
    endloop
  endfacet
  facet normal -0.000000e+00 0.000000e+00 -1.000000e+00
    outer loop
      vertex   -2.664000e+01 3.107000e+01 7.780000e+00
      vertex   -3.392000e+01 3.007000e+01 7.780000e+00
      vertex   -3.392000e+01 3.107000e+01 7.780000e+00
    endloop
  endfacet
  facet normal 0.000000e+00 0.000000e+00 1.000000e+00
    outer loop
      vertex   -2.664000e+01 3.107000e+01 0.000000e+00
      vertex   -3.392000e+01 3.107000e+01 0.000000e+00
      vertex   -2.664000e+01 3.007000e+01 0.000000e+00
    endloop
  endfacet
  facet normal 0.000000e+00 0.000000e+00 1.000000e+00
    outer loop
      vertex   -2.664000e+01 3.007000e+01 0.000000e+00
      vertex   -3.392000e+01 3.107000e+01 0.000000e+00
      vertex   -3.392000e+01 3.007000e+01 0.000000e+00
    endloop
  endfacet
  facet normal 1.000000e+00 0.000000e+00 0.000000e+00
    outer loop
      vertex   -2.403000e+01 3.007000e+01 0.000000e+00
      vertex   -2.403000e+01 3.107000e+01 0.000000e+00
      vertex   -2.403000e+01 3.007000e+01 7.780000e+00
    endloop
  endfacet
  facet normal 1.000000e+00 -0.000000e+00 0.000000e+00
    outer loop
      vertex   -2.403000e+01 3.007000e+01 7.780000e+00
      vertex   -2.403000e+01 3.107000e+01 0.000000e+00
      vertex   -2.403000e+01 3.107000e+01 7.780000e+00
    endloop
  endfacet
  facet normal -1.000000e+00 -3.552714e-15 0.000000e+00
    outer loop
      vertex   -1.675000e+01 3.107000e+01 0.000000e+00
      vertex   -1.675000e+01 3.007000e+01 0.000000e+00
      vertex   -1.675000e+01 3.107000e+01 7.780000e+00
    endloop
  endfacet
  facet normal -1.000000e+00 -3.552714e-15 0.000000e+00
    outer loop
      vertex   -1.675000e+01 3.107000e+01 7.780000e+00
      vertex   -1.675000e+01 3.007000e+01 0.000000e+00
      vertex   -1.675000e+01 3.007000e+01 7.780000e+00
    endloop
  endfacet
  facet normal 0.000000e+00 0.000000e+00 -1.000000e+00
    outer loop
      vertex   -1.675000e+01 3.007000e+01 7.780000e+00
      vertex   -2.403000e+01 3.007000e+01 7.780000e+00
      vertex   -1.675000e+01 3.107000e+01 7.780000e+00
    endloop
  endfacet
  facet normal -0.000000e+00 0.000000e+00 -1.000000e+00
    outer loop
      vertex   -1.675000e+01 3.107000e+01 7.780000e+00
      vertex   -2.403000e+01 3.007000e+01 7.780000e+00
      vertex   -2.403000e+01 3.107000e+01 7.780000e+00
    endloop
  endfacet
  facet normal 0.000000e+00 0.000000e+00 1.000000e+00
    outer loop
      vertex   -1.675000e+01 3.107000e+01 0.000000e+00
      vertex   -2.403000e+01 3.107000e+01 0.000000e+00
      vertex   -1.675000e+01 3.007000e+01 0.000000e+00
    endloop
  endfacet
  facet normal 0.000000e+00 0.000000e+00 1.000000e+00
    outer loop
      vertex   -1.675000e+01 3.007000e+01 0.000000e+00
      vertex   -2.403000e+01 3.107000e+01 0.000000e+00
      vertex   -2.403000e+01 3.007000e+01 0.000000e+00
    endloop
  endfacet
  facet normal 1.000000e+00 0.000000e+00 0.000000e+00
    outer loop
      vertex   -1.505000e+01 3.007000e+01 0.000000e+00
      vertex   -1.505000e+01 3.107000e+01 0.000000e+00
      vertex   -1.505000e+01 3.007000e+01 2.790000e+00
    endloop
  endfacet
  facet normal 1.000000e+00 -0.000000e+00 0.000000e+00
    outer loop
      vertex   -1.505000e+01 3.007000e+01 2.790000e+00
      vertex   -1.505000e+01 3.107000e+01 0.000000e+00
      vertex   -1.505000e+01 3.107000e+01 2.790000e+00
    endloop
  endfacet
  facet normal -1.000000e+00 4.440892e-15 0.000000e+00
    outer loop
      vertex   -7.430000e+00 3.107000e+01 0.000000e+00
      vertex   -7.430000e+00 3.007000e+01 0.000000e+00
      vertex   -7.430000e+00 3.107000e+01 2.790000e+00
    endloop
  endfacet
  facet normal -1.000000e+00 4.440892e-15 0.000000e+00
    outer loop
      vertex   -7.430000e+00 3.107000e+01 2.790000e+00
      vertex   -7.430000e+00 3.007000e+01 0.000000e+00
      vertex   -7.430000e+00 3.007000e+01 2.790000e+00
    endloop
  endfacet
  facet normal 0.000000e+00 0.000000e+00 -1.000000e+00
    outer loop
      vertex   -7.430000e+00 3.007000e+01 2.790000e+00
      vertex   -1.505000e+01 3.007000e+01 2.790000e+00
      vertex   -7.430000e+00 3.107000e+01 2.790000e+00
    endloop
  endfacet
  facet normal -0.000000e+00 0.000000e+00 -1.000000e+00
    outer loop
      vertex   -7.430000e+00 3.107000e+01 2.790000e+00
      vertex   -1.505000e+01 3.007000e+01 2.790000e+00
      vertex   -1.505000e+01 3.107000e+01 2.790000e+00
    endloop
  endfacet
  facet normal 0.000000e+00 0.000000e+00 1.000000e+00
    outer loop
      vertex   -7.430000e+00 3.107000e+01 0.000000e+00
      vertex   -1.505000e+01 3.107000e+01 0.000000e+00
      vertex   -7.430000e+00 3.007000e+01 0.000000e+00
    endloop
  endfacet
  facet normal 0.000000e+00 0.000000e+00 1.000000e+00
    outer loop
      vertex   -7.430000e+00 3.007000e+01 0.000000e+00
      vertex   -1.505000e+01 3.107000e+01 0.000000e+00
      vertex   -1.505000e+01 3.007000e+01 0.000000e+00
    endloop
  endfacet
  facet normal 1.000000e+00 2.131628e-14 -0.000000e+00
    outer loop
      vertex   -5.900000e+01 3.007000e+01 0.000000e+00
      vertex   -5.900000e+01 3.107000e+01 0.000000e+00
      vertex   -5.900000e+01 3.007000e+01 2.790000e+00
    endloop
  endfacet
  facet normal 1.000000e+00 2.131628e-14 0.000000e+00
    outer loop
      vertex   -5.900000e+01 3.007000e+01 2.790000e+00
      vertex   -5.900000e+01 3.107000e+01 0.000000e+00
      vertex   -5.900000e+01 3.107000e+01 2.790000e+00
    endloop
  endfacet
  facet normal -1.000000e+00 1.421085e-14 0.000000e+00
    outer loop
      vertex   -4.528000e+01 3.107000e+01 0.000000e+00
      vertex   -4.528000e+01 3.007000e+01 0.000000e+00
      vertex   -4.528000e+01 3.107000e+01 2.790000e+00
    endloop
  endfacet
  facet normal -1.000000e+00 1.421085e-14 0.000000e+00
    outer loop
      vertex   -4.528000e+01 3.107000e+01 2.790000e+00
      vertex   -4.528000e+01 3.007000e+01 0.000000e+00
      vertex   -4.528000e+01 3.007000e+01 2.790000e+00
    endloop
  endfacet
  facet normal 0.000000e+00 0.000000e+00 -1.000000e+00
    outer loop
      vertex   -4.528000e+01 3.007000e+01 2.790000e+00
      vertex   -5.900000e+01 3.007000e+01 2.790000e+00
      vertex   -4.528000e+01 3.107000e+01 2.790000e+00
    endloop
  endfacet
  facet normal -0.000000e+00 0.000000e+00 -1.000000e+00
    outer loop
      vertex   -4.528000e+01 3.107000e+01 2.790000e+00
      vertex   -5.900000e+01 3.007000e+01 2.790000e+00
      vertex   -5.900000e+01 3.107000e+01 2.790000e+00
    endloop
  endfacet
  facet normal 0.000000e+00 0.000000e+00 1.000000e+00
    outer loop
      vertex   -4.528000e+01 3.107000e+01 0.000000e+00
      vertex   -5.900000e+01 3.107000e+01 0.000000e+00
      vertex   -4.528000e+01 3.007000e+01 0.000000e+00
    endloop
  endfacet
  facet normal 0.000000e+00 0.000000e+00 1.000000e+00
    outer loop
      vertex   -4.528000e+01 3.007000e+01 0.000000e+00
      vertex   -5.900000e+01 3.107000e+01 0.000000e+00
      vertex   -5.900000e+01 3.007000e+01 0.000000e+00
    endloop
  endfacet
  facet normal 0.000000e+00 -1.000000e+00 0.000000e+00
    outer loop
      vertex   -9.992007e-15 2.888000e+01 0.000000e+00
      vertex   1.000000e+00 2.888000e+01 0.000000e+00
      vertex   -9.992007e-15 2.888000e+01 2.790000e+00
    endloop
  endfacet
  facet normal 0.000000e+00 -1.000000e+00 0.000000e+00
    outer loop
      vertex   -9.992007e-15 2.888000e+01 2.790000e+00
      vertex   1.000000e+00 2.888000e+01 0.000000e+00
      vertex   1.000000e+00 2.888000e+01 2.790000e+00
    endloop
  endfacet
  facet normal 0.000000e+00 0.000000e+00 -1.000000e+00
    outer loop
      vertex   -9.992007e-15 2.888000e+01 2.790000e+00
      vertex   1.000000e+00 2.888000e+01 2.790000e+00
      vertex   0.000000e+00 0.000000e+00 2.790000e+00
    endloop
  endfacet
  facet normal 0.000000e+00 0.000000e+00 -1.000000e+00
    outer loop
      vertex   0.000000e+00 0.000000e+00 2.790000e+00
      vertex   1.000000e+00 2.888000e+01 2.790000e+00
      vertex   1.000000e+00 0.000000e+00 2.790000e+00
    endloop
  endfacet
  facet normal -0.000000e+00 -0.000000e+00 1.000000e+00
    outer loop
      vertex   0.000000e+00 -5.372047e-16 0.000000e+00
      vertex   1.000000e+00 -1.110223e-15 0.000000e+00
      vertex   -9.992007e-15 2.888000e+01 0.000000e+00
    endloop
  endfacet
  facet normal -0.000000e+00 0.000000e+00 1.000000e+00
    outer loop
      vertex   -9.992007e-15 2.888000e+01 0.000000e+00
      vertex   1.000000e+00 -1.110223e-15 0.000000e+00
      vertex   1.000000e+00 2.888000e+01 0.000000e+00
    endloop
  endfacet
  facet normal 1.000000e+00 -3.459836e-17 2.054700e-16
    outer loop
      vertex   1.000000e+00 0.000000e+00 2.790000e+00
      vertex   1.000000e+00 2.888000e+01 2.790000e+00
      vertex   1.000000e+00 -1.110223e-15 1.900000e+01
    endloop
  endfacet
  facet normal 1.000000e+00 -2.858637e-16 -2.421883e-16
    outer loop
      vertex   1.000000e+00 -1.110223e-15 1.900000e+01
      vertex   1.000000e+00 2.888000e+01 2.790000e+00
      vertex   1.000000e+00 3.107000e+01 1.900000e+01
    endloop
  endfacet
  facet normal 1.000000e+00 -2.078500e-15 -2.109804e-30
    outer loop
      vertex   1.000000e+00 3.107000e+01 1.900000e+01
      vertex   1.000000e+00 2.888000e+01 2.790000e+00
      vertex   1.000000e+00 3.107000e+01 -2.000000e+00
    endloop
  endfacet
  facet normal 1.000000e+00 -2.078500e-15 0.000000e+00
    outer loop
      vertex   1.000000e+00 3.107000e+01 -2.000000e+00
      vertex   1.000000e+00 2.888000e+01 2.790000e+00
      vertex   1.000000e+00 2.888000e+01 0.000000e+00
    endloop
  endfacet
  facet normal 1.000000e+00 0.000000e+00 2.275957e-15
    outer loop
      vertex   1.000000e+00 3.107000e+01 -2.000000e+00
      vertex   1.000000e+00 2.888000e+01 0.000000e+00
      vertex   1.000000e+00 0.000000e+00 -2.000000e+00
    endloop
  endfacet
  facet normal 1.000000e+00 -3.459836e-17 2.775558e-15
    outer loop
      vertex   1.000000e+00 0.000000e+00 -2.000000e+00
      vertex   1.000000e+00 2.888000e+01 0.000000e+00
      vertex   1.000000e+00 -1.110223e-15 0.000000e+00
    endloop
  endfacet
  facet normal -5.730183e-16 -1.000000e+00 -7.888609e-31
    outer loop
      vertex   0.000000e+00 -5.372047e-16 0.000000e+00
      vertex   0.000000e+00 -5.372047e-16 -1.000000e+00
      vertex   1.000000e+00 -1.110223e-15 0.000000e+00
    endloop
  endfacet
  facet normal -1.790682e-17 -1.000000e+00 -5.551115e-16
    outer loop
      vertex   1.000000e+00 -1.110223e-15 0.000000e+00
      vertex   0.000000e+00 -5.372047e-16 -1.000000e+00
      vertex   1.000000e+00 0.000000e+00 -2.000000e+00
    endloop
  endfacet
  facet normal -0.000000e+00 -1.000000e+00 -5.372047e-16
    outer loop
      vertex   1.000000e+00 0.000000e+00 -2.000000e+00
      vertex   0.000000e+00 -5.372047e-16 -1.000000e+00
      vertex   -1.000000e+00 0.000000e+00 -2.000000e+00
    endloop
  endfacet
  facet normal -5.372047e-16 -1.000000e+00 0.000000e+00
    outer loop
      vertex   -1.000000e+00 0.000000e+00 -2.000000e+00
      vertex   0.000000e+00 -5.372047e-16 -1.000000e+00
      vertex   -1.000000e+00 0.000000e+00 -1.000000e+00
    endloop
  endfacet
  facet normal -1.000000e+00 -3.459836e-16 -2.729330e-46
    outer loop
      vertex   0.000000e+00 -5.372047e-16 0.000000e+00
      vertex   -9.992007e-15 2.888000e+01 0.000000e+00
      vertex   0.000000e+00 -5.372047e-16 -1.000000e+00
    endloop
  endfacet
  facet normal -1.000000e+00 -2.953703e-16 -1.461714e-15
    outer loop
      vertex   0.000000e+00 -5.372047e-16 -1.000000e+00
      vertex   -9.992007e-15 2.888000e+01 0.000000e+00
      vertex   -8.881784e-15 3.007000e+01 -1.000000e+00
    endloop
  endfacet
  facet normal -1.000000e+00 9.329605e-16 0.000000e+00
    outer loop
      vertex   -8.881784e-15 3.007000e+01 -1.000000e+00
      vertex   -9.992007e-15 2.888000e+01 0.000000e+00
      vertex   -9.992007e-15 2.888000e+01 2.790000e+00
    endloop
  endfacet
  facet normal -1.000000e+00 9.329605e-16 0.000000e+00
    outer loop
      vertex   -8.881784e-15 3.007000e+01 -1.000000e+00
      vertex   -9.992007e-15 2.888000e+01 2.790000e+00
      vertex   -8.881784e-15 3.007000e+01 1.900000e+01
    endloop
  endfacet
  facet normal -1.000000e+00 -2.953703e-16 9.017358e-17
    outer loop
      vertex   -8.881784e-15 3.007000e+01 1.900000e+01
      vertex   -9.992007e-15 2.888000e+01 2.790000e+00
      vertex   0.000000e+00 -5.372047e-16 1.900000e+01
    endloop
  endfacet
  facet normal -1.000000e+00 -3.459836e-16 -1.146601e-32
    outer loop
      vertex   0.000000e+00 -5.372047e-16 1.900000e+01
      vertex   -9.992007e-15 2.888000e+01 2.790000e+00
      vertex   0.000000e+00 0.000000e+00 2.790000e+00
    endloop
  endfacet
  facet normal -5.730183e-16 -1.000000e+00 -0.000000e+00
    outer loop
      vertex   -6.000000e+01 3.384390e-14 1.900000e+01
      vertex   -6.100000e+01 3.441691e-14 1.900000e+01
      vertex   -6.000000e+01 3.384390e-14 -1.000000e+00
    endloop
  endfacet
  facet normal -5.730183e-16 -1.000000e+00 0.000000e+00
    outer loop
      vertex   -6.000000e+01 3.384390e-14 -1.000000e+00
      vertex   -6.100000e+01 3.441691e-14 1.900000e+01
      vertex   -6.100000e+01 3.441691e-14 -1.000000e+00
    endloop
  endfacet
  facet normal -5.730183e-16 -1.000000e+00 -5.194825e-16
    outer loop
      vertex   -6.000000e+01 3.384390e-14 -1.000000e+00
      vertex   -6.100000e+01 3.441691e-14 -1.000000e+00
      vertex   -5.900000e+01 3.379036e-14 -2.000000e+00
    endloop
  endfacet
  facet normal 4.241823e-15 -1.000000e+00 9.110200e-15
    outer loop
      vertex   -5.900000e+01 3.379036e-14 -2.000000e+00
      vertex   -6.100000e+01 3.441691e-14 -1.000000e+00
      vertex   -6.696600e+01 0.000000e+00 -2.000000e+00
    endloop
  endfacet
  facet normal 5.768842e-15 -1.000000e+00 0.000000e+00
    outer loop
      vertex   -6.696600e+01 0.000000e+00 -2.000000e+00
      vertex   -6.100000e+01 3.441691e-14 -1.000000e+00
      vertex   -6.696600e+01 0.000000e+00 -1.000000e+00
    endloop
  endfacet
  facet normal -5.353586e-17 -1.000000e+00 0.000000e+00
    outer loop
      vertex   -5.900000e+01 3.379036e-14 -2.000000e+00
      vertex   -5.900000e+01 3.379036e-14 -1.000000e+00
      vertex   -6.000000e+01 3.384390e-14 -1.000000e+00
    endloop
  endfacet
  facet normal -1.000000e+00 -4.468822e-16 -0.000000e+00
    outer loop
      vertex   -6.100000e+01 1.517000e+01 2.000000e+00
      vertex   -6.100000e+01 3.107000e+01 -1.000000e+00
      vertex   -6.100000e+01 1.517000e+01 0.000000e+00
    endloop
  endfacet
  facet normal -1.000000e+00 -4.573819e-16 -1.669444e-16
    outer loop
      vertex   -6.100000e+01 1.517000e+01 0.000000e+00
      vertex   -6.100000e+01 3.107000e+01 -1.000000e+00
      vertex   -6.100000e+01 3.441691e-14 -1.000000e+00
    endloop
  endfacet
  facet normal -1.000000e+00 -0.000000e+00 -7.105427e-15
    outer loop
      vertex   -6.100000e+01 1.517000e+01 0.000000e+00
      vertex   -6.100000e+01 3.441691e-14 -1.000000e+00
      vertex   -6.100000e+01 1.060000e+01 0.000000e+00
    endloop
  endfacet
  facet normal -1.000000e+00 -6.703233e-16 0.000000e+00
    outer loop
      vertex   -6.100000e+01 1.060000e+01 0.000000e+00
      vertex   -6.100000e+01 3.441691e-14 -1.000000e+00
      vertex   -6.100000e+01 1.060000e+01 2.000000e+00
    endloop
  endfacet
  facet normal -1.000000e+00 -6.703233e-16 0.000000e+00
    outer loop
      vertex   -6.100000e+01 1.060000e+01 2.000000e+00
      vertex   -6.100000e+01 3.441691e-14 -1.000000e+00
      vertex   -6.100000e+01 3.441691e-14 1.900000e+01
    endloop
  endfacet
  facet normal -1.000000e+00 0.000000e+00 4.179663e-16
    outer loop
      vertex   -6.100000e+01 1.060000e+01 2.000000e+00
      vertex   -6.100000e+01 3.441691e-14 1.900000e+01
      vertex   -6.100000e+01 1.517000e+01 2.000000e+00
    endloop
  endfacet
  facet normal -1.000000e+00 -4.573819e-16 9.820258e-18
    outer loop
      vertex   -6.100000e+01 1.517000e+01 2.000000e+00
      vertex   -6.100000e+01 3.441691e-14 1.900000e+01
      vertex   -6.100000e+01 3.107000e+01 1.900000e+01
    endloop
  endfacet
  facet normal -1.000000e+00 -4.468822e-16 0.000000e+00
    outer loop
      vertex   -6.100000e+01 1.517000e+01 2.000000e+00
      vertex   -6.100000e+01 3.107000e+01 1.900000e+01
      vertex   -6.100000e+01 3.107000e+01 -1.000000e+00
    endloop
  endfacet
  facet normal -0.000000e+00 1.000000e+00 0.000000e+00
    outer loop
      vertex   -3.656000e+01 3.107000e+01 7.780000e+00
      vertex   -3.392000e+01 3.107000e+01 7.780000e+00
      vertex   -3.656000e+01 3.107000e+01 0.000000e+00
    endloop
  endfacet
  facet normal 0.000000e+00 1.000000e+00 0.000000e+00
    outer loop
      vertex   -3.656000e+01 3.107000e+01 0.000000e+00
      vertex   -3.392000e+01 3.107000e+01 7.780000e+00
      vertex   -3.392000e+01 3.107000e+01 0.000000e+00
    endloop
  endfacet
  facet normal -0.000000e+00 1.000000e+00 0.000000e+00
    outer loop
      vertex   -3.656000e+01 3.107000e+01 0.000000e+00
      vertex   -3.392000e+01 3.107000e+01 0.000000e+00
      vertex   -6.100000e+01 3.107000e+01 -1.000000e+00
    endloop
  endfacet
  facet normal -3.494472e-16 1.000000e+00 9.463031e-15
    outer loop
      vertex   -6.100000e+01 3.107000e+01 -1.000000e+00
      vertex   -3.392000e+01 3.107000e+01 0.000000e+00
      vertex   0.000000e+00 3.107000e+01 -1.000000e+00
    endloop
  endfacet
  facet normal 0.000000e+00 1.000000e+00 2.131628e-14
    outer loop
      vertex   0.000000e+00 3.107000e+01 -1.000000e+00
      vertex   -3.392000e+01 3.107000e+01 0.000000e+00
      vertex   -2.664000e+01 3.107000e+01 0.000000e+00
    endloop
  endfacet
  facet normal 0.000000e+00 1.000000e+00 2.131628e-14
    outer loop
      vertex   0.000000e+00 3.107000e+01 -1.000000e+00
      vertex   -2.664000e+01 3.107000e+01 0.000000e+00
      vertex   -2.403000e+01 3.107000e+01 0.000000e+00
    endloop
  endfacet
  facet normal 0.000000e+00 1.000000e+00 -0.000000e+00
    outer loop
      vertex   -2.403000e+01 3.107000e+01 0.000000e+00
      vertex   -2.664000e+01 3.107000e+01 0.000000e+00
      vertex   -2.403000e+01 3.107000e+01 7.780000e+00
    endloop
  endfacet
  facet normal 0.000000e+00 1.000000e+00 0.000000e+00
    outer loop
      vertex   -2.403000e+01 3.107000e+01 7.780000e+00
      vertex   -2.664000e+01 3.107000e+01 0.000000e+00
      vertex   -2.664000e+01 3.107000e+01 7.780000e+00
    endloop
  endfacet
  facet normal 0.000000e+00 1.000000e+00 -0.000000e+00
    outer loop
      vertex   -2.403000e+01 3.107000e+01 7.780000e+00
      vertex   -2.664000e+01 3.107000e+01 7.780000e+00
      vertex   1.000000e+00 3.107000e+01 1.900000e+01
    endloop
  endfacet
  facet normal 0.000000e+00 1.000000e+00 0.000000e+00
    outer loop
      vertex   1.000000e+00 3.107000e+01 1.900000e+01
      vertex   -2.664000e+01 3.107000e+01 7.780000e+00
      vertex   -6.100000e+01 3.107000e+01 1.900000e+01
    endloop
  endfacet
  facet normal 0.000000e+00 1.000000e+00 0.000000e+00
    outer loop
      vertex   -6.100000e+01 3.107000e+01 1.900000e+01
      vertex   -2.664000e+01 3.107000e+01 7.780000e+00
      vertex   -3.392000e+01 3.107000e+01 7.780000e+00
    endloop
  endfacet
  facet normal 0.000000e+00 1.000000e+00 0.000000e+00
    outer loop
      vertex   -6.100000e+01 3.107000e+01 1.900000e+01
      vertex   -3.392000e+01 3.107000e+01 7.780000e+00
      vertex   -3.656000e+01 3.107000e+01 7.780000e+00
    endloop
  endfacet
  facet normal 0.000000e+00 1.000000e+00 0.000000e+00
    outer loop
      vertex   -3.656000e+01 3.107000e+01 7.780000e+00
      vertex   -4.384000e+01 3.107000e+01 7.780000e+00
      vertex   -6.100000e+01 3.107000e+01 1.900000e+01
    endloop
  endfacet
  facet normal 0.000000e+00 1.000000e+00 0.000000e+00
    outer loop
      vertex   -6.100000e+01 3.107000e+01 1.900000e+01
      vertex   -4.384000e+01 3.107000e+01 7.780000e+00
      vertex   -5.900000e+01 3.107000e+01 2.790000e+00
    endloop
  endfacet
  facet normal 0.000000e+00 1.000000e+00 0.000000e+00
    outer loop
      vertex   -6.100000e+01 3.107000e+01 1.900000e+01
      vertex   -5.900000e+01 3.107000e+01 2.790000e+00
      vertex   -6.100000e+01 3.107000e+01 -1.000000e+00
    endloop
  endfacet
  facet normal 0.000000e+00 1.000000e+00 0.000000e+00
    outer loop
      vertex   -6.100000e+01 3.107000e+01 -1.000000e+00
      vertex   -5.900000e+01 3.107000e+01 2.790000e+00
      vertex   -5.900000e+01 3.107000e+01 0.000000e+00
    endloop
  endfacet
  facet normal 0.000000e+00 1.000000e+00 0.000000e+00
    outer loop
      vertex   -6.100000e+01 3.107000e+01 -1.000000e+00
      vertex   -5.900000e+01 3.107000e+01 0.000000e+00
      vertex   -4.528000e+01 3.107000e+01 0.000000e+00
    endloop
  endfacet
  facet normal 0.000000e+00 1.000000e+00 0.000000e+00
    outer loop
      vertex   -5.900000e+01 3.107000e+01 2.790000e+00
      vertex   -4.384000e+01 3.107000e+01 7.780000e+00
      vertex   -4.528000e+01 3.107000e+01 2.790000e+00
    endloop
  endfacet
  facet normal -0.000000e+00 1.000000e+00 0.000000e+00
    outer loop
      vertex   -4.528000e+01 3.107000e+01 2.790000e+00
      vertex   -4.384000e+01 3.107000e+01 7.780000e+00
      vertex   -4.384000e+01 3.107000e+01 0.000000e+00
    endloop
  endfacet
  facet normal 0.000000e+00 1.000000e+00 0.000000e+00
    outer loop
      vertex   -4.528000e+01 3.107000e+01 2.790000e+00
      vertex   -4.384000e+01 3.107000e+01 0.000000e+00
      vertex   -4.528000e+01 3.107000e+01 0.000000e+00
    endloop
  endfacet
  facet normal -0.000000e+00 1.000000e+00 0.000000e+00
    outer loop
      vertex   -4.528000e+01 3.107000e+01 0.000000e+00
      vertex   -4.384000e+01 3.107000e+01 0.000000e+00
      vertex   -6.100000e+01 3.107000e+01 -1.000000e+00
    endloop
  endfacet
  facet normal -0.000000e+00 1.000000e+00 0.000000e+00
    outer loop
      vertex   -4.384000e+01 3.107000e+01 0.000000e+00
      vertex   -3.656000e+01 3.107000e+01 0.000000e+00
      vertex   -6.100000e+01 3.107000e+01 -1.000000e+00
    endloop
  endfacet
  facet normal 0.000000e+00 1.000000e+00 0.000000e+00
    outer loop
      vertex   -1.675000e+01 3.107000e+01 7.780000e+00
      vertex   -1.505000e+01 3.107000e+01 2.790000e+00
      vertex   -1.675000e+01 3.107000e+01 0.000000e+00
    endloop
  endfacet
  facet normal 0.000000e+00 1.000000e+00 0.000000e+00
    outer loop
      vertex   -1.675000e+01 3.107000e+01 0.000000e+00
      vertex   -1.505000e+01 3.107000e+01 2.790000e+00
      vertex   -1.505000e+01 3.107000e+01 0.000000e+00
    endloop
  endfacet
  facet normal -0.000000e+00 1.000000e+00 2.131628e-14
    outer loop
      vertex   -1.675000e+01 3.107000e+01 0.000000e+00
      vertex   -1.505000e+01 3.107000e+01 0.000000e+00
      vertex   0.000000e+00 3.107000e+01 -1.000000e+00
    endloop
  endfacet
  facet normal 0.000000e+00 1.000000e+00 2.131628e-14
    outer loop
      vertex   0.000000e+00 3.107000e+01 -1.000000e+00
      vertex   -1.505000e+01 3.107000e+01 0.000000e+00
      vertex   -7.430000e+00 3.107000e+01 0.000000e+00
    endloop
  endfacet
  facet normal -2.868948e-15 1.000000e+00 0.000000e+00
    outer loop
      vertex   0.000000e+00 3.107000e+01 -1.000000e+00
      vertex   -7.430000e+00 3.107000e+01 0.000000e+00
      vertex   -7.430000e+00 3.107000e+01 2.790000e+00
    endloop
  endfacet
  facet normal 0.000000e+00 1.000000e+00 0.000000e+00
    outer loop
      vertex   -2.403000e+01 3.107000e+01 7.780000e+00
      vertex   1.000000e+00 3.107000e+01 1.900000e+01
      vertex   -1.675000e+01 3.107000e+01 7.780000e+00
    endloop
  endfacet
  facet normal -0.000000e+00 1.000000e+00 0.000000e+00
    outer loop
      vertex   -1.675000e+01 3.107000e+01 7.780000e+00
      vertex   1.000000e+00 3.107000e+01 1.900000e+01
      vertex   -7.430000e+00 3.107000e+01 2.790000e+00
    endloop
  endfacet
  facet normal 0.000000e+00 1.000000e+00 0.000000e+00
    outer loop
      vertex   -1.675000e+01 3.107000e+01 7.780000e+00
      vertex   -7.430000e+00 3.107000e+01 2.790000e+00
      vertex   -1.505000e+01 3.107000e+01 2.790000e+00
    endloop
  endfacet
  facet normal -0.000000e+00 1.000000e+00 2.131628e-14
    outer loop
      vertex   -2.403000e+01 3.107000e+01 0.000000e+00
      vertex   -1.675000e+01 3.107000e+01 0.000000e+00
      vertex   0.000000e+00 3.107000e+01 -1.000000e+00
    endloop
  endfacet
  facet normal -2.267451e-15 1.000000e+00 1.179187e-15
    outer loop
      vertex   -7.430000e+00 3.107000e+01 2.790000e+00
      vertex   1.000000e+00 3.107000e+01 1.900000e+01
      vertex   0.000000e+00 3.107000e+01 -1.000000e+00
    endloop
  endfacet
  facet normal 1.015061e-15 1.000000e+00 1.015061e-15
    outer loop
      vertex   0.000000e+00 3.107000e+01 -1.000000e+00
      vertex   1.000000e+00 3.107000e+01 1.900000e+01
      vertex   1.000000e+00 3.107000e+01 -2.000000e+00
    endloop
  endfacet
  facet normal 0.000000e+00 1.000000e+00 0.000000e+00
    outer loop
      vertex   0.000000e+00 3.107000e+01 -1.000000e+00
      vertex   1.000000e+00 3.107000e+01 -2.000000e+00
      vertex   0.000000e+00 3.107000e+01 -2.000000e+00
    endloop
  endfacet
  facet normal 0.000000e+00 -1.000000e+00 -3.314033e-17
    outer loop
      vertex   0.000000e+00 0.000000e+00 2.790000e+00
      vertex   1.000000e+00 0.000000e+00 2.790000e+00
      vertex   0.000000e+00 -5.372047e-16 1.900000e+01
    endloop
  endfacet
  facet normal -5.730183e-16 -1.000000e+00 -6.849001e-17
    outer loop
      vertex   0.000000e+00 -5.372047e-16 1.900000e+01
      vertex   1.000000e+00 0.000000e+00 2.790000e+00
      vertex   1.000000e+00 -1.110223e-15 1.900000e+01
    endloop
  endfacet
  facet normal 0.000000e+00 -1.000000e+00 0.000000e+00
    outer loop
      vertex   -3.656000e+01 3.007000e+01 0.000000e+00
      vertex   -3.392000e+01 3.007000e+01 0.000000e+00
      vertex   -3.656000e+01 3.007000e+01 7.780000e+00
    endloop
  endfacet
  facet normal 0.000000e+00 -1.000000e+00 0.000000e+00
    outer loop
      vertex   -3.656000e+01 3.007000e+01 7.780000e+00
      vertex   -3.392000e+01 3.007000e+01 0.000000e+00
      vertex   -3.392000e+01 3.007000e+01 7.780000e+00
    endloop
  endfacet
  facet normal 0.000000e+00 -1.000000e+00 3.166411e-16
    outer loop
      vertex   -3.656000e+01 3.007000e+01 7.780000e+00
      vertex   -3.392000e+01 3.007000e+01 7.780000e+00
      vertex   -6.000000e+01 3.007000e+01 1.900000e+01
    endloop
  endfacet
  facet normal 0.000000e+00 -1.000000e+00 3.166411e-16
    outer loop
      vertex   -6.000000e+01 3.007000e+01 1.900000e+01
      vertex   -3.392000e+01 3.007000e+01 7.780000e+00
      vertex   -2.664000e+01 3.007000e+01 7.780000e+00
    endloop
  endfacet
  facet normal -5.921189e-17 -1.000000e+00 1.405887e-16
    outer loop
      vertex   -6.000000e+01 3.007000e+01 1.900000e+01
      vertex   -2.664000e+01 3.007000e+01 7.780000e+00
      vertex   -8.881784e-15 3.007000e+01 1.900000e+01
    endloop
  endfacet
  facet normal 0.000000e+00 -1.000000e+00 0.000000e+00
    outer loop
      vertex   -8.881784e-15 3.007000e+01 1.900000e+01
      vertex   -2.664000e+01 3.007000e+01 7.780000e+00
      vertex   -2.403000e+01 3.007000e+01 7.780000e+00
    endloop
  endfacet
  facet normal 0.000000e+00 -1.000000e+00 0.000000e+00
    outer loop
      vertex   -8.881784e-15 3.007000e+01 1.900000e+01
      vertex   -2.403000e+01 3.007000e+01 7.780000e+00
      vertex   -1.675000e+01 3.007000e+01 7.780000e+00
    endloop
  endfacet
  facet normal -0.000000e+00 -1.000000e+00 -3.552714e-15
    outer loop
      vertex   -3.392000e+01 3.007000e+01 0.000000e+00
      vertex   -3.656000e+01 3.007000e+01 0.000000e+00
      vertex   -6.000000e+01 3.007000e+01 -1.000000e+00
    endloop
  endfacet
  facet normal -4.880101e-16 -1.000000e+00 7.886244e-15
    outer loop
      vertex   -6.000000e+01 3.007000e+01 -1.000000e+00
      vertex   -3.656000e+01 3.007000e+01 0.000000e+00
      vertex   -4.384000e+01 3.007000e+01 0.000000e+00
    endloop
  endfacet
  facet normal 0.000000e+00 -1.000000e+00 0.000000e+00
    outer loop
      vertex   -6.000000e+01 3.007000e+01 -1.000000e+00
      vertex   -4.384000e+01 3.007000e+01 0.000000e+00
      vertex   -4.528000e+01 3.007000e+01 0.000000e+00
    endloop
  endfacet
  facet normal 0.000000e+00 -1.000000e+00 0.000000e+00
    outer loop
      vertex   -4.528000e+01 3.007000e+01 0.000000e+00
      vertex   -4.384000e+01 3.007000e+01 0.000000e+00
      vertex   -4.528000e+01 3.007000e+01 2.790000e+00
    endloop
  endfacet
  facet normal 0.000000e+00 -1.000000e+00 0.000000e+00
    outer loop
      vertex   -4.528000e+01 3.007000e+01 2.790000e+00
      vertex   -4.384000e+01 3.007000e+01 0.000000e+00
      vertex   -4.384000e+01 3.007000e+01 7.780000e+00
    endloop
  endfacet
  facet normal 0.000000e+00 -1.000000e+00 0.000000e+00
    outer loop
      vertex   -4.528000e+01 3.007000e+01 2.790000e+00
      vertex   -4.384000e+01 3.007000e+01 7.780000e+00
      vertex   -5.900000e+01 3.007000e+01 2.790000e+00
    endloop
  endfacet
  facet normal 0.000000e+00 -1.000000e+00 0.000000e+00
    outer loop
      vertex   -5.900000e+01 3.007000e+01 2.790000e+00
      vertex   -4.384000e+01 3.007000e+01 7.780000e+00
      vertex   -6.000000e+01 3.007000e+01 1.900000e+01
    endloop
  endfacet
  facet normal -0.000000e+00 -1.000000e+00 0.000000e+00
    outer loop
      vertex   -5.900000e+01 3.007000e+01 2.790000e+00
      vertex   -6.000000e+01 3.007000e+01 1.900000e+01
      vertex   -6.000000e+01 3.007000e+01 -1.000000e+00
    endloop
  endfacet
  facet normal -4.880101e-16 -1.000000e+00 -7.028738e-16
    outer loop
      vertex   -4.384000e+01 3.007000e+01 7.780000e+00
      vertex   -3.656000e+01 3.007000e+01 7.780000e+00
      vertex   -6.000000e+01 3.007000e+01 1.900000e+01
    endloop
  endfacet
  facet normal -0.000000e+00 -1.000000e+00 -0.000000e+00
    outer loop
      vertex   -2.403000e+01 3.007000e+01 7.780000e+00
      vertex   -2.664000e+01 3.007000e+01 7.780000e+00
      vertex   -2.403000e+01 3.007000e+01 0.000000e+00
    endloop
  endfacet
  facet normal 0.000000e+00 -1.000000e+00 0.000000e+00
    outer loop
      vertex   -2.403000e+01 3.007000e+01 0.000000e+00
      vertex   -2.664000e+01 3.007000e+01 7.780000e+00
      vertex   -2.664000e+01 3.007000e+01 0.000000e+00
    endloop
  endfacet
  facet normal -0.000000e+00 -1.000000e+00 -0.000000e+00
    outer loop
      vertex   -2.403000e+01 3.007000e+01 0.000000e+00
      vertex   -2.664000e+01 3.007000e+01 0.000000e+00
      vertex   -8.881784e-15 3.007000e+01 -1.000000e+00
    endloop
  endfacet
  facet normal -5.921189e-17 -1.000000e+00 -1.577405e-15
    outer loop
      vertex   -8.881784e-15 3.007000e+01 -1.000000e+00
      vertex   -2.664000e+01 3.007000e+01 0.000000e+00
      vertex   -6.000000e+01 3.007000e+01 -1.000000e+00
    endloop
  endfacet
  facet normal 0.000000e+00 -1.000000e+00 -3.552714e-15
    outer loop
      vertex   -6.000000e+01 3.007000e+01 -1.000000e+00
      vertex   -2.664000e+01 3.007000e+01 0.000000e+00
      vertex   -3.392000e+01 3.007000e+01 0.000000e+00
    endloop
  endfacet
  facet normal 0.000000e+00 -1.000000e+00 0.000000e+00
    outer loop
      vertex   -1.675000e+01 3.007000e+01 0.000000e+00
      vertex   -1.505000e+01 3.007000e+01 2.790000e+00
      vertex   -1.675000e+01 3.007000e+01 7.780000e+00
    endloop
  endfacet
  facet normal 0.000000e+00 -1.000000e+00 0.000000e+00
    outer loop
      vertex   -1.675000e+01 3.007000e+01 7.780000e+00
      vertex   -1.505000e+01 3.007000e+01 2.790000e+00
      vertex   -7.430000e+00 3.007000e+01 2.790000e+00
    endloop
  endfacet
  facet normal 0.000000e+00 -1.000000e+00 0.000000e+00
    outer loop
      vertex   -1.675000e+01 3.007000e+01 7.780000e+00
      vertex   -7.430000e+00 3.007000e+01 2.790000e+00
      vertex   -8.881784e-15 3.007000e+01 1.900000e+01
    endloop
  endfacet
  facet normal 0.000000e+00 -1.000000e+00 -0.000000e+00
    outer loop
      vertex   -8.881784e-15 3.007000e+01 1.900000e+01
      vertex   -7.430000e+00 3.007000e+01 2.790000e+00
      vertex   -8.881784e-15 3.007000e+01 -1.000000e+00
    endloop
  endfacet
  facet normal 0.000000e+00 -1.000000e+00 0.000000e+00
    outer loop
      vertex   -8.881784e-15 3.007000e+01 -1.000000e+00
      vertex   -7.430000e+00 3.007000e+01 2.790000e+00
      vertex   -7.430000e+00 3.007000e+01 0.000000e+00
    endloop
  endfacet
  facet normal 0.000000e+00 -1.000000e+00 0.000000e+00
    outer loop
      vertex   -8.881784e-15 3.007000e+01 -1.000000e+00
      vertex   -7.430000e+00 3.007000e+01 0.000000e+00
      vertex   -1.505000e+01 3.007000e+01 0.000000e+00
    endloop
  endfacet
  facet normal 0.000000e+00 -1.000000e+00 0.000000e+00
    outer loop
      vertex   -2.403000e+01 3.007000e+01 0.000000e+00
      vertex   -8.881784e-15 3.007000e+01 -1.000000e+00
      vertex   -1.675000e+01 3.007000e+01 0.000000e+00
    endloop
  endfacet
  facet normal 0.000000e+00 -1.000000e+00 0.000000e+00
    outer loop
      vertex   -1.675000e+01 3.007000e+01 0.000000e+00
      vertex   -8.881784e-15 3.007000e+01 -1.000000e+00
      vertex   -1.505000e+01 3.007000e+01 0.000000e+00
    endloop
  endfacet
  facet normal 0.000000e+00 -1.000000e+00 0.000000e+00
    outer loop
      vertex   -1.675000e+01 3.007000e+01 0.000000e+00
      vertex   -1.505000e+01 3.007000e+01 0.000000e+00
      vertex   -1.505000e+01 3.007000e+01 2.790000e+00
    endloop
  endfacet
  facet normal -0.000000e+00 -1.000000e+00 0.000000e+00
    outer loop
      vertex   -4.528000e+01 3.007000e+01 0.000000e+00
      vertex   -5.900000e+01 3.007000e+01 0.000000e+00
      vertex   -6.000000e+01 3.007000e+01 -1.000000e+00
    endloop
  endfacet
  facet normal 0.000000e+00 -1.000000e+00 0.000000e+00
    outer loop
      vertex   -6.000000e+01 3.007000e+01 -1.000000e+00
      vertex   -5.900000e+01 3.007000e+01 0.000000e+00
      vertex   -5.900000e+01 3.007000e+01 2.790000e+00
    endloop
  endfacet
  facet normal 1.000000e+00 -4.768743e-16 0.000000e+00
    outer loop
      vertex   -6.000000e+01 1.517000e+01 0.000000e+00
      vertex   -6.000000e+01 3.007000e+01 -1.000000e+00
      vertex   -6.000000e+01 1.517000e+01 2.000000e+00
    endloop
  endfacet
  facet normal 1.000000e+00 -4.768743e-16 0.000000e+00
    outer loop
      vertex   -6.000000e+01 1.517000e+01 2.000000e+00
      vertex   -6.000000e+01 3.007000e+01 -1.000000e+00
      vertex   -6.000000e+01 3.007000e+01 1.900000e+01
    endloop
  endfacet
  facet normal 1.000000e+00 -4.725924e-16 -3.752940e-18
    outer loop
      vertex   -6.000000e+01 1.517000e+01 2.000000e+00
      vertex   -6.000000e+01 3.007000e+01 1.900000e+01
      vertex   -6.000000e+01 3.384390e-14 1.900000e+01
    endloop
  endfacet
  facet normal 1.000000e+00 -4.725924e-16 6.379998e-17
    outer loop
      vertex   -6.000000e+01 3.007000e+01 -1.000000e+00
      vertex   -6.000000e+01 1.517000e+01 0.000000e+00
      vertex   -6.000000e+01 3.384390e-14 -1.000000e+00
    endloop
  endfacet
  facet normal 1.000000e+00 0.000000e+00 -7.105427e-15
    outer loop
      vertex   -6.000000e+01 3.384390e-14 -1.000000e+00
      vertex   -6.000000e+01 1.517000e+01 0.000000e+00
      vertex   -6.000000e+01 1.060000e+01 0.000000e+00
    endloop
  endfacet
  facet normal 1.000000e+00 -6.703233e-16 0.000000e+00
    outer loop
      vertex   -6.000000e+01 3.384390e-14 -1.000000e+00
      vertex   -6.000000e+01 1.060000e+01 0.000000e+00
      vertex   -6.000000e+01 1.060000e+01 2.000000e+00
    endloop
  endfacet
  facet normal 1.000000e+00 -6.703233e-16 0.000000e+00
    outer loop
      vertex   -6.000000e+01 3.384390e-14 -1.000000e+00
      vertex   -6.000000e+01 1.060000e+01 2.000000e+00
      vertex   -6.000000e+01 3.384390e-14 1.900000e+01
    endloop
  endfacet
  facet normal 1.000000e+00 0.000000e+00 4.179663e-16
    outer loop
      vertex   -6.000000e+01 3.384390e-14 1.900000e+01
      vertex   -6.000000e+01 1.060000e+01 2.000000e+00
      vertex   -6.000000e+01 1.517000e+01 2.000000e+00
    endloop
  endfacet
  facet normal 0.000000e+00 -0.000000e+00 1.000000e+00
    outer loop
      vertex   -6.000000e+01 3.384390e-14 1.900000e+01
      vertex   -6.000000e+01 3.007000e+01 1.900000e+01
      vertex   -6.100000e+01 3.441691e-14 1.900000e+01
    endloop
  endfacet
  facet normal 0.000000e+00 -0.000000e+00 1.000000e+00
    outer loop
      vertex   -6.100000e+01 3.441691e-14 1.900000e+01
      vertex   -6.000000e+01 3.007000e+01 1.900000e+01
      vertex   -6.100000e+01 3.107000e+01 1.900000e+01
    endloop
  endfacet
  facet normal 0.000000e+00 0.000000e+00 1.000000e+00
    outer loop
      vertex   -6.100000e+01 3.107000e+01 1.900000e+01
      vertex   -6.000000e+01 3.007000e+01 1.900000e+01
      vertex   -8.881784e-15 3.007000e+01 1.900000e+01
    endloop
  endfacet
  facet normal -0.000000e+00 0.000000e+00 1.000000e+00
    outer loop
      vertex   -6.100000e+01 3.107000e+01 1.900000e+01
      vertex   -8.881784e-15 3.007000e+01 1.900000e+01
      vertex   1.000000e+00 3.107000e+01 1.900000e+01
    endloop
  endfacet
  facet normal 0.000000e+00 0.000000e+00 1.000000e+00
    outer loop
      vertex   1.000000e+00 3.107000e+01 1.900000e+01
      vertex   -8.881784e-15 3.007000e+01 1.900000e+01
      vertex   1.000000e+00 -1.110223e-15 1.900000e+01
    endloop
  endfacet
  facet normal 0.000000e+00 0.000000e+00 1.000000e+00
    outer loop
      vertex   1.000000e+00 -1.110223e-15 1.900000e+01
      vertex   -8.881784e-15 3.007000e+01 1.900000e+01
      vertex   0.000000e+00 -5.372047e-16 1.900000e+01
    endloop
  endfacet
endsolid
