solid ASCII
  facet normal 3.232237e-16 -1.000000e+00 0.000000e+00
    outer loop
      vertex   -5.596600e+01 5.300000e+01 -2.000000e+00
      vertex   -3.398300e+01 5.300000e+01 -2.000000e+00
      vertex   -5.596600e+01 5.300000e+01 -1.000000e+00
    endloop
  endfacet
  facet normal 3.232237e-16 -1.000000e+00 0.000000e+00
    outer loop
      vertex   -5.596600e+01 5.300000e+01 -1.000000e+00
      vertex   -3.398300e+01 5.300000e+01 -2.000000e+00
      vertex   -3.398300e+01 5.300000e+01 -1.000000e+00
    endloop
  endfacet
  facet normal -1.305262e-01 -9.914449e-01 -0.000000e+00
    outer loop
      vertex   -3.398300e+01 5.300000e+01 -1.000000e+00
      vertex   -3.398300e+01 5.300000e+01 -2.000000e+00
      vertex   -3.385359e+01 5.298296e+01 -1.000000e+00
    endloop
  endfacet
  facet normal -1.305262e-01 -9.914449e-01 -0.000000e+00
    outer loop
      vertex   -3.385359e+01 5.298296e+01 -1.000000e+00
      vertex   -3.398300e+01 5.300000e+01 -2.000000e+00
      vertex   -3.385359e+01 5.298296e+01 -2.000000e+00
    endloop
  endfacet
  facet normal -3.826834e-01 -9.238795e-01 -0.000000e+00
    outer loop
      vertex   -3.385359e+01 5.298296e+01 -1.000000e+00
      vertex   -3.385359e+01 5.298296e+01 -2.000000e+00
      vertex   -3.373300e+01 5.293301e+01 -1.000000e+00
    endloop
  endfacet
  facet normal -3.826834e-01 -9.238795e-01 -0.000000e+00
    outer loop
      vertex   -3.373300e+01 5.293301e+01 -1.000000e+00
      vertex   -3.385359e+01 5.298296e+01 -2.000000e+00
      vertex   -3.373300e+01 5.293301e+01 -2.000000e+00
    endloop
  endfacet
  facet normal -6.087614e-01 -7.933533e-01 -0.000000e+00
    outer loop
      vertex   -3.373300e+01 5.293301e+01 -1.000000e+00
      vertex   -3.373300e+01 5.293301e+01 -2.000000e+00
      vertex   -3.362945e+01 5.285355e+01 -1.000000e+00
    endloop
  endfacet
  facet normal -6.087614e-01 -7.933533e-01 -0.000000e+00
    outer loop
      vertex   -3.362945e+01 5.285355e+01 -1.000000e+00
      vertex   -3.373300e+01 5.293301e+01 -2.000000e+00
      vertex   -3.362945e+01 5.285355e+01 -2.000000e+00
    endloop
  endfacet
  facet normal -7.933533e-01 -6.087614e-01 -0.000000e+00
    outer loop
      vertex   -3.362945e+01 5.285355e+01 -1.000000e+00
      vertex   -3.362945e+01 5.285355e+01 -2.000000e+00
      vertex   -3.354999e+01 5.275000e+01 -1.000000e+00
    endloop
  endfacet
  facet normal -7.933533e-01 -6.087614e-01 -0.000000e+00
    outer loop
      vertex   -3.354999e+01 5.275000e+01 -1.000000e+00
      vertex   -3.362945e+01 5.285355e+01 -2.000000e+00
      vertex   -3.354999e+01 5.275000e+01 -2.000000e+00
    endloop
  endfacet
  facet normal -9.238795e-01 -3.826834e-01 -0.000000e+00
    outer loop
      vertex   -3.354999e+01 5.275000e+01 -1.000000e+00
      vertex   -3.354999e+01 5.275000e+01 -2.000000e+00
      vertex   -3.350004e+01 5.262941e+01 -1.000000e+00
    endloop
  endfacet
  facet normal -9.238795e-01 -3.826834e-01 -0.000000e+00
    outer loop
      vertex   -3.350004e+01 5.262941e+01 -1.000000e+00
      vertex   -3.354999e+01 5.275000e+01 -2.000000e+00
      vertex   -3.350004e+01 5.262941e+01 -2.000000e+00
    endloop
  endfacet
  facet normal -9.914449e-01 -1.305262e-01 -0.000000e+00
    outer loop
      vertex   -3.350004e+01 5.262941e+01 -1.000000e+00
      vertex   -3.350004e+01 5.262941e+01 -2.000000e+00
      vertex   -3.348300e+01 5.250000e+01 -1.000000e+00
    endloop
  endfacet
  facet normal -9.914449e-01 -1.305262e-01 -0.000000e+00
    outer loop
      vertex   -3.348300e+01 5.250000e+01 -1.000000e+00
      vertex   -3.350004e+01 5.262941e+01 -2.000000e+00
      vertex   -3.348300e+01 5.250000e+01 -2.000000e+00
    endloop
  endfacet
  facet normal -9.914449e-01 1.305262e-01 0.000000e+00
    outer loop
      vertex   -3.348300e+01 5.250000e+01 -1.000000e+00
      vertex   -3.348300e+01 5.250000e+01 -2.000000e+00
      vertex   -3.350004e+01 5.237059e+01 -1.000000e+00
    endloop
  endfacet
  facet normal -9.914449e-01 1.305262e-01 0.000000e+00
    outer loop
      vertex   -3.350004e+01 5.237059e+01 -1.000000e+00
      vertex   -3.348300e+01 5.250000e+01 -2.000000e+00
      vertex   -3.350004e+01 5.237059e+01 -2.000000e+00
    endloop
  endfacet
  facet normal -9.238795e-01 3.826834e-01 0.000000e+00
    outer loop
      vertex   -3.350004e+01 5.237059e+01 -1.000000e+00
      vertex   -3.350004e+01 5.237059e+01 -2.000000e+00
      vertex   -3.354999e+01 5.225000e+01 -1.000000e+00
    endloop
  endfacet
  facet normal -9.238795e-01 3.826834e-01 0.000000e+00
    outer loop
      vertex   -3.354999e+01 5.225000e+01 -1.000000e+00
      vertex   -3.350004e+01 5.237059e+01 -2.000000e+00
      vertex   -3.354999e+01 5.225000e+01 -2.000000e+00
    endloop
  endfacet
  facet normal -7.933533e-01 6.087614e-01 0.000000e+00
    outer loop
      vertex   -3.354999e+01 5.225000e+01 -1.000000e+00
      vertex   -3.354999e+01 5.225000e+01 -2.000000e+00
      vertex   -3.362945e+01 5.214645e+01 -1.000000e+00
    endloop
  endfacet
  facet normal -7.933533e-01 6.087614e-01 0.000000e+00
    outer loop
      vertex   -3.362945e+01 5.214645e+01 -1.000000e+00
      vertex   -3.354999e+01 5.225000e+01 -2.000000e+00
      vertex   -3.362945e+01 5.214645e+01 -2.000000e+00
    endloop
  endfacet
  facet normal -6.087614e-01 7.933533e-01 0.000000e+00
    outer loop
      vertex   -3.362945e+01 5.214645e+01 -1.000000e+00
      vertex   -3.362945e+01 5.214645e+01 -2.000000e+00
      vertex   -3.373300e+01 5.206699e+01 -1.000000e+00
    endloop
  endfacet
  facet normal -6.087614e-01 7.933533e-01 0.000000e+00
    outer loop
      vertex   -3.373300e+01 5.206699e+01 -1.000000e+00
      vertex   -3.362945e+01 5.214645e+01 -2.000000e+00
      vertex   -3.373300e+01 5.206699e+01 -2.000000e+00
    endloop
  endfacet
  facet normal -3.826834e-01 9.238795e-01 0.000000e+00
    outer loop
      vertex   -3.373300e+01 5.206699e+01 -1.000000e+00
      vertex   -3.373300e+01 5.206699e+01 -2.000000e+00
      vertex   -3.385359e+01 5.201704e+01 -1.000000e+00
    endloop
  endfacet
  facet normal -3.826834e-01 9.238795e-01 0.000000e+00
    outer loop
      vertex   -3.385359e+01 5.201704e+01 -1.000000e+00
      vertex   -3.373300e+01 5.206699e+01 -2.000000e+00
      vertex   -3.385359e+01 5.201704e+01 -2.000000e+00
    endloop
  endfacet
  facet normal -1.305262e-01 9.914449e-01 0.000000e+00
    outer loop
      vertex   -3.385359e+01 5.201704e+01 -1.000000e+00
      vertex   -3.385359e+01 5.201704e+01 -2.000000e+00
      vertex   -3.398300e+01 5.200000e+01 -1.000000e+00
    endloop
  endfacet
  facet normal -1.305262e-01 9.914449e-01 0.000000e+00
    outer loop
      vertex   -3.398300e+01 5.200000e+01 -1.000000e+00
      vertex   -3.385359e+01 5.201704e+01 -2.000000e+00
      vertex   -3.398300e+01 5.200000e+01 -2.000000e+00
    endloop
  endfacet
  facet normal -3.232237e-16 1.000000e+00 0.000000e+00
    outer loop
      vertex   -3.398300e+01 5.200000e+01 -2.000000e+00
      vertex   -5.596600e+01 5.200000e+01 -2.000000e+00
      vertex   -3.398300e+01 5.200000e+01 -1.000000e+00
    endloop
  endfacet
  facet normal -3.232237e-16 1.000000e+00 0.000000e+00
    outer loop
      vertex   -3.398300e+01 5.200000e+01 -1.000000e+00
      vertex   -5.596600e+01 5.200000e+01 -2.000000e+00
      vertex   -5.596600e+01 5.200000e+01 -1.000000e+00
    endloop
  endfacet
  facet normal 1.305262e-01 9.914449e-01 0.000000e+00
    outer loop
      vertex   -5.596600e+01 5.200000e+01 -1.000000e+00
      vertex   -5.596600e+01 5.200000e+01 -2.000000e+00
      vertex   -5.609541e+01 5.201704e+01 -1.000000e+00
    endloop
  endfacet
  facet normal 1.305262e-01 9.914449e-01 0.000000e+00
    outer loop
      vertex   -5.609541e+01 5.201704e+01 -1.000000e+00
      vertex   -5.596600e+01 5.200000e+01 -2.000000e+00
      vertex   -5.609541e+01 5.201704e+01 -2.000000e+00
    endloop
  endfacet
  facet normal 3.826834e-01 9.238795e-01 0.000000e+00
    outer loop
      vertex   -5.609541e+01 5.201704e+01 -1.000000e+00
      vertex   -5.609541e+01 5.201704e+01 -2.000000e+00
      vertex   -5.621600e+01 5.206699e+01 -1.000000e+00
    endloop
  endfacet
  facet normal 3.826834e-01 9.238795e-01 0.000000e+00
    outer loop
      vertex   -5.621600e+01 5.206699e+01 -1.000000e+00
      vertex   -5.609541e+01 5.201704e+01 -2.000000e+00
      vertex   -5.621600e+01 5.206699e+01 -2.000000e+00
    endloop
  endfacet
  facet normal 6.087614e-01 7.933533e-01 0.000000e+00
    outer loop
      vertex   -5.621600e+01 5.206699e+01 -1.000000e+00
      vertex   -5.621600e+01 5.206699e+01 -2.000000e+00
      vertex   -5.631955e+01 5.214645e+01 -1.000000e+00
    endloop
  endfacet
  facet normal 6.087614e-01 7.933533e-01 0.000000e+00
    outer loop
      vertex   -5.631955e+01 5.214645e+01 -1.000000e+00
      vertex   -5.621600e+01 5.206699e+01 -2.000000e+00
      vertex   -5.631955e+01 5.214645e+01 -2.000000e+00
    endloop
  endfacet
  facet normal 7.933533e-01 6.087614e-01 0.000000e+00
    outer loop
      vertex   -5.631955e+01 5.214645e+01 -1.000000e+00
      vertex   -5.631955e+01 5.214645e+01 -2.000000e+00
      vertex   -5.639901e+01 5.225000e+01 -1.000000e+00
    endloop
  endfacet
  facet normal 7.933533e-01 6.087614e-01 0.000000e+00
    outer loop
      vertex   -5.639901e+01 5.225000e+01 -1.000000e+00
      vertex   -5.631955e+01 5.214645e+01 -2.000000e+00
      vertex   -5.639901e+01 5.225000e+01 -2.000000e+00
    endloop
  endfacet
  facet normal 9.238795e-01 3.826834e-01 0.000000e+00
    outer loop
      vertex   -5.639901e+01 5.225000e+01 -1.000000e+00
      vertex   -5.639901e+01 5.225000e+01 -2.000000e+00
      vertex   -5.644896e+01 5.237059e+01 -1.000000e+00
    endloop
  endfacet
  facet normal 9.238795e-01 3.826834e-01 0.000000e+00
    outer loop
      vertex   -5.644896e+01 5.237059e+01 -1.000000e+00
      vertex   -5.639901e+01 5.225000e+01 -2.000000e+00
      vertex   -5.644896e+01 5.237059e+01 -2.000000e+00
    endloop
  endfacet
  facet normal 9.914449e-01 1.305262e-01 0.000000e+00
    outer loop
      vertex   -5.644896e+01 5.237059e+01 -1.000000e+00
      vertex   -5.644896e+01 5.237059e+01 -2.000000e+00
      vertex   -5.646600e+01 5.250000e+01 -1.000000e+00
    endloop
  endfacet
  facet normal 9.914449e-01 1.305262e-01 0.000000e+00
    outer loop
      vertex   -5.646600e+01 5.250000e+01 -1.000000e+00
      vertex   -5.644896e+01 5.237059e+01 -2.000000e+00
      vertex   -5.646600e+01 5.250000e+01 -2.000000e+00
    endloop
  endfacet
  facet normal 9.914449e-01 -1.305262e-01 0.000000e+00
    outer loop
      vertex   -5.646600e+01 5.250000e+01 -1.000000e+00
      vertex   -5.646600e+01 5.250000e+01 -2.000000e+00
      vertex   -5.644896e+01 5.262941e+01 -1.000000e+00
    endloop
  endfacet
  facet normal 9.914449e-01 -1.305262e-01 0.000000e+00
    outer loop
      vertex   -5.644896e+01 5.262941e+01 -1.000000e+00
      vertex   -5.646600e+01 5.250000e+01 -2.000000e+00
      vertex   -5.644896e+01 5.262941e+01 -2.000000e+00
    endloop
  endfacet
  facet normal 9.238795e-01 -3.826834e-01 0.000000e+00
    outer loop
      vertex   -5.644896e+01 5.262941e+01 -1.000000e+00
      vertex   -5.644896e+01 5.262941e+01 -2.000000e+00
      vertex   -5.639901e+01 5.275000e+01 -1.000000e+00
    endloop
  endfacet
  facet normal 9.238795e-01 -3.826834e-01 0.000000e+00
    outer loop
      vertex   -5.639901e+01 5.275000e+01 -1.000000e+00
      vertex   -5.644896e+01 5.262941e+01 -2.000000e+00
      vertex   -5.639901e+01 5.275000e+01 -2.000000e+00
    endloop
  endfacet
  facet normal 7.933533e-01 -6.087614e-01 0.000000e+00
    outer loop
      vertex   -5.639901e+01 5.275000e+01 -1.000000e+00
      vertex   -5.639901e+01 5.275000e+01 -2.000000e+00
      vertex   -5.631955e+01 5.285355e+01 -1.000000e+00
    endloop
  endfacet
  facet normal 7.933533e-01 -6.087614e-01 0.000000e+00
    outer loop
      vertex   -5.631955e+01 5.285355e+01 -1.000000e+00
      vertex   -5.639901e+01 5.275000e+01 -2.000000e+00
      vertex   -5.631955e+01 5.285355e+01 -2.000000e+00
    endloop
  endfacet
  facet normal 6.087614e-01 -7.933533e-01 0.000000e+00
    outer loop
      vertex   -5.631955e+01 5.285355e+01 -1.000000e+00
      vertex   -5.631955e+01 5.285355e+01 -2.000000e+00
      vertex   -5.621600e+01 5.293301e+01 -1.000000e+00
    endloop
  endfacet
  facet normal 6.087614e-01 -7.933533e-01 0.000000e+00
    outer loop
      vertex   -5.621600e+01 5.293301e+01 -1.000000e+00
      vertex   -5.631955e+01 5.285355e+01 -2.000000e+00
      vertex   -5.621600e+01 5.293301e+01 -2.000000e+00
    endloop
  endfacet
  facet normal 3.826834e-01 -9.238795e-01 0.000000e+00
    outer loop
      vertex   -5.621600e+01 5.293301e+01 -1.000000e+00
      vertex   -5.621600e+01 5.293301e+01 -2.000000e+00
      vertex   -5.609541e+01 5.298296e+01 -1.000000e+00
    endloop
  endfacet
  facet normal 3.826834e-01 -9.238795e-01 0.000000e+00
    outer loop
      vertex   -5.609541e+01 5.298296e+01 -1.000000e+00
      vertex   -5.621600e+01 5.293301e+01 -2.000000e+00
      vertex   -5.609541e+01 5.298296e+01 -2.000000e+00
    endloop
  endfacet
  facet normal 1.305262e-01 -9.914449e-01 0.000000e+00
    outer loop
      vertex   -5.609541e+01 5.298296e+01 -1.000000e+00
      vertex   -5.609541e+01 5.298296e+01 -2.000000e+00
      vertex   -5.596600e+01 5.300000e+01 -1.000000e+00
    endloop
  endfacet
  facet normal 1.305262e-01 -9.914449e-01 0.000000e+00
    outer loop
      vertex   -5.596600e+01 5.300000e+01 -1.000000e+00
      vertex   -5.609541e+01 5.298296e+01 -2.000000e+00
      vertex   -5.596600e+01 5.300000e+01 -2.000000e+00
    endloop
  endfacet
  facet normal 3.318738e-08 -1.000000e+00 0.000000e+00
    outer loop
      vertex   -6.396600e+01 3.800000e+01 -2.000000e+00
      vertex   -3.398300e+01 3.800000e+01 -2.000000e+00
      vertex   -6.396600e+01 3.800000e+01 -1.000000e+00
    endloop
  endfacet
  facet normal 3.318738e-08 -1.000000e+00 0.000000e+00
    outer loop
      vertex   -6.396600e+01 3.800000e+01 -1.000000e+00
      vertex   -3.398300e+01 3.800000e+01 -2.000000e+00
      vertex   -3.398300e+01 3.800000e+01 -1.000000e+00
    endloop
  endfacet
  facet normal -1.305262e-01 -9.914449e-01 -0.000000e+00
    outer loop
      vertex   -3.398300e+01 3.800000e+01 -1.000000e+00
      vertex   -3.398300e+01 3.800000e+01 -2.000000e+00
      vertex   -3.385359e+01 3.798296e+01 -1.000000e+00
    endloop
  endfacet
  facet normal -1.305262e-01 -9.914449e-01 -0.000000e+00
    outer loop
      vertex   -3.385359e+01 3.798296e+01 -1.000000e+00
      vertex   -3.398300e+01 3.800000e+01 -2.000000e+00
      vertex   -3.385359e+01 3.798296e+01 -2.000000e+00
    endloop
  endfacet
  facet normal -3.826834e-01 -9.238795e-01 -0.000000e+00
    outer loop
      vertex   -3.385359e+01 3.798296e+01 -1.000000e+00
      vertex   -3.385359e+01 3.798296e+01 -2.000000e+00
      vertex   -3.373300e+01 3.793301e+01 -1.000000e+00
    endloop
  endfacet
  facet normal -3.826834e-01 -9.238795e-01 -0.000000e+00
    outer loop
      vertex   -3.373300e+01 3.793301e+01 -1.000000e+00
      vertex   -3.385359e+01 3.798296e+01 -2.000000e+00
      vertex   -3.373300e+01 3.793301e+01 -2.000000e+00
    endloop
  endfacet
  facet normal -6.087614e-01 -7.933534e-01 -0.000000e+00
    outer loop
      vertex   -3.373300e+01 3.793301e+01 -1.000000e+00
      vertex   -3.373300e+01 3.793301e+01 -2.000000e+00
      vertex   -3.362945e+01 3.785355e+01 -1.000000e+00
    endloop
  endfacet
  facet normal -6.087614e-01 -7.933534e-01 -0.000000e+00
    outer loop
      vertex   -3.362945e+01 3.785355e+01 -1.000000e+00
      vertex   -3.373300e+01 3.793301e+01 -2.000000e+00
      vertex   -3.362945e+01 3.785355e+01 -2.000000e+00
    endloop
  endfacet
  facet normal -7.933533e-01 -6.087614e-01 -0.000000e+00
    outer loop
      vertex   -3.362945e+01 3.785355e+01 -1.000000e+00
      vertex   -3.362945e+01 3.785355e+01 -2.000000e+00
      vertex   -3.354999e+01 3.775000e+01 -1.000000e+00
    endloop
  endfacet
  facet normal -7.933533e-01 -6.087614e-01 -0.000000e+00
    outer loop
      vertex   -3.354999e+01 3.775000e+01 -1.000000e+00
      vertex   -3.362945e+01 3.785355e+01 -2.000000e+00
      vertex   -3.354999e+01 3.775000e+01 -2.000000e+00
    endloop
  endfacet
  facet normal -9.238795e-01 -3.826834e-01 -0.000000e+00
    outer loop
      vertex   -3.354999e+01 3.775000e+01 -1.000000e+00
      vertex   -3.354999e+01 3.775000e+01 -2.000000e+00
      vertex   -3.350004e+01 3.762941e+01 -1.000000e+00
    endloop
  endfacet
  facet normal -9.238795e-01 -3.826834e-01 -0.000000e+00
    outer loop
      vertex   -3.350004e+01 3.762941e+01 -1.000000e+00
      vertex   -3.354999e+01 3.775000e+01 -2.000000e+00
      vertex   -3.350004e+01 3.762941e+01 -2.000000e+00
    endloop
  endfacet
  facet normal -9.914449e-01 -1.305262e-01 -0.000000e+00
    outer loop
      vertex   -3.350004e+01 3.762941e+01 -1.000000e+00
      vertex   -3.350004e+01 3.762941e+01 -2.000000e+00
      vertex   -3.348300e+01 3.750000e+01 -1.000000e+00
    endloop
  endfacet
  facet normal -9.914449e-01 -1.305262e-01 -0.000000e+00
    outer loop
      vertex   -3.348300e+01 3.750000e+01 -1.000000e+00
      vertex   -3.350004e+01 3.762941e+01 -2.000000e+00
      vertex   -3.348300e+01 3.750000e+01 -2.000000e+00
    endloop
  endfacet
  facet normal -9.914449e-01 1.305262e-01 0.000000e+00
    outer loop
      vertex   -3.348300e+01 3.750000e+01 -1.000000e+00
      vertex   -3.348300e+01 3.750000e+01 -2.000000e+00
      vertex   -3.350004e+01 3.737059e+01 -1.000000e+00
    endloop
  endfacet
  facet normal -9.914449e-01 1.305262e-01 0.000000e+00
    outer loop
      vertex   -3.350004e+01 3.737059e+01 -1.000000e+00
      vertex   -3.348300e+01 3.750000e+01 -2.000000e+00
      vertex   -3.350004e+01 3.737059e+01 -2.000000e+00
    endloop
  endfacet
  facet normal -9.238795e-01 3.826834e-01 0.000000e+00
    outer loop
      vertex   -3.350004e+01 3.737059e+01 -1.000000e+00
      vertex   -3.350004e+01 3.737059e+01 -2.000000e+00
      vertex   -3.354999e+01 3.725000e+01 -1.000000e+00
    endloop
  endfacet
  facet normal -9.238795e-01 3.826834e-01 0.000000e+00
    outer loop
      vertex   -3.354999e+01 3.725000e+01 -1.000000e+00
      vertex   -3.350004e+01 3.737059e+01 -2.000000e+00
      vertex   -3.354999e+01 3.725000e+01 -2.000000e+00
    endloop
  endfacet
  facet normal -7.933533e-01 6.087614e-01 0.000000e+00
    outer loop
      vertex   -3.354999e+01 3.725000e+01 -1.000000e+00
      vertex   -3.354999e+01 3.725000e+01 -2.000000e+00
      vertex   -3.362945e+01 3.714645e+01 -1.000000e+00
    endloop
  endfacet
  facet normal -7.933533e-01 6.087614e-01 0.000000e+00
    outer loop
      vertex   -3.362945e+01 3.714645e+01 -1.000000e+00
      vertex   -3.354999e+01 3.725000e+01 -2.000000e+00
      vertex   -3.362945e+01 3.714645e+01 -2.000000e+00
    endloop
  endfacet
  facet normal -6.087614e-01 7.933534e-01 0.000000e+00
    outer loop
      vertex   -3.362945e+01 3.714645e+01 -1.000000e+00
      vertex   -3.362945e+01 3.714645e+01 -2.000000e+00
      vertex   -3.373300e+01 3.706699e+01 -1.000000e+00
    endloop
  endfacet
  facet normal -6.087614e-01 7.933534e-01 0.000000e+00
    outer loop
      vertex   -3.373300e+01 3.706699e+01 -1.000000e+00
      vertex   -3.362945e+01 3.714645e+01 -2.000000e+00
      vertex   -3.373300e+01 3.706699e+01 -2.000000e+00
    endloop
  endfacet
  facet normal -3.826834e-01 9.238795e-01 0.000000e+00
    outer loop
      vertex   -3.373300e+01 3.706699e+01 -1.000000e+00
      vertex   -3.373300e+01 3.706699e+01 -2.000000e+00
      vertex   -3.385359e+01 3.701704e+01 -1.000000e+00
    endloop
  endfacet
  facet normal -3.826834e-01 9.238795e-01 0.000000e+00
    outer loop
      vertex   -3.385359e+01 3.701704e+01 -1.000000e+00
      vertex   -3.373300e+01 3.706699e+01 -2.000000e+00
      vertex   -3.385359e+01 3.701704e+01 -2.000000e+00
    endloop
  endfacet
  facet normal -1.305262e-01 9.914449e-01 0.000000e+00
    outer loop
      vertex   -3.385359e+01 3.701704e+01 -1.000000e+00
      vertex   -3.385359e+01 3.701704e+01 -2.000000e+00
      vertex   -3.398300e+01 3.700000e+01 -1.000000e+00
    endloop
  endfacet
  facet normal -1.305262e-01 9.914449e-01 0.000000e+00
    outer loop
      vertex   -3.398300e+01 3.700000e+01 -1.000000e+00
      vertex   -3.385359e+01 3.701704e+01 -2.000000e+00
      vertex   -3.398300e+01 3.700000e+01 -2.000000e+00
    endloop
  endfacet
  facet normal 3.543628e-08 1.000000e+00 -0.000000e+00
    outer loop
      vertex   -3.398300e+01 3.700000e+01 -2.000000e+00
      vertex   -6.396600e+01 3.700000e+01 -2.000000e+00
      vertex   -3.398300e+01 3.700000e+01 -1.000000e+00
    endloop
  endfacet
  facet normal 3.543628e-08 1.000000e+00 0.000000e+00
    outer loop
      vertex   -3.398300e+01 3.700000e+01 -1.000000e+00
      vertex   -6.396600e+01 3.700000e+01 -2.000000e+00
      vertex   -6.396600e+01 3.700000e+01 -1.000000e+00
    endloop
  endfacet
  facet normal 1.305262e-01 9.914449e-01 0.000000e+00
    outer loop
      vertex   -6.396600e+01 3.700000e+01 -1.000000e+00
      vertex   -6.396600e+01 3.700000e+01 -2.000000e+00
      vertex   -6.409541e+01 3.701704e+01 -1.000000e+00
    endloop
  endfacet
  facet normal 1.305262e-01 9.914449e-01 0.000000e+00
    outer loop
      vertex   -6.409541e+01 3.701704e+01 -1.000000e+00
      vertex   -6.396600e+01 3.700000e+01 -2.000000e+00
      vertex   -6.409541e+01 3.701704e+01 -2.000000e+00
    endloop
  endfacet
  facet normal 3.826835e-01 9.238795e-01 0.000000e+00
    outer loop
      vertex   -6.409541e+01 3.701704e+01 -1.000000e+00
      vertex   -6.409541e+01 3.701704e+01 -2.000000e+00
      vertex   -6.421600e+01 3.706699e+01 -1.000000e+00
    endloop
  endfacet
  facet normal 3.826835e-01 9.238795e-01 0.000000e+00
    outer loop
      vertex   -6.421600e+01 3.706699e+01 -1.000000e+00
      vertex   -6.409541e+01 3.701704e+01 -2.000000e+00
      vertex   -6.421600e+01 3.706699e+01 -2.000000e+00
    endloop
  endfacet
  facet normal 6.087614e-01 7.933533e-01 0.000000e+00
    outer loop
      vertex   -6.421600e+01 3.706699e+01 -1.000000e+00
      vertex   -6.421600e+01 3.706699e+01 -2.000000e+00
      vertex   -6.431955e+01 3.714645e+01 -1.000000e+00
    endloop
  endfacet
  facet normal 6.087614e-01 7.933533e-01 0.000000e+00
    outer loop
      vertex   -6.431955e+01 3.714645e+01 -1.000000e+00
      vertex   -6.421600e+01 3.706699e+01 -2.000000e+00
      vertex   -6.431955e+01 3.714645e+01 -2.000000e+00
    endloop
  endfacet
  facet normal 7.933534e-01 6.087614e-01 0.000000e+00
    outer loop
      vertex   -6.431955e+01 3.714645e+01 -1.000000e+00
      vertex   -6.431955e+01 3.714645e+01 -2.000000e+00
      vertex   -6.439901e+01 3.725000e+01 -1.000000e+00
    endloop
  endfacet
  facet normal 7.933534e-01 6.087614e-01 0.000000e+00
    outer loop
      vertex   -6.439901e+01 3.725000e+01 -1.000000e+00
      vertex   -6.431955e+01 3.714645e+01 -2.000000e+00
      vertex   -6.439901e+01 3.725000e+01 -2.000000e+00
    endloop
  endfacet
  facet normal 9.238795e-01 3.826834e-01 0.000000e+00
    outer loop
      vertex   -6.439901e+01 3.725000e+01 -1.000000e+00
      vertex   -6.439901e+01 3.725000e+01 -2.000000e+00
      vertex   -6.444896e+01 3.737059e+01 -1.000000e+00
    endloop
  endfacet
  facet normal 9.238795e-01 3.826834e-01 0.000000e+00
    outer loop
      vertex   -6.444896e+01 3.737059e+01 -1.000000e+00
      vertex   -6.439901e+01 3.725000e+01 -2.000000e+00
      vertex   -6.444896e+01 3.737059e+01 -2.000000e+00
    endloop
  endfacet
  facet normal 9.914449e-01 1.305262e-01 0.000000e+00
    outer loop
      vertex   -6.444896e+01 3.737059e+01 -1.000000e+00
      vertex   -6.444896e+01 3.737059e+01 -2.000000e+00
      vertex   -6.446600e+01 3.750000e+01 -1.000000e+00
    endloop
  endfacet
  facet normal 9.914449e-01 1.305262e-01 0.000000e+00
    outer loop
      vertex   -6.446600e+01 3.750000e+01 -1.000000e+00
      vertex   -6.444896e+01 3.737059e+01 -2.000000e+00
      vertex   -6.446600e+01 3.750000e+01 -2.000000e+00
    endloop
  endfacet
  facet normal 9.914449e-01 -1.305262e-01 0.000000e+00
    outer loop
      vertex   -6.446600e+01 3.750000e+01 -1.000000e+00
      vertex   -6.446600e+01 3.750000e+01 -2.000000e+00
      vertex   -6.444896e+01 3.762941e+01 -1.000000e+00
    endloop
  endfacet
  facet normal 9.914449e-01 -1.305262e-01 0.000000e+00
    outer loop
      vertex   -6.444896e+01 3.762941e+01 -1.000000e+00
      vertex   -6.446600e+01 3.750000e+01 -2.000000e+00
      vertex   -6.444896e+01 3.762941e+01 -2.000000e+00
    endloop
  endfacet
  facet normal 9.238795e-01 -3.826834e-01 0.000000e+00
    outer loop
      vertex   -6.444896e+01 3.762941e+01 -1.000000e+00
      vertex   -6.444896e+01 3.762941e+01 -2.000000e+00
      vertex   -6.439901e+01 3.775000e+01 -1.000000e+00
    endloop
  endfacet
  facet normal 9.238795e-01 -3.826834e-01 0.000000e+00
    outer loop
      vertex   -6.439901e+01 3.775000e+01 -1.000000e+00
      vertex   -6.444896e+01 3.762941e+01 -2.000000e+00
      vertex   -6.439901e+01 3.775000e+01 -2.000000e+00
    endloop
  endfacet
  facet normal 7.933533e-01 -6.087614e-01 0.000000e+00
    outer loop
      vertex   -6.439901e+01 3.775000e+01 -1.000000e+00
      vertex   -6.439901e+01 3.775000e+01 -2.000000e+00
      vertex   -6.431955e+01 3.785355e+01 -1.000000e+00
    endloop
  endfacet
  facet normal 7.933533e-01 -6.087614e-01 0.000000e+00
    outer loop
      vertex   -6.431955e+01 3.785355e+01 -1.000000e+00
      vertex   -6.439901e+01 3.775000e+01 -2.000000e+00
      vertex   -6.431955e+01 3.785355e+01 -2.000000e+00
    endloop
  endfacet
  facet normal 6.087614e-01 -7.933533e-01 0.000000e+00
    outer loop
      vertex   -6.431955e+01 3.785355e+01 -1.000000e+00
      vertex   -6.431955e+01 3.785355e+01 -2.000000e+00
      vertex   -6.421600e+01 3.793301e+01 -1.000000e+00
    endloop
  endfacet
  facet normal 6.087614e-01 -7.933533e-01 0.000000e+00
    outer loop
      vertex   -6.421600e+01 3.793301e+01 -1.000000e+00
      vertex   -6.431955e+01 3.785355e+01 -2.000000e+00
      vertex   -6.421600e+01 3.793301e+01 -2.000000e+00
    endloop
  endfacet
  facet normal 3.826835e-01 -9.238795e-01 0.000000e+00
    outer loop
      vertex   -6.421600e+01 3.793301e+01 -1.000000e+00
      vertex   -6.421600e+01 3.793301e+01 -2.000000e+00
      vertex   -6.409541e+01 3.798296e+01 -1.000000e+00
    endloop
  endfacet
  facet normal 3.826835e-01 -9.238795e-01 0.000000e+00
    outer loop
      vertex   -6.409541e+01 3.798296e+01 -1.000000e+00
      vertex   -6.421600e+01 3.793301e+01 -2.000000e+00
      vertex   -6.409541e+01 3.798296e+01 -2.000000e+00
    endloop
  endfacet
  facet normal 1.305262e-01 -9.914449e-01 0.000000e+00
    outer loop
      vertex   -6.409541e+01 3.798296e+01 -1.000000e+00
      vertex   -6.409541e+01 3.798296e+01 -2.000000e+00
      vertex   -6.396600e+01 3.800000e+01 -1.000000e+00
    endloop
  endfacet
  facet normal 1.305262e-01 -9.914449e-01 0.000000e+00
    outer loop
      vertex   -6.396600e+01 3.800000e+01 -1.000000e+00
      vertex   -6.409541e+01 3.798296e+01 -2.000000e+00
      vertex   -6.396600e+01 3.800000e+01 -2.000000e+00
    endloop
  endfacet
  facet normal 3.318738e-08 -1.000000e+00 0.000000e+00
    outer loop
      vertex   -6.396600e+01 4.400000e+01 -2.000000e+00
      vertex   -3.398300e+01 4.400000e+01 -2.000000e+00
      vertex   -6.396600e+01 4.400000e+01 -1.000000e+00
    endloop
  endfacet
  facet normal 3.318738e-08 -1.000000e+00 0.000000e+00
    outer loop
      vertex   -6.396600e+01 4.400000e+01 -1.000000e+00
      vertex   -3.398300e+01 4.400000e+01 -2.000000e+00
      vertex   -3.398300e+01 4.400000e+01 -1.000000e+00
    endloop
  endfacet
  facet normal -1.305262e-01 -9.914449e-01 -0.000000e+00
    outer loop
      vertex   -3.398300e+01 4.400000e+01 -1.000000e+00
      vertex   -3.398300e+01 4.400000e+01 -2.000000e+00
      vertex   -3.385359e+01 4.398296e+01 -1.000000e+00
    endloop
  endfacet
  facet normal -1.305262e-01 -9.914449e-01 -0.000000e+00
    outer loop
      vertex   -3.385359e+01 4.398296e+01 -1.000000e+00
      vertex   -3.398300e+01 4.400000e+01 -2.000000e+00
      vertex   -3.385359e+01 4.398296e+01 -2.000000e+00
    endloop
  endfacet
  facet normal -3.826834e-01 -9.238795e-01 -0.000000e+00
    outer loop
      vertex   -3.385359e+01 4.398296e+01 -1.000000e+00
      vertex   -3.385359e+01 4.398296e+01 -2.000000e+00
      vertex   -3.373300e+01 4.393301e+01 -1.000000e+00
    endloop
  endfacet
  facet normal -3.826834e-01 -9.238795e-01 -0.000000e+00
    outer loop
      vertex   -3.373300e+01 4.393301e+01 -1.000000e+00
      vertex   -3.385359e+01 4.398296e+01 -2.000000e+00
      vertex   -3.373300e+01 4.393301e+01 -2.000000e+00
    endloop
  endfacet
  facet normal -6.087614e-01 -7.933534e-01 -0.000000e+00
    outer loop
      vertex   -3.373300e+01 4.393301e+01 -1.000000e+00
      vertex   -3.373300e+01 4.393301e+01 -2.000000e+00
      vertex   -3.362945e+01 4.385355e+01 -1.000000e+00
    endloop
  endfacet
  facet normal -6.087614e-01 -7.933534e-01 -0.000000e+00
    outer loop
      vertex   -3.362945e+01 4.385355e+01 -1.000000e+00
      vertex   -3.373300e+01 4.393301e+01 -2.000000e+00
      vertex   -3.362945e+01 4.385355e+01 -2.000000e+00
    endloop
  endfacet
  facet normal -7.933533e-01 -6.087614e-01 -0.000000e+00
    outer loop
      vertex   -3.362945e+01 4.385355e+01 -1.000000e+00
      vertex   -3.362945e+01 4.385355e+01 -2.000000e+00
      vertex   -3.354999e+01 4.375000e+01 -1.000000e+00
    endloop
  endfacet
  facet normal -7.933533e-01 -6.087614e-01 -0.000000e+00
    outer loop
      vertex   -3.354999e+01 4.375000e+01 -1.000000e+00
      vertex   -3.362945e+01 4.385355e+01 -2.000000e+00
      vertex   -3.354999e+01 4.375000e+01 -2.000000e+00
    endloop
  endfacet
  facet normal -9.238795e-01 -3.826834e-01 -0.000000e+00
    outer loop
      vertex   -3.354999e+01 4.375000e+01 -1.000000e+00
      vertex   -3.354999e+01 4.375000e+01 -2.000000e+00
      vertex   -3.350004e+01 4.362941e+01 -1.000000e+00
    endloop
  endfacet
  facet normal -9.238795e-01 -3.826834e-01 -0.000000e+00
    outer loop
      vertex   -3.350004e+01 4.362941e+01 -1.000000e+00
      vertex   -3.354999e+01 4.375000e+01 -2.000000e+00
      vertex   -3.350004e+01 4.362941e+01 -2.000000e+00
    endloop
  endfacet
  facet normal -9.914449e-01 -1.305262e-01 -0.000000e+00
    outer loop
      vertex   -3.350004e+01 4.362941e+01 -1.000000e+00
      vertex   -3.350004e+01 4.362941e+01 -2.000000e+00
      vertex   -3.348300e+01 4.350000e+01 -1.000000e+00
    endloop
  endfacet
  facet normal -9.914449e-01 -1.305262e-01 -0.000000e+00
    outer loop
      vertex   -3.348300e+01 4.350000e+01 -1.000000e+00
      vertex   -3.350004e+01 4.362941e+01 -2.000000e+00
      vertex   -3.348300e+01 4.350000e+01 -2.000000e+00
    endloop
  endfacet
  facet normal -9.914449e-01 1.305262e-01 0.000000e+00
    outer loop
      vertex   -3.348300e+01 4.350000e+01 -1.000000e+00
      vertex   -3.348300e+01 4.350000e+01 -2.000000e+00
      vertex   -3.350004e+01 4.337059e+01 -1.000000e+00
    endloop
  endfacet
  facet normal -9.914449e-01 1.305262e-01 0.000000e+00
    outer loop
      vertex   -3.350004e+01 4.337059e+01 -1.000000e+00
      vertex   -3.348300e+01 4.350000e+01 -2.000000e+00
      vertex   -3.350004e+01 4.337059e+01 -2.000000e+00
    endloop
  endfacet
  facet normal -9.238795e-01 3.826834e-01 0.000000e+00
    outer loop
      vertex   -3.350004e+01 4.337059e+01 -1.000000e+00
      vertex   -3.350004e+01 4.337059e+01 -2.000000e+00
      vertex   -3.354999e+01 4.325000e+01 -1.000000e+00
    endloop
  endfacet
  facet normal -9.238795e-01 3.826834e-01 0.000000e+00
    outer loop
      vertex   -3.354999e+01 4.325000e+01 -1.000000e+00
      vertex   -3.350004e+01 4.337059e+01 -2.000000e+00
      vertex   -3.354999e+01 4.325000e+01 -2.000000e+00
    endloop
  endfacet
  facet normal -7.933533e-01 6.087614e-01 0.000000e+00
    outer loop
      vertex   -3.354999e+01 4.325000e+01 -1.000000e+00
      vertex   -3.354999e+01 4.325000e+01 -2.000000e+00
      vertex   -3.362945e+01 4.314645e+01 -1.000000e+00
    endloop
  endfacet
  facet normal -7.933533e-01 6.087614e-01 0.000000e+00
    outer loop
      vertex   -3.362945e+01 4.314645e+01 -1.000000e+00
      vertex   -3.354999e+01 4.325000e+01 -2.000000e+00
      vertex   -3.362945e+01 4.314645e+01 -2.000000e+00
    endloop
  endfacet
  facet normal -6.087614e-01 7.933534e-01 0.000000e+00
    outer loop
      vertex   -3.362945e+01 4.314645e+01 -1.000000e+00
      vertex   -3.362945e+01 4.314645e+01 -2.000000e+00
      vertex   -3.373300e+01 4.306699e+01 -1.000000e+00
    endloop
  endfacet
  facet normal -6.087614e-01 7.933534e-01 0.000000e+00
    outer loop
      vertex   -3.373300e+01 4.306699e+01 -1.000000e+00
      vertex   -3.362945e+01 4.314645e+01 -2.000000e+00
      vertex   -3.373300e+01 4.306699e+01 -2.000000e+00
    endloop
  endfacet
  facet normal -3.826834e-01 9.238795e-01 0.000000e+00
    outer loop
      vertex   -3.373300e+01 4.306699e+01 -1.000000e+00
      vertex   -3.373300e+01 4.306699e+01 -2.000000e+00
      vertex   -3.385359e+01 4.301704e+01 -1.000000e+00
    endloop
  endfacet
  facet normal -3.826834e-01 9.238795e-01 0.000000e+00
    outer loop
      vertex   -3.385359e+01 4.301704e+01 -1.000000e+00
      vertex   -3.373300e+01 4.306699e+01 -2.000000e+00
      vertex   -3.385359e+01 4.301704e+01 -2.000000e+00
    endloop
  endfacet
  facet normal -1.305262e-01 9.914449e-01 0.000000e+00
    outer loop
      vertex   -3.385359e+01 4.301704e+01 -1.000000e+00
      vertex   -3.385359e+01 4.301704e+01 -2.000000e+00
      vertex   -3.398300e+01 4.300000e+01 -1.000000e+00
    endloop
  endfacet
  facet normal -1.305262e-01 9.914449e-01 0.000000e+00
    outer loop
      vertex   -3.398300e+01 4.300000e+01 -1.000000e+00
      vertex   -3.385359e+01 4.301704e+01 -2.000000e+00
      vertex   -3.398300e+01 4.300000e+01 -2.000000e+00
    endloop
  endfacet
  facet normal 3.543628e-08 1.000000e+00 -0.000000e+00
    outer loop
      vertex   -3.398300e+01 4.300000e+01 -2.000000e+00
      vertex   -6.396600e+01 4.300000e+01 -2.000000e+00
      vertex   -3.398300e+01 4.300000e+01 -1.000000e+00
    endloop
  endfacet
  facet normal 3.543628e-08 1.000000e+00 0.000000e+00
    outer loop
      vertex   -3.398300e+01 4.300000e+01 -1.000000e+00
      vertex   -6.396600e+01 4.300000e+01 -2.000000e+00
      vertex   -6.396600e+01 4.300000e+01 -1.000000e+00
    endloop
  endfacet
  facet normal 1.305262e-01 9.914449e-01 0.000000e+00
    outer loop
      vertex   -6.396600e+01 4.300000e+01 -1.000000e+00
      vertex   -6.396600e+01 4.300000e+01 -2.000000e+00
      vertex   -6.409541e+01 4.301704e+01 -1.000000e+00
    endloop
  endfacet
  facet normal 1.305262e-01 9.914449e-01 0.000000e+00
    outer loop
      vertex   -6.409541e+01 4.301704e+01 -1.000000e+00
      vertex   -6.396600e+01 4.300000e+01 -2.000000e+00
      vertex   -6.409541e+01 4.301704e+01 -2.000000e+00
    endloop
  endfacet
  facet normal 3.826835e-01 9.238795e-01 0.000000e+00
    outer loop
      vertex   -6.409541e+01 4.301704e+01 -1.000000e+00
      vertex   -6.409541e+01 4.301704e+01 -2.000000e+00
      vertex   -6.421600e+01 4.306699e+01 -1.000000e+00
    endloop
  endfacet
  facet normal 3.826835e-01 9.238795e-01 0.000000e+00
    outer loop
      vertex   -6.421600e+01 4.306699e+01 -1.000000e+00
      vertex   -6.409541e+01 4.301704e+01 -2.000000e+00
      vertex   -6.421600e+01 4.306699e+01 -2.000000e+00
    endloop
  endfacet
  facet normal 6.087614e-01 7.933533e-01 0.000000e+00
    outer loop
      vertex   -6.421600e+01 4.306699e+01 -1.000000e+00
      vertex   -6.421600e+01 4.306699e+01 -2.000000e+00
      vertex   -6.431955e+01 4.314645e+01 -1.000000e+00
    endloop
  endfacet
  facet normal 6.087614e-01 7.933533e-01 0.000000e+00
    outer loop
      vertex   -6.431955e+01 4.314645e+01 -1.000000e+00
      vertex   -6.421600e+01 4.306699e+01 -2.000000e+00
      vertex   -6.431955e+01 4.314645e+01 -2.000000e+00
    endloop
  endfacet
  facet normal 7.933534e-01 6.087614e-01 0.000000e+00
    outer loop
      vertex   -6.431955e+01 4.314645e+01 -1.000000e+00
      vertex   -6.431955e+01 4.314645e+01 -2.000000e+00
      vertex   -6.439901e+01 4.325000e+01 -1.000000e+00
    endloop
  endfacet
  facet normal 7.933534e-01 6.087614e-01 0.000000e+00
    outer loop
      vertex   -6.439901e+01 4.325000e+01 -1.000000e+00
      vertex   -6.431955e+01 4.314645e+01 -2.000000e+00
      vertex   -6.439901e+01 4.325000e+01 -2.000000e+00
    endloop
  endfacet
  facet normal 9.238795e-01 3.826834e-01 0.000000e+00
    outer loop
      vertex   -6.439901e+01 4.325000e+01 -1.000000e+00
      vertex   -6.439901e+01 4.325000e+01 -2.000000e+00
      vertex   -6.444896e+01 4.337059e+01 -1.000000e+00
    endloop
  endfacet
  facet normal 9.238795e-01 3.826834e-01 0.000000e+00
    outer loop
      vertex   -6.444896e+01 4.337059e+01 -1.000000e+00
      vertex   -6.439901e+01 4.325000e+01 -2.000000e+00
      vertex   -6.444896e+01 4.337059e+01 -2.000000e+00
    endloop
  endfacet
  facet normal 9.914449e-01 1.305262e-01 0.000000e+00
    outer loop
      vertex   -6.444896e+01 4.337059e+01 -1.000000e+00
      vertex   -6.444896e+01 4.337059e+01 -2.000000e+00
      vertex   -6.446600e+01 4.350000e+01 -1.000000e+00
    endloop
  endfacet
  facet normal 9.914449e-01 1.305262e-01 0.000000e+00
    outer loop
      vertex   -6.446600e+01 4.350000e+01 -1.000000e+00
      vertex   -6.444896e+01 4.337059e+01 -2.000000e+00
      vertex   -6.446600e+01 4.350000e+01 -2.000000e+00
    endloop
  endfacet
  facet normal 9.914449e-01 -1.305262e-01 0.000000e+00
    outer loop
      vertex   -6.446600e+01 4.350000e+01 -1.000000e+00
      vertex   -6.446600e+01 4.350000e+01 -2.000000e+00
      vertex   -6.444896e+01 4.362941e+01 -1.000000e+00
    endloop
  endfacet
  facet normal 9.914449e-01 -1.305262e-01 0.000000e+00
    outer loop
      vertex   -6.444896e+01 4.362941e+01 -1.000000e+00
      vertex   -6.446600e+01 4.350000e+01 -2.000000e+00
      vertex   -6.444896e+01 4.362941e+01 -2.000000e+00
    endloop
  endfacet
  facet normal 9.238795e-01 -3.826834e-01 0.000000e+00
    outer loop
      vertex   -6.444896e+01 4.362941e+01 -1.000000e+00
      vertex   -6.444896e+01 4.362941e+01 -2.000000e+00
      vertex   -6.439901e+01 4.375000e+01 -1.000000e+00
    endloop
  endfacet
  facet normal 9.238795e-01 -3.826834e-01 0.000000e+00
    outer loop
      vertex   -6.439901e+01 4.375000e+01 -1.000000e+00
      vertex   -6.444896e+01 4.362941e+01 -2.000000e+00
      vertex   -6.439901e+01 4.375000e+01 -2.000000e+00
    endloop
  endfacet
  facet normal 7.933533e-01 -6.087614e-01 0.000000e+00
    outer loop
      vertex   -6.439901e+01 4.375000e+01 -1.000000e+00
      vertex   -6.439901e+01 4.375000e+01 -2.000000e+00
      vertex   -6.431955e+01 4.385355e+01 -1.000000e+00
    endloop
  endfacet
  facet normal 7.933533e-01 -6.087614e-01 0.000000e+00
    outer loop
      vertex   -6.431955e+01 4.385355e+01 -1.000000e+00
      vertex   -6.439901e+01 4.375000e+01 -2.000000e+00
      vertex   -6.431955e+01 4.385355e+01 -2.000000e+00
    endloop
  endfacet
  facet normal 6.087614e-01 -7.933533e-01 0.000000e+00
    outer loop
      vertex   -6.431955e+01 4.385355e+01 -1.000000e+00
      vertex   -6.431955e+01 4.385355e+01 -2.000000e+00
      vertex   -6.421600e+01 4.393301e+01 -1.000000e+00
    endloop
  endfacet
  facet normal 6.087614e-01 -7.933533e-01 0.000000e+00
    outer loop
      vertex   -6.421600e+01 4.393301e+01 -1.000000e+00
      vertex   -6.431955e+01 4.385355e+01 -2.000000e+00
      vertex   -6.421600e+01 4.393301e+01 -2.000000e+00
    endloop
  endfacet
  facet normal 3.826835e-01 -9.238795e-01 0.000000e+00
    outer loop
      vertex   -6.421600e+01 4.393301e+01 -1.000000e+00
      vertex   -6.421600e+01 4.393301e+01 -2.000000e+00
      vertex   -6.409541e+01 4.398296e+01 -1.000000e+00
    endloop
  endfacet
  facet normal 3.826835e-01 -9.238795e-01 0.000000e+00
    outer loop
      vertex   -6.409541e+01 4.398296e+01 -1.000000e+00
      vertex   -6.421600e+01 4.393301e+01 -2.000000e+00
      vertex   -6.409541e+01 4.398296e+01 -2.000000e+00
    endloop
  endfacet
  facet normal 1.305262e-01 -9.914449e-01 0.000000e+00
    outer loop
      vertex   -6.409541e+01 4.398296e+01 -1.000000e+00
      vertex   -6.409541e+01 4.398296e+01 -2.000000e+00
      vertex   -6.396600e+01 4.400000e+01 -1.000000e+00
    endloop
  endfacet
  facet normal 1.305262e-01 -9.914449e-01 0.000000e+00
    outer loop
      vertex   -6.396600e+01 4.400000e+01 -1.000000e+00
      vertex   -6.409541e+01 4.398296e+01 -2.000000e+00
      vertex   -6.396600e+01 4.400000e+01 -2.000000e+00
    endloop
  endfacet
  facet normal -1.305262e-01 -9.914449e-01 -0.000000e+00
    outer loop
      vertex   -3.398300e+01 5.000000e+01 -1.000000e+00
      vertex   -3.398300e+01 5.000000e+01 -2.000000e+00
      vertex   -3.385359e+01 4.998296e+01 -1.000000e+00
    endloop
  endfacet
  facet normal -1.305262e-01 -9.914449e-01 -0.000000e+00
    outer loop
      vertex   -3.385359e+01 4.998296e+01 -1.000000e+00
      vertex   -3.398300e+01 5.000000e+01 -2.000000e+00
      vertex   -3.385359e+01 4.998296e+01 -2.000000e+00
    endloop
  endfacet
  facet normal -3.826834e-01 -9.238795e-01 -0.000000e+00
    outer loop
      vertex   -3.385359e+01 4.998296e+01 -1.000000e+00
      vertex   -3.385359e+01 4.998296e+01 -2.000000e+00
      vertex   -3.373300e+01 4.993301e+01 -1.000000e+00
    endloop
  endfacet
  facet normal -3.826834e-01 -9.238795e-01 -0.000000e+00
    outer loop
      vertex   -3.373300e+01 4.993301e+01 -1.000000e+00
      vertex   -3.385359e+01 4.998296e+01 -2.000000e+00
      vertex   -3.373300e+01 4.993301e+01 -2.000000e+00
    endloop
  endfacet
  facet normal -6.087614e-01 -7.933534e-01 -0.000000e+00
    outer loop
      vertex   -3.373300e+01 4.993301e+01 -1.000000e+00
      vertex   -3.373300e+01 4.993301e+01 -2.000000e+00
      vertex   -3.362945e+01 4.985355e+01 -1.000000e+00
    endloop
  endfacet
  facet normal -6.087614e-01 -7.933534e-01 -0.000000e+00
    outer loop
      vertex   -3.362945e+01 4.985355e+01 -1.000000e+00
      vertex   -3.373300e+01 4.993301e+01 -2.000000e+00
      vertex   -3.362945e+01 4.985355e+01 -2.000000e+00
    endloop
  endfacet
  facet normal -7.933533e-01 -6.087614e-01 -0.000000e+00
    outer loop
      vertex   -3.362945e+01 4.985355e+01 -1.000000e+00
      vertex   -3.362945e+01 4.985355e+01 -2.000000e+00
      vertex   -3.354999e+01 4.975000e+01 -1.000000e+00
    endloop
  endfacet
  facet normal -7.933533e-01 -6.087614e-01 -0.000000e+00
    outer loop
      vertex   -3.354999e+01 4.975000e+01 -1.000000e+00
      vertex   -3.362945e+01 4.985355e+01 -2.000000e+00
      vertex   -3.354999e+01 4.975000e+01 -2.000000e+00
    endloop
  endfacet
  facet normal -9.238795e-01 -3.826834e-01 -0.000000e+00
    outer loop
      vertex   -3.354999e+01 4.975000e+01 -1.000000e+00
      vertex   -3.354999e+01 4.975000e+01 -2.000000e+00
      vertex   -3.350004e+01 4.962941e+01 -1.000000e+00
    endloop
  endfacet
  facet normal -9.238795e-01 -3.826834e-01 -0.000000e+00
    outer loop
      vertex   -3.350004e+01 4.962941e+01 -1.000000e+00
      vertex   -3.354999e+01 4.975000e+01 -2.000000e+00
      vertex   -3.350004e+01 4.962941e+01 -2.000000e+00
    endloop
  endfacet
  facet normal -9.914449e-01 -1.305262e-01 -0.000000e+00
    outer loop
      vertex   -3.350004e+01 4.962941e+01 -1.000000e+00
      vertex   -3.350004e+01 4.962941e+01 -2.000000e+00
      vertex   -3.348300e+01 4.950000e+01 -1.000000e+00
    endloop
  endfacet
  facet normal -9.914449e-01 -1.305262e-01 -0.000000e+00
    outer loop
      vertex   -3.348300e+01 4.950000e+01 -1.000000e+00
      vertex   -3.350004e+01 4.962941e+01 -2.000000e+00
      vertex   -3.348300e+01 4.950000e+01 -2.000000e+00
    endloop
  endfacet
  facet normal -9.914449e-01 1.305262e-01 0.000000e+00
    outer loop
      vertex   -3.348300e+01 4.950000e+01 -1.000000e+00
      vertex   -3.348300e+01 4.950000e+01 -2.000000e+00
      vertex   -3.350004e+01 4.937059e+01 -1.000000e+00
    endloop
  endfacet
  facet normal -9.914449e-01 1.305262e-01 0.000000e+00
    outer loop
      vertex   -3.350004e+01 4.937059e+01 -1.000000e+00
      vertex   -3.348300e+01 4.950000e+01 -2.000000e+00
      vertex   -3.350004e+01 4.937059e+01 -2.000000e+00
    endloop
  endfacet
  facet normal -9.238795e-01 3.826834e-01 0.000000e+00
    outer loop
      vertex   -3.350004e+01 4.937059e+01 -1.000000e+00
      vertex   -3.350004e+01 4.937059e+01 -2.000000e+00
      vertex   -3.354999e+01 4.925000e+01 -1.000000e+00
    endloop
  endfacet
  facet normal -9.238795e-01 3.826834e-01 -2.719129e-15
    outer loop
      vertex   -3.354999e+01 4.925000e+01 -1.000000e+00
      vertex   -3.350004e+01 4.937059e+01 -2.000000e+00
      vertex   -3.354999e+01 4.925000e+01 -2.000000e+00
    endloop
  endfacet
  facet normal -7.933533e-01 6.087614e-01 -4.325510e-15
    outer loop
      vertex   -3.354999e+01 4.925000e+01 -1.000000e+00
      vertex   -3.354999e+01 4.925000e+01 -2.000000e+00
      vertex   -3.362945e+01 4.914645e+01 -1.000000e+00
    endloop
  endfacet
  facet normal -7.933533e-01 6.087614e-01 0.000000e+00
    outer loop
      vertex   -3.362945e+01 4.914645e+01 -1.000000e+00
      vertex   -3.354999e+01 4.925000e+01 -2.000000e+00
      vertex   -3.362945e+01 4.914645e+01 -2.000000e+00
    endloop
  endfacet
  facet normal -6.087614e-01 7.933534e-01 0.000000e+00
    outer loop
      vertex   -3.362945e+01 4.914645e+01 -1.000000e+00
      vertex   -3.362945e+01 4.914645e+01 -2.000000e+00
      vertex   -3.373300e+01 4.906699e+01 -1.000000e+00
    endloop
  endfacet
  facet normal -6.087614e-01 7.933534e-01 0.000000e+00
    outer loop
      vertex   -3.373300e+01 4.906699e+01 -1.000000e+00
      vertex   -3.362945e+01 4.914645e+01 -2.000000e+00
      vertex   -3.373300e+01 4.906699e+01 -2.000000e+00
    endloop
  endfacet
  facet normal -3.826834e-01 9.238795e-01 0.000000e+00
    outer loop
      vertex   -3.373300e+01 4.906699e+01 -1.000000e+00
      vertex   -3.373300e+01 4.906699e+01 -2.000000e+00
      vertex   -3.385359e+01 4.901704e+01 -1.000000e+00
    endloop
  endfacet
  facet normal -3.826834e-01 9.238795e-01 0.000000e+00
    outer loop
      vertex   -3.385359e+01 4.901704e+01 -1.000000e+00
      vertex   -3.373300e+01 4.906699e+01 -2.000000e+00
      vertex   -3.385359e+01 4.901704e+01 -2.000000e+00
    endloop
  endfacet
  facet normal -1.305262e-01 9.914449e-01 0.000000e+00
    outer loop
      vertex   -3.385359e+01 4.901704e+01 -1.000000e+00
      vertex   -3.385359e+01 4.901704e+01 -2.000000e+00
      vertex   -3.398300e+01 4.900000e+01 -1.000000e+00
    endloop
  endfacet
  facet normal -1.305262e-01 9.914449e-01 0.000000e+00
    outer loop
      vertex   -3.398300e+01 4.900000e+01 -1.000000e+00
      vertex   -3.385359e+01 4.901704e+01 -2.000000e+00
      vertex   -3.398300e+01 4.900000e+01 -2.000000e+00
    endloop
  endfacet
  facet normal 3.543628e-08 1.000000e+00 -0.000000e+00
    outer loop
      vertex   -3.398300e+01 4.900000e+01 -2.000000e+00
      vertex   -6.396600e+01 4.900000e+01 -2.000000e+00
      vertex   -3.398300e+01 4.900000e+01 -1.000000e+00
    endloop
  endfacet
  facet normal 3.543628e-08 1.000000e+00 0.000000e+00
    outer loop
      vertex   -3.398300e+01 4.900000e+01 -1.000000e+00
      vertex   -6.396600e+01 4.900000e+01 -2.000000e+00
      vertex   -6.396600e+01 4.900000e+01 -1.000000e+00
    endloop
  endfacet
  facet normal 1.305262e-01 9.914449e-01 0.000000e+00
    outer loop
      vertex   -6.396600e+01 4.900000e+01 -1.000000e+00
      vertex   -6.396600e+01 4.900000e+01 -2.000000e+00
      vertex   -6.409541e+01 4.901704e+01 -1.000000e+00
    endloop
  endfacet
  facet normal 1.305262e-01 9.914449e-01 0.000000e+00
    outer loop
      vertex   -6.409541e+01 4.901704e+01 -1.000000e+00
      vertex   -6.396600e+01 4.900000e+01 -2.000000e+00
      vertex   -6.409541e+01 4.901704e+01 -2.000000e+00
    endloop
  endfacet
  facet normal 3.826835e-01 9.238795e-01 0.000000e+00
    outer loop
      vertex   -6.409541e+01 4.901704e+01 -1.000000e+00
      vertex   -6.409541e+01 4.901704e+01 -2.000000e+00
      vertex   -6.421600e+01 4.906699e+01 -1.000000e+00
    endloop
  endfacet
  facet normal 3.826835e-01 9.238795e-01 0.000000e+00
    outer loop
      vertex   -6.421600e+01 4.906699e+01 -1.000000e+00
      vertex   -6.409541e+01 4.901704e+01 -2.000000e+00
      vertex   -6.421600e+01 4.906699e+01 -2.000000e+00
    endloop
  endfacet
  facet normal 6.087614e-01 7.933533e-01 0.000000e+00
    outer loop
      vertex   -6.421600e+01 4.906699e+01 -1.000000e+00
      vertex   -6.421600e+01 4.906699e+01 -2.000000e+00
      vertex   -6.431955e+01 4.914645e+01 -1.000000e+00
    endloop
  endfacet
  facet normal 6.087614e-01 7.933533e-01 5.637114e-15
    outer loop
      vertex   -6.431955e+01 4.914645e+01 -1.000000e+00
      vertex   -6.421600e+01 4.906699e+01 -2.000000e+00
      vertex   -6.431955e+01 4.914645e+01 -2.000000e+00
    endloop
  endfacet
  facet normal 7.933533e-01 6.087614e-01 4.325510e-15
    outer loop
      vertex   -6.431955e+01 4.914645e+01 -1.000000e+00
      vertex   -6.431955e+01 4.914645e+01 -2.000000e+00
      vertex   -6.439901e+01 4.925000e+01 -1.000000e+00
    endloop
  endfacet
  facet normal 7.933533e-01 6.087614e-01 0.000000e+00
    outer loop
      vertex   -6.439901e+01 4.925000e+01 -1.000000e+00
      vertex   -6.431955e+01 4.914645e+01 -2.000000e+00
      vertex   -6.439901e+01 4.925000e+01 -2.000000e+00
    endloop
  endfacet
  facet normal 9.238795e-01 3.826834e-01 0.000000e+00
    outer loop
      vertex   -6.439901e+01 4.925000e+01 -1.000000e+00
      vertex   -6.439901e+01 4.925000e+01 -2.000000e+00
      vertex   -6.444896e+01 4.937059e+01 -1.000000e+00
    endloop
  endfacet
  facet normal 9.238795e-01 3.826834e-01 0.000000e+00
    outer loop
      vertex   -6.444896e+01 4.937059e+01 -1.000000e+00
      vertex   -6.439901e+01 4.925000e+01 -2.000000e+00
      vertex   -6.444896e+01 4.937059e+01 -2.000000e+00
    endloop
  endfacet
  facet normal 9.914449e-01 1.305262e-01 0.000000e+00
    outer loop
      vertex   -6.444896e+01 4.937059e+01 -1.000000e+00
      vertex   -6.444896e+01 4.937059e+01 -2.000000e+00
      vertex   -6.446600e+01 4.950000e+01 -1.000000e+00
    endloop
  endfacet
  facet normal 9.914449e-01 1.305262e-01 0.000000e+00
    outer loop
      vertex   -6.446600e+01 4.950000e+01 -1.000000e+00
      vertex   -6.444896e+01 4.937059e+01 -2.000000e+00
      vertex   -6.446600e+01 4.950000e+01 -2.000000e+00
    endloop
  endfacet
  facet normal 9.914449e-01 -1.305262e-01 0.000000e+00
    outer loop
      vertex   -6.446600e+01 4.950000e+01 -1.000000e+00
      vertex   -6.446600e+01 4.950000e+01 -2.000000e+00
      vertex   -6.444896e+01 4.962941e+01 -1.000000e+00
    endloop
  endfacet
  facet normal 9.914449e-01 -1.305262e-01 0.000000e+00
    outer loop
      vertex   -6.444896e+01 4.962941e+01 -1.000000e+00
      vertex   -6.446600e+01 4.950000e+01 -2.000000e+00
      vertex   -6.444896e+01 4.962941e+01 -2.000000e+00
    endloop
  endfacet
  facet normal 9.238795e-01 -3.826834e-01 0.000000e+00
    outer loop
      vertex   -6.444896e+01 4.962941e+01 -1.000000e+00
      vertex   -6.444896e+01 4.962941e+01 -2.000000e+00
      vertex   -6.439901e+01 4.975000e+01 -1.000000e+00
    endloop
  endfacet
  facet normal 9.238795e-01 -3.826834e-01 0.000000e+00
    outer loop
      vertex   -6.439901e+01 4.975000e+01 -1.000000e+00
      vertex   -6.444896e+01 4.962941e+01 -2.000000e+00
      vertex   -6.439901e+01 4.975000e+01 -2.000000e+00
    endloop
  endfacet
  facet normal 7.933533e-01 -6.087614e-01 0.000000e+00
    outer loop
      vertex   -6.439901e+01 4.975000e+01 -1.000000e+00
      vertex   -6.439901e+01 4.975000e+01 -2.000000e+00
      vertex   -6.431955e+01 4.985355e+01 -1.000000e+00
    endloop
  endfacet
  facet normal 7.933533e-01 -6.087614e-01 0.000000e+00
    outer loop
      vertex   -6.431955e+01 4.985355e+01 -1.000000e+00
      vertex   -6.439901e+01 4.975000e+01 -2.000000e+00
      vertex   -6.431955e+01 4.985355e+01 -2.000000e+00
    endloop
  endfacet
  facet normal 6.087614e-01 -7.933533e-01 0.000000e+00
    outer loop
      vertex   -6.431955e+01 4.985355e+01 -1.000000e+00
      vertex   -6.431955e+01 4.985355e+01 -2.000000e+00
      vertex   -6.421600e+01 4.993301e+01 -1.000000e+00
    endloop
  endfacet
  facet normal 6.087614e-01 -7.933533e-01 0.000000e+00
    outer loop
      vertex   -6.421600e+01 4.993301e+01 -1.000000e+00
      vertex   -6.431955e+01 4.985355e+01 -2.000000e+00
      vertex   -6.421600e+01 4.993301e+01 -2.000000e+00
    endloop
  endfacet
  facet normal 3.826835e-01 -9.238795e-01 0.000000e+00
    outer loop
      vertex   -6.421600e+01 4.993301e+01 -1.000000e+00
      vertex   -6.421600e+01 4.993301e+01 -2.000000e+00
      vertex   -6.409541e+01 4.998296e+01 -1.000000e+00
    endloop
  endfacet
  facet normal 3.826835e-01 -9.238795e-01 0.000000e+00
    outer loop
      vertex   -6.409541e+01 4.998296e+01 -1.000000e+00
      vertex   -6.421600e+01 4.993301e+01 -2.000000e+00
      vertex   -6.409541e+01 4.998296e+01 -2.000000e+00
    endloop
  endfacet
  facet normal 1.305262e-01 -9.914449e-01 0.000000e+00
    outer loop
      vertex   -6.409541e+01 4.998296e+01 -1.000000e+00
      vertex   -6.409541e+01 4.998296e+01 -2.000000e+00
      vertex   -6.396600e+01 5.000000e+01 -1.000000e+00
    endloop
  endfacet
  facet normal 1.305262e-01 -9.914449e-01 0.000000e+00
    outer loop
      vertex   -6.396600e+01 5.000000e+01 -1.000000e+00
      vertex   -6.409541e+01 4.998296e+01 -2.000000e+00
      vertex   -6.396600e+01 5.000000e+01 -2.000000e+00
    endloop
  endfacet
  facet normal 3.318738e-08 -1.000000e+00 0.000000e+00
    outer loop
      vertex   -6.396600e+01 5.000000e+01 -2.000000e+00
      vertex   -3.398300e+01 5.000000e+01 -2.000000e+00
      vertex   -6.396600e+01 5.000000e+01 -1.000000e+00
    endloop
  endfacet
  facet normal 3.318738e-08 -1.000000e+00 0.000000e+00
    outer loop
      vertex   -6.396600e+01 5.000000e+01 -1.000000e+00
      vertex   -3.398300e+01 5.000000e+01 -2.000000e+00
      vertex   -3.398300e+01 5.000000e+01 -1.000000e+00
    endloop
  endfacet
  facet normal 3.318738e-08 -1.000000e+00 0.000000e+00
    outer loop
      vertex   -6.396600e+01 4.100000e+01 -2.000000e+00
      vertex   -3.398300e+01 4.100000e+01 -2.000000e+00
      vertex   -6.396600e+01 4.100000e+01 -1.000000e+00
    endloop
  endfacet
  facet normal 3.318738e-08 -1.000000e+00 0.000000e+00
    outer loop
      vertex   -6.396600e+01 4.100000e+01 -1.000000e+00
      vertex   -3.398300e+01 4.100000e+01 -2.000000e+00
      vertex   -3.398300e+01 4.100000e+01 -1.000000e+00
    endloop
  endfacet
  facet normal -1.305262e-01 -9.914449e-01 -0.000000e+00
    outer loop
      vertex   -3.398300e+01 4.100000e+01 -1.000000e+00
      vertex   -3.398300e+01 4.100000e+01 -2.000000e+00
      vertex   -3.385359e+01 4.098296e+01 -1.000000e+00
    endloop
  endfacet
  facet normal -1.305262e-01 -9.914449e-01 -0.000000e+00
    outer loop
      vertex   -3.385359e+01 4.098296e+01 -1.000000e+00
      vertex   -3.398300e+01 4.100000e+01 -2.000000e+00
      vertex   -3.385359e+01 4.098296e+01 -2.000000e+00
    endloop
  endfacet
  facet normal -3.826834e-01 -9.238795e-01 -0.000000e+00
    outer loop
      vertex   -3.385359e+01 4.098296e+01 -1.000000e+00
      vertex   -3.385359e+01 4.098296e+01 -2.000000e+00
      vertex   -3.373300e+01 4.093301e+01 -1.000000e+00
    endloop
  endfacet
  facet normal -3.826834e-01 -9.238795e-01 -0.000000e+00
    outer loop
      vertex   -3.373300e+01 4.093301e+01 -1.000000e+00
      vertex   -3.385359e+01 4.098296e+01 -2.000000e+00
      vertex   -3.373300e+01 4.093301e+01 -2.000000e+00
    endloop
  endfacet
  facet normal -6.087614e-01 -7.933534e-01 -0.000000e+00
    outer loop
      vertex   -3.373300e+01 4.093301e+01 -1.000000e+00
      vertex   -3.373300e+01 4.093301e+01 -2.000000e+00
      vertex   -3.362945e+01 4.085355e+01 -1.000000e+00
    endloop
  endfacet
  facet normal -6.087614e-01 -7.933534e-01 -0.000000e+00
    outer loop
      vertex   -3.362945e+01 4.085355e+01 -1.000000e+00
      vertex   -3.373300e+01 4.093301e+01 -2.000000e+00
      vertex   -3.362945e+01 4.085355e+01 -2.000000e+00
    endloop
  endfacet
  facet normal -7.933533e-01 -6.087614e-01 -0.000000e+00
    outer loop
      vertex   -3.362945e+01 4.085355e+01 -1.000000e+00
      vertex   -3.362945e+01 4.085355e+01 -2.000000e+00
      vertex   -3.354999e+01 4.075000e+01 -1.000000e+00
    endloop
  endfacet
  facet normal -7.933533e-01 -6.087614e-01 -0.000000e+00
    outer loop
      vertex   -3.354999e+01 4.075000e+01 -1.000000e+00
      vertex   -3.362945e+01 4.085355e+01 -2.000000e+00
      vertex   -3.354999e+01 4.075000e+01 -2.000000e+00
    endloop
  endfacet
  facet normal -9.238795e-01 -3.826834e-01 -0.000000e+00
    outer loop
      vertex   -3.354999e+01 4.075000e+01 -1.000000e+00
      vertex   -3.354999e+01 4.075000e+01 -2.000000e+00
      vertex   -3.350004e+01 4.062941e+01 -1.000000e+00
    endloop
  endfacet
  facet normal -9.238795e-01 -3.826834e-01 -0.000000e+00
    outer loop
      vertex   -3.350004e+01 4.062941e+01 -1.000000e+00
      vertex   -3.354999e+01 4.075000e+01 -2.000000e+00
      vertex   -3.350004e+01 4.062941e+01 -2.000000e+00
    endloop
  endfacet
  facet normal -9.914449e-01 -1.305262e-01 -0.000000e+00
    outer loop
      vertex   -3.350004e+01 4.062941e+01 -1.000000e+00
      vertex   -3.350004e+01 4.062941e+01 -2.000000e+00
      vertex   -3.348300e+01 4.050000e+01 -1.000000e+00
    endloop
  endfacet
  facet normal -9.914449e-01 -1.305262e-01 -0.000000e+00
    outer loop
      vertex   -3.348300e+01 4.050000e+01 -1.000000e+00
      vertex   -3.350004e+01 4.062941e+01 -2.000000e+00
      vertex   -3.348300e+01 4.050000e+01 -2.000000e+00
    endloop
  endfacet
  facet normal -9.914449e-01 1.305262e-01 0.000000e+00
    outer loop
      vertex   -3.348300e+01 4.050000e+01 -1.000000e+00
      vertex   -3.348300e+01 4.050000e+01 -2.000000e+00
      vertex   -3.350004e+01 4.037059e+01 -1.000000e+00
    endloop
  endfacet
  facet normal -9.914449e-01 1.305262e-01 0.000000e+00
    outer loop
      vertex   -3.350004e+01 4.037059e+01 -1.000000e+00
      vertex   -3.348300e+01 4.050000e+01 -2.000000e+00
      vertex   -3.350004e+01 4.037059e+01 -2.000000e+00
    endloop
  endfacet
  facet normal -9.238795e-01 3.826834e-01 0.000000e+00
    outer loop
      vertex   -3.350004e+01 4.037059e+01 -1.000000e+00
      vertex   -3.350004e+01 4.037059e+01 -2.000000e+00
      vertex   -3.354999e+01 4.025000e+01 -1.000000e+00
    endloop
  endfacet
  facet normal -9.238795e-01 3.826834e-01 0.000000e+00
    outer loop
      vertex   -3.354999e+01 4.025000e+01 -1.000000e+00
      vertex   -3.350004e+01 4.037059e+01 -2.000000e+00
      vertex   -3.354999e+01 4.025000e+01 -2.000000e+00
    endloop
  endfacet
  facet normal -7.933533e-01 6.087614e-01 0.000000e+00
    outer loop
      vertex   -3.354999e+01 4.025000e+01 -1.000000e+00
      vertex   -3.354999e+01 4.025000e+01 -2.000000e+00
      vertex   -3.362945e+01 4.014645e+01 -1.000000e+00
    endloop
  endfacet
  facet normal -7.933533e-01 6.087614e-01 -8.651020e-15
    outer loop
      vertex   -3.362945e+01 4.014645e+01 -1.000000e+00
      vertex   -3.354999e+01 4.025000e+01 -2.000000e+00
      vertex   -3.362945e+01 4.014645e+01 -2.000000e+00
    endloop
  endfacet
  facet normal -6.087614e-01 7.933534e-01 -1.127423e-14
    outer loop
      vertex   -3.362945e+01 4.014645e+01 -1.000000e+00
      vertex   -3.362945e+01 4.014645e+01 -2.000000e+00
      vertex   -3.373300e+01 4.006699e+01 -1.000000e+00
    endloop
  endfacet
  facet normal -6.087614e-01 7.933534e-01 0.000000e+00
    outer loop
      vertex   -3.373300e+01 4.006699e+01 -1.000000e+00
      vertex   -3.362945e+01 4.014645e+01 -2.000000e+00
      vertex   -3.373300e+01 4.006699e+01 -2.000000e+00
    endloop
  endfacet
  facet normal -3.826834e-01 9.238795e-01 0.000000e+00
    outer loop
      vertex   -3.373300e+01 4.006699e+01 -1.000000e+00
      vertex   -3.373300e+01 4.006699e+01 -2.000000e+00
      vertex   -3.385359e+01 4.001704e+01 -1.000000e+00
    endloop
  endfacet
  facet normal -3.826834e-01 9.238795e-01 0.000000e+00
    outer loop
      vertex   -3.385359e+01 4.001704e+01 -1.000000e+00
      vertex   -3.373300e+01 4.006699e+01 -2.000000e+00
      vertex   -3.385359e+01 4.001704e+01 -2.000000e+00
    endloop
  endfacet
  facet normal -1.305262e-01 9.914449e-01 0.000000e+00
    outer loop
      vertex   -3.385359e+01 4.001704e+01 -1.000000e+00
      vertex   -3.385359e+01 4.001704e+01 -2.000000e+00
      vertex   -3.398300e+01 4.000000e+01 -1.000000e+00
    endloop
  endfacet
  facet normal -1.305262e-01 9.914449e-01 0.000000e+00
    outer loop
      vertex   -3.398300e+01 4.000000e+01 -1.000000e+00
      vertex   -3.385359e+01 4.001704e+01 -2.000000e+00
      vertex   -3.398300e+01 4.000000e+01 -2.000000e+00
    endloop
  endfacet
  facet normal 3.543628e-08 1.000000e+00 -0.000000e+00
    outer loop
      vertex   -3.398300e+01 4.000000e+01 -2.000000e+00
      vertex   -6.396600e+01 4.000000e+01 -2.000000e+00
      vertex   -3.398300e+01 4.000000e+01 -1.000000e+00
    endloop
  endfacet
  facet normal 3.543628e-08 1.000000e+00 0.000000e+00
    outer loop
      vertex   -3.398300e+01 4.000000e+01 -1.000000e+00
      vertex   -6.396600e+01 4.000000e+01 -2.000000e+00
      vertex   -6.396600e+01 4.000000e+01 -1.000000e+00
    endloop
  endfacet
  facet normal 1.305262e-01 9.914449e-01 0.000000e+00
    outer loop
      vertex   -6.396600e+01 4.000000e+01 -1.000000e+00
      vertex   -6.396600e+01 4.000000e+01 -2.000000e+00
      vertex   -6.409541e+01 4.001704e+01 -1.000000e+00
    endloop
  endfacet
  facet normal 1.305262e-01 9.914449e-01 0.000000e+00
    outer loop
      vertex   -6.409541e+01 4.001704e+01 -1.000000e+00
      vertex   -6.396600e+01 4.000000e+01 -2.000000e+00
      vertex   -6.409541e+01 4.001704e+01 -2.000000e+00
    endloop
  endfacet
  facet normal 3.826835e-01 9.238795e-01 0.000000e+00
    outer loop
      vertex   -6.409541e+01 4.001704e+01 -1.000000e+00
      vertex   -6.409541e+01 4.001704e+01 -2.000000e+00
      vertex   -6.421600e+01 4.006699e+01 -1.000000e+00
    endloop
  endfacet
  facet normal 3.826835e-01 9.238795e-01 0.000000e+00
    outer loop
      vertex   -6.421600e+01 4.006699e+01 -1.000000e+00
      vertex   -6.409541e+01 4.001704e+01 -2.000000e+00
      vertex   -6.421600e+01 4.006699e+01 -2.000000e+00
    endloop
  endfacet
  facet normal 6.087614e-01 7.933533e-01 0.000000e+00
    outer loop
      vertex   -6.421600e+01 4.006699e+01 -1.000000e+00
      vertex   -6.421600e+01 4.006699e+01 -2.000000e+00
      vertex   -6.431955e+01 4.014645e+01 -1.000000e+00
    endloop
  endfacet
  facet normal 6.087614e-01 7.933533e-01 5.637114e-15
    outer loop
      vertex   -6.431955e+01 4.014645e+01 -1.000000e+00
      vertex   -6.421600e+01 4.006699e+01 -2.000000e+00
      vertex   -6.431955e+01 4.014645e+01 -2.000000e+00
    endloop
  endfacet
  facet normal 7.933534e-01 6.087614e-01 4.325510e-15
    outer loop
      vertex   -6.431955e+01 4.014645e+01 -1.000000e+00
      vertex   -6.431955e+01 4.014645e+01 -2.000000e+00
      vertex   -6.439901e+01 4.025000e+01 -1.000000e+00
    endloop
  endfacet
  facet normal 7.933534e-01 6.087614e-01 0.000000e+00
    outer loop
      vertex   -6.439901e+01 4.025000e+01 -1.000000e+00
      vertex   -6.431955e+01 4.014645e+01 -2.000000e+00
      vertex   -6.439901e+01 4.025000e+01 -2.000000e+00
    endloop
  endfacet
  facet normal 9.238795e-01 3.826834e-01 0.000000e+00
    outer loop
      vertex   -6.439901e+01 4.025000e+01 -1.000000e+00
      vertex   -6.439901e+01 4.025000e+01 -2.000000e+00
      vertex   -6.444896e+01 4.037059e+01 -1.000000e+00
    endloop
  endfacet
  facet normal 9.238795e-01 3.826834e-01 0.000000e+00
    outer loop
      vertex   -6.444896e+01 4.037059e+01 -1.000000e+00
      vertex   -6.439901e+01 4.025000e+01 -2.000000e+00
      vertex   -6.444896e+01 4.037059e+01 -2.000000e+00
    endloop
  endfacet
  facet normal 9.914449e-01 1.305262e-01 0.000000e+00
    outer loop
      vertex   -6.444896e+01 4.037059e+01 -1.000000e+00
      vertex   -6.444896e+01 4.037059e+01 -2.000000e+00
      vertex   -6.446600e+01 4.050000e+01 -1.000000e+00
    endloop
  endfacet
  facet normal 9.914449e-01 1.305262e-01 0.000000e+00
    outer loop
      vertex   -6.446600e+01 4.050000e+01 -1.000000e+00
      vertex   -6.444896e+01 4.037059e+01 -2.000000e+00
      vertex   -6.446600e+01 4.050000e+01 -2.000000e+00
    endloop
  endfacet
  facet normal 9.914449e-01 -1.305262e-01 0.000000e+00
    outer loop
      vertex   -6.446600e+01 4.050000e+01 -1.000000e+00
      vertex   -6.446600e+01 4.050000e+01 -2.000000e+00
      vertex   -6.444896e+01 4.062941e+01 -1.000000e+00
    endloop
  endfacet
  facet normal 9.914449e-01 -1.305262e-01 0.000000e+00
    outer loop
      vertex   -6.444896e+01 4.062941e+01 -1.000000e+00
      vertex   -6.446600e+01 4.050000e+01 -2.000000e+00
      vertex   -6.444896e+01 4.062941e+01 -2.000000e+00
    endloop
  endfacet
  facet normal 9.238795e-01 -3.826834e-01 0.000000e+00
    outer loop
      vertex   -6.444896e+01 4.062941e+01 -1.000000e+00
      vertex   -6.444896e+01 4.062941e+01 -2.000000e+00
      vertex   -6.439901e+01 4.075000e+01 -1.000000e+00
    endloop
  endfacet
  facet normal 9.238795e-01 -3.826834e-01 0.000000e+00
    outer loop
      vertex   -6.439901e+01 4.075000e+01 -1.000000e+00
      vertex   -6.444896e+01 4.062941e+01 -2.000000e+00
      vertex   -6.439901e+01 4.075000e+01 -2.000000e+00
    endloop
  endfacet
  facet normal 7.933533e-01 -6.087614e-01 0.000000e+00
    outer loop
      vertex   -6.439901e+01 4.075000e+01 -1.000000e+00
      vertex   -6.439901e+01 4.075000e+01 -2.000000e+00
      vertex   -6.431955e+01 4.085355e+01 -1.000000e+00
    endloop
  endfacet
  facet normal 7.933533e-01 -6.087614e-01 0.000000e+00
    outer loop
      vertex   -6.431955e+01 4.085355e+01 -1.000000e+00
      vertex   -6.439901e+01 4.075000e+01 -2.000000e+00
      vertex   -6.431955e+01 4.085355e+01 -2.000000e+00
    endloop
  endfacet
  facet normal 6.087614e-01 -7.933533e-01 0.000000e+00
    outer loop
      vertex   -6.431955e+01 4.085355e+01 -1.000000e+00
      vertex   -6.431955e+01 4.085355e+01 -2.000000e+00
      vertex   -6.421600e+01 4.093301e+01 -1.000000e+00
    endloop
  endfacet
  facet normal 6.087614e-01 -7.933533e-01 0.000000e+00
    outer loop
      vertex   -6.421600e+01 4.093301e+01 -1.000000e+00
      vertex   -6.431955e+01 4.085355e+01 -2.000000e+00
      vertex   -6.421600e+01 4.093301e+01 -2.000000e+00
    endloop
  endfacet
  facet normal 3.826835e-01 -9.238795e-01 0.000000e+00
    outer loop
      vertex   -6.421600e+01 4.093301e+01 -1.000000e+00
      vertex   -6.421600e+01 4.093301e+01 -2.000000e+00
      vertex   -6.409541e+01 4.098296e+01 -1.000000e+00
    endloop
  endfacet
  facet normal 3.826835e-01 -9.238795e-01 0.000000e+00
    outer loop
      vertex   -6.409541e+01 4.098296e+01 -1.000000e+00
      vertex   -6.421600e+01 4.093301e+01 -2.000000e+00
      vertex   -6.409541e+01 4.098296e+01 -2.000000e+00
    endloop
  endfacet
  facet normal 1.305262e-01 -9.914449e-01 0.000000e+00
    outer loop
      vertex   -6.409541e+01 4.098296e+01 -1.000000e+00
      vertex   -6.409541e+01 4.098296e+01 -2.000000e+00
      vertex   -6.396600e+01 4.100000e+01 -1.000000e+00
    endloop
  endfacet
  facet normal 1.305262e-01 -9.914449e-01 0.000000e+00
    outer loop
      vertex   -6.396600e+01 4.100000e+01 -1.000000e+00
      vertex   -6.409541e+01 4.098296e+01 -2.000000e+00
      vertex   -6.396600e+01 4.100000e+01 -2.000000e+00
    endloop
  endfacet
  facet normal 3.318738e-08 -1.000000e+00 0.000000e+00
    outer loop
      vertex   -6.396600e+01 4.700000e+01 -2.000000e+00
      vertex   -3.398300e+01 4.700000e+01 -2.000000e+00
      vertex   -6.396600e+01 4.700000e+01 -1.000000e+00
    endloop
  endfacet
  facet normal 3.318738e-08 -1.000000e+00 0.000000e+00
    outer loop
      vertex   -6.396600e+01 4.700000e+01 -1.000000e+00
      vertex   -3.398300e+01 4.700000e+01 -2.000000e+00
      vertex   -3.398300e+01 4.700000e+01 -1.000000e+00
    endloop
  endfacet
  facet normal -1.305262e-01 -9.914449e-01 -0.000000e+00
    outer loop
      vertex   -3.398300e+01 4.700000e+01 -1.000000e+00
      vertex   -3.398300e+01 4.700000e+01 -2.000000e+00
      vertex   -3.385359e+01 4.698296e+01 -1.000000e+00
    endloop
  endfacet
  facet normal -1.305262e-01 -9.914449e-01 -0.000000e+00
    outer loop
      vertex   -3.385359e+01 4.698296e+01 -1.000000e+00
      vertex   -3.398300e+01 4.700000e+01 -2.000000e+00
      vertex   -3.385359e+01 4.698296e+01 -2.000000e+00
    endloop
  endfacet
  facet normal -3.826834e-01 -9.238795e-01 -0.000000e+00
    outer loop
      vertex   -3.385359e+01 4.698296e+01 -1.000000e+00
      vertex   -3.385359e+01 4.698296e+01 -2.000000e+00
      vertex   -3.373300e+01 4.693301e+01 -1.000000e+00
    endloop
  endfacet
  facet normal -3.826834e-01 -9.238795e-01 -0.000000e+00
    outer loop
      vertex   -3.373300e+01 4.693301e+01 -1.000000e+00
      vertex   -3.385359e+01 4.698296e+01 -2.000000e+00
      vertex   -3.373300e+01 4.693301e+01 -2.000000e+00
    endloop
  endfacet
  facet normal -6.087614e-01 -7.933534e-01 -0.000000e+00
    outer loop
      vertex   -3.373300e+01 4.693301e+01 -1.000000e+00
      vertex   -3.373300e+01 4.693301e+01 -2.000000e+00
      vertex   -3.362945e+01 4.685355e+01 -1.000000e+00
    endloop
  endfacet
  facet normal -6.087614e-01 -7.933534e-01 -0.000000e+00
    outer loop
      vertex   -3.362945e+01 4.685355e+01 -1.000000e+00
      vertex   -3.373300e+01 4.693301e+01 -2.000000e+00
      vertex   -3.362945e+01 4.685355e+01 -2.000000e+00
    endloop
  endfacet
  facet normal -7.933533e-01 -6.087614e-01 -0.000000e+00
    outer loop
      vertex   -3.362945e+01 4.685355e+01 -1.000000e+00
      vertex   -3.362945e+01 4.685355e+01 -2.000000e+00
      vertex   -3.354999e+01 4.675000e+01 -1.000000e+00
    endloop
  endfacet
  facet normal -7.933533e-01 -6.087614e-01 -0.000000e+00
    outer loop
      vertex   -3.354999e+01 4.675000e+01 -1.000000e+00
      vertex   -3.362945e+01 4.685355e+01 -2.000000e+00
      vertex   -3.354999e+01 4.675000e+01 -2.000000e+00
    endloop
  endfacet
  facet normal -9.238795e-01 -3.826834e-01 -0.000000e+00
    outer loop
      vertex   -3.354999e+01 4.675000e+01 -1.000000e+00
      vertex   -3.354999e+01 4.675000e+01 -2.000000e+00
      vertex   -3.350004e+01 4.662941e+01 -1.000000e+00
    endloop
  endfacet
  facet normal -9.238795e-01 -3.826834e-01 -0.000000e+00
    outer loop
      vertex   -3.350004e+01 4.662941e+01 -1.000000e+00
      vertex   -3.354999e+01 4.675000e+01 -2.000000e+00
      vertex   -3.350004e+01 4.662941e+01 -2.000000e+00
    endloop
  endfacet
  facet normal -9.914449e-01 -1.305262e-01 -0.000000e+00
    outer loop
      vertex   -3.350004e+01 4.662941e+01 -1.000000e+00
      vertex   -3.350004e+01 4.662941e+01 -2.000000e+00
      vertex   -3.348300e+01 4.650000e+01 -1.000000e+00
    endloop
  endfacet
  facet normal -9.914449e-01 -1.305262e-01 -0.000000e+00
    outer loop
      vertex   -3.348300e+01 4.650000e+01 -1.000000e+00
      vertex   -3.350004e+01 4.662941e+01 -2.000000e+00
      vertex   -3.348300e+01 4.650000e+01 -2.000000e+00
    endloop
  endfacet
  facet normal -9.914449e-01 1.305262e-01 0.000000e+00
    outer loop
      vertex   -3.348300e+01 4.650000e+01 -1.000000e+00
      vertex   -3.348300e+01 4.650000e+01 -2.000000e+00
      vertex   -3.350004e+01 4.637059e+01 -1.000000e+00
    endloop
  endfacet
  facet normal -9.914449e-01 1.305262e-01 0.000000e+00
    outer loop
      vertex   -3.350004e+01 4.637059e+01 -1.000000e+00
      vertex   -3.348300e+01 4.650000e+01 -2.000000e+00
      vertex   -3.350004e+01 4.637059e+01 -2.000000e+00
    endloop
  endfacet
  facet normal -9.238795e-01 3.826834e-01 0.000000e+00
    outer loop
      vertex   -3.350004e+01 4.637059e+01 -1.000000e+00
      vertex   -3.350004e+01 4.637059e+01 -2.000000e+00
      vertex   -3.354999e+01 4.625000e+01 -1.000000e+00
    endloop
  endfacet
  facet normal -9.238795e-01 3.826834e-01 0.000000e+00
    outer loop
      vertex   -3.354999e+01 4.625000e+01 -1.000000e+00
      vertex   -3.350004e+01 4.637059e+01 -2.000000e+00
      vertex   -3.354999e+01 4.625000e+01 -2.000000e+00
    endloop
  endfacet
  facet normal -7.933533e-01 6.087614e-01 0.000000e+00
    outer loop
      vertex   -3.354999e+01 4.625000e+01 -1.000000e+00
      vertex   -3.354999e+01 4.625000e+01 -2.000000e+00
      vertex   -3.362945e+01 4.614645e+01 -1.000000e+00
    endloop
  endfacet
  facet normal -7.933533e-01 6.087614e-01 0.000000e+00
    outer loop
      vertex   -3.362945e+01 4.614645e+01 -1.000000e+00
      vertex   -3.354999e+01 4.625000e+01 -2.000000e+00
      vertex   -3.362945e+01 4.614645e+01 -2.000000e+00
    endloop
  endfacet
  facet normal -6.087614e-01 7.933534e-01 0.000000e+00
    outer loop
      vertex   -3.362945e+01 4.614645e+01 -1.000000e+00
      vertex   -3.362945e+01 4.614645e+01 -2.000000e+00
      vertex   -3.373300e+01 4.606699e+01 -1.000000e+00
    endloop
  endfacet
  facet normal -6.087614e-01 7.933534e-01 0.000000e+00
    outer loop
      vertex   -3.373300e+01 4.606699e+01 -1.000000e+00
      vertex   -3.362945e+01 4.614645e+01 -2.000000e+00
      vertex   -3.373300e+01 4.606699e+01 -2.000000e+00
    endloop
  endfacet
  facet normal -3.826834e-01 9.238795e-01 0.000000e+00
    outer loop
      vertex   -3.373300e+01 4.606699e+01 -1.000000e+00
      vertex   -3.373300e+01 4.606699e+01 -2.000000e+00
      vertex   -3.385359e+01 4.601704e+01 -1.000000e+00
    endloop
  endfacet
  facet normal -3.826834e-01 9.238795e-01 0.000000e+00
    outer loop
      vertex   -3.385359e+01 4.601704e+01 -1.000000e+00
      vertex   -3.373300e+01 4.606699e+01 -2.000000e+00
      vertex   -3.385359e+01 4.601704e+01 -2.000000e+00
    endloop
  endfacet
  facet normal -1.305262e-01 9.914449e-01 0.000000e+00
    outer loop
      vertex   -3.385359e+01 4.601704e+01 -1.000000e+00
      vertex   -3.385359e+01 4.601704e+01 -2.000000e+00
      vertex   -3.398300e+01 4.600000e+01 -1.000000e+00
    endloop
  endfacet
  facet normal -1.305262e-01 9.914449e-01 0.000000e+00
    outer loop
      vertex   -3.398300e+01 4.600000e+01 -1.000000e+00
      vertex   -3.385359e+01 4.601704e+01 -2.000000e+00
      vertex   -3.398300e+01 4.600000e+01 -2.000000e+00
    endloop
  endfacet
  facet normal 3.543628e-08 1.000000e+00 -0.000000e+00
    outer loop
      vertex   -3.398300e+01 4.600000e+01 -2.000000e+00
      vertex   -6.396600e+01 4.600000e+01 -2.000000e+00
      vertex   -3.398300e+01 4.600000e+01 -1.000000e+00
    endloop
  endfacet
  facet normal 3.543628e-08 1.000000e+00 0.000000e+00
    outer loop
      vertex   -3.398300e+01 4.600000e+01 -1.000000e+00
      vertex   -6.396600e+01 4.600000e+01 -2.000000e+00
      vertex   -6.396600e+01 4.600000e+01 -1.000000e+00
    endloop
  endfacet
  facet normal 1.305262e-01 9.914449e-01 0.000000e+00
    outer loop
      vertex   -6.396600e+01 4.600000e+01 -1.000000e+00
      vertex   -6.396600e+01 4.600000e+01 -2.000000e+00
      vertex   -6.409541e+01 4.601704e+01 -1.000000e+00
    endloop
  endfacet
  facet normal 1.305262e-01 9.914449e-01 0.000000e+00
    outer loop
      vertex   -6.409541e+01 4.601704e+01 -1.000000e+00
      vertex   -6.396600e+01 4.600000e+01 -2.000000e+00
      vertex   -6.409541e+01 4.601704e+01 -2.000000e+00
    endloop
  endfacet
  facet normal 3.826835e-01 9.238795e-01 0.000000e+00
    outer loop
      vertex   -6.409541e+01 4.601704e+01 -1.000000e+00
      vertex   -6.409541e+01 4.601704e+01 -2.000000e+00
      vertex   -6.421600e+01 4.606699e+01 -1.000000e+00
    endloop
  endfacet
  facet normal 3.826835e-01 9.238795e-01 0.000000e+00
    outer loop
      vertex   -6.421600e+01 4.606699e+01 -1.000000e+00
      vertex   -6.409541e+01 4.601704e+01 -2.000000e+00
      vertex   -6.421600e+01 4.606699e+01 -2.000000e+00
    endloop
  endfacet
  facet normal 6.087614e-01 7.933533e-01 0.000000e+00
    outer loop
      vertex   -6.421600e+01 4.606699e+01 -1.000000e+00
      vertex   -6.421600e+01 4.606699e+01 -2.000000e+00
      vertex   -6.431955e+01 4.614645e+01 -1.000000e+00
    endloop
  endfacet
  facet normal 6.087614e-01 7.933533e-01 0.000000e+00
    outer loop
      vertex   -6.431955e+01 4.614645e+01 -1.000000e+00
      vertex   -6.421600e+01 4.606699e+01 -2.000000e+00
      vertex   -6.431955e+01 4.614645e+01 -2.000000e+00
    endloop
  endfacet
  facet normal 7.933534e-01 6.087614e-01 0.000000e+00
    outer loop
      vertex   -6.431955e+01 4.614645e+01 -1.000000e+00
      vertex   -6.431955e+01 4.614645e+01 -2.000000e+00
      vertex   -6.439901e+01 4.625000e+01 -1.000000e+00
    endloop
  endfacet
  facet normal 7.933534e-01 6.087614e-01 0.000000e+00
    outer loop
      vertex   -6.439901e+01 4.625000e+01 -1.000000e+00
      vertex   -6.431955e+01 4.614645e+01 -2.000000e+00
      vertex   -6.439901e+01 4.625000e+01 -2.000000e+00
    endloop
  endfacet
  facet normal 9.238795e-01 3.826834e-01 0.000000e+00
    outer loop
      vertex   -6.439901e+01 4.625000e+01 -1.000000e+00
      vertex   -6.439901e+01 4.625000e+01 -2.000000e+00
      vertex   -6.444896e+01 4.637059e+01 -1.000000e+00
    endloop
  endfacet
  facet normal 9.238795e-01 3.826834e-01 0.000000e+00
    outer loop
      vertex   -6.444896e+01 4.637059e+01 -1.000000e+00
      vertex   -6.439901e+01 4.625000e+01 -2.000000e+00
      vertex   -6.444896e+01 4.637059e+01 -2.000000e+00
    endloop
  endfacet
  facet normal 9.914449e-01 1.305262e-01 0.000000e+00
    outer loop
      vertex   -6.444896e+01 4.637059e+01 -1.000000e+00
      vertex   -6.444896e+01 4.637059e+01 -2.000000e+00
      vertex   -6.446600e+01 4.650000e+01 -1.000000e+00
    endloop
  endfacet
  facet normal 9.914449e-01 1.305262e-01 0.000000e+00
    outer loop
      vertex   -6.446600e+01 4.650000e+01 -1.000000e+00
      vertex   -6.444896e+01 4.637059e+01 -2.000000e+00
      vertex   -6.446600e+01 4.650000e+01 -2.000000e+00
    endloop
  endfacet
  facet normal 9.914449e-01 -1.305262e-01 0.000000e+00
    outer loop
      vertex   -6.446600e+01 4.650000e+01 -1.000000e+00
      vertex   -6.446600e+01 4.650000e+01 -2.000000e+00
      vertex   -6.444896e+01 4.662941e+01 -1.000000e+00
    endloop
  endfacet
  facet normal 9.914449e-01 -1.305262e-01 0.000000e+00
    outer loop
      vertex   -6.444896e+01 4.662941e+01 -1.000000e+00
      vertex   -6.446600e+01 4.650000e+01 -2.000000e+00
      vertex   -6.444896e+01 4.662941e+01 -2.000000e+00
    endloop
  endfacet
  facet normal 9.238795e-01 -3.826834e-01 0.000000e+00
    outer loop
      vertex   -6.444896e+01 4.662941e+01 -1.000000e+00
      vertex   -6.444896e+01 4.662941e+01 -2.000000e+00
      vertex   -6.439901e+01 4.675000e+01 -1.000000e+00
    endloop
  endfacet
  facet normal 9.238795e-01 -3.826834e-01 0.000000e+00
    outer loop
      vertex   -6.439901e+01 4.675000e+01 -1.000000e+00
      vertex   -6.444896e+01 4.662941e+01 -2.000000e+00
      vertex   -6.439901e+01 4.675000e+01 -2.000000e+00
    endloop
  endfacet
  facet normal 7.933533e-01 -6.087614e-01 0.000000e+00
    outer loop
      vertex   -6.439901e+01 4.675000e+01 -1.000000e+00
      vertex   -6.439901e+01 4.675000e+01 -2.000000e+00
      vertex   -6.431955e+01 4.685355e+01 -1.000000e+00
    endloop
  endfacet
  facet normal 7.933533e-01 -6.087614e-01 0.000000e+00
    outer loop
      vertex   -6.431955e+01 4.685355e+01 -1.000000e+00
      vertex   -6.439901e+01 4.675000e+01 -2.000000e+00
      vertex   -6.431955e+01 4.685355e+01 -2.000000e+00
    endloop
  endfacet
  facet normal 6.087614e-01 -7.933533e-01 0.000000e+00
    outer loop
      vertex   -6.431955e+01 4.685355e+01 -1.000000e+00
      vertex   -6.431955e+01 4.685355e+01 -2.000000e+00
      vertex   -6.421600e+01 4.693301e+01 -1.000000e+00
    endloop
  endfacet
  facet normal 6.087614e-01 -7.933533e-01 0.000000e+00
    outer loop
      vertex   -6.421600e+01 4.693301e+01 -1.000000e+00
      vertex   -6.431955e+01 4.685355e+01 -2.000000e+00
      vertex   -6.421600e+01 4.693301e+01 -2.000000e+00
    endloop
  endfacet
  facet normal 3.826835e-01 -9.238795e-01 0.000000e+00
    outer loop
      vertex   -6.421600e+01 4.693301e+01 -1.000000e+00
      vertex   -6.421600e+01 4.693301e+01 -2.000000e+00
      vertex   -6.409541e+01 4.698296e+01 -1.000000e+00
    endloop
  endfacet
  facet normal 3.826835e-01 -9.238795e-01 0.000000e+00
    outer loop
      vertex   -6.409541e+01 4.698296e+01 -1.000000e+00
      vertex   -6.421600e+01 4.693301e+01 -2.000000e+00
      vertex   -6.409541e+01 4.698296e+01 -2.000000e+00
    endloop
  endfacet
  facet normal 1.305262e-01 -9.914449e-01 0.000000e+00
    outer loop
      vertex   -6.409541e+01 4.698296e+01 -1.000000e+00
      vertex   -6.409541e+01 4.698296e+01 -2.000000e+00
      vertex   -6.396600e+01 4.700000e+01 -1.000000e+00
    endloop
  endfacet
  facet normal 1.305262e-01 -9.914449e-01 0.000000e+00
    outer loop
      vertex   -6.396600e+01 4.700000e+01 -1.000000e+00
      vertex   -6.409541e+01 4.698296e+01 -2.000000e+00
      vertex   -6.396600e+01 4.700000e+01 -2.000000e+00
    endloop
  endfacet
  facet normal -3.318738e-08 -1.000000e+00 0.000000e+00
    outer loop
      vertex   -2.998300e+01 3.800000e+01 -2.000000e+00
      vertex   1.560184e-08 3.800000e+01 -2.000000e+00
      vertex   -2.998300e+01 3.800000e+01 -1.000000e+00
    endloop
  endfacet
  facet normal -3.318738e-08 -1.000000e+00 0.000000e+00
    outer loop
      vertex   -2.998300e+01 3.800000e+01 -1.000000e+00
      vertex   1.560184e-08 3.800000e+01 -2.000000e+00
      vertex   1.560184e-08 3.800000e+01 -1.000000e+00
    endloop
  endfacet
  facet normal 1.305262e-01 9.914449e-01 0.000000e+00
    outer loop
      vertex   -2.998300e+01 3.700000e+01 -1.000000e+00
      vertex   -2.998300e+01 3.700000e+01 -2.000000e+00
      vertex   -3.011241e+01 3.701704e+01 -1.000000e+00
    endloop
  endfacet
  facet normal 1.305262e-01 9.914449e-01 0.000000e+00
    outer loop
      vertex   -3.011241e+01 3.701704e+01 -1.000000e+00
      vertex   -2.998300e+01 3.700000e+01 -2.000000e+00
      vertex   -3.011241e+01 3.701704e+01 -2.000000e+00
    endloop
  endfacet
  facet normal 3.826834e-01 9.238795e-01 0.000000e+00
    outer loop
      vertex   -3.011241e+01 3.701704e+01 -1.000000e+00
      vertex   -3.011241e+01 3.701704e+01 -2.000000e+00
      vertex   -3.023300e+01 3.706699e+01 -1.000000e+00
    endloop
  endfacet
  facet normal 3.826834e-01 9.238795e-01 0.000000e+00
    outer loop
      vertex   -3.023300e+01 3.706699e+01 -1.000000e+00
      vertex   -3.011241e+01 3.701704e+01 -2.000000e+00
      vertex   -3.023300e+01 3.706699e+01 -2.000000e+00
    endloop
  endfacet
  facet normal 6.087614e-01 7.933534e-01 0.000000e+00
    outer loop
      vertex   -3.023300e+01 3.706699e+01 -1.000000e+00
      vertex   -3.023300e+01 3.706699e+01 -2.000000e+00
      vertex   -3.033655e+01 3.714645e+01 -1.000000e+00
    endloop
  endfacet
  facet normal 6.087614e-01 7.933534e-01 0.000000e+00
    outer loop
      vertex   -3.033655e+01 3.714645e+01 -1.000000e+00
      vertex   -3.023300e+01 3.706699e+01 -2.000000e+00
      vertex   -3.033655e+01 3.714645e+01 -2.000000e+00
    endloop
  endfacet
  facet normal 7.933533e-01 6.087614e-01 0.000000e+00
    outer loop
      vertex   -3.033655e+01 3.714645e+01 -1.000000e+00
      vertex   -3.033655e+01 3.714645e+01 -2.000000e+00
      vertex   -3.041601e+01 3.725000e+01 -1.000000e+00
    endloop
  endfacet
  facet normal 7.933533e-01 6.087614e-01 -4.325510e-15
    outer loop
      vertex   -3.041601e+01 3.725000e+01 -1.000000e+00
      vertex   -3.033655e+01 3.714645e+01 -2.000000e+00
      vertex   -3.041601e+01 3.725000e+01 -2.000000e+00
    endloop
  endfacet
  facet normal 9.238795e-01 3.826834e-01 -2.719129e-15
    outer loop
      vertex   -3.041601e+01 3.725000e+01 -1.000000e+00
      vertex   -3.041601e+01 3.725000e+01 -2.000000e+00
      vertex   -3.046596e+01 3.737059e+01 -1.000000e+00
    endloop
  endfacet
  facet normal 9.238795e-01 3.826834e-01 0.000000e+00
    outer loop
      vertex   -3.046596e+01 3.737059e+01 -1.000000e+00
      vertex   -3.041601e+01 3.725000e+01 -2.000000e+00
      vertex   -3.046596e+01 3.737059e+01 -2.000000e+00
    endloop
  endfacet
  facet normal 9.914449e-01 1.305262e-01 0.000000e+00
    outer loop
      vertex   -3.046596e+01 3.737059e+01 -1.000000e+00
      vertex   -3.046596e+01 3.737059e+01 -2.000000e+00
      vertex   -3.048300e+01 3.750000e+01 -1.000000e+00
    endloop
  endfacet
  facet normal 9.914449e-01 1.305262e-01 0.000000e+00
    outer loop
      vertex   -3.048300e+01 3.750000e+01 -1.000000e+00
      vertex   -3.046596e+01 3.737059e+01 -2.000000e+00
      vertex   -3.048300e+01 3.750000e+01 -2.000000e+00
    endloop
  endfacet
  facet normal 9.914449e-01 -1.305262e-01 0.000000e+00
    outer loop
      vertex   -3.048300e+01 3.750000e+01 -1.000000e+00
      vertex   -3.048300e+01 3.750000e+01 -2.000000e+00
      vertex   -3.046596e+01 3.762941e+01 -1.000000e+00
    endloop
  endfacet
  facet normal 9.914449e-01 -1.305262e-01 0.000000e+00
    outer loop
      vertex   -3.046596e+01 3.762941e+01 -1.000000e+00
      vertex   -3.048300e+01 3.750000e+01 -2.000000e+00
      vertex   -3.046596e+01 3.762941e+01 -2.000000e+00
    endloop
  endfacet
  facet normal 9.238795e-01 -3.826834e-01 0.000000e+00
    outer loop
      vertex   -3.046596e+01 3.762941e+01 -1.000000e+00
      vertex   -3.046596e+01 3.762941e+01 -2.000000e+00
      vertex   -3.041601e+01 3.775000e+01 -1.000000e+00
    endloop
  endfacet
  facet normal 9.238795e-01 -3.826834e-01 0.000000e+00
    outer loop
      vertex   -3.041601e+01 3.775000e+01 -1.000000e+00
      vertex   -3.046596e+01 3.762941e+01 -2.000000e+00
      vertex   -3.041601e+01 3.775000e+01 -2.000000e+00
    endloop
  endfacet
  facet normal 7.933533e-01 -6.087614e-01 0.000000e+00
    outer loop
      vertex   -3.041601e+01 3.775000e+01 -1.000000e+00
      vertex   -3.041601e+01 3.775000e+01 -2.000000e+00
      vertex   -3.033655e+01 3.785355e+01 -1.000000e+00
    endloop
  endfacet
  facet normal 7.933533e-01 -6.087614e-01 0.000000e+00
    outer loop
      vertex   -3.033655e+01 3.785355e+01 -1.000000e+00
      vertex   -3.041601e+01 3.775000e+01 -2.000000e+00
      vertex   -3.033655e+01 3.785355e+01 -2.000000e+00
    endloop
  endfacet
  facet normal 6.087614e-01 -7.933534e-01 0.000000e+00
    outer loop
      vertex   -3.033655e+01 3.785355e+01 -1.000000e+00
      vertex   -3.033655e+01 3.785355e+01 -2.000000e+00
      vertex   -3.023300e+01 3.793301e+01 -1.000000e+00
    endloop
  endfacet
  facet normal 6.087614e-01 -7.933534e-01 0.000000e+00
    outer loop
      vertex   -3.023300e+01 3.793301e+01 -1.000000e+00
      vertex   -3.033655e+01 3.785355e+01 -2.000000e+00
      vertex   -3.023300e+01 3.793301e+01 -2.000000e+00
    endloop
  endfacet
  facet normal 3.826834e-01 -9.238795e-01 0.000000e+00
    outer loop
      vertex   -3.023300e+01 3.793301e+01 -1.000000e+00
      vertex   -3.023300e+01 3.793301e+01 -2.000000e+00
      vertex   -3.011241e+01 3.798296e+01 -1.000000e+00
    endloop
  endfacet
  facet normal 3.826834e-01 -9.238795e-01 0.000000e+00
    outer loop
      vertex   -3.011241e+01 3.798296e+01 -1.000000e+00
      vertex   -3.023300e+01 3.793301e+01 -2.000000e+00
      vertex   -3.011241e+01 3.798296e+01 -2.000000e+00
    endloop
  endfacet
  facet normal 1.305262e-01 -9.914449e-01 0.000000e+00
    outer loop
      vertex   -3.011241e+01 3.798296e+01 -1.000000e+00
      vertex   -3.011241e+01 3.798296e+01 -2.000000e+00
      vertex   -2.998300e+01 3.800000e+01 -1.000000e+00
    endloop
  endfacet
  facet normal 1.305262e-01 -9.914449e-01 0.000000e+00
    outer loop
      vertex   -2.998300e+01 3.800000e+01 -1.000000e+00
      vertex   -3.011241e+01 3.798296e+01 -2.000000e+00
      vertex   -2.998300e+01 3.800000e+01 -2.000000e+00
    endloop
  endfacet
  facet normal -3.543628e-08 1.000000e+00 0.000000e+00
    outer loop
      vertex   1.771812e-08 3.700000e+01 -2.000000e+00
      vertex   -2.998300e+01 3.700000e+01 -2.000000e+00
      vertex   1.771812e-08 3.700000e+01 -1.000000e+00
    endloop
  endfacet
  facet normal -3.543628e-08 1.000000e+00 0.000000e+00
    outer loop
      vertex   1.771812e-08 3.700000e+01 -1.000000e+00
      vertex   -2.998300e+01 3.700000e+01 -2.000000e+00
      vertex   -2.998300e+01 3.700000e+01 -1.000000e+00
    endloop
  endfacet
  facet normal -1.305262e-01 -9.914449e-01 -0.000000e+00
    outer loop
      vertex   1.560184e-08 3.800000e+01 -1.000000e+00
      vertex   1.560184e-08 3.800000e+01 -2.000000e+00
      vertex   1.294095e-01 3.798296e+01 -1.000000e+00
    endloop
  endfacet
  facet normal -1.305262e-01 -9.914449e-01 -2.898264e-17
    outer loop
      vertex   1.294095e-01 3.798296e+01 -1.000000e+00
      vertex   1.560184e-08 3.800000e+01 -2.000000e+00
      vertex   1.294095e-01 3.798296e+01 -2.000000e+00
    endloop
  endfacet
  facet normal -3.826835e-01 -9.238795e-01 -8.497280e-17
    outer loop
      vertex   1.294095e-01 3.798296e+01 -1.000000e+00
      vertex   1.294095e-01 3.798296e+01 -2.000000e+00
      vertex   2.500000e-01 3.793301e+01 -1.000000e+00
    endloop
  endfacet
  facet normal -3.826835e-01 -9.238795e-01 -5.310800e-17
    outer loop
      vertex   2.500000e-01 3.793301e+01 -1.000000e+00
      vertex   1.294095e-01 3.798296e+01 -2.000000e+00
      vertex   2.500000e-01 3.793301e+01 -2.000000e+00
    endloop
  endfacet
  facet normal -6.087614e-01 -7.933533e-01 -8.448262e-17
    outer loop
      vertex   2.500000e-01 3.793301e+01 -1.000000e+00
      vertex   2.500000e-01 3.793301e+01 -2.000000e+00
      vertex   3.535533e-01 3.785355e+01 -1.000000e+00
    endloop
  endfacet
  facet normal -6.087614e-01 -7.933533e-01 -1.351722e-16
    outer loop
      vertex   3.535533e-01 3.785355e+01 -1.000000e+00
      vertex   2.500000e-01 3.793301e+01 -2.000000e+00
      vertex   3.535533e-01 3.785355e+01 -2.000000e+00
    endloop
  endfacet
  facet normal -7.933533e-01 -6.087614e-01 -1.761598e-16
    outer loop
      vertex   3.535533e-01 3.785355e+01 -1.000000e+00
      vertex   3.535533e-01 3.785355e+01 -2.000000e+00
      vertex   4.330126e-01 3.775000e+01 -1.000000e+00
    endloop
  endfacet
  facet normal -7.933533e-01 -6.087614e-01 -4.403996e-17
    outer loop
      vertex   4.330126e-01 3.775000e+01 -1.000000e+00
      vertex   3.535533e-01 3.785355e+01 -2.000000e+00
      vertex   4.330126e-01 3.775000e+01 -2.000000e+00
    endloop
  endfacet
  facet normal -9.238795e-01 -3.826834e-01 -5.128562e-17
    outer loop
      vertex   4.330126e-01 3.775000e+01 -1.000000e+00
      vertex   4.330126e-01 3.775000e+01 -2.000000e+00
      vertex   4.829628e-01 3.762941e+01 -1.000000e+00
    endloop
  endfacet
  facet normal -9.238795e-01 -3.826834e-01 2.719129e-15
    outer loop
      vertex   4.829628e-01 3.762941e+01 -1.000000e+00
      vertex   4.330126e-01 3.775000e+01 -2.000000e+00
      vertex   4.829628e-01 3.762941e+01 -2.000000e+00
    endloop
  endfacet
  facet normal -9.914449e-01 -1.305262e-01 9.274444e-16
    outer loop
      vertex   4.829628e-01 3.762941e+01 -1.000000e+00
      vertex   4.829628e-01 3.762941e+01 -2.000000e+00
      vertex   4.999999e-01 3.750000e+01 -1.000000e+00
    endloop
  endfacet
  facet normal -9.914449e-01 -1.305262e-01 -0.000000e+00
    outer loop
      vertex   4.999999e-01 3.750000e+01 -1.000000e+00
      vertex   4.829628e-01 3.762941e+01 -2.000000e+00
      vertex   4.999999e-01 3.750000e+01 -2.000000e+00
    endloop
  endfacet
  facet normal -9.914449e-01 1.305262e-01 0.000000e+00
    outer loop
      vertex   4.999999e-01 3.750000e+01 -1.000000e+00
      vertex   4.999999e-01 3.750000e+01 -2.000000e+00
      vertex   4.829628e-01 3.737059e+01 -1.000000e+00
    endloop
  endfacet
  facet normal -9.914449e-01 1.305262e-01 0.000000e+00
    outer loop
      vertex   4.829628e-01 3.737059e+01 -1.000000e+00
      vertex   4.999999e-01 3.750000e+01 -2.000000e+00
      vertex   4.829628e-01 3.737059e+01 -2.000000e+00
    endloop
  endfacet
  facet normal -9.238795e-01 3.826834e-01 0.000000e+00
    outer loop
      vertex   4.829628e-01 3.737059e+01 -1.000000e+00
      vertex   4.829628e-01 3.737059e+01 -2.000000e+00
      vertex   4.330126e-01 3.725000e+01 -1.000000e+00
    endloop
  endfacet
  facet normal -9.238795e-01 3.826834e-01 0.000000e+00
    outer loop
      vertex   4.330126e-01 3.725000e+01 -1.000000e+00
      vertex   4.829628e-01 3.737059e+01 -2.000000e+00
      vertex   4.330126e-01 3.725000e+01 -2.000000e+00
    endloop
  endfacet
  facet normal -7.933534e-01 6.087614e-01 0.000000e+00
    outer loop
      vertex   4.330126e-01 3.725000e+01 -1.000000e+00
      vertex   4.330126e-01 3.725000e+01 -2.000000e+00
      vertex   3.535533e-01 3.714645e+01 -1.000000e+00
    endloop
  endfacet
  facet normal -7.933534e-01 6.087614e-01 4.403996e-17
    outer loop
      vertex   3.535533e-01 3.714645e+01 -1.000000e+00
      vertex   4.330126e-01 3.725000e+01 -2.000000e+00
      vertex   3.535533e-01 3.714645e+01 -2.000000e+00
    endloop
  endfacet
  facet normal -6.087614e-01 7.933533e-01 3.379305e-17
    outer loop
      vertex   3.535533e-01 3.714645e+01 -1.000000e+00
      vertex   3.535533e-01 3.714645e+01 -2.000000e+00
      vertex   2.500000e-01 3.706699e+01 -1.000000e+00
    endloop
  endfacet
  facet normal -6.087614e-01 7.933533e-01 1.013791e-16
    outer loop
      vertex   2.500000e-01 3.706699e+01 -1.000000e+00
      vertex   3.535533e-01 3.714645e+01 -2.000000e+00
      vertex   2.500000e-01 3.706699e+01 -2.000000e+00
    endloop
  endfacet
  facet normal -3.826835e-01 9.238795e-01 6.372960e-17
    outer loop
      vertex   2.500000e-01 3.706699e+01 -1.000000e+00
      vertex   2.500000e-01 3.706699e+01 -2.000000e+00
      vertex   1.294095e-01 3.701704e+01 -1.000000e+00
    endloop
  endfacet
  facet normal -3.826835e-01 9.238795e-01 7.435120e-17
    outer loop
      vertex   1.294095e-01 3.701704e+01 -1.000000e+00
      vertex   2.500000e-01 3.706699e+01 -2.000000e+00
      vertex   1.294095e-01 3.701704e+01 -2.000000e+00
    endloop
  endfacet
  facet normal -1.305262e-01 9.914449e-01 2.535981e-17
    outer loop
      vertex   1.294095e-01 3.701704e+01 -1.000000e+00
      vertex   1.294095e-01 3.701704e+01 -2.000000e+00
      vertex   1.771812e-08 3.700000e+01 -1.000000e+00
    endloop
  endfacet
  facet normal -1.305262e-01 9.914449e-01 0.000000e+00
    outer loop
      vertex   1.771812e-08 3.700000e+01 -1.000000e+00
      vertex   1.294095e-01 3.701704e+01 -2.000000e+00
      vertex   1.771812e-08 3.700000e+01 -2.000000e+00
    endloop
  endfacet
  facet normal 1.305262e-01 9.914449e-01 0.000000e+00
    outer loop
      vertex   -2.998300e+01 4.900000e+01 -1.000000e+00
      vertex   -2.998300e+01 4.900000e+01 -2.000000e+00
      vertex   -3.011241e+01 4.901704e+01 -1.000000e+00
    endloop
  endfacet
  facet normal 1.305262e-01 9.914449e-01 0.000000e+00
    outer loop
      vertex   -3.011241e+01 4.901704e+01 -1.000000e+00
      vertex   -2.998300e+01 4.900000e+01 -2.000000e+00
      vertex   -3.011241e+01 4.901704e+01 -2.000000e+00
    endloop
  endfacet
  facet normal 3.826834e-01 9.238795e-01 0.000000e+00
    outer loop
      vertex   -3.011241e+01 4.901704e+01 -1.000000e+00
      vertex   -3.011241e+01 4.901704e+01 -2.000000e+00
      vertex   -3.023300e+01 4.906699e+01 -1.000000e+00
    endloop
  endfacet
  facet normal 3.826834e-01 9.238795e-01 0.000000e+00
    outer loop
      vertex   -3.023300e+01 4.906699e+01 -1.000000e+00
      vertex   -3.011241e+01 4.901704e+01 -2.000000e+00
      vertex   -3.023300e+01 4.906699e+01 -2.000000e+00
    endloop
  endfacet
  facet normal 6.087614e-01 7.933534e-01 0.000000e+00
    outer loop
      vertex   -3.023300e+01 4.906699e+01 -1.000000e+00
      vertex   -3.023300e+01 4.906699e+01 -2.000000e+00
      vertex   -3.033655e+01 4.914645e+01 -1.000000e+00
    endloop
  endfacet
  facet normal 6.087614e-01 7.933534e-01 0.000000e+00
    outer loop
      vertex   -3.033655e+01 4.914645e+01 -1.000000e+00
      vertex   -3.023300e+01 4.906699e+01 -2.000000e+00
      vertex   -3.033655e+01 4.914645e+01 -2.000000e+00
    endloop
  endfacet
  facet normal 7.933533e-01 6.087614e-01 0.000000e+00
    outer loop
      vertex   -3.033655e+01 4.914645e+01 -1.000000e+00
      vertex   -3.033655e+01 4.914645e+01 -2.000000e+00
      vertex   -3.041601e+01 4.925000e+01 -1.000000e+00
    endloop
  endfacet
  facet normal 7.933533e-01 6.087614e-01 0.000000e+00
    outer loop
      vertex   -3.041601e+01 4.925000e+01 -1.000000e+00
      vertex   -3.033655e+01 4.914645e+01 -2.000000e+00
      vertex   -3.041601e+01 4.925000e+01 -2.000000e+00
    endloop
  endfacet
  facet normal 9.238795e-01 3.826834e-01 0.000000e+00
    outer loop
      vertex   -3.041601e+01 4.925000e+01 -1.000000e+00
      vertex   -3.041601e+01 4.925000e+01 -2.000000e+00
      vertex   -3.046596e+01 4.937059e+01 -1.000000e+00
    endloop
  endfacet
  facet normal 9.238795e-01 3.826834e-01 0.000000e+00
    outer loop
      vertex   -3.046596e+01 4.937059e+01 -1.000000e+00
      vertex   -3.041601e+01 4.925000e+01 -2.000000e+00
      vertex   -3.046596e+01 4.937059e+01 -2.000000e+00
    endloop
  endfacet
  facet normal 9.914449e-01 1.305262e-01 0.000000e+00
    outer loop
      vertex   -3.046596e+01 4.937059e+01 -1.000000e+00
      vertex   -3.046596e+01 4.937059e+01 -2.000000e+00
      vertex   -3.048300e+01 4.950000e+01 -1.000000e+00
    endloop
  endfacet
  facet normal 9.914449e-01 1.305262e-01 0.000000e+00
    outer loop
      vertex   -3.048300e+01 4.950000e+01 -1.000000e+00
      vertex   -3.046596e+01 4.937059e+01 -2.000000e+00
      vertex   -3.048300e+01 4.950000e+01 -2.000000e+00
    endloop
  endfacet
  facet normal 9.914449e-01 -1.305262e-01 0.000000e+00
    outer loop
      vertex   -3.048300e+01 4.950000e+01 -1.000000e+00
      vertex   -3.048300e+01 4.950000e+01 -2.000000e+00
      vertex   -3.046596e+01 4.962941e+01 -1.000000e+00
    endloop
  endfacet
  facet normal 9.914449e-01 -1.305262e-01 0.000000e+00
    outer loop
      vertex   -3.046596e+01 4.962941e+01 -1.000000e+00
      vertex   -3.048300e+01 4.950000e+01 -2.000000e+00
      vertex   -3.046596e+01 4.962941e+01 -2.000000e+00
    endloop
  endfacet
  facet normal 9.238795e-01 -3.826834e-01 0.000000e+00
    outer loop
      vertex   -3.046596e+01 4.962941e+01 -1.000000e+00
      vertex   -3.046596e+01 4.962941e+01 -2.000000e+00
      vertex   -3.041601e+01 4.975000e+01 -1.000000e+00
    endloop
  endfacet
  facet normal 9.238795e-01 -3.826834e-01 -2.719129e-15
    outer loop
      vertex   -3.041601e+01 4.975000e+01 -1.000000e+00
      vertex   -3.046596e+01 4.962941e+01 -2.000000e+00
      vertex   -3.041601e+01 4.975000e+01 -2.000000e+00
    endloop
  endfacet
  facet normal 7.933533e-01 -6.087614e-01 -4.325510e-15
    outer loop
      vertex   -3.041601e+01 4.975000e+01 -1.000000e+00
      vertex   -3.041601e+01 4.975000e+01 -2.000000e+00
      vertex   -3.033655e+01 4.985355e+01 -1.000000e+00
    endloop
  endfacet
  facet normal 7.933533e-01 -6.087614e-01 0.000000e+00
    outer loop
      vertex   -3.033655e+01 4.985355e+01 -1.000000e+00
      vertex   -3.041601e+01 4.975000e+01 -2.000000e+00
      vertex   -3.033655e+01 4.985355e+01 -2.000000e+00
    endloop
  endfacet
  facet normal 6.087614e-01 -7.933534e-01 0.000000e+00
    outer loop
      vertex   -3.033655e+01 4.985355e+01 -1.000000e+00
      vertex   -3.033655e+01 4.985355e+01 -2.000000e+00
      vertex   -3.023300e+01 4.993301e+01 -1.000000e+00
    endloop
  endfacet
  facet normal 6.087614e-01 -7.933534e-01 0.000000e+00
    outer loop
      vertex   -3.023300e+01 4.993301e+01 -1.000000e+00
      vertex   -3.033655e+01 4.985355e+01 -2.000000e+00
      vertex   -3.023300e+01 4.993301e+01 -2.000000e+00
    endloop
  endfacet
  facet normal 3.826834e-01 -9.238795e-01 0.000000e+00
    outer loop
      vertex   -3.023300e+01 4.993301e+01 -1.000000e+00
      vertex   -3.023300e+01 4.993301e+01 -2.000000e+00
      vertex   -3.011241e+01 4.998296e+01 -1.000000e+00
    endloop
  endfacet
  facet normal 3.826834e-01 -9.238795e-01 0.000000e+00
    outer loop
      vertex   -3.011241e+01 4.998296e+01 -1.000000e+00
      vertex   -3.023300e+01 4.993301e+01 -2.000000e+00
      vertex   -3.011241e+01 4.998296e+01 -2.000000e+00
    endloop
  endfacet
  facet normal 1.305262e-01 -9.914449e-01 0.000000e+00
    outer loop
      vertex   -3.011241e+01 4.998296e+01 -1.000000e+00
      vertex   -3.011241e+01 4.998296e+01 -2.000000e+00
      vertex   -2.998300e+01 5.000000e+01 -1.000000e+00
    endloop
  endfacet
  facet normal 1.305262e-01 -9.914449e-01 0.000000e+00
    outer loop
      vertex   -2.998300e+01 5.000000e+01 -1.000000e+00
      vertex   -3.011241e+01 4.998296e+01 -2.000000e+00
      vertex   -2.998300e+01 5.000000e+01 -2.000000e+00
    endloop
  endfacet
  facet normal -3.543628e-08 1.000000e+00 0.000000e+00
    outer loop
      vertex   1.771812e-08 4.900000e+01 -2.000000e+00
      vertex   -2.998300e+01 4.900000e+01 -2.000000e+00
      vertex   1.771812e-08 4.900000e+01 -1.000000e+00
    endloop
  endfacet
  facet normal -3.543628e-08 1.000000e+00 0.000000e+00
    outer loop
      vertex   1.771812e-08 4.900000e+01 -1.000000e+00
      vertex   -2.998300e+01 4.900000e+01 -2.000000e+00
      vertex   -2.998300e+01 4.900000e+01 -1.000000e+00
    endloop
  endfacet
  facet normal -1.305262e-01 -9.914449e-01 -0.000000e+00
    outer loop
      vertex   1.659367e-08 5.000000e+01 -1.000000e+00
      vertex   1.659367e-08 5.000000e+01 -2.000000e+00
      vertex   1.294095e-01 4.998296e+01 -1.000000e+00
    endloop
  endfacet
  facet normal -1.305262e-01 -9.914449e-01 -0.000000e+00
    outer loop
      vertex   1.294095e-01 4.998296e+01 -1.000000e+00
      vertex   1.659367e-08 5.000000e+01 -2.000000e+00
      vertex   1.294095e-01 4.998296e+01 -2.000000e+00
    endloop
  endfacet
  facet normal -3.826835e-01 -9.238795e-01 -0.000000e+00
    outer loop
      vertex   1.294095e-01 4.998296e+01 -1.000000e+00
      vertex   1.294095e-01 4.998296e+01 -2.000000e+00
      vertex   2.500000e-01 4.993301e+01 -1.000000e+00
    endloop
  endfacet
  facet normal -3.826835e-01 -9.238795e-01 -0.000000e+00
    outer loop
      vertex   2.500000e-01 4.993301e+01 -1.000000e+00
      vertex   1.294095e-01 4.998296e+01 -2.000000e+00
      vertex   2.500000e-01 4.993301e+01 -2.000000e+00
    endloop
  endfacet
  facet normal -6.087614e-01 -7.933533e-01 -0.000000e+00
    outer loop
      vertex   2.500000e-01 4.993301e+01 -1.000000e+00
      vertex   2.500000e-01 4.993301e+01 -2.000000e+00
      vertex   3.535533e-01 4.985355e+01 -1.000000e+00
    endloop
  endfacet
  facet normal -6.087614e-01 -7.933533e-01 -0.000000e+00
    outer loop
      vertex   3.535533e-01 4.985355e+01 -1.000000e+00
      vertex   2.500000e-01 4.993301e+01 -2.000000e+00
      vertex   3.535533e-01 4.985355e+01 -2.000000e+00
    endloop
  endfacet
  facet normal -7.933533e-01 -6.087614e-01 -0.000000e+00
    outer loop
      vertex   3.535533e-01 4.985355e+01 -1.000000e+00
      vertex   3.535533e-01 4.985355e+01 -2.000000e+00
      vertex   4.330126e-01 4.975000e+01 -1.000000e+00
    endloop
  endfacet
  facet normal -7.933533e-01 -6.087614e-01 -0.000000e+00
    outer loop
      vertex   4.330126e-01 4.975000e+01 -1.000000e+00
      vertex   3.535533e-01 4.985355e+01 -2.000000e+00
      vertex   4.330126e-01 4.975000e+01 -2.000000e+00
    endloop
  endfacet
  facet normal -9.238795e-01 -3.826834e-01 -0.000000e+00
    outer loop
      vertex   4.330126e-01 4.975000e+01 -1.000000e+00
      vertex   4.330126e-01 4.975000e+01 -2.000000e+00
      vertex   4.829628e-01 4.962941e+01 -1.000000e+00
    endloop
  endfacet
  facet normal -9.238795e-01 -3.826834e-01 5.128562e-17
    outer loop
      vertex   4.829628e-01 4.962941e+01 -1.000000e+00
      vertex   4.330126e-01 4.975000e+01 -2.000000e+00
      vertex   4.829628e-01 4.962941e+01 -2.000000e+00
    endloop
  endfacet
  facet normal -9.914449e-01 -1.305262e-01 5.503625e-17
    outer loop
      vertex   4.829628e-01 4.962941e+01 -1.000000e+00
      vertex   4.829628e-01 4.962941e+01 -2.000000e+00
      vertex   4.999999e-01 4.950000e+01 -1.000000e+00
    endloop
  endfacet
  facet normal -9.914449e-01 -1.305262e-01 -0.000000e+00
    outer loop
      vertex   4.999999e-01 4.950000e+01 -1.000000e+00
      vertex   4.829628e-01 4.962941e+01 -2.000000e+00
      vertex   4.999999e-01 4.950000e+01 -2.000000e+00
    endloop
  endfacet
  facet normal -9.914449e-01 1.305262e-01 0.000000e+00
    outer loop
      vertex   4.999999e-01 4.950000e+01 -1.000000e+00
      vertex   4.999999e-01 4.950000e+01 -2.000000e+00
      vertex   4.829628e-01 4.937059e+01 -1.000000e+00
    endloop
  endfacet
  facet normal -9.914449e-01 1.305262e-01 -5.503625e-17
    outer loop
      vertex   4.829628e-01 4.937059e+01 -1.000000e+00
      vertex   4.999999e-01 4.950000e+01 -2.000000e+00
      vertex   4.829628e-01 4.937059e+01 -2.000000e+00
    endloop
  endfacet
  facet normal -9.238795e-01 3.826834e-01 -5.128562e-17
    outer loop
      vertex   4.829628e-01 4.937059e+01 -1.000000e+00
      vertex   4.829628e-01 4.937059e+01 -2.000000e+00
      vertex   4.330126e-01 4.925000e+01 -1.000000e+00
    endloop
  endfacet
  facet normal -9.238795e-01 3.826834e-01 -1.025712e-16
    outer loop
      vertex   4.330126e-01 4.925000e+01 -1.000000e+00
      vertex   4.829628e-01 4.937059e+01 -2.000000e+00
      vertex   4.330126e-01 4.925000e+01 -2.000000e+00
    endloop
  endfacet
  facet normal -7.933533e-01 6.087614e-01 -8.807992e-17
    outer loop
      vertex   4.330126e-01 4.925000e+01 -1.000000e+00
      vertex   4.330126e-01 4.925000e+01 -2.000000e+00
      vertex   3.535533e-01 4.914645e+01 -1.000000e+00
    endloop
  endfacet
  facet normal -7.933533e-01 6.087614e-01 0.000000e+00
    outer loop
      vertex   3.535533e-01 4.914645e+01 -1.000000e+00
      vertex   4.330126e-01 4.925000e+01 -2.000000e+00
      vertex   3.535533e-01 4.914645e+01 -2.000000e+00
    endloop
  endfacet
  facet normal -6.087614e-01 7.933533e-01 0.000000e+00
    outer loop
      vertex   3.535533e-01 4.914645e+01 -1.000000e+00
      vertex   3.535533e-01 4.914645e+01 -2.000000e+00
      vertex   2.500000e-01 4.906699e+01 -1.000000e+00
    endloop
  endfacet
  facet normal -6.087614e-01 7.933533e-01 -1.689652e-17
    outer loop
      vertex   2.500000e-01 4.906699e+01 -1.000000e+00
      vertex   3.535533e-01 4.914645e+01 -2.000000e+00
      vertex   2.500000e-01 4.906699e+01 -2.000000e+00
    endloop
  endfacet
  facet normal -3.826835e-01 9.238795e-01 -1.062160e-17
    outer loop
      vertex   2.500000e-01 4.906699e+01 -1.000000e+00
      vertex   2.500000e-01 4.906699e+01 -2.000000e+00
      vertex   1.294095e-01 4.901704e+01 -1.000000e+00
    endloop
  endfacet
  facet normal -3.826835e-01 9.238795e-01 -3.186480e-17
    outer loop
      vertex   1.294095e-01 4.901704e+01 -1.000000e+00
      vertex   2.500000e-01 4.906699e+01 -2.000000e+00
      vertex   1.294095e-01 4.901704e+01 -2.000000e+00
    endloop
  endfacet
  facet normal -1.305262e-01 9.914449e-01 -1.086849e-17
    outer loop
      vertex   1.294095e-01 4.901704e+01 -1.000000e+00
      vertex   1.294095e-01 4.901704e+01 -2.000000e+00
      vertex   1.771812e-08 4.900000e+01 -1.000000e+00
    endloop
  endfacet
  facet normal -1.305262e-01 9.914449e-01 0.000000e+00
    outer loop
      vertex   1.771812e-08 4.900000e+01 -1.000000e+00
      vertex   1.294095e-01 4.901704e+01 -2.000000e+00
      vertex   1.771812e-08 4.900000e+01 -2.000000e+00
    endloop
  endfacet
  facet normal -3.318738e-08 -1.000000e+00 0.000000e+00
    outer loop
      vertex   -2.998300e+01 5.000000e+01 -2.000000e+00
      vertex   1.659367e-08 5.000000e+01 -2.000000e+00
      vertex   -2.998300e+01 5.000000e+01 -1.000000e+00
    endloop
  endfacet
  facet normal -3.318738e-08 -1.000000e+00 0.000000e+00
    outer loop
      vertex   -2.998300e+01 5.000000e+01 -1.000000e+00
      vertex   1.659367e-08 5.000000e+01 -2.000000e+00
      vertex   1.659367e-08 5.000000e+01 -1.000000e+00
    endloop
  endfacet
  facet normal -3.318738e-08 -1.000000e+00 0.000000e+00
    outer loop
      vertex   -2.998300e+01 4.700000e+01 -2.000000e+00
      vertex   1.560184e-08 4.700000e+01 -2.000000e+00
      vertex   -2.998300e+01 4.700000e+01 -1.000000e+00
    endloop
  endfacet
  facet normal -3.318738e-08 -1.000000e+00 0.000000e+00
    outer loop
      vertex   -2.998300e+01 4.700000e+01 -1.000000e+00
      vertex   1.560184e-08 4.700000e+01 -2.000000e+00
      vertex   1.560184e-08 4.700000e+01 -1.000000e+00
    endloop
  endfacet
  facet normal 1.305262e-01 9.914449e-01 0.000000e+00
    outer loop
      vertex   -2.998300e+01 4.600000e+01 -1.000000e+00
      vertex   -2.998300e+01 4.600000e+01 -2.000000e+00
      vertex   -3.011241e+01 4.601704e+01 -1.000000e+00
    endloop
  endfacet
  facet normal 1.305262e-01 9.914449e-01 0.000000e+00
    outer loop
      vertex   -3.011241e+01 4.601704e+01 -1.000000e+00
      vertex   -2.998300e+01 4.600000e+01 -2.000000e+00
      vertex   -3.011241e+01 4.601704e+01 -2.000000e+00
    endloop
  endfacet
  facet normal 3.826834e-01 9.238795e-01 0.000000e+00
    outer loop
      vertex   -3.011241e+01 4.601704e+01 -1.000000e+00
      vertex   -3.011241e+01 4.601704e+01 -2.000000e+00
      vertex   -3.023300e+01 4.606699e+01 -1.000000e+00
    endloop
  endfacet
  facet normal 3.826834e-01 9.238795e-01 0.000000e+00
    outer loop
      vertex   -3.023300e+01 4.606699e+01 -1.000000e+00
      vertex   -3.011241e+01 4.601704e+01 -2.000000e+00
      vertex   -3.023300e+01 4.606699e+01 -2.000000e+00
    endloop
  endfacet
  facet normal 6.087614e-01 7.933534e-01 0.000000e+00
    outer loop
      vertex   -3.023300e+01 4.606699e+01 -1.000000e+00
      vertex   -3.023300e+01 4.606699e+01 -2.000000e+00
      vertex   -3.033655e+01 4.614645e+01 -1.000000e+00
    endloop
  endfacet
  facet normal 6.087614e-01 7.933534e-01 0.000000e+00
    outer loop
      vertex   -3.033655e+01 4.614645e+01 -1.000000e+00
      vertex   -3.023300e+01 4.606699e+01 -2.000000e+00
      vertex   -3.033655e+01 4.614645e+01 -2.000000e+00
    endloop
  endfacet
  facet normal 7.933533e-01 6.087614e-01 0.000000e+00
    outer loop
      vertex   -3.033655e+01 4.614645e+01 -1.000000e+00
      vertex   -3.033655e+01 4.614645e+01 -2.000000e+00
      vertex   -3.041601e+01 4.625000e+01 -1.000000e+00
    endloop
  endfacet
  facet normal 7.933533e-01 6.087614e-01 0.000000e+00
    outer loop
      vertex   -3.041601e+01 4.625000e+01 -1.000000e+00
      vertex   -3.033655e+01 4.614645e+01 -2.000000e+00
      vertex   -3.041601e+01 4.625000e+01 -2.000000e+00
    endloop
  endfacet
  facet normal 9.238795e-01 3.826834e-01 0.000000e+00
    outer loop
      vertex   -3.041601e+01 4.625000e+01 -1.000000e+00
      vertex   -3.041601e+01 4.625000e+01 -2.000000e+00
      vertex   -3.046596e+01 4.637059e+01 -1.000000e+00
    endloop
  endfacet
  facet normal 9.238795e-01 3.826834e-01 0.000000e+00
    outer loop
      vertex   -3.046596e+01 4.637059e+01 -1.000000e+00
      vertex   -3.041601e+01 4.625000e+01 -2.000000e+00
      vertex   -3.046596e+01 4.637059e+01 -2.000000e+00
    endloop
  endfacet
  facet normal 9.914449e-01 1.305262e-01 0.000000e+00
    outer loop
      vertex   -3.046596e+01 4.637059e+01 -1.000000e+00
      vertex   -3.046596e+01 4.637059e+01 -2.000000e+00
      vertex   -3.048300e+01 4.650000e+01 -1.000000e+00
    endloop
  endfacet
  facet normal 9.914449e-01 1.305262e-01 0.000000e+00
    outer loop
      vertex   -3.048300e+01 4.650000e+01 -1.000000e+00
      vertex   -3.046596e+01 4.637059e+01 -2.000000e+00
      vertex   -3.048300e+01 4.650000e+01 -2.000000e+00
    endloop
  endfacet
  facet normal 9.914449e-01 -1.305262e-01 0.000000e+00
    outer loop
      vertex   -3.048300e+01 4.650000e+01 -1.000000e+00
      vertex   -3.048300e+01 4.650000e+01 -2.000000e+00
      vertex   -3.046596e+01 4.662941e+01 -1.000000e+00
    endloop
  endfacet
  facet normal 9.914449e-01 -1.305262e-01 0.000000e+00
    outer loop
      vertex   -3.046596e+01 4.662941e+01 -1.000000e+00
      vertex   -3.048300e+01 4.650000e+01 -2.000000e+00
      vertex   -3.046596e+01 4.662941e+01 -2.000000e+00
    endloop
  endfacet
  facet normal 9.238795e-01 -3.826834e-01 0.000000e+00
    outer loop
      vertex   -3.046596e+01 4.662941e+01 -1.000000e+00
      vertex   -3.046596e+01 4.662941e+01 -2.000000e+00
      vertex   -3.041601e+01 4.675000e+01 -1.000000e+00
    endloop
  endfacet
  facet normal 9.238795e-01 -3.826834e-01 0.000000e+00
    outer loop
      vertex   -3.041601e+01 4.675000e+01 -1.000000e+00
      vertex   -3.046596e+01 4.662941e+01 -2.000000e+00
      vertex   -3.041601e+01 4.675000e+01 -2.000000e+00
    endloop
  endfacet
  facet normal 7.933533e-01 -6.087614e-01 0.000000e+00
    outer loop
      vertex   -3.041601e+01 4.675000e+01 -1.000000e+00
      vertex   -3.041601e+01 4.675000e+01 -2.000000e+00
      vertex   -3.033655e+01 4.685355e+01 -1.000000e+00
    endloop
  endfacet
  facet normal 7.933533e-01 -6.087614e-01 0.000000e+00
    outer loop
      vertex   -3.033655e+01 4.685355e+01 -1.000000e+00
      vertex   -3.041601e+01 4.675000e+01 -2.000000e+00
      vertex   -3.033655e+01 4.685355e+01 -2.000000e+00
    endloop
  endfacet
  facet normal 6.087614e-01 -7.933534e-01 0.000000e+00
    outer loop
      vertex   -3.033655e+01 4.685355e+01 -1.000000e+00
      vertex   -3.033655e+01 4.685355e+01 -2.000000e+00
      vertex   -3.023300e+01 4.693301e+01 -1.000000e+00
    endloop
  endfacet
  facet normal 6.087614e-01 -7.933534e-01 0.000000e+00
    outer loop
      vertex   -3.023300e+01 4.693301e+01 -1.000000e+00
      vertex   -3.033655e+01 4.685355e+01 -2.000000e+00
      vertex   -3.023300e+01 4.693301e+01 -2.000000e+00
    endloop
  endfacet
  facet normal 3.826834e-01 -9.238795e-01 0.000000e+00
    outer loop
      vertex   -3.023300e+01 4.693301e+01 -1.000000e+00
      vertex   -3.023300e+01 4.693301e+01 -2.000000e+00
      vertex   -3.011241e+01 4.698296e+01 -1.000000e+00
    endloop
  endfacet
  facet normal 3.826834e-01 -9.238795e-01 0.000000e+00
    outer loop
      vertex   -3.011241e+01 4.698296e+01 -1.000000e+00
      vertex   -3.023300e+01 4.693301e+01 -2.000000e+00
      vertex   -3.011241e+01 4.698296e+01 -2.000000e+00
    endloop
  endfacet
  facet normal 1.305262e-01 -9.914449e-01 0.000000e+00
    outer loop
      vertex   -3.011241e+01 4.698296e+01 -1.000000e+00
      vertex   -3.011241e+01 4.698296e+01 -2.000000e+00
      vertex   -2.998300e+01 4.700000e+01 -1.000000e+00
    endloop
  endfacet
  facet normal 1.305262e-01 -9.914449e-01 0.000000e+00
    outer loop
      vertex   -2.998300e+01 4.700000e+01 -1.000000e+00
      vertex   -3.011241e+01 4.698296e+01 -2.000000e+00
      vertex   -2.998300e+01 4.700000e+01 -2.000000e+00
    endloop
  endfacet
  facet normal -3.543628e-08 1.000000e+00 0.000000e+00
    outer loop
      vertex   1.771812e-08 4.600000e+01 -2.000000e+00
      vertex   -2.998300e+01 4.600000e+01 -2.000000e+00
      vertex   1.771812e-08 4.600000e+01 -1.000000e+00
    endloop
  endfacet
  facet normal -3.543628e-08 1.000000e+00 0.000000e+00
    outer loop
      vertex   1.771812e-08 4.600000e+01 -1.000000e+00
      vertex   -2.998300e+01 4.600000e+01 -2.000000e+00
      vertex   -2.998300e+01 4.600000e+01 -1.000000e+00
    endloop
  endfacet
  facet normal -1.305262e-01 -9.914449e-01 -0.000000e+00
    outer loop
      vertex   1.560184e-08 4.700000e+01 -1.000000e+00
      vertex   1.560184e-08 4.700000e+01 -2.000000e+00
      vertex   1.294095e-01 4.698296e+01 -1.000000e+00
    endloop
  endfacet
  facet normal -1.305262e-01 -9.914449e-01 -2.898264e-17
    outer loop
      vertex   1.294095e-01 4.698296e+01 -1.000000e+00
      vertex   1.560184e-08 4.700000e+01 -2.000000e+00
      vertex   1.294095e-01 4.698296e+01 -2.000000e+00
    endloop
  endfacet
  facet normal -3.826835e-01 -9.238795e-01 -8.497280e-17
    outer loop
      vertex   1.294095e-01 4.698296e+01 -1.000000e+00
      vertex   1.294095e-01 4.698296e+01 -2.000000e+00
      vertex   2.500000e-01 4.693301e+01 -1.000000e+00
    endloop
  endfacet
  facet normal -3.826835e-01 -9.238795e-01 -5.310800e-17
    outer loop
      vertex   2.500000e-01 4.693301e+01 -1.000000e+00
      vertex   1.294095e-01 4.698296e+01 -2.000000e+00
      vertex   2.500000e-01 4.693301e+01 -2.000000e+00
    endloop
  endfacet
  facet normal -6.087614e-01 -7.933533e-01 -8.448262e-17
    outer loop
      vertex   2.500000e-01 4.693301e+01 -1.000000e+00
      vertex   2.500000e-01 4.693301e+01 -2.000000e+00
      vertex   3.535533e-01 4.685355e+01 -1.000000e+00
    endloop
  endfacet
  facet normal -6.087614e-01 -7.933533e-01 -1.351722e-16
    outer loop
      vertex   3.535533e-01 4.685355e+01 -1.000000e+00
      vertex   2.500000e-01 4.693301e+01 -2.000000e+00
      vertex   3.535533e-01 4.685355e+01 -2.000000e+00
    endloop
  endfacet
  facet normal -7.933533e-01 -6.087614e-01 -1.761598e-16
    outer loop
      vertex   3.535533e-01 4.685355e+01 -1.000000e+00
      vertex   3.535533e-01 4.685355e+01 -2.000000e+00
      vertex   4.330126e-01 4.675000e+01 -1.000000e+00
    endloop
  endfacet
  facet normal -7.933533e-01 -6.087614e-01 4.281470e-15
    outer loop
      vertex   4.330126e-01 4.675000e+01 -1.000000e+00
      vertex   3.535533e-01 4.685355e+01 -2.000000e+00
      vertex   4.330126e-01 4.675000e+01 -2.000000e+00
    endloop
  endfacet
  facet normal -9.238795e-01 -3.826834e-01 2.667844e-15
    outer loop
      vertex   4.330126e-01 4.675000e+01 -1.000000e+00
      vertex   4.330126e-01 4.675000e+01 -2.000000e+00
      vertex   4.829628e-01 4.662941e+01 -1.000000e+00
    endloop
  endfacet
  facet normal -9.238795e-01 -3.826834e-01 -0.000000e+00
    outer loop
      vertex   4.829628e-01 4.662941e+01 -1.000000e+00
      vertex   4.330126e-01 4.675000e+01 -2.000000e+00
      vertex   4.829628e-01 4.662941e+01 -2.000000e+00
    endloop
  endfacet
  facet normal -9.914449e-01 -1.305262e-01 -0.000000e+00
    outer loop
      vertex   4.829628e-01 4.662941e+01 -1.000000e+00
      vertex   4.829628e-01 4.662941e+01 -2.000000e+00
      vertex   4.999999e-01 4.650000e+01 -1.000000e+00
    endloop
  endfacet
  facet normal -9.914449e-01 -1.305262e-01 -0.000000e+00
    outer loop
      vertex   4.999999e-01 4.650000e+01 -1.000000e+00
      vertex   4.829628e-01 4.662941e+01 -2.000000e+00
      vertex   4.999999e-01 4.650000e+01 -2.000000e+00
    endloop
  endfacet
  facet normal -9.914449e-01 1.305262e-01 0.000000e+00
    outer loop
      vertex   4.999999e-01 4.650000e+01 -1.000000e+00
      vertex   4.999999e-01 4.650000e+01 -2.000000e+00
      vertex   4.829628e-01 4.637059e+01 -1.000000e+00
    endloop
  endfacet
  facet normal -9.914449e-01 1.305262e-01 0.000000e+00
    outer loop
      vertex   4.829628e-01 4.637059e+01 -1.000000e+00
      vertex   4.999999e-01 4.650000e+01 -2.000000e+00
      vertex   4.829628e-01 4.637059e+01 -2.000000e+00
    endloop
  endfacet
  facet normal -9.238795e-01 3.826834e-01 0.000000e+00
    outer loop
      vertex   4.829628e-01 4.637059e+01 -1.000000e+00
      vertex   4.829628e-01 4.637059e+01 -2.000000e+00
      vertex   4.330126e-01 4.625000e+01 -1.000000e+00
    endloop
  endfacet
  facet normal -9.238795e-01 3.826834e-01 0.000000e+00
    outer loop
      vertex   4.330126e-01 4.625000e+01 -1.000000e+00
      vertex   4.829628e-01 4.637059e+01 -2.000000e+00
      vertex   4.330126e-01 4.625000e+01 -2.000000e+00
    endloop
  endfacet
  facet normal -7.933534e-01 6.087614e-01 0.000000e+00
    outer loop
      vertex   4.330126e-01 4.625000e+01 -1.000000e+00
      vertex   4.330126e-01 4.625000e+01 -2.000000e+00
      vertex   3.535533e-01 4.614645e+01 -1.000000e+00
    endloop
  endfacet
  facet normal -7.933534e-01 6.087614e-01 4.403996e-17
    outer loop
      vertex   3.535533e-01 4.614645e+01 -1.000000e+00
      vertex   4.330126e-01 4.625000e+01 -2.000000e+00
      vertex   3.535533e-01 4.614645e+01 -2.000000e+00
    endloop
  endfacet
  facet normal -6.087614e-01 7.933533e-01 3.379305e-17
    outer loop
      vertex   3.535533e-01 4.614645e+01 -1.000000e+00
      vertex   3.535533e-01 4.614645e+01 -2.000000e+00
      vertex   2.500000e-01 4.606699e+01 -1.000000e+00
    endloop
  endfacet
  facet normal -6.087614e-01 7.933533e-01 1.013791e-16
    outer loop
      vertex   2.500000e-01 4.606699e+01 -1.000000e+00
      vertex   3.535533e-01 4.614645e+01 -2.000000e+00
      vertex   2.500000e-01 4.606699e+01 -2.000000e+00
    endloop
  endfacet
  facet normal -3.826835e-01 9.238795e-01 6.372960e-17
    outer loop
      vertex   2.500000e-01 4.606699e+01 -1.000000e+00
      vertex   2.500000e-01 4.606699e+01 -2.000000e+00
      vertex   1.294095e-01 4.601704e+01 -1.000000e+00
    endloop
  endfacet
  facet normal -3.826835e-01 9.238795e-01 7.435120e-17
    outer loop
      vertex   1.294095e-01 4.601704e+01 -1.000000e+00
      vertex   2.500000e-01 4.606699e+01 -2.000000e+00
      vertex   1.294095e-01 4.601704e+01 -2.000000e+00
    endloop
  endfacet
  facet normal -1.305262e-01 9.914449e-01 2.535981e-17
    outer loop
      vertex   1.294095e-01 4.601704e+01 -1.000000e+00
      vertex   1.294095e-01 4.601704e+01 -2.000000e+00
      vertex   1.771812e-08 4.600000e+01 -1.000000e+00
    endloop
  endfacet
  facet normal -1.305262e-01 9.914449e-01 0.000000e+00
    outer loop
      vertex   1.771812e-08 4.600000e+01 -1.000000e+00
      vertex   1.294095e-01 4.601704e+01 -2.000000e+00
      vertex   1.771812e-08 4.600000e+01 -2.000000e+00
    endloop
  endfacet
  facet normal -3.318738e-08 -1.000000e+00 0.000000e+00
    outer loop
      vertex   -2.998300e+01 4.100000e+01 -2.000000e+00
      vertex   1.560184e-08 4.100000e+01 -2.000000e+00
      vertex   -2.998300e+01 4.100000e+01 -1.000000e+00
    endloop
  endfacet
  facet normal -3.318738e-08 -1.000000e+00 0.000000e+00
    outer loop
      vertex   -2.998300e+01 4.100000e+01 -1.000000e+00
      vertex   1.560184e-08 4.100000e+01 -2.000000e+00
      vertex   1.560184e-08 4.100000e+01 -1.000000e+00
    endloop
  endfacet
  facet normal 1.305262e-01 9.914449e-01 0.000000e+00
    outer loop
      vertex   -2.998300e+01 4.000000e+01 -1.000000e+00
      vertex   -2.998300e+01 4.000000e+01 -2.000000e+00
      vertex   -3.011241e+01 4.001704e+01 -1.000000e+00
    endloop
  endfacet
  facet normal 1.305262e-01 9.914449e-01 0.000000e+00
    outer loop
      vertex   -3.011241e+01 4.001704e+01 -1.000000e+00
      vertex   -2.998300e+01 4.000000e+01 -2.000000e+00
      vertex   -3.011241e+01 4.001704e+01 -2.000000e+00
    endloop
  endfacet
  facet normal 3.826834e-01 9.238795e-01 0.000000e+00
    outer loop
      vertex   -3.011241e+01 4.001704e+01 -1.000000e+00
      vertex   -3.011241e+01 4.001704e+01 -2.000000e+00
      vertex   -3.023300e+01 4.006699e+01 -1.000000e+00
    endloop
  endfacet
  facet normal 3.826834e-01 9.238795e-01 0.000000e+00
    outer loop
      vertex   -3.023300e+01 4.006699e+01 -1.000000e+00
      vertex   -3.011241e+01 4.001704e+01 -2.000000e+00
      vertex   -3.023300e+01 4.006699e+01 -2.000000e+00
    endloop
  endfacet
  facet normal 6.087614e-01 7.933534e-01 0.000000e+00
    outer loop
      vertex   -3.023300e+01 4.006699e+01 -1.000000e+00
      vertex   -3.023300e+01 4.006699e+01 -2.000000e+00
      vertex   -3.033655e+01 4.014645e+01 -1.000000e+00
    endloop
  endfacet
  facet normal 6.087614e-01 7.933534e-01 0.000000e+00
    outer loop
      vertex   -3.033655e+01 4.014645e+01 -1.000000e+00
      vertex   -3.023300e+01 4.006699e+01 -2.000000e+00
      vertex   -3.033655e+01 4.014645e+01 -2.000000e+00
    endloop
  endfacet
  facet normal 7.933533e-01 6.087614e-01 0.000000e+00
    outer loop
      vertex   -3.033655e+01 4.014645e+01 -1.000000e+00
      vertex   -3.033655e+01 4.014645e+01 -2.000000e+00
      vertex   -3.041601e+01 4.025000e+01 -1.000000e+00
    endloop
  endfacet
  facet normal 7.933533e-01 6.087614e-01 0.000000e+00
    outer loop
      vertex   -3.041601e+01 4.025000e+01 -1.000000e+00
      vertex   -3.033655e+01 4.014645e+01 -2.000000e+00
      vertex   -3.041601e+01 4.025000e+01 -2.000000e+00
    endloop
  endfacet
  facet normal 9.238795e-01 3.826834e-01 0.000000e+00
    outer loop
      vertex   -3.041601e+01 4.025000e+01 -1.000000e+00
      vertex   -3.041601e+01 4.025000e+01 -2.000000e+00
      vertex   -3.046596e+01 4.037059e+01 -1.000000e+00
    endloop
  endfacet
  facet normal 9.238795e-01 3.826834e-01 0.000000e+00
    outer loop
      vertex   -3.046596e+01 4.037059e+01 -1.000000e+00
      vertex   -3.041601e+01 4.025000e+01 -2.000000e+00
      vertex   -3.046596e+01 4.037059e+01 -2.000000e+00
    endloop
  endfacet
  facet normal 9.914449e-01 1.305262e-01 0.000000e+00
    outer loop
      vertex   -3.046596e+01 4.037059e+01 -1.000000e+00
      vertex   -3.046596e+01 4.037059e+01 -2.000000e+00
      vertex   -3.048300e+01 4.050000e+01 -1.000000e+00
    endloop
  endfacet
  facet normal 9.914449e-01 1.305262e-01 0.000000e+00
    outer loop
      vertex   -3.048300e+01 4.050000e+01 -1.000000e+00
      vertex   -3.046596e+01 4.037059e+01 -2.000000e+00
      vertex   -3.048300e+01 4.050000e+01 -2.000000e+00
    endloop
  endfacet
  facet normal 9.914449e-01 -1.305262e-01 0.000000e+00
    outer loop
      vertex   -3.048300e+01 4.050000e+01 -1.000000e+00
      vertex   -3.048300e+01 4.050000e+01 -2.000000e+00
      vertex   -3.046596e+01 4.062941e+01 -1.000000e+00
    endloop
  endfacet
  facet normal 9.914449e-01 -1.305262e-01 0.000000e+00
    outer loop
      vertex   -3.046596e+01 4.062941e+01 -1.000000e+00
      vertex   -3.048300e+01 4.050000e+01 -2.000000e+00
      vertex   -3.046596e+01 4.062941e+01 -2.000000e+00
    endloop
  endfacet
  facet normal 9.238795e-01 -3.826834e-01 0.000000e+00
    outer loop
      vertex   -3.046596e+01 4.062941e+01 -1.000000e+00
      vertex   -3.046596e+01 4.062941e+01 -2.000000e+00
      vertex   -3.041601e+01 4.075000e+01 -1.000000e+00
    endloop
  endfacet
  facet normal 9.238795e-01 -3.826834e-01 0.000000e+00
    outer loop
      vertex   -3.041601e+01 4.075000e+01 -1.000000e+00
      vertex   -3.046596e+01 4.062941e+01 -2.000000e+00
      vertex   -3.041601e+01 4.075000e+01 -2.000000e+00
    endloop
  endfacet
  facet normal 7.933533e-01 -6.087614e-01 0.000000e+00
    outer loop
      vertex   -3.041601e+01 4.075000e+01 -1.000000e+00
      vertex   -3.041601e+01 4.075000e+01 -2.000000e+00
      vertex   -3.033655e+01 4.085355e+01 -1.000000e+00
    endloop
  endfacet
  facet normal 7.933533e-01 -6.087614e-01 0.000000e+00
    outer loop
      vertex   -3.033655e+01 4.085355e+01 -1.000000e+00
      vertex   -3.041601e+01 4.075000e+01 -2.000000e+00
      vertex   -3.033655e+01 4.085355e+01 -2.000000e+00
    endloop
  endfacet
  facet normal 6.087614e-01 -7.933534e-01 0.000000e+00
    outer loop
      vertex   -3.033655e+01 4.085355e+01 -1.000000e+00
      vertex   -3.033655e+01 4.085355e+01 -2.000000e+00
      vertex   -3.023300e+01 4.093301e+01 -1.000000e+00
    endloop
  endfacet
  facet normal 6.087614e-01 -7.933534e-01 0.000000e+00
    outer loop
      vertex   -3.023300e+01 4.093301e+01 -1.000000e+00
      vertex   -3.033655e+01 4.085355e+01 -2.000000e+00
      vertex   -3.023300e+01 4.093301e+01 -2.000000e+00
    endloop
  endfacet
  facet normal 3.826834e-01 -9.238795e-01 0.000000e+00
    outer loop
      vertex   -3.023300e+01 4.093301e+01 -1.000000e+00
      vertex   -3.023300e+01 4.093301e+01 -2.000000e+00
      vertex   -3.011241e+01 4.098296e+01 -1.000000e+00
    endloop
  endfacet
  facet normal 3.826834e-01 -9.238795e-01 0.000000e+00
    outer loop
      vertex   -3.011241e+01 4.098296e+01 -1.000000e+00
      vertex   -3.023300e+01 4.093301e+01 -2.000000e+00
      vertex   -3.011241e+01 4.098296e+01 -2.000000e+00
    endloop
  endfacet
  facet normal 1.305262e-01 -9.914449e-01 0.000000e+00
    outer loop
      vertex   -3.011241e+01 4.098296e+01 -1.000000e+00
      vertex   -3.011241e+01 4.098296e+01 -2.000000e+00
      vertex   -2.998300e+01 4.100000e+01 -1.000000e+00
    endloop
  endfacet
  facet normal 1.305262e-01 -9.914449e-01 0.000000e+00
    outer loop
      vertex   -2.998300e+01 4.100000e+01 -1.000000e+00
      vertex   -3.011241e+01 4.098296e+01 -2.000000e+00
      vertex   -2.998300e+01 4.100000e+01 -2.000000e+00
    endloop
  endfacet
  facet normal -3.543628e-08 1.000000e+00 0.000000e+00
    outer loop
      vertex   1.771812e-08 4.000000e+01 -2.000000e+00
      vertex   -2.998300e+01 4.000000e+01 -2.000000e+00
      vertex   1.771812e-08 4.000000e+01 -1.000000e+00
    endloop
  endfacet
  facet normal -3.543628e-08 1.000000e+00 0.000000e+00
    outer loop
      vertex   1.771812e-08 4.000000e+01 -1.000000e+00
      vertex   -2.998300e+01 4.000000e+01 -2.000000e+00
      vertex   -2.998300e+01 4.000000e+01 -1.000000e+00
    endloop
  endfacet
  facet normal -1.305262e-01 -9.914449e-01 -0.000000e+00
    outer loop
      vertex   1.560184e-08 4.100000e+01 -1.000000e+00
      vertex   1.560184e-08 4.100000e+01 -2.000000e+00
      vertex   1.294095e-01 4.098296e+01 -1.000000e+00
    endloop
  endfacet
  facet normal -1.305262e-01 -9.914449e-01 -2.898264e-17
    outer loop
      vertex   1.294095e-01 4.098296e+01 -1.000000e+00
      vertex   1.560184e-08 4.100000e+01 -2.000000e+00
      vertex   1.294095e-01 4.098296e+01 -2.000000e+00
    endloop
  endfacet
  facet normal -3.826835e-01 -9.238795e-01 -8.497280e-17
    outer loop
      vertex   1.294095e-01 4.098296e+01 -1.000000e+00
      vertex   1.294095e-01 4.098296e+01 -2.000000e+00
      vertex   2.500000e-01 4.093301e+01 -1.000000e+00
    endloop
  endfacet
  facet normal -3.826835e-01 -9.238795e-01 -5.310800e-17
    outer loop
      vertex   2.500000e-01 4.093301e+01 -1.000000e+00
      vertex   1.294095e-01 4.098296e+01 -2.000000e+00
      vertex   2.500000e-01 4.093301e+01 -2.000000e+00
    endloop
  endfacet
  facet normal -6.087614e-01 -7.933533e-01 -8.448262e-17
    outer loop
      vertex   2.500000e-01 4.093301e+01 -1.000000e+00
      vertex   2.500000e-01 4.093301e+01 -2.000000e+00
      vertex   3.535533e-01 4.085355e+01 -1.000000e+00
    endloop
  endfacet
  facet normal -6.087614e-01 -7.933533e-01 -1.351722e-16
    outer loop
      vertex   3.535533e-01 4.085355e+01 -1.000000e+00
      vertex   2.500000e-01 4.093301e+01 -2.000000e+00
      vertex   3.535533e-01 4.085355e+01 -2.000000e+00
    endloop
  endfacet
  facet normal -7.933533e-01 -6.087614e-01 -1.761598e-16
    outer loop
      vertex   3.535533e-01 4.085355e+01 -1.000000e+00
      vertex   3.535533e-01 4.085355e+01 -2.000000e+00
      vertex   4.330126e-01 4.075000e+01 -1.000000e+00
    endloop
  endfacet
  facet normal -7.933533e-01 -6.087614e-01 8.606980e-15
    outer loop
      vertex   4.330126e-01 4.075000e+01 -1.000000e+00
      vertex   3.535533e-01 4.085355e+01 -2.000000e+00
      vertex   4.330126e-01 4.075000e+01 -2.000000e+00
    endloop
  endfacet
  facet normal -9.238795e-01 -3.826834e-01 5.386973e-15
    outer loop
      vertex   4.330126e-01 4.075000e+01 -1.000000e+00
      vertex   4.330126e-01 4.075000e+01 -2.000000e+00
      vertex   4.829628e-01 4.062941e+01 -1.000000e+00
    endloop
  endfacet
  facet normal -9.238795e-01 -3.826834e-01 -0.000000e+00
    outer loop
      vertex   4.829628e-01 4.062941e+01 -1.000000e+00
      vertex   4.330126e-01 4.075000e+01 -2.000000e+00
      vertex   4.829628e-01 4.062941e+01 -2.000000e+00
    endloop
  endfacet
  facet normal -9.914449e-01 -1.305262e-01 -0.000000e+00
    outer loop
      vertex   4.829628e-01 4.062941e+01 -1.000000e+00
      vertex   4.829628e-01 4.062941e+01 -2.000000e+00
      vertex   4.999999e-01 4.050000e+01 -1.000000e+00
    endloop
  endfacet
  facet normal -9.914449e-01 -1.305262e-01 -0.000000e+00
    outer loop
      vertex   4.999999e-01 4.050000e+01 -1.000000e+00
      vertex   4.829628e-01 4.062941e+01 -2.000000e+00
      vertex   4.999999e-01 4.050000e+01 -2.000000e+00
    endloop
  endfacet
  facet normal -9.914449e-01 1.305262e-01 0.000000e+00
    outer loop
      vertex   4.999999e-01 4.050000e+01 -1.000000e+00
      vertex   4.999999e-01 4.050000e+01 -2.000000e+00
      vertex   4.829628e-01 4.037059e+01 -1.000000e+00
    endloop
  endfacet
  facet normal -9.914449e-01 1.305262e-01 0.000000e+00
    outer loop
      vertex   4.829628e-01 4.037059e+01 -1.000000e+00
      vertex   4.999999e-01 4.050000e+01 -2.000000e+00
      vertex   4.829628e-01 4.037059e+01 -2.000000e+00
    endloop
  endfacet
  facet normal -9.238795e-01 3.826834e-01 0.000000e+00
    outer loop
      vertex   4.829628e-01 4.037059e+01 -1.000000e+00
      vertex   4.829628e-01 4.037059e+01 -2.000000e+00
      vertex   4.330126e-01 4.025000e+01 -1.000000e+00
    endloop
  endfacet
  facet normal -9.238795e-01 3.826834e-01 0.000000e+00
    outer loop
      vertex   4.330126e-01 4.025000e+01 -1.000000e+00
      vertex   4.829628e-01 4.037059e+01 -2.000000e+00
      vertex   4.330126e-01 4.025000e+01 -2.000000e+00
    endloop
  endfacet
  facet normal -7.933534e-01 6.087614e-01 0.000000e+00
    outer loop
      vertex   4.330126e-01 4.025000e+01 -1.000000e+00
      vertex   4.330126e-01 4.025000e+01 -2.000000e+00
      vertex   3.535533e-01 4.014645e+01 -1.000000e+00
    endloop
  endfacet
  facet normal -7.933534e-01 6.087614e-01 4.403996e-17
    outer loop
      vertex   3.535533e-01 4.014645e+01 -1.000000e+00
      vertex   4.330126e-01 4.025000e+01 -2.000000e+00
      vertex   3.535533e-01 4.014645e+01 -2.000000e+00
    endloop
  endfacet
  facet normal -6.087614e-01 7.933533e-01 3.379305e-17
    outer loop
      vertex   3.535533e-01 4.014645e+01 -1.000000e+00
      vertex   3.535533e-01 4.014645e+01 -2.000000e+00
      vertex   2.500000e-01 4.006699e+01 -1.000000e+00
    endloop
  endfacet
  facet normal -6.087614e-01 7.933533e-01 1.013791e-16
    outer loop
      vertex   2.500000e-01 4.006699e+01 -1.000000e+00
      vertex   3.535533e-01 4.014645e+01 -2.000000e+00
      vertex   2.500000e-01 4.006699e+01 -2.000000e+00
    endloop
  endfacet
  facet normal -3.826835e-01 9.238795e-01 6.372960e-17
    outer loop
      vertex   2.500000e-01 4.006699e+01 -1.000000e+00
      vertex   2.500000e-01 4.006699e+01 -2.000000e+00
      vertex   1.294095e-01 4.001704e+01 -1.000000e+00
    endloop
  endfacet
  facet normal -3.826835e-01 9.238795e-01 7.435120e-17
    outer loop
      vertex   1.294095e-01 4.001704e+01 -1.000000e+00
      vertex   2.500000e-01 4.006699e+01 -2.000000e+00
      vertex   1.294095e-01 4.001704e+01 -2.000000e+00
    endloop
  endfacet
  facet normal -1.305262e-01 9.914449e-01 2.535981e-17
    outer loop
      vertex   1.294095e-01 4.001704e+01 -1.000000e+00
      vertex   1.294095e-01 4.001704e+01 -2.000000e+00
      vertex   1.771812e-08 4.000000e+01 -1.000000e+00
    endloop
  endfacet
  facet normal -1.305262e-01 9.914449e-01 0.000000e+00
    outer loop
      vertex   1.771812e-08 4.000000e+01 -1.000000e+00
      vertex   1.294095e-01 4.001704e+01 -2.000000e+00
      vertex   1.771812e-08 4.000000e+01 -2.000000e+00
    endloop
  endfacet
  facet normal -3.318738e-08 -1.000000e+00 0.000000e+00
    outer loop
      vertex   -2.998300e+01 4.400000e+01 -2.000000e+00
      vertex   1.560184e-08 4.400000e+01 -2.000000e+00
      vertex   -2.998300e+01 4.400000e+01 -1.000000e+00
    endloop
  endfacet
  facet normal -3.318738e-08 -1.000000e+00 0.000000e+00
    outer loop
      vertex   -2.998300e+01 4.400000e+01 -1.000000e+00
      vertex   1.560184e-08 4.400000e+01 -2.000000e+00
      vertex   1.560184e-08 4.400000e+01 -1.000000e+00
    endloop
  endfacet
  facet normal 1.305262e-01 9.914449e-01 0.000000e+00
    outer loop
      vertex   -2.998300e+01 4.300000e+01 -1.000000e+00
      vertex   -2.998300e+01 4.300000e+01 -2.000000e+00
      vertex   -3.011241e+01 4.301704e+01 -1.000000e+00
    endloop
  endfacet
  facet normal 1.305262e-01 9.914449e-01 0.000000e+00
    outer loop
      vertex   -3.011241e+01 4.301704e+01 -1.000000e+00
      vertex   -2.998300e+01 4.300000e+01 -2.000000e+00
      vertex   -3.011241e+01 4.301704e+01 -2.000000e+00
    endloop
  endfacet
  facet normal 3.826834e-01 9.238795e-01 0.000000e+00
    outer loop
      vertex   -3.011241e+01 4.301704e+01 -1.000000e+00
      vertex   -3.011241e+01 4.301704e+01 -2.000000e+00
      vertex   -3.023300e+01 4.306699e+01 -1.000000e+00
    endloop
  endfacet
  facet normal 3.826834e-01 9.238795e-01 0.000000e+00
    outer loop
      vertex   -3.023300e+01 4.306699e+01 -1.000000e+00
      vertex   -3.011241e+01 4.301704e+01 -2.000000e+00
      vertex   -3.023300e+01 4.306699e+01 -2.000000e+00
    endloop
  endfacet
  facet normal 6.087614e-01 7.933534e-01 0.000000e+00
    outer loop
      vertex   -3.023300e+01 4.306699e+01 -1.000000e+00
      vertex   -3.023300e+01 4.306699e+01 -2.000000e+00
      vertex   -3.033655e+01 4.314645e+01 -1.000000e+00
    endloop
  endfacet
  facet normal 6.087614e-01 7.933534e-01 0.000000e+00
    outer loop
      vertex   -3.033655e+01 4.314645e+01 -1.000000e+00
      vertex   -3.023300e+01 4.306699e+01 -2.000000e+00
      vertex   -3.033655e+01 4.314645e+01 -2.000000e+00
    endloop
  endfacet
  facet normal 7.933533e-01 6.087614e-01 0.000000e+00
    outer loop
      vertex   -3.033655e+01 4.314645e+01 -1.000000e+00
      vertex   -3.033655e+01 4.314645e+01 -2.000000e+00
      vertex   -3.041601e+01 4.325000e+01 -1.000000e+00
    endloop
  endfacet
  facet normal 7.933533e-01 6.087614e-01 0.000000e+00
    outer loop
      vertex   -3.041601e+01 4.325000e+01 -1.000000e+00
      vertex   -3.033655e+01 4.314645e+01 -2.000000e+00
      vertex   -3.041601e+01 4.325000e+01 -2.000000e+00
    endloop
  endfacet
  facet normal 9.238795e-01 3.826834e-01 0.000000e+00
    outer loop
      vertex   -3.041601e+01 4.325000e+01 -1.000000e+00
      vertex   -3.041601e+01 4.325000e+01 -2.000000e+00
      vertex   -3.046596e+01 4.337059e+01 -1.000000e+00
    endloop
  endfacet
  facet normal 9.238795e-01 3.826834e-01 0.000000e+00
    outer loop
      vertex   -3.046596e+01 4.337059e+01 -1.000000e+00
      vertex   -3.041601e+01 4.325000e+01 -2.000000e+00
      vertex   -3.046596e+01 4.337059e+01 -2.000000e+00
    endloop
  endfacet
  facet normal 9.914449e-01 1.305262e-01 0.000000e+00
    outer loop
      vertex   -3.046596e+01 4.337059e+01 -1.000000e+00
      vertex   -3.046596e+01 4.337059e+01 -2.000000e+00
      vertex   -3.048300e+01 4.350000e+01 -1.000000e+00
    endloop
  endfacet
  facet normal 9.914449e-01 1.305262e-01 0.000000e+00
    outer loop
      vertex   -3.048300e+01 4.350000e+01 -1.000000e+00
      vertex   -3.046596e+01 4.337059e+01 -2.000000e+00
      vertex   -3.048300e+01 4.350000e+01 -2.000000e+00
    endloop
  endfacet
  facet normal 9.914449e-01 -1.305262e-01 0.000000e+00
    outer loop
      vertex   -3.048300e+01 4.350000e+01 -1.000000e+00
      vertex   -3.048300e+01 4.350000e+01 -2.000000e+00
      vertex   -3.046596e+01 4.362941e+01 -1.000000e+00
    endloop
  endfacet
  facet normal 9.914449e-01 -1.305262e-01 0.000000e+00
    outer loop
      vertex   -3.046596e+01 4.362941e+01 -1.000000e+00
      vertex   -3.048300e+01 4.350000e+01 -2.000000e+00
      vertex   -3.046596e+01 4.362941e+01 -2.000000e+00
    endloop
  endfacet
  facet normal 9.238795e-01 -3.826834e-01 0.000000e+00
    outer loop
      vertex   -3.046596e+01 4.362941e+01 -1.000000e+00
      vertex   -3.046596e+01 4.362941e+01 -2.000000e+00
      vertex   -3.041601e+01 4.375000e+01 -1.000000e+00
    endloop
  endfacet
  facet normal 9.238795e-01 -3.826834e-01 0.000000e+00
    outer loop
      vertex   -3.041601e+01 4.375000e+01 -1.000000e+00
      vertex   -3.046596e+01 4.362941e+01 -2.000000e+00
      vertex   -3.041601e+01 4.375000e+01 -2.000000e+00
    endloop
  endfacet
  facet normal 7.933533e-01 -6.087614e-01 0.000000e+00
    outer loop
      vertex   -3.041601e+01 4.375000e+01 -1.000000e+00
      vertex   -3.041601e+01 4.375000e+01 -2.000000e+00
      vertex   -3.033655e+01 4.385355e+01 -1.000000e+00
    endloop
  endfacet
  facet normal 7.933533e-01 -6.087614e-01 0.000000e+00
    outer loop
      vertex   -3.033655e+01 4.385355e+01 -1.000000e+00
      vertex   -3.041601e+01 4.375000e+01 -2.000000e+00
      vertex   -3.033655e+01 4.385355e+01 -2.000000e+00
    endloop
  endfacet
  facet normal 6.087614e-01 -7.933534e-01 0.000000e+00
    outer loop
      vertex   -3.033655e+01 4.385355e+01 -1.000000e+00
      vertex   -3.033655e+01 4.385355e+01 -2.000000e+00
      vertex   -3.023300e+01 4.393301e+01 -1.000000e+00
    endloop
  endfacet
  facet normal 6.087614e-01 -7.933534e-01 0.000000e+00
    outer loop
      vertex   -3.023300e+01 4.393301e+01 -1.000000e+00
      vertex   -3.033655e+01 4.385355e+01 -2.000000e+00
      vertex   -3.023300e+01 4.393301e+01 -2.000000e+00
    endloop
  endfacet
  facet normal 3.826834e-01 -9.238795e-01 0.000000e+00
    outer loop
      vertex   -3.023300e+01 4.393301e+01 -1.000000e+00
      vertex   -3.023300e+01 4.393301e+01 -2.000000e+00
      vertex   -3.011241e+01 4.398296e+01 -1.000000e+00
    endloop
  endfacet
  facet normal 3.826834e-01 -9.238795e-01 0.000000e+00
    outer loop
      vertex   -3.011241e+01 4.398296e+01 -1.000000e+00
      vertex   -3.023300e+01 4.393301e+01 -2.000000e+00
      vertex   -3.011241e+01 4.398296e+01 -2.000000e+00
    endloop
  endfacet
  facet normal 1.305262e-01 -9.914449e-01 0.000000e+00
    outer loop
      vertex   -3.011241e+01 4.398296e+01 -1.000000e+00
      vertex   -3.011241e+01 4.398296e+01 -2.000000e+00
      vertex   -2.998300e+01 4.400000e+01 -1.000000e+00
    endloop
  endfacet
  facet normal 1.305262e-01 -9.914449e-01 0.000000e+00
    outer loop
      vertex   -2.998300e+01 4.400000e+01 -1.000000e+00
      vertex   -3.011241e+01 4.398296e+01 -2.000000e+00
      vertex   -2.998300e+01 4.400000e+01 -2.000000e+00
    endloop
  endfacet
  facet normal -3.543628e-08 1.000000e+00 0.000000e+00
    outer loop
      vertex   1.771812e-08 4.300000e+01 -2.000000e+00
      vertex   -2.998300e+01 4.300000e+01 -2.000000e+00
      vertex   1.771812e-08 4.300000e+01 -1.000000e+00
    endloop
  endfacet
  facet normal -3.543628e-08 1.000000e+00 0.000000e+00
    outer loop
      vertex   1.771812e-08 4.300000e+01 -1.000000e+00
      vertex   -2.998300e+01 4.300000e+01 -2.000000e+00
      vertex   -2.998300e+01 4.300000e+01 -1.000000e+00
    endloop
  endfacet
  facet normal -1.305262e-01 -9.914449e-01 -0.000000e+00
    outer loop
      vertex   1.560184e-08 4.400000e+01 -1.000000e+00
      vertex   1.560184e-08 4.400000e+01 -2.000000e+00
      vertex   1.294095e-01 4.398296e+01 -1.000000e+00
    endloop
  endfacet
  facet normal -1.305262e-01 -9.914449e-01 -2.898264e-17
    outer loop
      vertex   1.294095e-01 4.398296e+01 -1.000000e+00
      vertex   1.560184e-08 4.400000e+01 -2.000000e+00
      vertex   1.294095e-01 4.398296e+01 -2.000000e+00
    endloop
  endfacet
  facet normal -3.826835e-01 -9.238795e-01 -8.497280e-17
    outer loop
      vertex   1.294095e-01 4.398296e+01 -1.000000e+00
      vertex   1.294095e-01 4.398296e+01 -2.000000e+00
      vertex   2.500000e-01 4.393301e+01 -1.000000e+00
    endloop
  endfacet
  facet normal -3.826835e-01 -9.238795e-01 -5.310800e-17
    outer loop
      vertex   2.500000e-01 4.393301e+01 -1.000000e+00
      vertex   1.294095e-01 4.398296e+01 -2.000000e+00
      vertex   2.500000e-01 4.393301e+01 -2.000000e+00
    endloop
  endfacet
  facet normal -6.087614e-01 -7.933533e-01 -8.448262e-17
    outer loop
      vertex   2.500000e-01 4.393301e+01 -1.000000e+00
      vertex   2.500000e-01 4.393301e+01 -2.000000e+00
      vertex   3.535533e-01 4.385355e+01 -1.000000e+00
    endloop
  endfacet
  facet normal -6.087614e-01 -7.933533e-01 -1.351722e-16
    outer loop
      vertex   3.535533e-01 4.385355e+01 -1.000000e+00
      vertex   2.500000e-01 4.393301e+01 -2.000000e+00
      vertex   3.535533e-01 4.385355e+01 -2.000000e+00
    endloop
  endfacet
  facet normal -7.933533e-01 -6.087614e-01 -1.761598e-16
    outer loop
      vertex   3.535533e-01 4.385355e+01 -1.000000e+00
      vertex   3.535533e-01 4.385355e+01 -2.000000e+00
      vertex   4.330126e-01 4.375000e+01 -1.000000e+00
    endloop
  endfacet
  facet normal -7.933533e-01 -6.087614e-01 4.281470e-15
    outer loop
      vertex   4.330126e-01 4.375000e+01 -1.000000e+00
      vertex   3.535533e-01 4.385355e+01 -2.000000e+00
      vertex   4.330126e-01 4.375000e+01 -2.000000e+00
    endloop
  endfacet
  facet normal -9.238795e-01 -3.826834e-01 2.667844e-15
    outer loop
      vertex   4.330126e-01 4.375000e+01 -1.000000e+00
      vertex   4.330126e-01 4.375000e+01 -2.000000e+00
      vertex   4.829628e-01 4.362941e+01 -1.000000e+00
    endloop
  endfacet
  facet normal -9.238795e-01 -3.826834e-01 -0.000000e+00
    outer loop
      vertex   4.829628e-01 4.362941e+01 -1.000000e+00
      vertex   4.330126e-01 4.375000e+01 -2.000000e+00
      vertex   4.829628e-01 4.362941e+01 -2.000000e+00
    endloop
  endfacet
  facet normal -9.914449e-01 -1.305262e-01 -0.000000e+00
    outer loop
      vertex   4.829628e-01 4.362941e+01 -1.000000e+00
      vertex   4.829628e-01 4.362941e+01 -2.000000e+00
      vertex   4.999999e-01 4.350000e+01 -1.000000e+00
    endloop
  endfacet
  facet normal -9.914449e-01 -1.305262e-01 -0.000000e+00
    outer loop
      vertex   4.999999e-01 4.350000e+01 -1.000000e+00
      vertex   4.829628e-01 4.362941e+01 -2.000000e+00
      vertex   4.999999e-01 4.350000e+01 -2.000000e+00
    endloop
  endfacet
  facet normal -9.914449e-01 1.305262e-01 0.000000e+00
    outer loop
      vertex   4.999999e-01 4.350000e+01 -1.000000e+00
      vertex   4.999999e-01 4.350000e+01 -2.000000e+00
      vertex   4.829628e-01 4.337059e+01 -1.000000e+00
    endloop
  endfacet
  facet normal -9.914449e-01 1.305262e-01 0.000000e+00
    outer loop
      vertex   4.829628e-01 4.337059e+01 -1.000000e+00
      vertex   4.999999e-01 4.350000e+01 -2.000000e+00
      vertex   4.829628e-01 4.337059e+01 -2.000000e+00
    endloop
  endfacet
  facet normal -9.238795e-01 3.826834e-01 0.000000e+00
    outer loop
      vertex   4.829628e-01 4.337059e+01 -1.000000e+00
      vertex   4.829628e-01 4.337059e+01 -2.000000e+00
      vertex   4.330126e-01 4.325000e+01 -1.000000e+00
    endloop
  endfacet
  facet normal -9.238795e-01 3.826834e-01 0.000000e+00
    outer loop
      vertex   4.330126e-01 4.325000e+01 -1.000000e+00
      vertex   4.829628e-01 4.337059e+01 -2.000000e+00
      vertex   4.330126e-01 4.325000e+01 -2.000000e+00
    endloop
  endfacet
  facet normal -7.933534e-01 6.087614e-01 0.000000e+00
    outer loop
      vertex   4.330126e-01 4.325000e+01 -1.000000e+00
      vertex   4.330126e-01 4.325000e+01 -2.000000e+00
      vertex   3.535533e-01 4.314645e+01 -1.000000e+00
    endloop
  endfacet
  facet normal -7.933534e-01 6.087614e-01 4.403996e-17
    outer loop
      vertex   3.535533e-01 4.314645e+01 -1.000000e+00
      vertex   4.330126e-01 4.325000e+01 -2.000000e+00
      vertex   3.535533e-01 4.314645e+01 -2.000000e+00
    endloop
  endfacet
  facet normal -6.087614e-01 7.933533e-01 3.379305e-17
    outer loop
      vertex   3.535533e-01 4.314645e+01 -1.000000e+00
      vertex   3.535533e-01 4.314645e+01 -2.000000e+00
      vertex   2.500000e-01 4.306699e+01 -1.000000e+00
    endloop
  endfacet
  facet normal -6.087614e-01 7.933533e-01 1.013791e-16
    outer loop
      vertex   2.500000e-01 4.306699e+01 -1.000000e+00
      vertex   3.535533e-01 4.314645e+01 -2.000000e+00
      vertex   2.500000e-01 4.306699e+01 -2.000000e+00
    endloop
  endfacet
  facet normal -3.826835e-01 9.238795e-01 6.372960e-17
    outer loop
      vertex   2.500000e-01 4.306699e+01 -1.000000e+00
      vertex   2.500000e-01 4.306699e+01 -2.000000e+00
      vertex   1.294095e-01 4.301704e+01 -1.000000e+00
    endloop
  endfacet
  facet normal -3.826835e-01 9.238795e-01 7.435120e-17
    outer loop
      vertex   1.294095e-01 4.301704e+01 -1.000000e+00
      vertex   2.500000e-01 4.306699e+01 -2.000000e+00
      vertex   1.294095e-01 4.301704e+01 -2.000000e+00
    endloop
  endfacet
  facet normal -1.305262e-01 9.914449e-01 2.535981e-17
    outer loop
      vertex   1.294095e-01 4.301704e+01 -1.000000e+00
      vertex   1.294095e-01 4.301704e+01 -2.000000e+00
      vertex   1.771812e-08 4.300000e+01 -1.000000e+00
    endloop
  endfacet
  facet normal -1.305262e-01 9.914449e-01 0.000000e+00
    outer loop
      vertex   1.771812e-08 4.300000e+01 -1.000000e+00
      vertex   1.294095e-01 4.301704e+01 -2.000000e+00
      vertex   1.771812e-08 4.300000e+01 -2.000000e+00
    endloop
  endfacet
  facet normal 0.000000e+00 -1.000000e+00 0.000000e+00
    outer loop
      vertex   -2.998300e+01 5.300000e+01 -2.000000e+00
      vertex   -8.000000e+00 5.300000e+01 -2.000000e+00
      vertex   -2.998300e+01 5.300000e+01 -1.000000e+00
    endloop
  endfacet
  facet normal 0.000000e+00 -1.000000e+00 0.000000e+00
    outer loop
      vertex   -2.998300e+01 5.300000e+01 -1.000000e+00
      vertex   -8.000000e+00 5.300000e+01 -2.000000e+00
      vertex   -8.000000e+00 5.300000e+01 -1.000000e+00
    endloop
  endfacet
  facet normal 1.305262e-01 9.914449e-01 0.000000e+00
    outer loop
      vertex   -2.998300e+01 5.200000e+01 -1.000000e+00
      vertex   -2.998300e+01 5.200000e+01 -2.000000e+00
      vertex   -3.011241e+01 5.201704e+01 -1.000000e+00
    endloop
  endfacet
  facet normal 1.305262e-01 9.914449e-01 0.000000e+00
    outer loop
      vertex   -3.011241e+01 5.201704e+01 -1.000000e+00
      vertex   -2.998300e+01 5.200000e+01 -2.000000e+00
      vertex   -3.011241e+01 5.201704e+01 -2.000000e+00
    endloop
  endfacet
  facet normal 3.826834e-01 9.238795e-01 0.000000e+00
    outer loop
      vertex   -3.011241e+01 5.201704e+01 -1.000000e+00
      vertex   -3.011241e+01 5.201704e+01 -2.000000e+00
      vertex   -3.023300e+01 5.206699e+01 -1.000000e+00
    endloop
  endfacet
  facet normal 3.826834e-01 9.238795e-01 0.000000e+00
    outer loop
      vertex   -3.023300e+01 5.206699e+01 -1.000000e+00
      vertex   -3.011241e+01 5.201704e+01 -2.000000e+00
      vertex   -3.023300e+01 5.206699e+01 -2.000000e+00
    endloop
  endfacet
  facet normal 6.087614e-01 7.933533e-01 0.000000e+00
    outer loop
      vertex   -3.023300e+01 5.206699e+01 -1.000000e+00
      vertex   -3.023300e+01 5.206699e+01 -2.000000e+00
      vertex   -3.033655e+01 5.214645e+01 -1.000000e+00
    endloop
  endfacet
  facet normal 6.087614e-01 7.933533e-01 0.000000e+00
    outer loop
      vertex   -3.033655e+01 5.214645e+01 -1.000000e+00
      vertex   -3.023300e+01 5.206699e+01 -2.000000e+00
      vertex   -3.033655e+01 5.214645e+01 -2.000000e+00
    endloop
  endfacet
  facet normal 7.933533e-01 6.087614e-01 0.000000e+00
    outer loop
      vertex   -3.033655e+01 5.214645e+01 -1.000000e+00
      vertex   -3.033655e+01 5.214645e+01 -2.000000e+00
      vertex   -3.041601e+01 5.225000e+01 -1.000000e+00
    endloop
  endfacet
  facet normal 7.933533e-01 6.087614e-01 0.000000e+00
    outer loop
      vertex   -3.041601e+01 5.225000e+01 -1.000000e+00
      vertex   -3.033655e+01 5.214645e+01 -2.000000e+00
      vertex   -3.041601e+01 5.225000e+01 -2.000000e+00
    endloop
  endfacet
  facet normal 9.238795e-01 3.826834e-01 0.000000e+00
    outer loop
      vertex   -3.041601e+01 5.225000e+01 -1.000000e+00
      vertex   -3.041601e+01 5.225000e+01 -2.000000e+00
      vertex   -3.046596e+01 5.237059e+01 -1.000000e+00
    endloop
  endfacet
  facet normal 9.238795e-01 3.826834e-01 0.000000e+00
    outer loop
      vertex   -3.046596e+01 5.237059e+01 -1.000000e+00
      vertex   -3.041601e+01 5.225000e+01 -2.000000e+00
      vertex   -3.046596e+01 5.237059e+01 -2.000000e+00
    endloop
  endfacet
  facet normal 9.914449e-01 1.305262e-01 0.000000e+00
    outer loop
      vertex   -3.046596e+01 5.237059e+01 -1.000000e+00
      vertex   -3.046596e+01 5.237059e+01 -2.000000e+00
      vertex   -3.048300e+01 5.250000e+01 -1.000000e+00
    endloop
  endfacet
  facet normal 9.914449e-01 1.305262e-01 0.000000e+00
    outer loop
      vertex   -3.048300e+01 5.250000e+01 -1.000000e+00
      vertex   -3.046596e+01 5.237059e+01 -2.000000e+00
      vertex   -3.048300e+01 5.250000e+01 -2.000000e+00
    endloop
  endfacet
  facet normal 9.914449e-01 -1.305262e-01 0.000000e+00
    outer loop
      vertex   -3.048300e+01 5.250000e+01 -1.000000e+00
      vertex   -3.048300e+01 5.250000e+01 -2.000000e+00
      vertex   -3.046596e+01 5.262941e+01 -1.000000e+00
    endloop
  endfacet
  facet normal 9.914449e-01 -1.305262e-01 0.000000e+00
    outer loop
      vertex   -3.046596e+01 5.262941e+01 -1.000000e+00
      vertex   -3.048300e+01 5.250000e+01 -2.000000e+00
      vertex   -3.046596e+01 5.262941e+01 -2.000000e+00
    endloop
  endfacet
  facet normal 9.238795e-01 -3.826834e-01 0.000000e+00
    outer loop
      vertex   -3.046596e+01 5.262941e+01 -1.000000e+00
      vertex   -3.046596e+01 5.262941e+01 -2.000000e+00
      vertex   -3.041601e+01 5.275000e+01 -1.000000e+00
    endloop
  endfacet
  facet normal 9.238795e-01 -3.826834e-01 0.000000e+00
    outer loop
      vertex   -3.041601e+01 5.275000e+01 -1.000000e+00
      vertex   -3.046596e+01 5.262941e+01 -2.000000e+00
      vertex   -3.041601e+01 5.275000e+01 -2.000000e+00
    endloop
  endfacet
  facet normal 7.933533e-01 -6.087614e-01 0.000000e+00
    outer loop
      vertex   -3.041601e+01 5.275000e+01 -1.000000e+00
      vertex   -3.041601e+01 5.275000e+01 -2.000000e+00
      vertex   -3.033655e+01 5.285355e+01 -1.000000e+00
    endloop
  endfacet
  facet normal 7.933533e-01 -6.087614e-01 0.000000e+00
    outer loop
      vertex   -3.033655e+01 5.285355e+01 -1.000000e+00
      vertex   -3.041601e+01 5.275000e+01 -2.000000e+00
      vertex   -3.033655e+01 5.285355e+01 -2.000000e+00
    endloop
  endfacet
  facet normal 6.087614e-01 -7.933533e-01 0.000000e+00
    outer loop
      vertex   -3.033655e+01 5.285355e+01 -1.000000e+00
      vertex   -3.033655e+01 5.285355e+01 -2.000000e+00
      vertex   -3.023300e+01 5.293301e+01 -1.000000e+00
    endloop
  endfacet
  facet normal 6.087614e-01 -7.933533e-01 0.000000e+00
    outer loop
      vertex   -3.023300e+01 5.293301e+01 -1.000000e+00
      vertex   -3.033655e+01 5.285355e+01 -2.000000e+00
      vertex   -3.023300e+01 5.293301e+01 -2.000000e+00
    endloop
  endfacet
  facet normal 3.826834e-01 -9.238795e-01 0.000000e+00
    outer loop
      vertex   -3.023300e+01 5.293301e+01 -1.000000e+00
      vertex   -3.023300e+01 5.293301e+01 -2.000000e+00
      vertex   -3.011241e+01 5.298296e+01 -1.000000e+00
    endloop
  endfacet
  facet normal 3.826834e-01 -9.238795e-01 0.000000e+00
    outer loop
      vertex   -3.011241e+01 5.298296e+01 -1.000000e+00
      vertex   -3.023300e+01 5.293301e+01 -2.000000e+00
      vertex   -3.011241e+01 5.298296e+01 -2.000000e+00
    endloop
  endfacet
  facet normal 1.305262e-01 -9.914449e-01 0.000000e+00
    outer loop
      vertex   -3.011241e+01 5.298296e+01 -1.000000e+00
      vertex   -3.011241e+01 5.298296e+01 -2.000000e+00
      vertex   -2.998300e+01 5.300000e+01 -1.000000e+00
    endloop
  endfacet
  facet normal 1.305262e-01 -9.914449e-01 0.000000e+00
    outer loop
      vertex   -2.998300e+01 5.300000e+01 -1.000000e+00
      vertex   -3.011241e+01 5.298296e+01 -2.000000e+00
      vertex   -2.998300e+01 5.300000e+01 -2.000000e+00
    endloop
  endfacet
  facet normal 0.000000e+00 1.000000e+00 -0.000000e+00
    outer loop
      vertex   -8.000000e+00 5.200000e+01 -2.000000e+00
      vertex   -2.998300e+01 5.200000e+01 -2.000000e+00
      vertex   -8.000000e+00 5.200000e+01 -1.000000e+00
    endloop
  endfacet
  facet normal 0.000000e+00 1.000000e+00 0.000000e+00
    outer loop
      vertex   -8.000000e+00 5.200000e+01 -1.000000e+00
      vertex   -2.998300e+01 5.200000e+01 -2.000000e+00
      vertex   -2.998300e+01 5.200000e+01 -1.000000e+00
    endloop
  endfacet
  facet normal -1.305262e-01 -9.914449e-01 -0.000000e+00
    outer loop
      vertex   -8.000000e+00 5.300000e+01 -1.000000e+00
      vertex   -8.000000e+00 5.300000e+01 -2.000000e+00
      vertex   -7.870590e+00 5.298296e+01 -1.000000e+00
    endloop
  endfacet
  facet normal -1.305262e-01 -9.914449e-01 -0.000000e+00
    outer loop
      vertex   -7.870590e+00 5.298296e+01 -1.000000e+00
      vertex   -8.000000e+00 5.300000e+01 -2.000000e+00
      vertex   -7.870590e+00 5.298296e+01 -2.000000e+00
    endloop
  endfacet
  facet normal -3.826834e-01 -9.238795e-01 -0.000000e+00
    outer loop
      vertex   -7.870590e+00 5.298296e+01 -1.000000e+00
      vertex   -7.870590e+00 5.298296e+01 -2.000000e+00
      vertex   -7.750000e+00 5.293301e+01 -1.000000e+00
    endloop
  endfacet
  facet normal -3.826834e-01 -9.238795e-01 -0.000000e+00
    outer loop
      vertex   -7.750000e+00 5.293301e+01 -1.000000e+00
      vertex   -7.870590e+00 5.298296e+01 -2.000000e+00
      vertex   -7.750000e+00 5.293301e+01 -2.000000e+00
    endloop
  endfacet
  facet normal -6.087614e-01 -7.933533e-01 -0.000000e+00
    outer loop
      vertex   -7.750000e+00 5.293301e+01 -1.000000e+00
      vertex   -7.750000e+00 5.293301e+01 -2.000000e+00
      vertex   -7.646447e+00 5.285355e+01 -1.000000e+00
    endloop
  endfacet
  facet normal -6.087614e-01 -7.933533e-01 -0.000000e+00
    outer loop
      vertex   -7.646447e+00 5.285355e+01 -1.000000e+00
      vertex   -7.750000e+00 5.293301e+01 -2.000000e+00
      vertex   -7.646447e+00 5.285355e+01 -2.000000e+00
    endloop
  endfacet
  facet normal -7.933533e-01 -6.087614e-01 -0.000000e+00
    outer loop
      vertex   -7.646447e+00 5.285355e+01 -1.000000e+00
      vertex   -7.646447e+00 5.285355e+01 -2.000000e+00
      vertex   -7.566987e+00 5.275000e+01 -1.000000e+00
    endloop
  endfacet
  facet normal -7.933533e-01 -6.087614e-01 -0.000000e+00
    outer loop
      vertex   -7.566987e+00 5.275000e+01 -1.000000e+00
      vertex   -7.646447e+00 5.285355e+01 -2.000000e+00
      vertex   -7.566987e+00 5.275000e+01 -2.000000e+00
    endloop
  endfacet
  facet normal -9.238795e-01 -3.826834e-01 -0.000000e+00
    outer loop
      vertex   -7.566987e+00 5.275000e+01 -1.000000e+00
      vertex   -7.566987e+00 5.275000e+01 -2.000000e+00
      vertex   -7.517037e+00 5.262941e+01 -1.000000e+00
    endloop
  endfacet
  facet normal -9.238795e-01 -3.826834e-01 -0.000000e+00
    outer loop
      vertex   -7.517037e+00 5.262941e+01 -1.000000e+00
      vertex   -7.566987e+00 5.275000e+01 -2.000000e+00
      vertex   -7.517037e+00 5.262941e+01 -2.000000e+00
    endloop
  endfacet
  facet normal -9.914449e-01 -1.305262e-01 -0.000000e+00
    outer loop
      vertex   -7.517037e+00 5.262941e+01 -1.000000e+00
      vertex   -7.517037e+00 5.262941e+01 -2.000000e+00
      vertex   -7.500000e+00 5.250000e+01 -1.000000e+00
    endloop
  endfacet
  facet normal -9.914449e-01 -1.305262e-01 -0.000000e+00
    outer loop
      vertex   -7.500000e+00 5.250000e+01 -1.000000e+00
      vertex   -7.517037e+00 5.262941e+01 -2.000000e+00
      vertex   -7.500000e+00 5.250000e+01 -2.000000e+00
    endloop
  endfacet
  facet normal -9.914449e-01 1.305262e-01 0.000000e+00
    outer loop
      vertex   -7.500000e+00 5.250000e+01 -1.000000e+00
      vertex   -7.500000e+00 5.250000e+01 -2.000000e+00
      vertex   -7.517037e+00 5.237059e+01 -1.000000e+00
    endloop
  endfacet
  facet normal -9.914449e-01 1.305262e-01 0.000000e+00
    outer loop
      vertex   -7.517037e+00 5.237059e+01 -1.000000e+00
      vertex   -7.500000e+00 5.250000e+01 -2.000000e+00
      vertex   -7.517037e+00 5.237059e+01 -2.000000e+00
    endloop
  endfacet
  facet normal -9.238795e-01 3.826834e-01 0.000000e+00
    outer loop
      vertex   -7.517037e+00 5.237059e+01 -1.000000e+00
      vertex   -7.517037e+00 5.237059e+01 -2.000000e+00
      vertex   -7.566987e+00 5.225000e+01 -1.000000e+00
    endloop
  endfacet
  facet normal -9.238795e-01 3.826834e-01 0.000000e+00
    outer loop
      vertex   -7.566987e+00 5.225000e+01 -1.000000e+00
      vertex   -7.517037e+00 5.237059e+01 -2.000000e+00
      vertex   -7.566987e+00 5.225000e+01 -2.000000e+00
    endloop
  endfacet
  facet normal -7.933533e-01 6.087614e-01 0.000000e+00
    outer loop
      vertex   -7.566987e+00 5.225000e+01 -1.000000e+00
      vertex   -7.566987e+00 5.225000e+01 -2.000000e+00
      vertex   -7.646447e+00 5.214645e+01 -1.000000e+00
    endloop
  endfacet
  facet normal -7.933533e-01 6.087614e-01 0.000000e+00
    outer loop
      vertex   -7.646447e+00 5.214645e+01 -1.000000e+00
      vertex   -7.566987e+00 5.225000e+01 -2.000000e+00
      vertex   -7.646447e+00 5.214645e+01 -2.000000e+00
    endloop
  endfacet
  facet normal -6.087614e-01 7.933533e-01 0.000000e+00
    outer loop
      vertex   -7.646447e+00 5.214645e+01 -1.000000e+00
      vertex   -7.646447e+00 5.214645e+01 -2.000000e+00
      vertex   -7.750000e+00 5.206699e+01 -1.000000e+00
    endloop
  endfacet
  facet normal -6.087614e-01 7.933533e-01 0.000000e+00
    outer loop
      vertex   -7.750000e+00 5.206699e+01 -1.000000e+00
      vertex   -7.646447e+00 5.214645e+01 -2.000000e+00
      vertex   -7.750000e+00 5.206699e+01 -2.000000e+00
    endloop
  endfacet
  facet normal -3.826834e-01 9.238795e-01 0.000000e+00
    outer loop
      vertex   -7.750000e+00 5.206699e+01 -1.000000e+00
      vertex   -7.750000e+00 5.206699e+01 -2.000000e+00
      vertex   -7.870590e+00 5.201704e+01 -1.000000e+00
    endloop
  endfacet
  facet normal -3.826834e-01 9.238795e-01 0.000000e+00
    outer loop
      vertex   -7.870590e+00 5.201704e+01 -1.000000e+00
      vertex   -7.750000e+00 5.206699e+01 -2.000000e+00
      vertex   -7.870590e+00 5.201704e+01 -2.000000e+00
    endloop
  endfacet
  facet normal -1.305262e-01 9.914449e-01 0.000000e+00
    outer loop
      vertex   -7.870590e+00 5.201704e+01 -1.000000e+00
      vertex   -7.870590e+00 5.201704e+01 -2.000000e+00
      vertex   -8.000000e+00 5.200000e+01 -1.000000e+00
    endloop
  endfacet
  facet normal -1.305262e-01 9.914449e-01 0.000000e+00
    outer loop
      vertex   -8.000000e+00 5.200000e+01 -1.000000e+00
      vertex   -7.870590e+00 5.201704e+01 -2.000000e+00
      vertex   -8.000000e+00 5.200000e+01 -2.000000e+00
    endloop
  endfacet
  facet normal -9.914449e-01 -1.305262e-01 4.871544e-16
    outer loop
      vertex   -3.171852e+00 5.285588e+01 -1.000000e+00
      vertex   -3.171852e+00 5.285588e+01 -2.000000e+00
      vertex   -3.125000e+00 5.250000e+01 -1.000000e+00
    endloop
  endfacet
  facet normal -9.914449e-01 -1.305262e-01 -0.000000e+00
    outer loop
      vertex   -3.125000e+00 5.250000e+01 -1.000000e+00
      vertex   -3.171852e+00 5.285588e+01 -2.000000e+00
      vertex   -3.125000e+00 5.250000e+01 -2.000000e+00
    endloop
  endfacet
  facet normal -9.914449e-01 1.305262e-01 0.000000e+00
    outer loop
      vertex   -3.125000e+00 5.250000e+01 -1.000000e+00
      vertex   -3.125000e+00 5.250000e+01 -2.000000e+00
      vertex   -3.171852e+00 5.214412e+01 -1.000000e+00
    endloop
  endfacet
  facet normal -9.914449e-01 1.305262e-01 -4.871544e-16
    outer loop
      vertex   -3.171852e+00 5.214412e+01 -1.000000e+00
      vertex   -3.125000e+00 5.250000e+01 -2.000000e+00
      vertex   -3.171852e+00 5.214412e+01 -2.000000e+00
    endloop
  endfacet
  facet normal -9.238795e-01 3.826834e-01 -2.308844e-15
    outer loop
      vertex   -3.171852e+00 5.214412e+01 -1.000000e+00
      vertex   -3.171852e+00 5.214412e+01 -2.000000e+00
      vertex   -3.309215e+00 5.181250e+01 -1.000000e+00
    endloop
  endfacet
  facet normal -9.238795e-01 3.826834e-01 8.205699e-16
    outer loop
      vertex   -3.309215e+00 5.181250e+01 -1.000000e+00
      vertex   -3.171852e+00 5.214412e+01 -2.000000e+00
      vertex   -3.309215e+00 5.181250e+01 -2.000000e+00
    endloop
  endfacet
  facet normal -7.933533e-01 6.087614e-01 7.046393e-16
    outer loop
      vertex   -3.309215e+00 5.181250e+01 -1.000000e+00
      vertex   -3.309215e+00 5.181250e+01 -2.000000e+00
      vertex   -3.527728e+00 5.152773e+01 -1.000000e+00
    endloop
  endfacet
  facet normal -7.933533e-01 6.087614e-01 0.000000e+00
    outer loop
      vertex   -3.527728e+00 5.152773e+01 -1.000000e+00
      vertex   -3.309215e+00 5.181250e+01 -2.000000e+00
      vertex   -3.527728e+00 5.152773e+01 -2.000000e+00
    endloop
  endfacet
  facet normal -6.087614e-01 7.933533e-01 0.000000e+00
    outer loop
      vertex   -3.527728e+00 5.152773e+01 -1.000000e+00
      vertex   -3.527728e+00 5.152773e+01 -2.000000e+00
      vertex   -3.812500e+00 5.130922e+01 -1.000000e+00
    endloop
  endfacet
  facet normal -6.087614e-01 7.933533e-01 8.110331e-16
    outer loop
      vertex   -3.812500e+00 5.130922e+01 -1.000000e+00
      vertex   -3.527728e+00 5.152773e+01 -2.000000e+00
      vertex   -3.812500e+00 5.130922e+01 -2.000000e+00
    endloop
  endfacet
  facet normal -3.826834e-01 9.238795e-01 5.098367e-16
    outer loop
      vertex   -3.812500e+00 5.130922e+01 -1.000000e+00
      vertex   -3.812500e+00 5.130922e+01 -2.000000e+00
      vertex   -4.144124e+00 5.117185e+01 -1.000000e+00
    endloop
  endfacet
  facet normal -3.826834e-01 9.238795e-01 6.797823e-16
    outer loop
      vertex   -4.144124e+00 5.117185e+01 -1.000000e+00
      vertex   -3.812500e+00 5.130922e+01 -2.000000e+00
      vertex   -4.144124e+00 5.117185e+01 -2.000000e+00
    endloop
  endfacet
  facet normal -1.305262e-01 9.914449e-01 2.318611e-16
    outer loop
      vertex   -4.144124e+00 5.117185e+01 -1.000000e+00
      vertex   -4.144124e+00 5.117185e+01 -2.000000e+00
      vertex   -4.500000e+00 5.112500e+01 -1.000000e+00
    endloop
  endfacet
  facet normal -1.305262e-01 9.914449e-01 0.000000e+00
    outer loop
      vertex   -4.500000e+00 5.112500e+01 -1.000000e+00
      vertex   -4.144124e+00 5.117185e+01 -2.000000e+00
      vertex   -4.500000e+00 5.112500e+01 -2.000000e+00
    endloop
  endfacet
  facet normal 1.305262e-01 9.914449e-01 0.000000e+00
    outer loop
      vertex   -4.500000e+00 5.112500e+01 -1.000000e+00
      vertex   -4.500000e+00 5.112500e+01 -2.000000e+00
      vertex   -4.855876e+00 5.117185e+01 -1.000000e+00
    endloop
  endfacet
  facet normal 1.305262e-01 9.914449e-01 -1.159305e-16
    outer loop
      vertex   -4.855876e+00 5.117185e+01 -1.000000e+00
      vertex   -4.500000e+00 5.112500e+01 -2.000000e+00
      vertex   -4.855876e+00 5.117185e+01 -2.000000e+00
    endloop
  endfacet
  facet normal 3.826834e-01 9.238795e-01 -3.398912e-16
    outer loop
      vertex   -4.855876e+00 5.117185e+01 -1.000000e+00
      vertex   -4.855876e+00 5.117185e+01 -2.000000e+00
      vertex   -5.187500e+00 5.130922e+01 -1.000000e+00
    endloop
  endfacet
  facet normal 3.826834e-01 9.238795e-01 -3.398912e-16
    outer loop
      vertex   -5.187500e+00 5.130922e+01 -1.000000e+00
      vertex   -4.855876e+00 5.117185e+01 -2.000000e+00
      vertex   -5.187500e+00 5.130922e+01 -2.000000e+00
    endloop
  endfacet
  facet normal 6.087614e-01 7.933533e-01 -5.406888e-16
    outer loop
      vertex   -5.187500e+00 5.130922e+01 -1.000000e+00
      vertex   -5.187500e+00 5.130922e+01 -2.000000e+00
      vertex   -5.472272e+00 5.152773e+01 -1.000000e+00
    endloop
  endfacet
  facet normal 6.087614e-01 7.933533e-01 -5.406888e-16
    outer loop
      vertex   -5.472272e+00 5.152773e+01 -1.000000e+00
      vertex   -5.187500e+00 5.130922e+01 -2.000000e+00
      vertex   -5.472272e+00 5.152773e+01 -2.000000e+00
    endloop
  endfacet
  facet normal 7.933533e-01 6.087614e-01 -7.046393e-16
    outer loop
      vertex   -5.472272e+00 5.152773e+01 -1.000000e+00
      vertex   -5.472272e+00 5.152773e+01 -2.000000e+00
      vertex   -5.690785e+00 5.181250e+01 -1.000000e+00
    endloop
  endfacet
  facet normal 7.933533e-01 6.087614e-01 0.000000e+00
    outer loop
      vertex   -5.690785e+00 5.181250e+01 -1.000000e+00
      vertex   -5.472272e+00 5.152773e+01 -2.000000e+00
      vertex   -5.690785e+00 5.181250e+01 -2.000000e+00
    endloop
  endfacet
  facet normal 9.238795e-01 3.826834e-01 0.000000e+00
    outer loop
      vertex   -5.690785e+00 5.181250e+01 -1.000000e+00
      vertex   -5.690785e+00 5.181250e+01 -2.000000e+00
      vertex   -5.828148e+00 5.214412e+01 -1.000000e+00
    endloop
  endfacet
  facet normal 9.238795e-01 3.826834e-01 0.000000e+00
    outer loop
      vertex   -5.828148e+00 5.214412e+01 -1.000000e+00
      vertex   -5.690785e+00 5.181250e+01 -2.000000e+00
      vertex   -5.828148e+00 5.214412e+01 -2.000000e+00
    endloop
  endfacet
  facet normal 9.914449e-01 1.305262e-01 0.000000e+00
    outer loop
      vertex   -5.828148e+00 5.214412e+01 -1.000000e+00
      vertex   -5.828148e+00 5.214412e+01 -2.000000e+00
      vertex   -5.875000e+00 5.250000e+01 -1.000000e+00
    endloop
  endfacet
  facet normal 9.914449e-01 1.305262e-01 0.000000e+00
    outer loop
      vertex   -5.875000e+00 5.250000e+01 -1.000000e+00
      vertex   -5.828148e+00 5.214412e+01 -2.000000e+00
      vertex   -5.875000e+00 5.250000e+01 -2.000000e+00
    endloop
  endfacet
  facet normal 9.914449e-01 -1.305262e-01 0.000000e+00
    outer loop
      vertex   -5.875000e+00 5.250000e+01 -1.000000e+00
      vertex   -5.875000e+00 5.250000e+01 -2.000000e+00
      vertex   -5.828148e+00 5.285588e+01 -1.000000e+00
    endloop
  endfacet
  facet normal 9.914449e-01 -1.305262e-01 0.000000e+00
    outer loop
      vertex   -5.828148e+00 5.285588e+01 -1.000000e+00
      vertex   -5.875000e+00 5.250000e+01 -2.000000e+00
      vertex   -5.828148e+00 5.285588e+01 -2.000000e+00
    endloop
  endfacet
  facet normal 9.238795e-01 -3.826834e-01 0.000000e+00
    outer loop
      vertex   -5.828148e+00 5.285588e+01 -1.000000e+00
      vertex   -5.828148e+00 5.285588e+01 -2.000000e+00
      vertex   -5.690785e+00 5.318750e+01 -1.000000e+00
    endloop
  endfacet
  facet normal 9.238795e-01 -3.826834e-01 0.000000e+00
    outer loop
      vertex   -5.690785e+00 5.318750e+01 -1.000000e+00
      vertex   -5.828148e+00 5.285588e+01 -2.000000e+00
      vertex   -5.690785e+00 5.318750e+01 -2.000000e+00
    endloop
  endfacet
  facet normal 7.933533e-01 -6.087614e-01 0.000000e+00
    outer loop
      vertex   -5.690785e+00 5.318750e+01 -1.000000e+00
      vertex   -5.690785e+00 5.318750e+01 -2.000000e+00
      vertex   -5.472272e+00 5.347227e+01 -1.000000e+00
    endloop
  endfacet
  facet normal 7.933533e-01 -6.087614e-01 7.046393e-16
    outer loop
      vertex   -5.472272e+00 5.347227e+01 -1.000000e+00
      vertex   -5.690785e+00 5.318750e+01 -2.000000e+00
      vertex   -5.472272e+00 5.347227e+01 -2.000000e+00
    endloop
  endfacet
  facet normal 6.087614e-01 -7.933533e-01 5.406888e-16
    outer loop
      vertex   -5.472272e+00 5.347227e+01 -1.000000e+00
      vertex   -5.472272e+00 5.347227e+01 -2.000000e+00
      vertex   -5.187500e+00 5.369078e+01 -1.000000e+00
    endloop
  endfacet
  facet normal 6.087614e-01 -7.933533e-01 5.406888e-16
    outer loop
      vertex   -5.187500e+00 5.369078e+01 -1.000000e+00
      vertex   -5.472272e+00 5.347227e+01 -2.000000e+00
      vertex   -5.187500e+00 5.369078e+01 -2.000000e+00
    endloop
  endfacet
  facet normal 3.826834e-01 -9.238795e-01 3.398912e-16
    outer loop
      vertex   -5.187500e+00 5.369078e+01 -1.000000e+00
      vertex   -5.187500e+00 5.369078e+01 -2.000000e+00
      vertex   -4.855876e+00 5.382815e+01 -1.000000e+00
    endloop
  endfacet
  facet normal 3.826834e-01 -9.238795e-01 3.398912e-16
    outer loop
      vertex   -4.855876e+00 5.382815e+01 -1.000000e+00
      vertex   -5.187500e+00 5.369078e+01 -2.000000e+00
      vertex   -4.855876e+00 5.382815e+01 -2.000000e+00
    endloop
  endfacet
  facet normal 1.305262e-01 -9.914449e-01 1.159305e-16
    outer loop
      vertex   -4.855876e+00 5.382815e+01 -1.000000e+00
      vertex   -4.855876e+00 5.382815e+01 -2.000000e+00
      vertex   -4.500000e+00 5.387500e+01 -1.000000e+00
    endloop
  endfacet
  facet normal 1.305262e-01 -9.914449e-01 0.000000e+00
    outer loop
      vertex   -4.500000e+00 5.387500e+01 -1.000000e+00
      vertex   -4.855876e+00 5.382815e+01 -2.000000e+00
      vertex   -4.500000e+00 5.387500e+01 -2.000000e+00
    endloop
  endfacet
  facet normal -1.305262e-01 -9.914449e-01 -0.000000e+00
    outer loop
      vertex   -4.500000e+00 5.387500e+01 -1.000000e+00
      vertex   -4.500000e+00 5.387500e+01 -2.000000e+00
      vertex   -4.144124e+00 5.382815e+01 -1.000000e+00
    endloop
  endfacet
  facet normal -1.305262e-01 -9.914449e-01 -2.318611e-16
    outer loop
      vertex   -4.144124e+00 5.382815e+01 -1.000000e+00
      vertex   -4.500000e+00 5.387500e+01 -2.000000e+00
      vertex   -4.144124e+00 5.382815e+01 -2.000000e+00
    endloop
  endfacet
  facet normal -3.826834e-01 -9.238795e-01 -6.797823e-16
    outer loop
      vertex   -4.144124e+00 5.382815e+01 -1.000000e+00
      vertex   -4.144124e+00 5.382815e+01 -2.000000e+00
      vertex   -3.812500e+00 5.369078e+01 -1.000000e+00
    endloop
  endfacet
  facet normal -3.826834e-01 -9.238795e-01 -5.098367e-16
    outer loop
      vertex   -3.812500e+00 5.369078e+01 -1.000000e+00
      vertex   -4.144124e+00 5.382815e+01 -2.000000e+00
      vertex   -3.812500e+00 5.369078e+01 -2.000000e+00
    endloop
  endfacet
  facet normal -6.087614e-01 -7.933533e-01 -8.110331e-16
    outer loop
      vertex   -3.812500e+00 5.369078e+01 -1.000000e+00
      vertex   -3.812500e+00 5.369078e+01 -2.000000e+00
      vertex   -3.527728e+00 5.347227e+01 -1.000000e+00
    endloop
  endfacet
  facet normal -6.087614e-01 -7.933533e-01 -0.000000e+00
    outer loop
      vertex   -3.527728e+00 5.347227e+01 -1.000000e+00
      vertex   -3.812500e+00 5.369078e+01 -2.000000e+00
      vertex   -3.527728e+00 5.347227e+01 -2.000000e+00
    endloop
  endfacet
  facet normal -7.933533e-01 -6.087614e-01 -0.000000e+00
    outer loop
      vertex   -3.527728e+00 5.347227e+01 -1.000000e+00
      vertex   -3.527728e+00 5.347227e+01 -2.000000e+00
      vertex   -3.309215e+00 5.318750e+01 -1.000000e+00
    endloop
  endfacet
  facet normal -7.933533e-01 -6.087614e-01 -7.046393e-16
    outer loop
      vertex   -3.309215e+00 5.318750e+01 -1.000000e+00
      vertex   -3.527728e+00 5.347227e+01 -2.000000e+00
      vertex   -3.309215e+00 5.318750e+01 -2.000000e+00
    endloop
  endfacet
  facet normal -9.238795e-01 -3.826834e-01 -8.205699e-16
    outer loop
      vertex   -3.309215e+00 5.318750e+01 -1.000000e+00
      vertex   -3.309215e+00 5.318750e+01 -2.000000e+00
      vertex   -3.171852e+00 5.285588e+01 -1.000000e+00
    endloop
  endfacet
  facet normal -9.238795e-01 -3.826834e-01 2.308844e-15
    outer loop
      vertex   -3.171852e+00 5.285588e+01 -1.000000e+00
      vertex   -3.309215e+00 5.318750e+01 -2.000000e+00
      vertex   -3.171852e+00 5.285588e+01 -2.000000e+00
    endloop
  endfacet
  facet normal -9.914449e-01 -1.305262e-01 -0.000000e+00
    outer loop
      vertex   -6.117185e+01 5.285588e+01 -1.000000e+00
      vertex   -6.117185e+01 5.285588e+01 -2.000000e+00
      vertex   -6.112500e+01 5.250000e+01 -1.000000e+00
    endloop
  endfacet
  facet normal -9.914449e-01 -1.305262e-01 -0.000000e+00
    outer loop
      vertex   -6.112500e+01 5.250000e+01 -1.000000e+00
      vertex   -6.117185e+01 5.285588e+01 -2.000000e+00
      vertex   -6.112500e+01 5.250000e+01 -2.000000e+00
    endloop
  endfacet
  facet normal -9.914449e-01 1.305262e-01 0.000000e+00
    outer loop
      vertex   -6.112500e+01 5.250000e+01 -1.000000e+00
      vertex   -6.112500e+01 5.250000e+01 -2.000000e+00
      vertex   -6.117185e+01 5.214412e+01 -1.000000e+00
    endloop
  endfacet
  facet normal -9.914449e-01 1.305262e-01 0.000000e+00
    outer loop
      vertex   -6.117185e+01 5.214412e+01 -1.000000e+00
      vertex   -6.112500e+01 5.250000e+01 -2.000000e+00
      vertex   -6.117185e+01 5.214412e+01 -2.000000e+00
    endloop
  endfacet
  facet normal -9.238795e-01 3.826834e-01 0.000000e+00
    outer loop
      vertex   -6.117185e+01 5.214412e+01 -1.000000e+00
      vertex   -6.117185e+01 5.214412e+01 -2.000000e+00
      vertex   -6.130922e+01 5.181250e+01 -1.000000e+00
    endloop
  endfacet
  facet normal -9.238795e-01 3.826834e-01 -2.719129e-15
    outer loop
      vertex   -6.130922e+01 5.181250e+01 -1.000000e+00
      vertex   -6.117185e+01 5.214412e+01 -2.000000e+00
      vertex   -6.130922e+01 5.181250e+01 -2.000000e+00
    endloop
  endfacet
  facet normal -7.933533e-01 6.087614e-01 -4.325510e-15
    outer loop
      vertex   -6.130922e+01 5.181250e+01 -1.000000e+00
      vertex   -6.130922e+01 5.181250e+01 -2.000000e+00
      vertex   -6.152773e+01 5.152773e+01 -1.000000e+00
    endloop
  endfacet
  facet normal -7.933533e-01 6.087614e-01 0.000000e+00
    outer loop
      vertex   -6.152773e+01 5.152773e+01 -1.000000e+00
      vertex   -6.130922e+01 5.181250e+01 -2.000000e+00
      vertex   -6.152773e+01 5.152773e+01 -2.000000e+00
    endloop
  endfacet
  facet normal -6.087614e-01 7.933533e-01 0.000000e+00
    outer loop
      vertex   -6.152773e+01 5.152773e+01 -1.000000e+00
      vertex   -6.152773e+01 5.152773e+01 -2.000000e+00
      vertex   -6.181250e+01 5.130922e+01 -1.000000e+00
    endloop
  endfacet
  facet normal -6.087614e-01 7.933533e-01 4.325510e-15
    outer loop
      vertex   -6.181250e+01 5.130922e+01 -1.000000e+00
      vertex   -6.152773e+01 5.152773e+01 -2.000000e+00
      vertex   -6.181250e+01 5.130922e+01 -2.000000e+00
    endloop
  endfacet
  facet normal -3.826834e-01 9.238795e-01 2.719129e-15
    outer loop
      vertex   -6.181250e+01 5.130922e+01 -1.000000e+00
      vertex   -6.181250e+01 5.130922e+01 -2.000000e+00
      vertex   -6.214412e+01 5.117185e+01 -1.000000e+00
    endloop
  endfacet
  facet normal -3.826834e-01 9.238795e-01 2.719129e-15
    outer loop
      vertex   -6.214412e+01 5.117185e+01 -1.000000e+00
      vertex   -6.181250e+01 5.130922e+01 -2.000000e+00
      vertex   -6.214412e+01 5.117185e+01 -2.000000e+00
    endloop
  endfacet
  facet normal -1.305262e-01 9.914449e-01 9.274444e-16
    outer loop
      vertex   -6.214412e+01 5.117185e+01 -1.000000e+00
      vertex   -6.214412e+01 5.117185e+01 -2.000000e+00
      vertex   -6.250000e+01 5.112500e+01 -1.000000e+00
    endloop
  endfacet
  facet normal -1.305262e-01 9.914449e-01 0.000000e+00
    outer loop
      vertex   -6.250000e+01 5.112500e+01 -1.000000e+00
      vertex   -6.214412e+01 5.117185e+01 -2.000000e+00
      vertex   -6.250000e+01 5.112500e+01 -2.000000e+00
    endloop
  endfacet
  facet normal 1.305262e-01 9.914449e-01 0.000000e+00
    outer loop
      vertex   -6.250000e+01 5.112500e+01 -1.000000e+00
      vertex   -6.250000e+01 5.112500e+01 -2.000000e+00
      vertex   -6.285588e+01 5.117185e+01 -1.000000e+00
    endloop
  endfacet
  facet normal 1.305262e-01 9.914449e-01 -1.854889e-15
    outer loop
      vertex   -6.285588e+01 5.117185e+01 -1.000000e+00
      vertex   -6.250000e+01 5.112500e+01 -2.000000e+00
      vertex   -6.285588e+01 5.117185e+01 -2.000000e+00
    endloop
  endfacet
  facet normal 3.826834e-01 9.238795e-01 -5.438259e-15
    outer loop
      vertex   -6.285588e+01 5.117185e+01 -1.000000e+00
      vertex   -6.285588e+01 5.117185e+01 -2.000000e+00
      vertex   -6.318750e+01 5.130922e+01 -1.000000e+00
    endloop
  endfacet
  facet normal 3.826834e-01 9.238795e-01 -5.438259e-15
    outer loop
      vertex   -6.318750e+01 5.130922e+01 -1.000000e+00
      vertex   -6.285588e+01 5.117185e+01 -2.000000e+00
      vertex   -6.318750e+01 5.130922e+01 -2.000000e+00
    endloop
  endfacet
  facet normal 6.087614e-01 7.933533e-01 -8.651020e-15
    outer loop
      vertex   -6.318750e+01 5.130922e+01 -1.000000e+00
      vertex   -6.318750e+01 5.130922e+01 -2.000000e+00
      vertex   -6.347227e+01 5.152773e+01 -1.000000e+00
    endloop
  endfacet
  facet normal 6.087614e-01 7.933533e-01 0.000000e+00
    outer loop
      vertex   -6.347227e+01 5.152773e+01 -1.000000e+00
      vertex   -6.318750e+01 5.130922e+01 -2.000000e+00
      vertex   -6.347227e+01 5.152773e+01 -2.000000e+00
    endloop
  endfacet
  facet normal 7.933533e-01 6.087614e-01 0.000000e+00
    outer loop
      vertex   -6.347227e+01 5.152773e+01 -1.000000e+00
      vertex   -6.347227e+01 5.152773e+01 -2.000000e+00
      vertex   -6.369078e+01 5.181250e+01 -1.000000e+00
    endloop
  endfacet
  facet normal 7.933533e-01 6.087614e-01 4.325510e-15
    outer loop
      vertex   -6.369078e+01 5.181250e+01 -1.000000e+00
      vertex   -6.347227e+01 5.152773e+01 -2.000000e+00
      vertex   -6.369078e+01 5.181250e+01 -2.000000e+00
    endloop
  endfacet
  facet normal 9.238795e-01 3.826834e-01 2.719129e-15
    outer loop
      vertex   -6.369078e+01 5.181250e+01 -1.000000e+00
      vertex   -6.369078e+01 5.181250e+01 -2.000000e+00
      vertex   -6.382815e+01 5.214412e+01 -1.000000e+00
    endloop
  endfacet
  facet normal 9.238795e-01 3.826834e-01 2.719129e-15
    outer loop
      vertex   -6.382815e+01 5.214412e+01 -1.000000e+00
      vertex   -6.369078e+01 5.181250e+01 -2.000000e+00
      vertex   -6.382815e+01 5.214412e+01 -2.000000e+00
    endloop
  endfacet
  facet normal 9.914449e-01 1.305262e-01 9.274444e-16
    outer loop
      vertex   -6.382815e+01 5.214412e+01 -1.000000e+00
      vertex   -6.382815e+01 5.214412e+01 -2.000000e+00
      vertex   -6.387500e+01 5.250000e+01 -1.000000e+00
    endloop
  endfacet
  facet normal 9.914449e-01 1.305262e-01 0.000000e+00
    outer loop
      vertex   -6.387500e+01 5.250000e+01 -1.000000e+00
      vertex   -6.382815e+01 5.214412e+01 -2.000000e+00
      vertex   -6.387500e+01 5.250000e+01 -2.000000e+00
    endloop
  endfacet
  facet normal 9.914449e-01 -1.305262e-01 0.000000e+00
    outer loop
      vertex   -6.387500e+01 5.250000e+01 -1.000000e+00
      vertex   -6.387500e+01 5.250000e+01 -2.000000e+00
      vertex   -6.382815e+01 5.285588e+01 -1.000000e+00
    endloop
  endfacet
  facet normal 9.914449e-01 -1.305262e-01 -9.274444e-16
    outer loop
      vertex   -6.382815e+01 5.285588e+01 -1.000000e+00
      vertex   -6.387500e+01 5.250000e+01 -2.000000e+00
      vertex   -6.382815e+01 5.285588e+01 -2.000000e+00
    endloop
  endfacet
  facet normal 9.238795e-01 -3.826834e-01 -2.719129e-15
    outer loop
      vertex   -6.382815e+01 5.285588e+01 -1.000000e+00
      vertex   -6.382815e+01 5.285588e+01 -2.000000e+00
      vertex   -6.369078e+01 5.318750e+01 -1.000000e+00
    endloop
  endfacet
  facet normal 9.238795e-01 -3.826834e-01 -2.719129e-15
    outer loop
      vertex   -6.369078e+01 5.318750e+01 -1.000000e+00
      vertex   -6.382815e+01 5.285588e+01 -2.000000e+00
      vertex   -6.369078e+01 5.318750e+01 -2.000000e+00
    endloop
  endfacet
  facet normal 7.933533e-01 -6.087614e-01 -4.325510e-15
    outer loop
      vertex   -6.369078e+01 5.318750e+01 -1.000000e+00
      vertex   -6.369078e+01 5.318750e+01 -2.000000e+00
      vertex   -6.347227e+01 5.347227e+01 -1.000000e+00
    endloop
  endfacet
  facet normal 7.933533e-01 -6.087614e-01 0.000000e+00
    outer loop
      vertex   -6.347227e+01 5.347227e+01 -1.000000e+00
      vertex   -6.369078e+01 5.318750e+01 -2.000000e+00
      vertex   -6.347227e+01 5.347227e+01 -2.000000e+00
    endloop
  endfacet
  facet normal 6.087614e-01 -7.933533e-01 0.000000e+00
    outer loop
      vertex   -6.347227e+01 5.347227e+01 -1.000000e+00
      vertex   -6.347227e+01 5.347227e+01 -2.000000e+00
      vertex   -6.318750e+01 5.369078e+01 -1.000000e+00
    endloop
  endfacet
  facet normal 6.087614e-01 -7.933533e-01 8.651020e-15
    outer loop
      vertex   -6.318750e+01 5.369078e+01 -1.000000e+00
      vertex   -6.347227e+01 5.347227e+01 -2.000000e+00
      vertex   -6.318750e+01 5.369078e+01 -2.000000e+00
    endloop
  endfacet
  facet normal 3.826834e-01 -9.238795e-01 5.438259e-15
    outer loop
      vertex   -6.318750e+01 5.369078e+01 -1.000000e+00
      vertex   -6.318750e+01 5.369078e+01 -2.000000e+00
      vertex   -6.285588e+01 5.382815e+01 -1.000000e+00
    endloop
  endfacet
  facet normal 3.826834e-01 -9.238795e-01 5.438259e-15
    outer loop
      vertex   -6.285588e+01 5.382815e+01 -1.000000e+00
      vertex   -6.318750e+01 5.369078e+01 -2.000000e+00
      vertex   -6.285588e+01 5.382815e+01 -2.000000e+00
    endloop
  endfacet
  facet normal 1.305262e-01 -9.914449e-01 1.854889e-15
    outer loop
      vertex   -6.285588e+01 5.382815e+01 -1.000000e+00
      vertex   -6.285588e+01 5.382815e+01 -2.000000e+00
      vertex   -6.250000e+01 5.387500e+01 -1.000000e+00
    endloop
  endfacet
  facet normal 1.305262e-01 -9.914449e-01 0.000000e+00
    outer loop
      vertex   -6.250000e+01 5.387500e+01 -1.000000e+00
      vertex   -6.285588e+01 5.382815e+01 -2.000000e+00
      vertex   -6.250000e+01 5.387500e+01 -2.000000e+00
    endloop
  endfacet
  facet normal -1.305262e-01 -9.914449e-01 -0.000000e+00
    outer loop
      vertex   -6.250000e+01 5.387500e+01 -1.000000e+00
      vertex   -6.250000e+01 5.387500e+01 -2.000000e+00
      vertex   -6.214412e+01 5.382815e+01 -1.000000e+00
    endloop
  endfacet
  facet normal -1.305262e-01 -9.914449e-01 -9.274444e-16
    outer loop
      vertex   -6.214412e+01 5.382815e+01 -1.000000e+00
      vertex   -6.250000e+01 5.387500e+01 -2.000000e+00
      vertex   -6.214412e+01 5.382815e+01 -2.000000e+00
    endloop
  endfacet
  facet normal -3.826834e-01 -9.238795e-01 -2.719129e-15
    outer loop
      vertex   -6.214412e+01 5.382815e+01 -1.000000e+00
      vertex   -6.214412e+01 5.382815e+01 -2.000000e+00
      vertex   -6.181250e+01 5.369078e+01 -1.000000e+00
    endloop
  endfacet
  facet normal -3.826834e-01 -9.238795e-01 -2.719129e-15
    outer loop
      vertex   -6.181250e+01 5.369078e+01 -1.000000e+00
      vertex   -6.214412e+01 5.382815e+01 -2.000000e+00
      vertex   -6.181250e+01 5.369078e+01 -2.000000e+00
    endloop
  endfacet
  facet normal -6.087614e-01 -7.933533e-01 -4.325510e-15
    outer loop
      vertex   -6.181250e+01 5.369078e+01 -1.000000e+00
      vertex   -6.181250e+01 5.369078e+01 -2.000000e+00
      vertex   -6.152773e+01 5.347227e+01 -1.000000e+00
    endloop
  endfacet
  facet normal -6.087614e-01 -7.933533e-01 -0.000000e+00
    outer loop
      vertex   -6.152773e+01 5.347227e+01 -1.000000e+00
      vertex   -6.181250e+01 5.369078e+01 -2.000000e+00
      vertex   -6.152773e+01 5.347227e+01 -2.000000e+00
    endloop
  endfacet
  facet normal -7.933533e-01 -6.087614e-01 -0.000000e+00
    outer loop
      vertex   -6.152773e+01 5.347227e+01 -1.000000e+00
      vertex   -6.152773e+01 5.347227e+01 -2.000000e+00
      vertex   -6.130922e+01 5.318750e+01 -1.000000e+00
    endloop
  endfacet
  facet normal -7.933533e-01 -6.087614e-01 4.325510e-15
    outer loop
      vertex   -6.130922e+01 5.318750e+01 -1.000000e+00
      vertex   -6.152773e+01 5.347227e+01 -2.000000e+00
      vertex   -6.130922e+01 5.318750e+01 -2.000000e+00
    endloop
  endfacet
  facet normal -9.238795e-01 -3.826834e-01 2.719129e-15
    outer loop
      vertex   -6.130922e+01 5.318750e+01 -1.000000e+00
      vertex   -6.130922e+01 5.318750e+01 -2.000000e+00
      vertex   -6.117185e+01 5.285588e+01 -1.000000e+00
    endloop
  endfacet
  facet normal -9.238795e-01 -3.826834e-01 -0.000000e+00
    outer loop
      vertex   -6.117185e+01 5.285588e+01 -1.000000e+00
      vertex   -6.130922e+01 5.318750e+01 -2.000000e+00
      vertex   -6.117185e+01 5.285588e+01 -2.000000e+00
    endloop
  endfacet
  facet normal 0.000000e+00 0.000000e+00 1.000000e+00
    outer loop
      vertex   -3.011241e+01 3.798296e+01 -1.000000e+00
      vertex   -2.998300e+01 3.800000e+01 -1.000000e+00
      vertex   -2.998300e+01 4.000000e+01 -1.000000e+00
    endloop
  endfacet
  facet normal 0.000000e+00 0.000000e+00 1.000000e+00
    outer loop
      vertex   -2.998300e+01 4.000000e+01 -1.000000e+00
      vertex   -2.998300e+01 3.800000e+01 -1.000000e+00
      vertex   1.560184e-08 3.800000e+01 -1.000000e+00
    endloop
  endfacet
  facet normal -0.000000e+00 0.000000e+00 1.000000e+00
    outer loop
      vertex   -2.998300e+01 4.000000e+01 -1.000000e+00
      vertex   1.560184e-08 3.800000e+01 -1.000000e+00
      vertex   1.771812e-08 4.000000e+01 -1.000000e+00
    endloop
  endfacet
  facet normal 0.000000e+00 0.000000e+00 1.000000e+00
    outer loop
      vertex   1.771812e-08 4.000000e+01 -1.000000e+00
      vertex   1.560184e-08 3.800000e+01 -1.000000e+00
      vertex   1.294095e-01 3.798296e+01 -1.000000e+00
    endloop
  endfacet
  facet normal -0.000000e+00 0.000000e+00 1.000000e+00
    outer loop
      vertex   1.771812e-08 4.000000e+01 -1.000000e+00
      vertex   1.294095e-01 3.798296e+01 -1.000000e+00
      vertex   1.294095e-01 4.001704e+01 -1.000000e+00
    endloop
  endfacet
  facet normal 0.000000e+00 0.000000e+00 1.000000e+00
    outer loop
      vertex   1.294095e-01 4.001704e+01 -1.000000e+00
      vertex   1.294095e-01 3.798296e+01 -1.000000e+00
      vertex   2.500000e-01 3.793301e+01 -1.000000e+00
    endloop
  endfacet
  facet normal -0.000000e+00 0.000000e+00 1.000000e+00
    outer loop
      vertex   1.294095e-01 4.001704e+01 -1.000000e+00
      vertex   2.500000e-01 3.793301e+01 -1.000000e+00
      vertex   2.500000e-01 4.006699e+01 -1.000000e+00
    endloop
  endfacet
  facet normal 0.000000e+00 0.000000e+00 1.000000e+00
    outer loop
      vertex   2.500000e-01 4.006699e+01 -1.000000e+00
      vertex   2.500000e-01 3.793301e+01 -1.000000e+00
      vertex   3.535533e-01 3.785355e+01 -1.000000e+00
    endloop
  endfacet
  facet normal -0.000000e+00 0.000000e+00 1.000000e+00
    outer loop
      vertex   2.500000e-01 4.006699e+01 -1.000000e+00
      vertex   3.535533e-01 3.785355e+01 -1.000000e+00
      vertex   3.535533e-01 4.014645e+01 -1.000000e+00
    endloop
  endfacet
  facet normal 0.000000e+00 0.000000e+00 1.000000e+00
    outer loop
      vertex   3.535533e-01 4.014645e+01 -1.000000e+00
      vertex   3.535533e-01 3.785355e+01 -1.000000e+00
      vertex   4.330126e-01 3.775000e+01 -1.000000e+00
    endloop
  endfacet
  facet normal -0.000000e+00 0.000000e+00 1.000000e+00
    outer loop
      vertex   3.535533e-01 4.014645e+01 -1.000000e+00
      vertex   4.330126e-01 3.775000e+01 -1.000000e+00
      vertex   4.330126e-01 4.025000e+01 -1.000000e+00
    endloop
  endfacet
  facet normal 0.000000e+00 0.000000e+00 1.000000e+00
    outer loop
      vertex   4.330126e-01 4.025000e+01 -1.000000e+00
      vertex   4.330126e-01 3.775000e+01 -1.000000e+00
      vertex   4.829628e-01 3.762941e+01 -1.000000e+00
    endloop
  endfacet
  facet normal -0.000000e+00 0.000000e+00 1.000000e+00
    outer loop
      vertex   4.330126e-01 4.025000e+01 -1.000000e+00
      vertex   4.829628e-01 3.762941e+01 -1.000000e+00
      vertex   4.829628e-01 4.037059e+01 -1.000000e+00
    endloop
  endfacet
  facet normal 0.000000e+00 0.000000e+00 1.000000e+00
    outer loop
      vertex   4.829628e-01 4.037059e+01 -1.000000e+00
      vertex   4.829628e-01 3.762941e+01 -1.000000e+00
      vertex   3.000000e+00 3.307000e+01 -1.000000e+00
    endloop
  endfacet
  facet normal -0.000000e+00 0.000000e+00 1.000000e+00
    outer loop
      vertex   4.829628e-01 4.037059e+01 -1.000000e+00
      vertex   3.000000e+00 3.307000e+01 -1.000000e+00
      vertex   4.999999e-01 4.050000e+01 -1.000000e+00
    endloop
  endfacet
  facet normal -0.000000e+00 0.000000e+00 1.000000e+00
    outer loop
      vertex   4.999999e-01 4.050000e+01 -1.000000e+00
      vertex   3.000000e+00 3.307000e+01 -1.000000e+00
      vertex   4.999999e-01 4.350000e+01 -1.000000e+00
    endloop
  endfacet
  facet normal 0.000000e+00 -0.000000e+00 1.000000e+00
    outer loop
      vertex   4.999999e-01 4.050000e+01 -1.000000e+00
      vertex   4.999999e-01 4.350000e+01 -1.000000e+00
      vertex   4.829628e-01 4.337059e+01 -1.000000e+00
    endloop
  endfacet
  facet normal 0.000000e+00 0.000000e+00 1.000000e+00
    outer loop
      vertex   4.829628e-01 3.762941e+01 -1.000000e+00
      vertex   4.999999e-01 3.750000e+01 -1.000000e+00
      vertex   3.000000e+00 3.307000e+01 -1.000000e+00
    endloop
  endfacet
  facet normal 0.000000e+00 0.000000e+00 1.000000e+00
    outer loop
      vertex   3.000000e+00 3.307000e+01 -1.000000e+00
      vertex   4.999999e-01 3.750000e+01 -1.000000e+00
      vertex   4.829628e-01 3.737059e+01 -1.000000e+00
    endloop
  endfacet
  facet normal 0.000000e+00 0.000000e+00 1.000000e+00
    outer loop
      vertex   3.000000e+00 3.307000e+01 -1.000000e+00
      vertex   4.829628e-01 3.737059e+01 -1.000000e+00
      vertex   4.330126e-01 3.725000e+01 -1.000000e+00
    endloop
  endfacet
  facet normal 0.000000e+00 0.000000e+00 1.000000e+00
    outer loop
      vertex   4.330126e-01 3.725000e+01 -1.000000e+00
      vertex   3.535533e-01 3.714645e+01 -1.000000e+00
      vertex   3.000000e+00 3.307000e+01 -1.000000e+00
    endloop
  endfacet
  facet normal 0.000000e+00 0.000000e+00 1.000000e+00
    outer loop
      vertex   3.000000e+00 3.307000e+01 -1.000000e+00
      vertex   3.535533e-01 3.714645e+01 -1.000000e+00
      vertex   2.500000e-01 3.706699e+01 -1.000000e+00
    endloop
  endfacet
  facet normal 0.000000e+00 0.000000e+00 1.000000e+00
    outer loop
      vertex   3.000000e+00 3.307000e+01 -1.000000e+00
      vertex   2.500000e-01 3.706699e+01 -1.000000e+00
      vertex   1.294095e-01 3.701704e+01 -1.000000e+00
    endloop
  endfacet
  facet normal 0.000000e+00 0.000000e+00 1.000000e+00
    outer loop
      vertex   1.294095e-01 3.701704e+01 -1.000000e+00
      vertex   1.771812e-08 3.700000e+01 -1.000000e+00
      vertex   3.000000e+00 3.307000e+01 -1.000000e+00
    endloop
  endfacet
  facet normal 0.000000e+00 0.000000e+00 1.000000e+00
    outer loop
      vertex   3.000000e+00 3.307000e+01 -1.000000e+00
      vertex   1.771812e-08 3.700000e+01 -1.000000e+00
      vertex   -2.998300e+01 3.700000e+01 -1.000000e+00
    endloop
  endfacet
  facet normal 0.000000e+00 0.000000e+00 1.000000e+00
    outer loop
      vertex   3.000000e+00 3.307000e+01 -1.000000e+00
      vertex   -2.998300e+01 3.700000e+01 -1.000000e+00
      vertex   -6.300000e+01 3.307000e+01 -1.000000e+00
    endloop
  endfacet
  facet normal 0.000000e+00 0.000000e+00 1.000000e+00
    outer loop
      vertex   -6.300000e+01 3.307000e+01 -1.000000e+00
      vertex   -2.998300e+01 3.700000e+01 -1.000000e+00
      vertex   -3.398300e+01 3.700000e+01 -1.000000e+00
    endloop
  endfacet
  facet normal 0.000000e+00 -0.000000e+00 1.000000e+00
    outer loop
      vertex   -6.300000e+01 3.307000e+01 -1.000000e+00
      vertex   -3.398300e+01 3.700000e+01 -1.000000e+00
      vertex   -6.396600e+01 3.700000e+01 -1.000000e+00
    endloop
  endfacet
  facet normal 0.000000e+00 0.000000e+00 1.000000e+00
    outer loop
      vertex   -3.398300e+01 3.700000e+01 -1.000000e+00
      vertex   -2.998300e+01 3.700000e+01 -1.000000e+00
      vertex   -3.385359e+01 3.701704e+01 -1.000000e+00
    endloop
  endfacet
  facet normal -0.000000e+00 0.000000e+00 1.000000e+00
    outer loop
      vertex   -3.385359e+01 3.701704e+01 -1.000000e+00
      vertex   -2.998300e+01 3.700000e+01 -1.000000e+00
      vertex   -3.011241e+01 3.701704e+01 -1.000000e+00
    endloop
  endfacet
  facet normal 0.000000e+00 0.000000e+00 1.000000e+00
    outer loop
      vertex   -3.385359e+01 3.701704e+01 -1.000000e+00
      vertex   -3.011241e+01 3.701704e+01 -1.000000e+00
      vertex   -3.373300e+01 3.706699e+01 -1.000000e+00
    endloop
  endfacet
  facet normal -0.000000e+00 0.000000e+00 1.000000e+00
    outer loop
      vertex   -3.373300e+01 3.706699e+01 -1.000000e+00
      vertex   -3.011241e+01 3.701704e+01 -1.000000e+00
      vertex   -3.023300e+01 3.706699e+01 -1.000000e+00
    endloop
  endfacet
  facet normal 0.000000e+00 0.000000e+00 1.000000e+00
    outer loop
      vertex   -3.373300e+01 3.706699e+01 -1.000000e+00
      vertex   -3.023300e+01 3.706699e+01 -1.000000e+00
      vertex   -3.362945e+01 3.714645e+01 -1.000000e+00
    endloop
  endfacet
  facet normal -0.000000e+00 0.000000e+00 1.000000e+00
    outer loop
      vertex   -3.362945e+01 3.714645e+01 -1.000000e+00
      vertex   -3.023300e+01 3.706699e+01 -1.000000e+00
      vertex   -3.033655e+01 3.714645e+01 -1.000000e+00
    endloop
  endfacet
  facet normal 0.000000e+00 0.000000e+00 1.000000e+00
    outer loop
      vertex   -3.362945e+01 3.714645e+01 -1.000000e+00
      vertex   -3.033655e+01 3.714645e+01 -1.000000e+00
      vertex   -3.354999e+01 3.725000e+01 -1.000000e+00
    endloop
  endfacet
  facet normal -0.000000e+00 0.000000e+00 1.000000e+00
    outer loop
      vertex   -3.354999e+01 3.725000e+01 -1.000000e+00
      vertex   -3.033655e+01 3.714645e+01 -1.000000e+00
      vertex   -3.041601e+01 3.725000e+01 -1.000000e+00
    endloop
  endfacet
  facet normal 0.000000e+00 0.000000e+00 1.000000e+00
    outer loop
      vertex   -3.354999e+01 3.725000e+01 -1.000000e+00
      vertex   -3.041601e+01 3.725000e+01 -1.000000e+00
      vertex   -3.350004e+01 3.737059e+01 -1.000000e+00
    endloop
  endfacet
  facet normal -0.000000e+00 0.000000e+00 1.000000e+00
    outer loop
      vertex   -3.350004e+01 3.737059e+01 -1.000000e+00
      vertex   -3.041601e+01 3.725000e+01 -1.000000e+00
      vertex   -3.046596e+01 3.737059e+01 -1.000000e+00
    endloop
  endfacet
  facet normal 0.000000e+00 0.000000e+00 1.000000e+00
    outer loop
      vertex   -3.350004e+01 3.737059e+01 -1.000000e+00
      vertex   -3.046596e+01 3.737059e+01 -1.000000e+00
      vertex   -3.348300e+01 3.750000e+01 -1.000000e+00
    endloop
  endfacet
  facet normal -0.000000e+00 0.000000e+00 1.000000e+00
    outer loop
      vertex   -3.348300e+01 3.750000e+01 -1.000000e+00
      vertex   -3.046596e+01 3.737059e+01 -1.000000e+00
      vertex   -3.048300e+01 3.750000e+01 -1.000000e+00
    endloop
  endfacet
  facet normal 0.000000e+00 -0.000000e+00 1.000000e+00
    outer loop
      vertex   -3.348300e+01 3.750000e+01 -1.000000e+00
      vertex   -3.048300e+01 3.750000e+01 -1.000000e+00
      vertex   -3.350004e+01 3.762941e+01 -1.000000e+00
    endloop
  endfacet
  facet normal -0.000000e+00 0.000000e+00 1.000000e+00
    outer loop
      vertex   -3.350004e+01 3.762941e+01 -1.000000e+00
      vertex   -3.048300e+01 3.750000e+01 -1.000000e+00
      vertex   -3.046596e+01 3.762941e+01 -1.000000e+00
    endloop
  endfacet
  facet normal 0.000000e+00 -0.000000e+00 1.000000e+00
    outer loop
      vertex   -3.350004e+01 3.762941e+01 -1.000000e+00
      vertex   -3.046596e+01 3.762941e+01 -1.000000e+00
      vertex   -3.354999e+01 3.775000e+01 -1.000000e+00
    endloop
  endfacet
  facet normal -0.000000e+00 0.000000e+00 1.000000e+00
    outer loop
      vertex   -3.354999e+01 3.775000e+01 -1.000000e+00
      vertex   -3.046596e+01 3.762941e+01 -1.000000e+00
      vertex   -3.041601e+01 3.775000e+01 -1.000000e+00
    endloop
  endfacet
  facet normal 0.000000e+00 -0.000000e+00 1.000000e+00
    outer loop
      vertex   -3.354999e+01 3.775000e+01 -1.000000e+00
      vertex   -3.041601e+01 3.775000e+01 -1.000000e+00
      vertex   -3.362945e+01 3.785355e+01 -1.000000e+00
    endloop
  endfacet
  facet normal -0.000000e+00 0.000000e+00 1.000000e+00
    outer loop
      vertex   -3.362945e+01 3.785355e+01 -1.000000e+00
      vertex   -3.041601e+01 3.775000e+01 -1.000000e+00
      vertex   -3.033655e+01 3.785355e+01 -1.000000e+00
    endloop
  endfacet
  facet normal 0.000000e+00 -0.000000e+00 1.000000e+00
    outer loop
      vertex   -3.362945e+01 3.785355e+01 -1.000000e+00
      vertex   -3.033655e+01 3.785355e+01 -1.000000e+00
      vertex   -3.362945e+01 4.014645e+01 -1.000000e+00
    endloop
  endfacet
  facet normal 0.000000e+00 0.000000e+00 1.000000e+00
    outer loop
      vertex   -3.362945e+01 4.014645e+01 -1.000000e+00
      vertex   -3.033655e+01 3.785355e+01 -1.000000e+00
      vertex   -3.033655e+01 4.014645e+01 -1.000000e+00
    endloop
  endfacet
  facet normal -0.000000e+00 0.000000e+00 1.000000e+00
    outer loop
      vertex   -3.362945e+01 4.014645e+01 -1.000000e+00
      vertex   -3.033655e+01 4.014645e+01 -1.000000e+00
      vertex   -3.354999e+01 4.025000e+01 -1.000000e+00
    endloop
  endfacet
  facet normal -0.000000e+00 0.000000e+00 1.000000e+00
    outer loop
      vertex   -3.354999e+01 4.025000e+01 -1.000000e+00
      vertex   -3.033655e+01 4.014645e+01 -1.000000e+00
      vertex   -3.041601e+01 4.025000e+01 -1.000000e+00
    endloop
  endfacet
  facet normal 0.000000e+00 0.000000e+00 1.000000e+00
    outer loop
      vertex   -3.354999e+01 4.025000e+01 -1.000000e+00
      vertex   -3.041601e+01 4.025000e+01 -1.000000e+00
      vertex   -3.350004e+01 4.037059e+01 -1.000000e+00
    endloop
  endfacet
  facet normal -0.000000e+00 0.000000e+00 1.000000e+00
    outer loop
      vertex   -3.350004e+01 4.037059e+01 -1.000000e+00
      vertex   -3.041601e+01 4.025000e+01 -1.000000e+00
      vertex   -3.046596e+01 4.037059e+01 -1.000000e+00
    endloop
  endfacet
  facet normal 0.000000e+00 0.000000e+00 1.000000e+00
    outer loop
      vertex   -3.350004e+01 4.037059e+01 -1.000000e+00
      vertex   -3.046596e+01 4.037059e+01 -1.000000e+00
      vertex   -3.348300e+01 4.050000e+01 -1.000000e+00
    endloop
  endfacet
  facet normal 0.000000e+00 0.000000e+00 1.000000e+00
    outer loop
      vertex   -3.348300e+01 4.050000e+01 -1.000000e+00
      vertex   -3.046596e+01 4.037059e+01 -1.000000e+00
      vertex   -3.048300e+01 4.050000e+01 -1.000000e+00
    endloop
  endfacet
  facet normal -0.000000e+00 -0.000000e+00 1.000000e+00
    outer loop
      vertex   -3.348300e+01 4.050000e+01 -1.000000e+00
      vertex   -3.048300e+01 4.050000e+01 -1.000000e+00
      vertex   -3.350004e+01 4.062941e+01 -1.000000e+00
    endloop
  endfacet
  facet normal 0.000000e+00 0.000000e+00 1.000000e+00
    outer loop
      vertex   -3.350004e+01 4.062941e+01 -1.000000e+00
      vertex   -3.048300e+01 4.050000e+01 -1.000000e+00
      vertex   -3.046596e+01 4.062941e+01 -1.000000e+00
    endloop
  endfacet
  facet normal -0.000000e+00 -0.000000e+00 1.000000e+00
    outer loop
      vertex   -3.350004e+01 4.062941e+01 -1.000000e+00
      vertex   -3.046596e+01 4.062941e+01 -1.000000e+00
      vertex   -3.354999e+01 4.075000e+01 -1.000000e+00
    endloop
  endfacet
  facet normal -0.000000e+00 0.000000e+00 1.000000e+00
    outer loop
      vertex   -3.354999e+01 4.075000e+01 -1.000000e+00
      vertex   -3.046596e+01 4.062941e+01 -1.000000e+00
      vertex   -3.041601e+01 4.075000e+01 -1.000000e+00
    endloop
  endfacet
  facet normal 0.000000e+00 -0.000000e+00 1.000000e+00
    outer loop
      vertex   -3.354999e+01 4.075000e+01 -1.000000e+00
      vertex   -3.041601e+01 4.075000e+01 -1.000000e+00
      vertex   -3.362945e+01 4.085355e+01 -1.000000e+00
    endloop
  endfacet
  facet normal -0.000000e+00 0.000000e+00 1.000000e+00
    outer loop
      vertex   -3.362945e+01 4.085355e+01 -1.000000e+00
      vertex   -3.041601e+01 4.075000e+01 -1.000000e+00
      vertex   -3.033655e+01 4.085355e+01 -1.000000e+00
    endloop
  endfacet
  facet normal 0.000000e+00 -0.000000e+00 1.000000e+00
    outer loop
      vertex   -3.362945e+01 4.085355e+01 -1.000000e+00
      vertex   -3.033655e+01 4.085355e+01 -1.000000e+00
      vertex   -3.362945e+01 4.314645e+01 -1.000000e+00
    endloop
  endfacet
  facet normal -0.000000e+00 0.000000e+00 1.000000e+00
    outer loop
      vertex   -3.362945e+01 4.314645e+01 -1.000000e+00
      vertex   -3.033655e+01 4.085355e+01 -1.000000e+00
      vertex   -3.033655e+01 4.314645e+01 -1.000000e+00
    endloop
  endfacet
  facet normal 0.000000e+00 0.000000e+00 1.000000e+00
    outer loop
      vertex   -3.362945e+01 4.314645e+01 -1.000000e+00
      vertex   -3.033655e+01 4.314645e+01 -1.000000e+00
      vertex   -3.354999e+01 4.325000e+01 -1.000000e+00
    endloop
  endfacet
  facet normal -0.000000e+00 0.000000e+00 1.000000e+00
    outer loop
      vertex   -3.354999e+01 4.325000e+01 -1.000000e+00
      vertex   -3.033655e+01 4.314645e+01 -1.000000e+00
      vertex   -3.041601e+01 4.325000e+01 -1.000000e+00
    endloop
  endfacet
  facet normal 0.000000e+00 0.000000e+00 1.000000e+00
    outer loop
      vertex   -3.354999e+01 4.325000e+01 -1.000000e+00
      vertex   -3.041601e+01 4.325000e+01 -1.000000e+00
      vertex   -3.350004e+01 4.337059e+01 -1.000000e+00
    endloop
  endfacet
  facet normal -0.000000e+00 0.000000e+00 1.000000e+00
    outer loop
      vertex   -3.350004e+01 4.337059e+01 -1.000000e+00
      vertex   -3.041601e+01 4.325000e+01 -1.000000e+00
      vertex   -3.046596e+01 4.337059e+01 -1.000000e+00
    endloop
  endfacet
  facet normal 0.000000e+00 0.000000e+00 1.000000e+00
    outer loop
      vertex   -3.350004e+01 4.337059e+01 -1.000000e+00
      vertex   -3.046596e+01 4.337059e+01 -1.000000e+00
      vertex   -3.348300e+01 4.350000e+01 -1.000000e+00
    endloop
  endfacet
  facet normal 0.000000e+00 0.000000e+00 1.000000e+00
    outer loop
      vertex   -3.348300e+01 4.350000e+01 -1.000000e+00
      vertex   -3.046596e+01 4.337059e+01 -1.000000e+00
      vertex   -3.048300e+01 4.350000e+01 -1.000000e+00
    endloop
  endfacet
  facet normal -0.000000e+00 -0.000000e+00 1.000000e+00
    outer loop
      vertex   -3.348300e+01 4.350000e+01 -1.000000e+00
      vertex   -3.048300e+01 4.350000e+01 -1.000000e+00
      vertex   -3.350004e+01 4.362941e+01 -1.000000e+00
    endloop
  endfacet
  facet normal -0.000000e+00 0.000000e+00 1.000000e+00
    outer loop
      vertex   -3.350004e+01 4.362941e+01 -1.000000e+00
      vertex   -3.048300e+01 4.350000e+01 -1.000000e+00
      vertex   -3.046596e+01 4.362941e+01 -1.000000e+00
    endloop
  endfacet
  facet normal 0.000000e+00 -0.000000e+00 1.000000e+00
    outer loop
      vertex   -3.350004e+01 4.362941e+01 -1.000000e+00
      vertex   -3.046596e+01 4.362941e+01 -1.000000e+00
      vertex   -3.354999e+01 4.375000e+01 -1.000000e+00
    endloop
  endfacet
  facet normal -0.000000e+00 0.000000e+00 1.000000e+00
    outer loop
      vertex   -3.354999e+01 4.375000e+01 -1.000000e+00
      vertex   -3.046596e+01 4.362941e+01 -1.000000e+00
      vertex   -3.041601e+01 4.375000e+01 -1.000000e+00
    endloop
  endfacet
  facet normal 0.000000e+00 -0.000000e+00 1.000000e+00
    outer loop
      vertex   -3.354999e+01 4.375000e+01 -1.000000e+00
      vertex   -3.041601e+01 4.375000e+01 -1.000000e+00
      vertex   -3.362945e+01 4.385355e+01 -1.000000e+00
    endloop
  endfacet
  facet normal -0.000000e+00 0.000000e+00 1.000000e+00
    outer loop
      vertex   -3.362945e+01 4.385355e+01 -1.000000e+00
      vertex   -3.041601e+01 4.375000e+01 -1.000000e+00
      vertex   -3.033655e+01 4.385355e+01 -1.000000e+00
    endloop
  endfacet
  facet normal 0.000000e+00 -0.000000e+00 1.000000e+00
    outer loop
      vertex   -3.362945e+01 4.385355e+01 -1.000000e+00
      vertex   -3.033655e+01 4.385355e+01 -1.000000e+00
      vertex   -3.362945e+01 4.614645e+01 -1.000000e+00
    endloop
  endfacet
  facet normal -0.000000e+00 0.000000e+00 1.000000e+00
    outer loop
      vertex   -3.362945e+01 4.614645e+01 -1.000000e+00
      vertex   -3.033655e+01 4.385355e+01 -1.000000e+00
      vertex   -3.033655e+01 4.614645e+01 -1.000000e+00
    endloop
  endfacet
  facet normal 0.000000e+00 0.000000e+00 1.000000e+00
    outer loop
      vertex   -3.362945e+01 4.614645e+01 -1.000000e+00
      vertex   -3.033655e+01 4.614645e+01 -1.000000e+00
      vertex   -3.354999e+01 4.625000e+01 -1.000000e+00
    endloop
  endfacet
  facet normal -0.000000e+00 0.000000e+00 1.000000e+00
    outer loop
      vertex   -3.354999e+01 4.625000e+01 -1.000000e+00
      vertex   -3.033655e+01 4.614645e+01 -1.000000e+00
      vertex   -3.041601e+01 4.625000e+01 -1.000000e+00
    endloop
  endfacet
  facet normal 0.000000e+00 0.000000e+00 1.000000e+00
    outer loop
      vertex   -3.354999e+01 4.625000e+01 -1.000000e+00
      vertex   -3.041601e+01 4.625000e+01 -1.000000e+00
      vertex   -3.350004e+01 4.637059e+01 -1.000000e+00
    endloop
  endfacet
  facet normal -0.000000e+00 0.000000e+00 1.000000e+00
    outer loop
      vertex   -3.350004e+01 4.637059e+01 -1.000000e+00
      vertex   -3.041601e+01 4.625000e+01 -1.000000e+00
      vertex   -3.046596e+01 4.637059e+01 -1.000000e+00
    endloop
  endfacet
  facet normal 0.000000e+00 0.000000e+00 1.000000e+00
    outer loop
      vertex   -3.350004e+01 4.637059e+01 -1.000000e+00
      vertex   -3.046596e+01 4.637059e+01 -1.000000e+00
      vertex   -3.348300e+01 4.650000e+01 -1.000000e+00
    endloop
  endfacet
  facet normal 0.000000e+00 0.000000e+00 1.000000e+00
    outer loop
      vertex   -3.348300e+01 4.650000e+01 -1.000000e+00
      vertex   -3.046596e+01 4.637059e+01 -1.000000e+00
      vertex   -3.048300e+01 4.650000e+01 -1.000000e+00
    endloop
  endfacet
  facet normal -0.000000e+00 -0.000000e+00 1.000000e+00
    outer loop
      vertex   -3.348300e+01 4.650000e+01 -1.000000e+00
      vertex   -3.048300e+01 4.650000e+01 -1.000000e+00
      vertex   -3.350004e+01 4.662941e+01 -1.000000e+00
    endloop
  endfacet
  facet normal -0.000000e+00 0.000000e+00 1.000000e+00
    outer loop
      vertex   -3.350004e+01 4.662941e+01 -1.000000e+00
      vertex   -3.048300e+01 4.650000e+01 -1.000000e+00
      vertex   -3.046596e+01 4.662941e+01 -1.000000e+00
    endloop
  endfacet
  facet normal 0.000000e+00 -0.000000e+00 1.000000e+00
    outer loop
      vertex   -3.350004e+01 4.662941e+01 -1.000000e+00
      vertex   -3.046596e+01 4.662941e+01 -1.000000e+00
      vertex   -3.354999e+01 4.675000e+01 -1.000000e+00
    endloop
  endfacet
  facet normal -0.000000e+00 0.000000e+00 1.000000e+00
    outer loop
      vertex   -3.354999e+01 4.675000e+01 -1.000000e+00
      vertex   -3.046596e+01 4.662941e+01 -1.000000e+00
      vertex   -3.041601e+01 4.675000e+01 -1.000000e+00
    endloop
  endfacet
  facet normal 0.000000e+00 -0.000000e+00 1.000000e+00
    outer loop
      vertex   -3.354999e+01 4.675000e+01 -1.000000e+00
      vertex   -3.041601e+01 4.675000e+01 -1.000000e+00
      vertex   -3.362945e+01 4.685355e+01 -1.000000e+00
    endloop
  endfacet
  facet normal -0.000000e+00 0.000000e+00 1.000000e+00
    outer loop
      vertex   -3.362945e+01 4.685355e+01 -1.000000e+00
      vertex   -3.041601e+01 4.675000e+01 -1.000000e+00
      vertex   -3.033655e+01 4.685355e+01 -1.000000e+00
    endloop
  endfacet
  facet normal 0.000000e+00 -0.000000e+00 1.000000e+00
    outer loop
      vertex   -3.362945e+01 4.685355e+01 -1.000000e+00
      vertex   -3.033655e+01 4.685355e+01 -1.000000e+00
      vertex   -3.362945e+01 4.914645e+01 -1.000000e+00
    endloop
  endfacet
  facet normal -0.000000e+00 0.000000e+00 1.000000e+00
    outer loop
      vertex   -3.362945e+01 4.914645e+01 -1.000000e+00
      vertex   -3.033655e+01 4.685355e+01 -1.000000e+00
      vertex   -3.033655e+01 4.914645e+01 -1.000000e+00
    endloop
  endfacet
  facet normal 0.000000e+00 0.000000e+00 1.000000e+00
    outer loop
      vertex   -3.362945e+01 4.914645e+01 -1.000000e+00
      vertex   -3.033655e+01 4.914645e+01 -1.000000e+00
      vertex   -3.354999e+01 4.925000e+01 -1.000000e+00
    endloop
  endfacet
  facet normal -0.000000e+00 0.000000e+00 1.000000e+00
    outer loop
      vertex   -3.354999e+01 4.925000e+01 -1.000000e+00
      vertex   -3.033655e+01 4.914645e+01 -1.000000e+00
      vertex   -3.041601e+01 4.925000e+01 -1.000000e+00
    endloop
  endfacet
  facet normal 0.000000e+00 0.000000e+00 1.000000e+00
    outer loop
      vertex   -3.354999e+01 4.925000e+01 -1.000000e+00
      vertex   -3.041601e+01 4.925000e+01 -1.000000e+00
      vertex   -3.350004e+01 4.937059e+01 -1.000000e+00
    endloop
  endfacet
  facet normal -0.000000e+00 0.000000e+00 1.000000e+00
    outer loop
      vertex   -3.350004e+01 4.937059e+01 -1.000000e+00
      vertex   -3.041601e+01 4.925000e+01 -1.000000e+00
      vertex   -3.046596e+01 4.937059e+01 -1.000000e+00
    endloop
  endfacet
  facet normal 0.000000e+00 0.000000e+00 1.000000e+00
    outer loop
      vertex   -3.350004e+01 4.937059e+01 -1.000000e+00
      vertex   -3.046596e+01 4.937059e+01 -1.000000e+00
      vertex   -3.348300e+01 4.950000e+01 -1.000000e+00
    endloop
  endfacet
  facet normal 0.000000e+00 0.000000e+00 1.000000e+00
    outer loop
      vertex   -3.348300e+01 4.950000e+01 -1.000000e+00
      vertex   -3.046596e+01 4.937059e+01 -1.000000e+00
      vertex   -3.048300e+01 4.950000e+01 -1.000000e+00
    endloop
  endfacet
  facet normal -0.000000e+00 -0.000000e+00 1.000000e+00
    outer loop
      vertex   -3.348300e+01 4.950000e+01 -1.000000e+00
      vertex   -3.048300e+01 4.950000e+01 -1.000000e+00
      vertex   -3.350004e+01 4.962941e+01 -1.000000e+00
    endloop
  endfacet
  facet normal -0.000000e+00 0.000000e+00 1.000000e+00
    outer loop
      vertex   -3.350004e+01 4.962941e+01 -1.000000e+00
      vertex   -3.048300e+01 4.950000e+01 -1.000000e+00
      vertex   -3.046596e+01 4.962941e+01 -1.000000e+00
    endloop
  endfacet
  facet normal 0.000000e+00 -0.000000e+00 1.000000e+00
    outer loop
      vertex   -3.350004e+01 4.962941e+01 -1.000000e+00
      vertex   -3.046596e+01 4.962941e+01 -1.000000e+00
      vertex   -3.354999e+01 4.975000e+01 -1.000000e+00
    endloop
  endfacet
  facet normal -0.000000e+00 0.000000e+00 1.000000e+00
    outer loop
      vertex   -3.354999e+01 4.975000e+01 -1.000000e+00
      vertex   -3.046596e+01 4.962941e+01 -1.000000e+00
      vertex   -3.041601e+01 4.975000e+01 -1.000000e+00
    endloop
  endfacet
  facet normal 0.000000e+00 -0.000000e+00 1.000000e+00
    outer loop
      vertex   -3.354999e+01 4.975000e+01 -1.000000e+00
      vertex   -3.041601e+01 4.975000e+01 -1.000000e+00
      vertex   -3.362945e+01 4.985355e+01 -1.000000e+00
    endloop
  endfacet
  facet normal -0.000000e+00 0.000000e+00 1.000000e+00
    outer loop
      vertex   -3.362945e+01 4.985355e+01 -1.000000e+00
      vertex   -3.041601e+01 4.975000e+01 -1.000000e+00
      vertex   -3.033655e+01 4.985355e+01 -1.000000e+00
    endloop
  endfacet
  facet normal 0.000000e+00 -0.000000e+00 1.000000e+00
    outer loop
      vertex   -3.362945e+01 4.985355e+01 -1.000000e+00
      vertex   -3.033655e+01 4.985355e+01 -1.000000e+00
      vertex   -3.362945e+01 5.214645e+01 -1.000000e+00
    endloop
  endfacet
  facet normal -0.000000e+00 0.000000e+00 1.000000e+00
    outer loop
      vertex   -3.362945e+01 5.214645e+01 -1.000000e+00
      vertex   -3.033655e+01 4.985355e+01 -1.000000e+00
      vertex   -3.033655e+01 5.214645e+01 -1.000000e+00
    endloop
  endfacet
  facet normal 0.000000e+00 0.000000e+00 1.000000e+00
    outer loop
      vertex   -3.362945e+01 5.214645e+01 -1.000000e+00
      vertex   -3.033655e+01 5.214645e+01 -1.000000e+00
      vertex   -3.354999e+01 5.225000e+01 -1.000000e+00
    endloop
  endfacet
  facet normal -0.000000e+00 0.000000e+00 1.000000e+00
    outer loop
      vertex   -3.354999e+01 5.225000e+01 -1.000000e+00
      vertex   -3.033655e+01 5.214645e+01 -1.000000e+00
      vertex   -3.041601e+01 5.225000e+01 -1.000000e+00
    endloop
  endfacet
  facet normal 0.000000e+00 0.000000e+00 1.000000e+00
    outer loop
      vertex   -3.354999e+01 5.225000e+01 -1.000000e+00
      vertex   -3.041601e+01 5.225000e+01 -1.000000e+00
      vertex   -3.350004e+01 5.237059e+01 -1.000000e+00
    endloop
  endfacet
  facet normal -0.000000e+00 0.000000e+00 1.000000e+00
    outer loop
      vertex   -3.350004e+01 5.237059e+01 -1.000000e+00
      vertex   -3.041601e+01 5.225000e+01 -1.000000e+00
      vertex   -3.046596e+01 5.237059e+01 -1.000000e+00
    endloop
  endfacet
  facet normal 0.000000e+00 0.000000e+00 1.000000e+00
    outer loop
      vertex   -3.350004e+01 5.237059e+01 -1.000000e+00
      vertex   -3.046596e+01 5.237059e+01 -1.000000e+00
      vertex   -3.348300e+01 5.250000e+01 -1.000000e+00
    endloop
  endfacet
  facet normal -0.000000e+00 0.000000e+00 1.000000e+00
    outer loop
      vertex   -3.348300e+01 5.250000e+01 -1.000000e+00
      vertex   -3.046596e+01 5.237059e+01 -1.000000e+00
      vertex   -3.048300e+01 5.250000e+01 -1.000000e+00
    endloop
  endfacet
  facet normal 0.000000e+00 -0.000000e+00 1.000000e+00
    outer loop
      vertex   -3.348300e+01 5.250000e+01 -1.000000e+00
      vertex   -3.048300e+01 5.250000e+01 -1.000000e+00
      vertex   -3.350004e+01 5.262941e+01 -1.000000e+00
    endloop
  endfacet
  facet normal -0.000000e+00 0.000000e+00 1.000000e+00
    outer loop
      vertex   -3.350004e+01 5.262941e+01 -1.000000e+00
      vertex   -3.048300e+01 5.250000e+01 -1.000000e+00
      vertex   -3.046596e+01 5.262941e+01 -1.000000e+00
    endloop
  endfacet
  facet normal 0.000000e+00 -0.000000e+00 1.000000e+00
    outer loop
      vertex   -3.350004e+01 5.262941e+01 -1.000000e+00
      vertex   -3.046596e+01 5.262941e+01 -1.000000e+00
      vertex   -3.354999e+01 5.275000e+01 -1.000000e+00
    endloop
  endfacet
  facet normal -0.000000e+00 0.000000e+00 1.000000e+00
    outer loop
      vertex   -3.354999e+01 5.275000e+01 -1.000000e+00
      vertex   -3.046596e+01 5.262941e+01 -1.000000e+00
      vertex   -3.041601e+01 5.275000e+01 -1.000000e+00
    endloop
  endfacet
  facet normal 0.000000e+00 -0.000000e+00 1.000000e+00
    outer loop
      vertex   -3.354999e+01 5.275000e+01 -1.000000e+00
      vertex   -3.041601e+01 5.275000e+01 -1.000000e+00
      vertex   -3.362945e+01 5.285355e+01 -1.000000e+00
    endloop
  endfacet
  facet normal -0.000000e+00 0.000000e+00 1.000000e+00
    outer loop
      vertex   -3.362945e+01 5.285355e+01 -1.000000e+00
      vertex   -3.041601e+01 5.275000e+01 -1.000000e+00
      vertex   -3.033655e+01 5.285355e+01 -1.000000e+00
    endloop
  endfacet
  facet normal 0.000000e+00 -0.000000e+00 1.000000e+00
    outer loop
      vertex   -3.362945e+01 5.285355e+01 -1.000000e+00
      vertex   -3.033655e+01 5.285355e+01 -1.000000e+00
      vertex   -3.373300e+01 5.293301e+01 -1.000000e+00
    endloop
  endfacet
  facet normal -0.000000e+00 0.000000e+00 1.000000e+00
    outer loop
      vertex   -3.373300e+01 5.293301e+01 -1.000000e+00
      vertex   -3.033655e+01 5.285355e+01 -1.000000e+00
      vertex   -3.023300e+01 5.293301e+01 -1.000000e+00
    endloop
  endfacet
  facet normal 0.000000e+00 -0.000000e+00 1.000000e+00
    outer loop
      vertex   -3.373300e+01 5.293301e+01 -1.000000e+00
      vertex   -3.023300e+01 5.293301e+01 -1.000000e+00
      vertex   -3.385359e+01 5.298296e+01 -1.000000e+00
    endloop
  endfacet
  facet normal -0.000000e+00 0.000000e+00 1.000000e+00
    outer loop
      vertex   -3.385359e+01 5.298296e+01 -1.000000e+00
      vertex   -3.023300e+01 5.293301e+01 -1.000000e+00
      vertex   -3.011241e+01 5.298296e+01 -1.000000e+00
    endloop
  endfacet
  facet normal 0.000000e+00 -0.000000e+00 1.000000e+00
    outer loop
      vertex   -3.385359e+01 5.298296e+01 -1.000000e+00
      vertex   -3.011241e+01 5.298296e+01 -1.000000e+00
      vertex   -3.398300e+01 5.300000e+01 -1.000000e+00
    endloop
  endfacet
  facet normal -0.000000e+00 0.000000e+00 1.000000e+00
    outer loop
      vertex   -3.398300e+01 5.300000e+01 -1.000000e+00
      vertex   -3.011241e+01 5.298296e+01 -1.000000e+00
      vertex   -2.998300e+01 5.300000e+01 -1.000000e+00
    endloop
  endfacet
  facet normal 0.000000e+00 -0.000000e+00 1.000000e+00
    outer loop
      vertex   -3.398300e+01 5.300000e+01 -1.000000e+00
      vertex   -2.998300e+01 5.300000e+01 -1.000000e+00
      vertex   -6.696600e+01 5.900000e+01 -1.000000e+00
    endloop
  endfacet
  facet normal -0.000000e+00 0.000000e+00 1.000000e+00
    outer loop
      vertex   -6.696600e+01 5.900000e+01 -1.000000e+00
      vertex   -2.998300e+01 5.300000e+01 -1.000000e+00
      vertex   3.000000e+00 5.900000e+01 -1.000000e+00
    endloop
  endfacet
  facet normal 0.000000e+00 0.000000e+00 1.000000e+00
    outer loop
      vertex   3.000000e+00 5.900000e+01 -1.000000e+00
      vertex   -2.998300e+01 5.300000e+01 -1.000000e+00
      vertex   -8.000000e+00 5.300000e+01 -1.000000e+00
    endloop
  endfacet
  facet normal 0.000000e+00 0.000000e+00 1.000000e+00
    outer loop
      vertex   3.000000e+00 5.900000e+01 -1.000000e+00
      vertex   -8.000000e+00 5.300000e+01 -1.000000e+00
      vertex   -4.855876e+00 5.382815e+01 -1.000000e+00
    endloop
  endfacet
  facet normal 0.000000e+00 0.000000e+00 1.000000e+00
    outer loop
      vertex   -4.855876e+00 5.382815e+01 -1.000000e+00
      vertex   -8.000000e+00 5.300000e+01 -1.000000e+00
      vertex   -5.187500e+00 5.369078e+01 -1.000000e+00
    endloop
  endfacet
  facet normal 0.000000e+00 0.000000e+00 1.000000e+00
    outer loop
      vertex   -5.187500e+00 5.369078e+01 -1.000000e+00
      vertex   -8.000000e+00 5.300000e+01 -1.000000e+00
      vertex   -7.870590e+00 5.298296e+01 -1.000000e+00
    endloop
  endfacet
  facet normal 0.000000e+00 0.000000e+00 1.000000e+00
    outer loop
      vertex   -5.187500e+00 5.369078e+01 -1.000000e+00
      vertex   -7.870590e+00 5.298296e+01 -1.000000e+00
      vertex   -5.472272e+00 5.347227e+01 -1.000000e+00
    endloop
  endfacet
  facet normal 0.000000e+00 0.000000e+00 1.000000e+00
    outer loop
      vertex   -5.472272e+00 5.347227e+01 -1.000000e+00
      vertex   -7.870590e+00 5.298296e+01 -1.000000e+00
      vertex   -7.750000e+00 5.293301e+01 -1.000000e+00
    endloop
  endfacet
  facet normal 0.000000e+00 0.000000e+00 1.000000e+00
    outer loop
      vertex   -5.472272e+00 5.347227e+01 -1.000000e+00
      vertex   -7.750000e+00 5.293301e+01 -1.000000e+00
      vertex   -5.690785e+00 5.318750e+01 -1.000000e+00
    endloop
  endfacet
  facet normal 0.000000e+00 0.000000e+00 1.000000e+00
    outer loop
      vertex   -5.690785e+00 5.318750e+01 -1.000000e+00
      vertex   -7.750000e+00 5.293301e+01 -1.000000e+00
      vertex   -7.646447e+00 5.285355e+01 -1.000000e+00
    endloop
  endfacet
  facet normal 0.000000e+00 0.000000e+00 1.000000e+00
    outer loop
      vertex   -5.690785e+00 5.318750e+01 -1.000000e+00
      vertex   -7.646447e+00 5.285355e+01 -1.000000e+00
      vertex   -5.828148e+00 5.285588e+01 -1.000000e+00
    endloop
  endfacet
  facet normal 0.000000e+00 0.000000e+00 1.000000e+00
    outer loop
      vertex   -5.828148e+00 5.285588e+01 -1.000000e+00
      vertex   -7.646447e+00 5.285355e+01 -1.000000e+00
      vertex   -7.566987e+00 5.275000e+01 -1.000000e+00
    endloop
  endfacet
  facet normal 0.000000e+00 0.000000e+00 1.000000e+00
    outer loop
      vertex   -5.828148e+00 5.285588e+01 -1.000000e+00
      vertex   -7.566987e+00 5.275000e+01 -1.000000e+00
      vertex   -7.517037e+00 5.262941e+01 -1.000000e+00
    endloop
  endfacet
  facet normal 0.000000e+00 0.000000e+00 1.000000e+00
    outer loop
      vertex   -3.033655e+01 4.014645e+01 -1.000000e+00
      vertex   -3.033655e+01 3.785355e+01 -1.000000e+00
      vertex   -3.023300e+01 4.006699e+01 -1.000000e+00
    endloop
  endfacet
  facet normal 0.000000e+00 0.000000e+00 1.000000e+00
    outer loop
      vertex   -3.023300e+01 4.006699e+01 -1.000000e+00
      vertex   -3.033655e+01 3.785355e+01 -1.000000e+00
      vertex   -3.023300e+01 3.793301e+01 -1.000000e+00
    endloop
  endfacet
  facet normal 0.000000e+00 0.000000e+00 1.000000e+00
    outer loop
      vertex   -3.023300e+01 4.006699e+01 -1.000000e+00
      vertex   -3.023300e+01 3.793301e+01 -1.000000e+00
      vertex   -3.011241e+01 4.001704e+01 -1.000000e+00
    endloop
  endfacet
  facet normal 0.000000e+00 0.000000e+00 1.000000e+00
    outer loop
      vertex   -3.011241e+01 4.001704e+01 -1.000000e+00
      vertex   -3.023300e+01 3.793301e+01 -1.000000e+00
      vertex   -3.011241e+01 3.798296e+01 -1.000000e+00
    endloop
  endfacet
  facet normal 0.000000e+00 0.000000e+00 1.000000e+00
    outer loop
      vertex   -3.011241e+01 4.001704e+01 -1.000000e+00
      vertex   -3.011241e+01 3.798296e+01 -1.000000e+00
      vertex   -2.998300e+01 4.000000e+01 -1.000000e+00
    endloop
  endfacet
  facet normal 0.000000e+00 0.000000e+00 1.000000e+00
    outer loop
      vertex   -3.011241e+01 4.901704e+01 -1.000000e+00
      vertex   -2.998300e+01 4.700000e+01 -1.000000e+00
      vertex   -2.998300e+01 4.900000e+01 -1.000000e+00
    endloop
  endfacet
  facet normal 0.000000e+00 0.000000e+00 1.000000e+00
    outer loop
      vertex   -2.998300e+01 4.900000e+01 -1.000000e+00
      vertex   -2.998300e+01 4.700000e+01 -1.000000e+00
      vertex   1.560184e-08 4.700000e+01 -1.000000e+00
    endloop
  endfacet
  facet normal -0.000000e+00 0.000000e+00 1.000000e+00
    outer loop
      vertex   -2.998300e+01 4.900000e+01 -1.000000e+00
      vertex   1.560184e-08 4.700000e+01 -1.000000e+00
      vertex   1.771812e-08 4.900000e+01 -1.000000e+00
    endloop
  endfacet
  facet normal 0.000000e+00 0.000000e+00 1.000000e+00
    outer loop
      vertex   1.771812e-08 4.900000e+01 -1.000000e+00
      vertex   1.560184e-08 4.700000e+01 -1.000000e+00
      vertex   1.294095e-01 4.698296e+01 -1.000000e+00
    endloop
  endfacet
  facet normal -0.000000e+00 0.000000e+00 1.000000e+00
    outer loop
      vertex   1.771812e-08 4.900000e+01 -1.000000e+00
      vertex   1.294095e-01 4.698296e+01 -1.000000e+00
      vertex   1.294095e-01 4.901704e+01 -1.000000e+00
    endloop
  endfacet
  facet normal 0.000000e+00 0.000000e+00 1.000000e+00
    outer loop
      vertex   1.294095e-01 4.901704e+01 -1.000000e+00
      vertex   1.294095e-01 4.698296e+01 -1.000000e+00
      vertex   2.500000e-01 4.693301e+01 -1.000000e+00
    endloop
  endfacet
  facet normal -0.000000e+00 0.000000e+00 1.000000e+00
    outer loop
      vertex   1.294095e-01 4.901704e+01 -1.000000e+00
      vertex   2.500000e-01 4.693301e+01 -1.000000e+00
      vertex   2.500000e-01 4.906699e+01 -1.000000e+00
    endloop
  endfacet
  facet normal 0.000000e+00 0.000000e+00 1.000000e+00
    outer loop
      vertex   2.500000e-01 4.906699e+01 -1.000000e+00
      vertex   2.500000e-01 4.693301e+01 -1.000000e+00
      vertex   3.535533e-01 4.685355e+01 -1.000000e+00
    endloop
  endfacet
  facet normal -0.000000e+00 0.000000e+00 1.000000e+00
    outer loop
      vertex   2.500000e-01 4.906699e+01 -1.000000e+00
      vertex   3.535533e-01 4.685355e+01 -1.000000e+00
      vertex   3.535533e-01 4.914645e+01 -1.000000e+00
    endloop
  endfacet
  facet normal 0.000000e+00 0.000000e+00 1.000000e+00
    outer loop
      vertex   3.535533e-01 4.914645e+01 -1.000000e+00
      vertex   3.535533e-01 4.685355e+01 -1.000000e+00
      vertex   4.330126e-01 4.675000e+01 -1.000000e+00
    endloop
  endfacet
  facet normal -0.000000e+00 0.000000e+00 1.000000e+00
    outer loop
      vertex   3.535533e-01 4.914645e+01 -1.000000e+00
      vertex   4.330126e-01 4.675000e+01 -1.000000e+00
      vertex   4.330126e-01 4.925000e+01 -1.000000e+00
    endloop
  endfacet
  facet normal 0.000000e+00 0.000000e+00 1.000000e+00
    outer loop
      vertex   4.330126e-01 4.925000e+01 -1.000000e+00
      vertex   4.330126e-01 4.675000e+01 -1.000000e+00
      vertex   4.829628e-01 4.662941e+01 -1.000000e+00
    endloop
  endfacet
  facet normal -0.000000e+00 0.000000e+00 1.000000e+00
    outer loop
      vertex   4.330126e-01 4.925000e+01 -1.000000e+00
      vertex   4.829628e-01 4.662941e+01 -1.000000e+00
      vertex   4.829628e-01 4.937059e+01 -1.000000e+00
    endloop
  endfacet
  facet normal 0.000000e+00 0.000000e+00 1.000000e+00
    outer loop
      vertex   4.829628e-01 4.937059e+01 -1.000000e+00
      vertex   4.829628e-01 4.662941e+01 -1.000000e+00
      vertex   4.999999e-01 4.650000e+01 -1.000000e+00
    endloop
  endfacet
  facet normal -0.000000e+00 0.000000e+00 1.000000e+00
    outer loop
      vertex   4.829628e-01 4.937059e+01 -1.000000e+00
      vertex   4.999999e-01 4.650000e+01 -1.000000e+00
      vertex   4.999999e-01 4.950000e+01 -1.000000e+00
    endloop
  endfacet
  facet normal -0.000000e+00 0.000000e+00 1.000000e+00
    outer loop
      vertex   4.999999e-01 4.950000e+01 -1.000000e+00
      vertex   4.999999e-01 4.650000e+01 -1.000000e+00
      vertex   3.000000e+00 5.900000e+01 -1.000000e+00
    endloop
  endfacet
  facet normal 0.000000e+00 -0.000000e+00 1.000000e+00
    outer loop
      vertex   4.999999e-01 4.950000e+01 -1.000000e+00
      vertex   3.000000e+00 5.900000e+01 -1.000000e+00
      vertex   4.829628e-01 4.962941e+01 -1.000000e+00
    endloop
  endfacet
  facet normal 0.000000e+00 -0.000000e+00 1.000000e+00
    outer loop
      vertex   4.829628e-01 4.962941e+01 -1.000000e+00
      vertex   3.000000e+00 5.900000e+01 -1.000000e+00
      vertex   4.330126e-01 4.975000e+01 -1.000000e+00
    endloop
  endfacet
  facet normal 0.000000e+00 -0.000000e+00 1.000000e+00
    outer loop
      vertex   4.330126e-01 4.975000e+01 -1.000000e+00
      vertex   3.000000e+00 5.900000e+01 -1.000000e+00
      vertex   3.535533e-01 4.985355e+01 -1.000000e+00
    endloop
  endfacet
  facet normal 0.000000e+00 -0.000000e+00 1.000000e+00
    outer loop
      vertex   3.535533e-01 4.985355e+01 -1.000000e+00
      vertex   3.000000e+00 5.900000e+01 -1.000000e+00
      vertex   2.500000e-01 4.993301e+01 -1.000000e+00
    endloop
  endfacet
  facet normal 0.000000e+00 -0.000000e+00 1.000000e+00
    outer loop
      vertex   2.500000e-01 4.993301e+01 -1.000000e+00
      vertex   3.000000e+00 5.900000e+01 -1.000000e+00
      vertex   1.294095e-01 4.998296e+01 -1.000000e+00
    endloop
  endfacet
  facet normal 0.000000e+00 -0.000000e+00 1.000000e+00
    outer loop
      vertex   1.294095e-01 4.998296e+01 -1.000000e+00
      vertex   3.000000e+00 5.900000e+01 -1.000000e+00
      vertex   -3.171852e+00 5.285588e+01 -1.000000e+00
    endloop
  endfacet
  facet normal 0.000000e+00 0.000000e+00 1.000000e+00
    outer loop
      vertex   1.294095e-01 4.998296e+01 -1.000000e+00
      vertex   -3.171852e+00 5.285588e+01 -1.000000e+00
      vertex   1.659367e-08 5.000000e+01 -1.000000e+00
    endloop
  endfacet
  facet normal 0.000000e+00 0.000000e+00 1.000000e+00
    outer loop
      vertex   1.659367e-08 5.000000e+01 -1.000000e+00
      vertex   -3.171852e+00 5.285588e+01 -1.000000e+00
      vertex   -3.125000e+00 5.250000e+01 -1.000000e+00
    endloop
  endfacet
  facet normal 0.000000e+00 0.000000e+00 1.000000e+00
    outer loop
      vertex   1.659367e-08 5.000000e+01 -1.000000e+00
      vertex   -3.125000e+00 5.250000e+01 -1.000000e+00
      vertex   -3.171852e+00 5.214412e+01 -1.000000e+00
    endloop
  endfacet
  facet normal 0.000000e+00 0.000000e+00 1.000000e+00
    outer loop
      vertex   -2.998300e+01 4.700000e+01 -1.000000e+00
      vertex   -3.011241e+01 4.901704e+01 -1.000000e+00
      vertex   -3.011241e+01 4.698296e+01 -1.000000e+00
    endloop
  endfacet
  facet normal 0.000000e+00 -0.000000e+00 1.000000e+00
    outer loop
      vertex   -3.011241e+01 4.698296e+01 -1.000000e+00
      vertex   -3.011241e+01 4.901704e+01 -1.000000e+00
      vertex   -3.023300e+01 4.906699e+01 -1.000000e+00
    endloop
  endfacet
  facet normal 0.000000e+00 0.000000e+00 1.000000e+00
    outer loop
      vertex   -3.011241e+01 4.698296e+01 -1.000000e+00
      vertex   -3.023300e+01 4.906699e+01 -1.000000e+00
      vertex   -3.023300e+01 4.693301e+01 -1.000000e+00
    endloop
  endfacet
  facet normal 0.000000e+00 -0.000000e+00 1.000000e+00
    outer loop
      vertex   -3.023300e+01 4.693301e+01 -1.000000e+00
      vertex   -3.023300e+01 4.906699e+01 -1.000000e+00
      vertex   -3.033655e+01 4.914645e+01 -1.000000e+00
    endloop
  endfacet
  facet normal 0.000000e+00 0.000000e+00 1.000000e+00
    outer loop
      vertex   -3.023300e+01 4.693301e+01 -1.000000e+00
      vertex   -3.033655e+01 4.914645e+01 -1.000000e+00
      vertex   -3.033655e+01 4.685355e+01 -1.000000e+00
    endloop
  endfacet
  facet normal 0.000000e+00 0.000000e+00 1.000000e+00
    outer loop
      vertex   -3.033655e+01 5.214645e+01 -1.000000e+00
      vertex   -3.033655e+01 4.985355e+01 -1.000000e+00
      vertex   -3.023300e+01 5.206699e+01 -1.000000e+00
    endloop
  endfacet
  facet normal 0.000000e+00 0.000000e+00 1.000000e+00
    outer loop
      vertex   -3.023300e+01 5.206699e+01 -1.000000e+00
      vertex   -3.033655e+01 4.985355e+01 -1.000000e+00
      vertex   -3.023300e+01 4.993301e+01 -1.000000e+00
    endloop
  endfacet
  facet normal 0.000000e+00 0.000000e+00 1.000000e+00
    outer loop
      vertex   -3.023300e+01 5.206699e+01 -1.000000e+00
      vertex   -3.023300e+01 4.993301e+01 -1.000000e+00
      vertex   -3.011241e+01 5.201704e+01 -1.000000e+00
    endloop
  endfacet
  facet normal 0.000000e+00 0.000000e+00 1.000000e+00
    outer loop
      vertex   -3.011241e+01 5.201704e+01 -1.000000e+00
      vertex   -3.023300e+01 4.993301e+01 -1.000000e+00
      vertex   -3.011241e+01 4.998296e+01 -1.000000e+00
    endloop
  endfacet
  facet normal 0.000000e+00 0.000000e+00 1.000000e+00
    outer loop
      vertex   -3.011241e+01 5.201704e+01 -1.000000e+00
      vertex   -3.011241e+01 4.998296e+01 -1.000000e+00
      vertex   -2.998300e+01 5.200000e+01 -1.000000e+00
    endloop
  endfacet
  facet normal 0.000000e+00 0.000000e+00 1.000000e+00
    outer loop
      vertex   -2.998300e+01 5.200000e+01 -1.000000e+00
      vertex   -3.011241e+01 4.998296e+01 -1.000000e+00
      vertex   -2.998300e+01 5.000000e+01 -1.000000e+00
    endloop
  endfacet
  facet normal -0.000000e+00 0.000000e+00 1.000000e+00
    outer loop
      vertex   -2.998300e+01 5.200000e+01 -1.000000e+00
      vertex   -2.998300e+01 5.000000e+01 -1.000000e+00
      vertex   -8.000000e+00 5.200000e+01 -1.000000e+00
    endloop
  endfacet
  facet normal 0.000000e+00 0.000000e+00 1.000000e+00
    outer loop
      vertex   -8.000000e+00 5.200000e+01 -1.000000e+00
      vertex   -2.998300e+01 5.000000e+01 -1.000000e+00
      vertex   -4.855876e+00 5.117185e+01 -1.000000e+00
    endloop
  endfacet
  facet normal 0.000000e+00 0.000000e+00 1.000000e+00
    outer loop
      vertex   -8.000000e+00 5.200000e+01 -1.000000e+00
      vertex   -4.855876e+00 5.117185e+01 -1.000000e+00
      vertex   -5.187500e+00 5.130922e+01 -1.000000e+00
    endloop
  endfacet
  facet normal -0.000000e+00 0.000000e+00 1.000000e+00
    outer loop
      vertex   -2.998300e+01 5.000000e+01 -1.000000e+00
      vertex   1.659367e-08 5.000000e+01 -1.000000e+00
      vertex   -4.855876e+00 5.117185e+01 -1.000000e+00
    endloop
  endfacet
  facet normal 0.000000e+00 0.000000e+00 1.000000e+00
    outer loop
      vertex   -4.855876e+00 5.117185e+01 -1.000000e+00
      vertex   1.659367e-08 5.000000e+01 -1.000000e+00
      vertex   -4.500000e+00 5.112500e+01 -1.000000e+00
    endloop
  endfacet
  facet normal -0.000000e+00 0.000000e+00 1.000000e+00
    outer loop
      vertex   -4.500000e+00 5.112500e+01 -1.000000e+00
      vertex   1.659367e-08 5.000000e+01 -1.000000e+00
      vertex   -4.144124e+00 5.117185e+01 -1.000000e+00
    endloop
  endfacet
  facet normal -0.000000e+00 0.000000e+00 1.000000e+00
    outer loop
      vertex   -4.144124e+00 5.117185e+01 -1.000000e+00
      vertex   1.659367e-08 5.000000e+01 -1.000000e+00
      vertex   -3.812500e+00 5.130922e+01 -1.000000e+00
    endloop
  endfacet
  facet normal -0.000000e+00 0.000000e+00 1.000000e+00
    outer loop
      vertex   -3.812500e+00 5.130922e+01 -1.000000e+00
      vertex   1.659367e-08 5.000000e+01 -1.000000e+00
      vertex   -3.527728e+00 5.152773e+01 -1.000000e+00
    endloop
  endfacet
  facet normal -0.000000e+00 0.000000e+00 1.000000e+00
    outer loop
      vertex   -3.527728e+00 5.152773e+01 -1.000000e+00
      vertex   1.659367e-08 5.000000e+01 -1.000000e+00
      vertex   -3.309215e+00 5.181250e+01 -1.000000e+00
    endloop
  endfacet
  facet normal -0.000000e+00 0.000000e+00 1.000000e+00
    outer loop
      vertex   -3.309215e+00 5.181250e+01 -1.000000e+00
      vertex   1.659367e-08 5.000000e+01 -1.000000e+00
      vertex   -3.171852e+00 5.214412e+01 -1.000000e+00
    endloop
  endfacet
  facet normal -0.000000e+00 0.000000e+00 1.000000e+00
    outer loop
      vertex   4.829628e-01 4.637059e+01 -1.000000e+00
      vertex   4.999999e-01 4.350000e+01 -1.000000e+00
      vertex   4.999999e-01 4.650000e+01 -1.000000e+00
    endloop
  endfacet
  facet normal 0.000000e+00 0.000000e+00 1.000000e+00
    outer loop
      vertex   4.999999e-01 4.650000e+01 -1.000000e+00
      vertex   4.999999e-01 4.350000e+01 -1.000000e+00
      vertex   3.000000e+00 3.307000e+01 -1.000000e+00
    endloop
  endfacet
  facet normal -0.000000e+00 0.000000e+00 1.000000e+00
    outer loop
      vertex   4.999999e-01 4.650000e+01 -1.000000e+00
      vertex   3.000000e+00 3.307000e+01 -1.000000e+00
      vertex   3.000000e+00 5.900000e+01 -1.000000e+00
    endloop
  endfacet
  facet normal 0.000000e+00 0.000000e+00 1.000000e+00
    outer loop
      vertex   4.999999e-01 4.350000e+01 -1.000000e+00
      vertex   4.829628e-01 4.637059e+01 -1.000000e+00
      vertex   4.829628e-01 4.362941e+01 -1.000000e+00
    endloop
  endfacet
  facet normal 0.000000e+00 -0.000000e+00 1.000000e+00
    outer loop
      vertex   4.829628e-01 4.362941e+01 -1.000000e+00
      vertex   4.829628e-01 4.637059e+01 -1.000000e+00
      vertex   4.330126e-01 4.625000e+01 -1.000000e+00
    endloop
  endfacet
  facet normal 0.000000e+00 0.000000e+00 1.000000e+00
    outer loop
      vertex   4.829628e-01 4.362941e+01 -1.000000e+00
      vertex   4.330126e-01 4.625000e+01 -1.000000e+00
      vertex   4.330126e-01 4.375000e+01 -1.000000e+00
    endloop
  endfacet
  facet normal 0.000000e+00 -0.000000e+00 1.000000e+00
    outer loop
      vertex   4.330126e-01 4.375000e+01 -1.000000e+00
      vertex   4.330126e-01 4.625000e+01 -1.000000e+00
      vertex   3.535533e-01 4.614645e+01 -1.000000e+00
    endloop
  endfacet
  facet normal 0.000000e+00 0.000000e+00 1.000000e+00
    outer loop
      vertex   4.330126e-01 4.375000e+01 -1.000000e+00
      vertex   3.535533e-01 4.614645e+01 -1.000000e+00
      vertex   3.535533e-01 4.385355e+01 -1.000000e+00
    endloop
  endfacet
  facet normal 0.000000e+00 -0.000000e+00 1.000000e+00
    outer loop
      vertex   3.535533e-01 4.385355e+01 -1.000000e+00
      vertex   3.535533e-01 4.614645e+01 -1.000000e+00
      vertex   2.500000e-01 4.606699e+01 -1.000000e+00
    endloop
  endfacet
  facet normal 0.000000e+00 0.000000e+00 1.000000e+00
    outer loop
      vertex   3.535533e-01 4.385355e+01 -1.000000e+00
      vertex   2.500000e-01 4.606699e+01 -1.000000e+00
      vertex   2.500000e-01 4.393301e+01 -1.000000e+00
    endloop
  endfacet
  facet normal 0.000000e+00 -0.000000e+00 1.000000e+00
    outer loop
      vertex   2.500000e-01 4.393301e+01 -1.000000e+00
      vertex   2.500000e-01 4.606699e+01 -1.000000e+00
      vertex   1.294095e-01 4.601704e+01 -1.000000e+00
    endloop
  endfacet
  facet normal 0.000000e+00 0.000000e+00 1.000000e+00
    outer loop
      vertex   2.500000e-01 4.393301e+01 -1.000000e+00
      vertex   1.294095e-01 4.601704e+01 -1.000000e+00
      vertex   1.294095e-01 4.398296e+01 -1.000000e+00
    endloop
  endfacet
  facet normal 0.000000e+00 -0.000000e+00 1.000000e+00
    outer loop
      vertex   1.294095e-01 4.398296e+01 -1.000000e+00
      vertex   1.294095e-01 4.601704e+01 -1.000000e+00
      vertex   1.771812e-08 4.600000e+01 -1.000000e+00
    endloop
  endfacet
  facet normal 0.000000e+00 0.000000e+00 1.000000e+00
    outer loop
      vertex   1.294095e-01 4.398296e+01 -1.000000e+00
      vertex   1.771812e-08 4.600000e+01 -1.000000e+00
      vertex   1.560184e-08 4.400000e+01 -1.000000e+00
    endloop
  endfacet
  facet normal 0.000000e+00 -0.000000e+00 1.000000e+00
    outer loop
      vertex   1.560184e-08 4.400000e+01 -1.000000e+00
      vertex   1.771812e-08 4.600000e+01 -1.000000e+00
      vertex   -2.998300e+01 4.600000e+01 -1.000000e+00
    endloop
  endfacet
  facet normal 0.000000e+00 0.000000e+00 1.000000e+00
    outer loop
      vertex   1.560184e-08 4.400000e+01 -1.000000e+00
      vertex   -2.998300e+01 4.600000e+01 -1.000000e+00
      vertex   -2.998300e+01 4.400000e+01 -1.000000e+00
    endloop
  endfacet
  facet normal 0.000000e+00 -0.000000e+00 1.000000e+00
    outer loop
      vertex   -2.998300e+01 4.400000e+01 -1.000000e+00
      vertex   -2.998300e+01 4.600000e+01 -1.000000e+00
      vertex   -3.011241e+01 4.398296e+01 -1.000000e+00
    endloop
  endfacet
  facet normal 0.000000e+00 0.000000e+00 1.000000e+00
    outer loop
      vertex   -3.011241e+01 4.398296e+01 -1.000000e+00
      vertex   -2.998300e+01 4.600000e+01 -1.000000e+00
      vertex   -3.011241e+01 4.601704e+01 -1.000000e+00
    endloop
  endfacet
  facet normal 0.000000e+00 -0.000000e+00 1.000000e+00
    outer loop
      vertex   -3.011241e+01 4.398296e+01 -1.000000e+00
      vertex   -3.011241e+01 4.601704e+01 -1.000000e+00
      vertex   -3.023300e+01 4.393301e+01 -1.000000e+00
    endloop
  endfacet
  facet normal 0.000000e+00 0.000000e+00 1.000000e+00
    outer loop
      vertex   -3.023300e+01 4.393301e+01 -1.000000e+00
      vertex   -3.011241e+01 4.601704e+01 -1.000000e+00
      vertex   -3.023300e+01 4.606699e+01 -1.000000e+00
    endloop
  endfacet
  facet normal 0.000000e+00 -0.000000e+00 1.000000e+00
    outer loop
      vertex   -3.023300e+01 4.393301e+01 -1.000000e+00
      vertex   -3.023300e+01 4.606699e+01 -1.000000e+00
      vertex   -3.033655e+01 4.385355e+01 -1.000000e+00
    endloop
  endfacet
  facet normal 0.000000e+00 0.000000e+00 1.000000e+00
    outer loop
      vertex   -3.033655e+01 4.385355e+01 -1.000000e+00
      vertex   -3.023300e+01 4.606699e+01 -1.000000e+00
      vertex   -3.033655e+01 4.614645e+01 -1.000000e+00
    endloop
  endfacet
  facet normal 0.000000e+00 0.000000e+00 1.000000e+00
    outer loop
      vertex   -3.011241e+01 4.098296e+01 -1.000000e+00
      vertex   -2.998300e+01 4.100000e+01 -1.000000e+00
      vertex   -2.998300e+01 4.300000e+01 -1.000000e+00
    endloop
  endfacet
  facet normal 0.000000e+00 0.000000e+00 1.000000e+00
    outer loop
      vertex   -2.998300e+01 4.300000e+01 -1.000000e+00
      vertex   -2.998300e+01 4.100000e+01 -1.000000e+00
      vertex   1.560184e-08 4.100000e+01 -1.000000e+00
    endloop
  endfacet
  facet normal -0.000000e+00 0.000000e+00 1.000000e+00
    outer loop
      vertex   -2.998300e+01 4.300000e+01 -1.000000e+00
      vertex   1.560184e-08 4.100000e+01 -1.000000e+00
      vertex   1.771812e-08 4.300000e+01 -1.000000e+00
    endloop
  endfacet
  facet normal 0.000000e+00 0.000000e+00 1.000000e+00
    outer loop
      vertex   1.771812e-08 4.300000e+01 -1.000000e+00
      vertex   1.560184e-08 4.100000e+01 -1.000000e+00
      vertex   1.294095e-01 4.098296e+01 -1.000000e+00
    endloop
  endfacet
  facet normal -0.000000e+00 0.000000e+00 1.000000e+00
    outer loop
      vertex   1.771812e-08 4.300000e+01 -1.000000e+00
      vertex   1.294095e-01 4.098296e+01 -1.000000e+00
      vertex   1.294095e-01 4.301704e+01 -1.000000e+00
    endloop
  endfacet
  facet normal 0.000000e+00 0.000000e+00 1.000000e+00
    outer loop
      vertex   1.294095e-01 4.301704e+01 -1.000000e+00
      vertex   1.294095e-01 4.098296e+01 -1.000000e+00
      vertex   2.500000e-01 4.093301e+01 -1.000000e+00
    endloop
  endfacet
  facet normal -0.000000e+00 0.000000e+00 1.000000e+00
    outer loop
      vertex   1.294095e-01 4.301704e+01 -1.000000e+00
      vertex   2.500000e-01 4.093301e+01 -1.000000e+00
      vertex   2.500000e-01 4.306699e+01 -1.000000e+00
    endloop
  endfacet
  facet normal 0.000000e+00 0.000000e+00 1.000000e+00
    outer loop
      vertex   2.500000e-01 4.306699e+01 -1.000000e+00
      vertex   2.500000e-01 4.093301e+01 -1.000000e+00
      vertex   3.535533e-01 4.085355e+01 -1.000000e+00
    endloop
  endfacet
  facet normal -0.000000e+00 0.000000e+00 1.000000e+00
    outer loop
      vertex   2.500000e-01 4.306699e+01 -1.000000e+00
      vertex   3.535533e-01 4.085355e+01 -1.000000e+00
      vertex   3.535533e-01 4.314645e+01 -1.000000e+00
    endloop
  endfacet
  facet normal 0.000000e+00 0.000000e+00 1.000000e+00
    outer loop
      vertex   3.535533e-01 4.314645e+01 -1.000000e+00
      vertex   3.535533e-01 4.085355e+01 -1.000000e+00
      vertex   4.330126e-01 4.075000e+01 -1.000000e+00
    endloop
  endfacet
  facet normal -0.000000e+00 0.000000e+00 1.000000e+00
    outer loop
      vertex   3.535533e-01 4.314645e+01 -1.000000e+00
      vertex   4.330126e-01 4.075000e+01 -1.000000e+00
      vertex   4.330126e-01 4.325000e+01 -1.000000e+00
    endloop
  endfacet
  facet normal 0.000000e+00 0.000000e+00 1.000000e+00
    outer loop
      vertex   4.330126e-01 4.325000e+01 -1.000000e+00
      vertex   4.330126e-01 4.075000e+01 -1.000000e+00
      vertex   4.829628e-01 4.062941e+01 -1.000000e+00
    endloop
  endfacet
  facet normal -0.000000e+00 0.000000e+00 1.000000e+00
    outer loop
      vertex   4.330126e-01 4.325000e+01 -1.000000e+00
      vertex   4.829628e-01 4.062941e+01 -1.000000e+00
      vertex   4.829628e-01 4.337059e+01 -1.000000e+00
    endloop
  endfacet
  facet normal 0.000000e+00 0.000000e+00 1.000000e+00
    outer loop
      vertex   4.829628e-01 4.337059e+01 -1.000000e+00
      vertex   4.829628e-01 4.062941e+01 -1.000000e+00
      vertex   4.999999e-01 4.050000e+01 -1.000000e+00
    endloop
  endfacet
  facet normal 0.000000e+00 0.000000e+00 1.000000e+00
    outer loop
      vertex   -3.033655e+01 4.314645e+01 -1.000000e+00
      vertex   -3.033655e+01 4.085355e+01 -1.000000e+00
      vertex   -3.023300e+01 4.306699e+01 -1.000000e+00
    endloop
  endfacet
  facet normal 0.000000e+00 0.000000e+00 1.000000e+00
    outer loop
      vertex   -3.023300e+01 4.306699e+01 -1.000000e+00
      vertex   -3.033655e+01 4.085355e+01 -1.000000e+00
      vertex   -3.023300e+01 4.093301e+01 -1.000000e+00
    endloop
  endfacet
  facet normal 0.000000e+00 0.000000e+00 1.000000e+00
    outer loop
      vertex   -3.023300e+01 4.306699e+01 -1.000000e+00
      vertex   -3.023300e+01 4.093301e+01 -1.000000e+00
      vertex   -3.011241e+01 4.301704e+01 -1.000000e+00
    endloop
  endfacet
  facet normal 0.000000e+00 0.000000e+00 1.000000e+00
    outer loop
      vertex   -3.011241e+01 4.301704e+01 -1.000000e+00
      vertex   -3.023300e+01 4.093301e+01 -1.000000e+00
      vertex   -3.011241e+01 4.098296e+01 -1.000000e+00
    endloop
  endfacet
  facet normal 0.000000e+00 0.000000e+00 1.000000e+00
    outer loop
      vertex   -3.011241e+01 4.301704e+01 -1.000000e+00
      vertex   -3.011241e+01 4.098296e+01 -1.000000e+00
      vertex   -2.998300e+01 4.300000e+01 -1.000000e+00
    endloop
  endfacet
  facet normal 0.000000e+00 0.000000e+00 1.000000e+00
    outer loop
      vertex   -5.828148e+00 5.285588e+01 -1.000000e+00
      vertex   -7.517037e+00 5.262941e+01 -1.000000e+00
      vertex   -5.875000e+00 5.250000e+01 -1.000000e+00
    endloop
  endfacet
  facet normal 0.000000e+00 0.000000e+00 1.000000e+00
    outer loop
      vertex   -5.875000e+00 5.250000e+01 -1.000000e+00
      vertex   -7.517037e+00 5.262941e+01 -1.000000e+00
      vertex   -7.500000e+00 5.250000e+01 -1.000000e+00
    endloop
  endfacet
  facet normal 0.000000e+00 0.000000e+00 1.000000e+00
    outer loop
      vertex   -5.875000e+00 5.250000e+01 -1.000000e+00
      vertex   -7.500000e+00 5.250000e+01 -1.000000e+00
      vertex   -7.517037e+00 5.237059e+01 -1.000000e+00
    endloop
  endfacet
  facet normal 0.000000e+00 0.000000e+00 1.000000e+00
    outer loop
      vertex   -5.875000e+00 5.250000e+01 -1.000000e+00
      vertex   -7.517037e+00 5.237059e+01 -1.000000e+00
      vertex   -5.828148e+00 5.214412e+01 -1.000000e+00
    endloop
  endfacet
  facet normal 0.000000e+00 0.000000e+00 1.000000e+00
    outer loop
      vertex   -5.828148e+00 5.214412e+01 -1.000000e+00
      vertex   -7.517037e+00 5.237059e+01 -1.000000e+00
      vertex   -7.566987e+00 5.225000e+01 -1.000000e+00
    endloop
  endfacet
  facet normal 0.000000e+00 0.000000e+00 1.000000e+00
    outer loop
      vertex   -5.828148e+00 5.214412e+01 -1.000000e+00
      vertex   -7.566987e+00 5.225000e+01 -1.000000e+00
      vertex   -7.646447e+00 5.214645e+01 -1.000000e+00
    endloop
  endfacet
  facet normal 0.000000e+00 0.000000e+00 1.000000e+00
    outer loop
      vertex   -5.828148e+00 5.214412e+01 -1.000000e+00
      vertex   -7.646447e+00 5.214645e+01 -1.000000e+00
      vertex   -5.690785e+00 5.181250e+01 -1.000000e+00
    endloop
  endfacet
  facet normal 0.000000e+00 0.000000e+00 1.000000e+00
    outer loop
      vertex   -5.690785e+00 5.181250e+01 -1.000000e+00
      vertex   -7.646447e+00 5.214645e+01 -1.000000e+00
      vertex   -7.750000e+00 5.206699e+01 -1.000000e+00
    endloop
  endfacet
  facet normal 0.000000e+00 0.000000e+00 1.000000e+00
    outer loop
      vertex   -5.690785e+00 5.181250e+01 -1.000000e+00
      vertex   -7.750000e+00 5.206699e+01 -1.000000e+00
      vertex   -5.472272e+00 5.152773e+01 -1.000000e+00
    endloop
  endfacet
  facet normal 0.000000e+00 0.000000e+00 1.000000e+00
    outer loop
      vertex   -5.472272e+00 5.152773e+01 -1.000000e+00
      vertex   -7.750000e+00 5.206699e+01 -1.000000e+00
      vertex   -7.870590e+00 5.201704e+01 -1.000000e+00
    endloop
  endfacet
  facet normal 0.000000e+00 0.000000e+00 1.000000e+00
    outer loop
      vertex   -5.472272e+00 5.152773e+01 -1.000000e+00
      vertex   -7.870590e+00 5.201704e+01 -1.000000e+00
      vertex   -5.187500e+00 5.130922e+01 -1.000000e+00
    endloop
  endfacet
  facet normal 0.000000e+00 0.000000e+00 1.000000e+00
    outer loop
      vertex   -5.187500e+00 5.130922e+01 -1.000000e+00
      vertex   -7.870590e+00 5.201704e+01 -1.000000e+00
      vertex   -8.000000e+00 5.200000e+01 -1.000000e+00
    endloop
  endfacet
  facet normal 0.000000e+00 0.000000e+00 1.000000e+00
    outer loop
      vertex   -4.855876e+00 5.382815e+01 -1.000000e+00
      vertex   -4.500000e+00 5.387500e+01 -1.000000e+00
      vertex   3.000000e+00 5.900000e+01 -1.000000e+00
    endloop
  endfacet
  facet normal 0.000000e+00 0.000000e+00 1.000000e+00
    outer loop
      vertex   3.000000e+00 5.900000e+01 -1.000000e+00
      vertex   -4.500000e+00 5.387500e+01 -1.000000e+00
      vertex   -4.144124e+00 5.382815e+01 -1.000000e+00
    endloop
  endfacet
  facet normal 0.000000e+00 0.000000e+00 1.000000e+00
    outer loop
      vertex   3.000000e+00 5.900000e+01 -1.000000e+00
      vertex   -4.144124e+00 5.382815e+01 -1.000000e+00
      vertex   -3.812500e+00 5.369078e+01 -1.000000e+00
    endloop
  endfacet
  facet normal -0.000000e+00 0.000000e+00 1.000000e+00
    outer loop
      vertex   -3.812500e+00 5.369078e+01 -1.000000e+00
      vertex   -3.527728e+00 5.347227e+01 -1.000000e+00
      vertex   3.000000e+00 5.900000e+01 -1.000000e+00
    endloop
  endfacet
  facet normal 0.000000e+00 0.000000e+00 1.000000e+00
    outer loop
      vertex   3.000000e+00 5.900000e+01 -1.000000e+00
      vertex   -3.527728e+00 5.347227e+01 -1.000000e+00
      vertex   -3.309215e+00 5.318750e+01 -1.000000e+00
    endloop
  endfacet
  facet normal 0.000000e+00 0.000000e+00 1.000000e+00
    outer loop
      vertex   3.000000e+00 5.900000e+01 -1.000000e+00
      vertex   -3.309215e+00 5.318750e+01 -1.000000e+00
      vertex   -3.171852e+00 5.285588e+01 -1.000000e+00
    endloop
  endfacet
  facet normal 0.000000e+00 0.000000e+00 1.000000e+00
    outer loop
      vertex   -6.117185e+01 5.214412e+01 -1.000000e+00
      vertex   -5.644896e+01 5.237059e+01 -1.000000e+00
      vertex   -6.112500e+01 5.250000e+01 -1.000000e+00
    endloop
  endfacet
  facet normal -0.000000e+00 0.000000e+00 1.000000e+00
    outer loop
      vertex   -6.112500e+01 5.250000e+01 -1.000000e+00
      vertex   -5.644896e+01 5.237059e+01 -1.000000e+00
      vertex   -5.646600e+01 5.250000e+01 -1.000000e+00
    endloop
  endfacet
  facet normal 0.000000e+00 0.000000e+00 1.000000e+00
    outer loop
      vertex   -6.112500e+01 5.250000e+01 -1.000000e+00
      vertex   -5.646600e+01 5.250000e+01 -1.000000e+00
      vertex   -5.644896e+01 5.262941e+01 -1.000000e+00
    endloop
  endfacet
  facet normal 0.000000e+00 0.000000e+00 1.000000e+00
    outer loop
      vertex   -5.644896e+01 5.237059e+01 -1.000000e+00
      vertex   -6.117185e+01 5.214412e+01 -1.000000e+00
      vertex   -5.639901e+01 5.225000e+01 -1.000000e+00
    endloop
  endfacet
  facet normal 0.000000e+00 0.000000e+00 1.000000e+00
    outer loop
      vertex   -5.639901e+01 5.225000e+01 -1.000000e+00
      vertex   -6.117185e+01 5.214412e+01 -1.000000e+00
      vertex   -6.130922e+01 5.181250e+01 -1.000000e+00
    endloop
  endfacet
  facet normal 0.000000e+00 0.000000e+00 1.000000e+00
    outer loop
      vertex   -5.639901e+01 5.225000e+01 -1.000000e+00
      vertex   -6.130922e+01 5.181250e+01 -1.000000e+00
      vertex   -5.631955e+01 5.214645e+01 -1.000000e+00
    endloop
  endfacet
  facet normal 0.000000e+00 0.000000e+00 1.000000e+00
    outer loop
      vertex   -5.631955e+01 5.214645e+01 -1.000000e+00
      vertex   -6.130922e+01 5.181250e+01 -1.000000e+00
      vertex   -6.152773e+01 5.152773e+01 -1.000000e+00
    endloop
  endfacet
  facet normal 0.000000e+00 0.000000e+00 1.000000e+00
    outer loop
      vertex   -5.631955e+01 5.214645e+01 -1.000000e+00
      vertex   -6.152773e+01 5.152773e+01 -1.000000e+00
      vertex   -5.621600e+01 5.206699e+01 -1.000000e+00
    endloop
  endfacet
  facet normal 0.000000e+00 0.000000e+00 1.000000e+00
    outer loop
      vertex   -5.621600e+01 5.206699e+01 -1.000000e+00
      vertex   -6.152773e+01 5.152773e+01 -1.000000e+00
      vertex   -6.181250e+01 5.130922e+01 -1.000000e+00
    endloop
  endfacet
  facet normal 0.000000e+00 0.000000e+00 1.000000e+00
    outer loop
      vertex   -5.621600e+01 5.206699e+01 -1.000000e+00
      vertex   -6.181250e+01 5.130922e+01 -1.000000e+00
      vertex   -5.609541e+01 5.201704e+01 -1.000000e+00
    endloop
  endfacet
  facet normal 0.000000e+00 0.000000e+00 1.000000e+00
    outer loop
      vertex   -5.609541e+01 5.201704e+01 -1.000000e+00
      vertex   -6.181250e+01 5.130922e+01 -1.000000e+00
      vertex   -6.396600e+01 5.000000e+01 -1.000000e+00
    endloop
  endfacet
  facet normal 0.000000e+00 0.000000e+00 1.000000e+00
    outer loop
      vertex   -5.609541e+01 5.201704e+01 -1.000000e+00
      vertex   -6.396600e+01 5.000000e+01 -1.000000e+00
      vertex   -5.596600e+01 5.200000e+01 -1.000000e+00
    endloop
  endfacet
  facet normal 0.000000e+00 0.000000e+00 1.000000e+00
    outer loop
      vertex   -5.596600e+01 5.200000e+01 -1.000000e+00
      vertex   -6.396600e+01 5.000000e+01 -1.000000e+00
      vertex   -3.398300e+01 5.000000e+01 -1.000000e+00
    endloop
  endfacet
  facet normal -0.000000e+00 0.000000e+00 1.000000e+00
    outer loop
      vertex   -5.596600e+01 5.200000e+01 -1.000000e+00
      vertex   -3.398300e+01 5.000000e+01 -1.000000e+00
      vertex   -3.398300e+01 5.200000e+01 -1.000000e+00
    endloop
  endfacet
  facet normal 0.000000e+00 0.000000e+00 1.000000e+00
    outer loop
      vertex   -3.398300e+01 5.200000e+01 -1.000000e+00
      vertex   -3.398300e+01 5.000000e+01 -1.000000e+00
      vertex   -3.385359e+01 4.998296e+01 -1.000000e+00
    endloop
  endfacet
  facet normal -0.000000e+00 0.000000e+00 1.000000e+00
    outer loop
      vertex   -3.398300e+01 5.200000e+01 -1.000000e+00
      vertex   -3.385359e+01 4.998296e+01 -1.000000e+00
      vertex   -3.385359e+01 5.201704e+01 -1.000000e+00
    endloop
  endfacet
  facet normal 0.000000e+00 0.000000e+00 1.000000e+00
    outer loop
      vertex   -3.385359e+01 5.201704e+01 -1.000000e+00
      vertex   -3.385359e+01 4.998296e+01 -1.000000e+00
      vertex   -3.373300e+01 4.993301e+01 -1.000000e+00
    endloop
  endfacet
  facet normal -0.000000e+00 0.000000e+00 1.000000e+00
    outer loop
      vertex   -3.385359e+01 5.201704e+01 -1.000000e+00
      vertex   -3.373300e+01 4.993301e+01 -1.000000e+00
      vertex   -3.373300e+01 5.206699e+01 -1.000000e+00
    endloop
  endfacet
  facet normal 0.000000e+00 0.000000e+00 1.000000e+00
    outer loop
      vertex   -3.373300e+01 5.206699e+01 -1.000000e+00
      vertex   -3.373300e+01 4.993301e+01 -1.000000e+00
      vertex   -3.362945e+01 4.985355e+01 -1.000000e+00
    endloop
  endfacet
  facet normal -0.000000e+00 0.000000e+00 1.000000e+00
    outer loop
      vertex   -3.373300e+01 5.206699e+01 -1.000000e+00
      vertex   -3.362945e+01 4.985355e+01 -1.000000e+00
      vertex   -3.362945e+01 5.214645e+01 -1.000000e+00
    endloop
  endfacet
  facet normal 0.000000e+00 0.000000e+00 1.000000e+00
    outer loop
      vertex   -6.181250e+01 5.130922e+01 -1.000000e+00
      vertex   -6.214412e+01 5.117185e+01 -1.000000e+00
      vertex   -6.396600e+01 5.000000e+01 -1.000000e+00
    endloop
  endfacet
  facet normal 0.000000e+00 0.000000e+00 1.000000e+00
    outer loop
      vertex   -6.396600e+01 5.000000e+01 -1.000000e+00
      vertex   -6.214412e+01 5.117185e+01 -1.000000e+00
      vertex   -6.250000e+01 5.112500e+01 -1.000000e+00
    endloop
  endfacet
  facet normal 0.000000e+00 0.000000e+00 1.000000e+00
    outer loop
      vertex   -6.396600e+01 5.000000e+01 -1.000000e+00
      vertex   -6.250000e+01 5.112500e+01 -1.000000e+00
      vertex   -6.285588e+01 5.117185e+01 -1.000000e+00
    endloop
  endfacet
  facet normal 0.000000e+00 0.000000e+00 1.000000e+00
    outer loop
      vertex   -6.285588e+01 5.117185e+01 -1.000000e+00
      vertex   -6.318750e+01 5.130922e+01 -1.000000e+00
      vertex   -6.396600e+01 5.000000e+01 -1.000000e+00
    endloop
  endfacet
  facet normal 0.000000e+00 0.000000e+00 1.000000e+00
    outer loop
      vertex   -6.396600e+01 5.000000e+01 -1.000000e+00
      vertex   -6.318750e+01 5.130922e+01 -1.000000e+00
      vertex   -6.347227e+01 5.152773e+01 -1.000000e+00
    endloop
  endfacet
  facet normal 0.000000e+00 -0.000000e+00 1.000000e+00
    outer loop
      vertex   -6.396600e+01 5.000000e+01 -1.000000e+00
      vertex   -6.347227e+01 5.152773e+01 -1.000000e+00
      vertex   -6.409541e+01 4.998296e+01 -1.000000e+00
    endloop
  endfacet
  facet normal 0.000000e+00 0.000000e+00 1.000000e+00
    outer loop
      vertex   -6.409541e+01 4.998296e+01 -1.000000e+00
      vertex   -6.347227e+01 5.152773e+01 -1.000000e+00
      vertex   -6.369078e+01 5.181250e+01 -1.000000e+00
    endloop
  endfacet
  facet normal 0.000000e+00 -0.000000e+00 1.000000e+00
    outer loop
      vertex   -6.409541e+01 4.998296e+01 -1.000000e+00
      vertex   -6.369078e+01 5.181250e+01 -1.000000e+00
      vertex   -6.421600e+01 4.993301e+01 -1.000000e+00
    endloop
  endfacet
  facet normal 0.000000e+00 -0.000000e+00 1.000000e+00
    outer loop
      vertex   -6.421600e+01 4.993301e+01 -1.000000e+00
      vertex   -6.369078e+01 5.181250e+01 -1.000000e+00
      vertex   -6.431955e+01 4.985355e+01 -1.000000e+00
    endloop
  endfacet
  facet normal 0.000000e+00 0.000000e+00 1.000000e+00
    outer loop
      vertex   -6.431955e+01 4.985355e+01 -1.000000e+00
      vertex   -6.369078e+01 5.181250e+01 -1.000000e+00
      vertex   -6.382815e+01 5.214412e+01 -1.000000e+00
    endloop
  endfacet
  facet normal 0.000000e+00 -0.000000e+00 1.000000e+00
    outer loop
      vertex   -6.431955e+01 4.985355e+01 -1.000000e+00
      vertex   -6.382815e+01 5.214412e+01 -1.000000e+00
      vertex   -6.439901e+01 4.975000e+01 -1.000000e+00
    endloop
  endfacet
  facet normal 0.000000e+00 0.000000e+00 1.000000e+00
    outer loop
      vertex   -6.439901e+01 4.975000e+01 -1.000000e+00
      vertex   -6.382815e+01 5.214412e+01 -1.000000e+00
      vertex   -6.387500e+01 5.250000e+01 -1.000000e+00
    endloop
  endfacet
  facet normal 0.000000e+00 -0.000000e+00 1.000000e+00
    outer loop
      vertex   -6.439901e+01 4.975000e+01 -1.000000e+00
      vertex   -6.387500e+01 5.250000e+01 -1.000000e+00
      vertex   -6.444896e+01 4.962941e+01 -1.000000e+00
    endloop
  endfacet
  facet normal 0.000000e+00 -0.000000e+00 1.000000e+00
    outer loop
      vertex   -6.444896e+01 4.962941e+01 -1.000000e+00
      vertex   -6.387500e+01 5.250000e+01 -1.000000e+00
      vertex   -6.696600e+01 5.900000e+01 -1.000000e+00
    endloop
  endfacet
  facet normal 0.000000e+00 0.000000e+00 1.000000e+00
    outer loop
      vertex   -6.444896e+01 4.962941e+01 -1.000000e+00
      vertex   -6.696600e+01 5.900000e+01 -1.000000e+00
      vertex   -6.446600e+01 4.950000e+01 -1.000000e+00
    endloop
  endfacet
  facet normal 0.000000e+00 0.000000e+00 1.000000e+00
    outer loop
      vertex   -6.446600e+01 4.950000e+01 -1.000000e+00
      vertex   -6.696600e+01 5.900000e+01 -1.000000e+00
      vertex   -6.446600e+01 4.650000e+01 -1.000000e+00
    endloop
  endfacet
  facet normal 0.000000e+00 0.000000e+00 1.000000e+00
    outer loop
      vertex   -6.446600e+01 4.950000e+01 -1.000000e+00
      vertex   -6.446600e+01 4.650000e+01 -1.000000e+00
      vertex   -6.444896e+01 4.937059e+01 -1.000000e+00
    endloop
  endfacet
  facet normal 0.000000e+00 0.000000e+00 1.000000e+00
    outer loop
      vertex   -6.444896e+01 4.937059e+01 -1.000000e+00
      vertex   -6.446600e+01 4.650000e+01 -1.000000e+00
      vertex   -6.444896e+01 4.662941e+01 -1.000000e+00
    endloop
  endfacet
  facet normal 0.000000e+00 0.000000e+00 1.000000e+00
    outer loop
      vertex   -6.444896e+01 4.937059e+01 -1.000000e+00
      vertex   -6.444896e+01 4.662941e+01 -1.000000e+00
      vertex   -6.439901e+01 4.925000e+01 -1.000000e+00
    endloop
  endfacet
  facet normal 0.000000e+00 0.000000e+00 1.000000e+00
    outer loop
      vertex   -6.439901e+01 4.925000e+01 -1.000000e+00
      vertex   -6.444896e+01 4.662941e+01 -1.000000e+00
      vertex   -6.439901e+01 4.675000e+01 -1.000000e+00
    endloop
  endfacet
  facet normal 0.000000e+00 0.000000e+00 1.000000e+00
    outer loop
      vertex   -6.439901e+01 4.925000e+01 -1.000000e+00
      vertex   -6.439901e+01 4.675000e+01 -1.000000e+00
      vertex   -6.431955e+01 4.914645e+01 -1.000000e+00
    endloop
  endfacet
  facet normal 0.000000e+00 0.000000e+00 1.000000e+00
    outer loop
      vertex   -6.431955e+01 4.914645e+01 -1.000000e+00
      vertex   -6.439901e+01 4.675000e+01 -1.000000e+00
      vertex   -6.431955e+01 4.685355e+01 -1.000000e+00
    endloop
  endfacet
  facet normal 0.000000e+00 0.000000e+00 1.000000e+00
    outer loop
      vertex   -6.431955e+01 4.914645e+01 -1.000000e+00
      vertex   -6.431955e+01 4.685355e+01 -1.000000e+00
      vertex   -6.421600e+01 4.906699e+01 -1.000000e+00
    endloop
  endfacet
  facet normal 0.000000e+00 0.000000e+00 1.000000e+00
    outer loop
      vertex   -6.421600e+01 4.906699e+01 -1.000000e+00
      vertex   -6.431955e+01 4.685355e+01 -1.000000e+00
      vertex   -6.421600e+01 4.693301e+01 -1.000000e+00
    endloop
  endfacet
  facet normal 0.000000e+00 0.000000e+00 1.000000e+00
    outer loop
      vertex   -6.421600e+01 4.906699e+01 -1.000000e+00
      vertex   -6.421600e+01 4.693301e+01 -1.000000e+00
      vertex   -6.409541e+01 4.901704e+01 -1.000000e+00
    endloop
  endfacet
  facet normal 0.000000e+00 0.000000e+00 1.000000e+00
    outer loop
      vertex   -6.409541e+01 4.901704e+01 -1.000000e+00
      vertex   -6.421600e+01 4.693301e+01 -1.000000e+00
      vertex   -6.409541e+01 4.698296e+01 -1.000000e+00
    endloop
  endfacet
  facet normal 0.000000e+00 0.000000e+00 1.000000e+00
    outer loop
      vertex   -6.409541e+01 4.901704e+01 -1.000000e+00
      vertex   -6.409541e+01 4.698296e+01 -1.000000e+00
      vertex   -6.396600e+01 4.900000e+01 -1.000000e+00
    endloop
  endfacet
  facet normal 0.000000e+00 0.000000e+00 1.000000e+00
    outer loop
      vertex   -6.396600e+01 4.900000e+01 -1.000000e+00
      vertex   -6.409541e+01 4.698296e+01 -1.000000e+00
      vertex   -6.396600e+01 4.700000e+01 -1.000000e+00
    endloop
  endfacet
  facet normal 0.000000e+00 0.000000e+00 1.000000e+00
    outer loop
      vertex   -6.396600e+01 4.900000e+01 -1.000000e+00
      vertex   -6.396600e+01 4.700000e+01 -1.000000e+00
      vertex   -3.398300e+01 4.900000e+01 -1.000000e+00
    endloop
  endfacet
  facet normal 0.000000e+00 0.000000e+00 1.000000e+00
    outer loop
      vertex   -3.398300e+01 4.900000e+01 -1.000000e+00
      vertex   -6.396600e+01 4.700000e+01 -1.000000e+00
      vertex   -3.398300e+01 4.700000e+01 -1.000000e+00
    endloop
  endfacet
  facet normal -0.000000e+00 0.000000e+00 1.000000e+00
    outer loop
      vertex   -3.398300e+01 4.900000e+01 -1.000000e+00
      vertex   -3.398300e+01 4.700000e+01 -1.000000e+00
      vertex   -3.385359e+01 4.901704e+01 -1.000000e+00
    endloop
  endfacet
  facet normal 0.000000e+00 0.000000e+00 1.000000e+00
    outer loop
      vertex   -3.385359e+01 4.901704e+01 -1.000000e+00
      vertex   -3.398300e+01 4.700000e+01 -1.000000e+00
      vertex   -3.385359e+01 4.698296e+01 -1.000000e+00
    endloop
  endfacet
  facet normal -0.000000e+00 0.000000e+00 1.000000e+00
    outer loop
      vertex   -3.385359e+01 4.901704e+01 -1.000000e+00
      vertex   -3.385359e+01 4.698296e+01 -1.000000e+00
      vertex   -3.373300e+01 4.906699e+01 -1.000000e+00
    endloop
  endfacet
  facet normal 0.000000e+00 0.000000e+00 1.000000e+00
    outer loop
      vertex   -3.373300e+01 4.906699e+01 -1.000000e+00
      vertex   -3.385359e+01 4.698296e+01 -1.000000e+00
      vertex   -3.373300e+01 4.693301e+01 -1.000000e+00
    endloop
  endfacet
  facet normal -0.000000e+00 0.000000e+00 1.000000e+00
    outer loop
      vertex   -3.373300e+01 4.906699e+01 -1.000000e+00
      vertex   -3.373300e+01 4.693301e+01 -1.000000e+00
      vertex   -3.362945e+01 4.914645e+01 -1.000000e+00
    endloop
  endfacet
  facet normal 0.000000e+00 0.000000e+00 1.000000e+00
    outer loop
      vertex   -3.362945e+01 4.914645e+01 -1.000000e+00
      vertex   -3.373300e+01 4.693301e+01 -1.000000e+00
      vertex   -3.362945e+01 4.685355e+01 -1.000000e+00
    endloop
  endfacet
  facet normal 0.000000e+00 -0.000000e+00 1.000000e+00
    outer loop
      vertex   -6.387500e+01 5.250000e+01 -1.000000e+00
      vertex   -6.382815e+01 5.285588e+01 -1.000000e+00
      vertex   -6.696600e+01 5.900000e+01 -1.000000e+00
    endloop
  endfacet
  facet normal 0.000000e+00 0.000000e+00 1.000000e+00
    outer loop
      vertex   -6.696600e+01 5.900000e+01 -1.000000e+00
      vertex   -6.382815e+01 5.285588e+01 -1.000000e+00
      vertex   -6.369078e+01 5.318750e+01 -1.000000e+00
    endloop
  endfacet
  facet normal 0.000000e+00 0.000000e+00 1.000000e+00
    outer loop
      vertex   -6.696600e+01 5.900000e+01 -1.000000e+00
      vertex   -6.369078e+01 5.318750e+01 -1.000000e+00
      vertex   -6.347227e+01 5.347227e+01 -1.000000e+00
    endloop
  endfacet
  facet normal 0.000000e+00 -0.000000e+00 1.000000e+00
    outer loop
      vertex   -6.347227e+01 5.347227e+01 -1.000000e+00
      vertex   -6.318750e+01 5.369078e+01 -1.000000e+00
      vertex   -6.696600e+01 5.900000e+01 -1.000000e+00
    endloop
  endfacet
  facet normal 0.000000e+00 0.000000e+00 1.000000e+00
    outer loop
      vertex   -6.696600e+01 5.900000e+01 -1.000000e+00
      vertex   -6.318750e+01 5.369078e+01 -1.000000e+00
      vertex   -6.285588e+01 5.382815e+01 -1.000000e+00
    endloop
  endfacet
  facet normal 0.000000e+00 0.000000e+00 1.000000e+00
    outer loop
      vertex   -6.696600e+01 5.900000e+01 -1.000000e+00
      vertex   -6.285588e+01 5.382815e+01 -1.000000e+00
      vertex   -6.250000e+01 5.387500e+01 -1.000000e+00
    endloop
  endfacet
  facet normal -0.000000e+00 -0.000000e+00 1.000000e+00
    outer loop
      vertex   -6.250000e+01 5.387500e+01 -1.000000e+00
      vertex   -6.214412e+01 5.382815e+01 -1.000000e+00
      vertex   -6.696600e+01 5.900000e+01 -1.000000e+00
    endloop
  endfacet
  facet normal 0.000000e+00 0.000000e+00 1.000000e+00
    outer loop
      vertex   -6.696600e+01 5.900000e+01 -1.000000e+00
      vertex   -6.214412e+01 5.382815e+01 -1.000000e+00
      vertex   -6.181250e+01 5.369078e+01 -1.000000e+00
    endloop
  endfacet
  facet normal 0.000000e+00 0.000000e+00 1.000000e+00
    outer loop
      vertex   -6.696600e+01 5.900000e+01 -1.000000e+00
      vertex   -6.181250e+01 5.369078e+01 -1.000000e+00
      vertex   -5.609541e+01 5.298296e+01 -1.000000e+00
    endloop
  endfacet
  facet normal 0.000000e+00 0.000000e+00 1.000000e+00
    outer loop
      vertex   -5.609541e+01 5.298296e+01 -1.000000e+00
      vertex   -6.181250e+01 5.369078e+01 -1.000000e+00
      vertex   -5.621600e+01 5.293301e+01 -1.000000e+00
    endloop
  endfacet
  facet normal 0.000000e+00 0.000000e+00 1.000000e+00
    outer loop
      vertex   -5.621600e+01 5.293301e+01 -1.000000e+00
      vertex   -6.181250e+01 5.369078e+01 -1.000000e+00
      vertex   -6.152773e+01 5.347227e+01 -1.000000e+00
    endloop
  endfacet
  facet normal 0.000000e+00 0.000000e+00 1.000000e+00
    outer loop
      vertex   -5.621600e+01 5.293301e+01 -1.000000e+00
      vertex   -6.152773e+01 5.347227e+01 -1.000000e+00
      vertex   -5.631955e+01 5.285355e+01 -1.000000e+00
    endloop
  endfacet
  facet normal 0.000000e+00 0.000000e+00 1.000000e+00
    outer loop
      vertex   -5.631955e+01 5.285355e+01 -1.000000e+00
      vertex   -6.152773e+01 5.347227e+01 -1.000000e+00
      vertex   -6.130922e+01 5.318750e+01 -1.000000e+00
    endloop
  endfacet
  facet normal 0.000000e+00 0.000000e+00 1.000000e+00
    outer loop
      vertex   -5.631955e+01 5.285355e+01 -1.000000e+00
      vertex   -6.130922e+01 5.318750e+01 -1.000000e+00
      vertex   -5.639901e+01 5.275000e+01 -1.000000e+00
    endloop
  endfacet
  facet normal 0.000000e+00 0.000000e+00 1.000000e+00
    outer loop
      vertex   -5.639901e+01 5.275000e+01 -1.000000e+00
      vertex   -6.130922e+01 5.318750e+01 -1.000000e+00
      vertex   -6.117185e+01 5.285588e+01 -1.000000e+00
    endloop
  endfacet
  facet normal 0.000000e+00 0.000000e+00 1.000000e+00
    outer loop
      vertex   -5.639901e+01 5.275000e+01 -1.000000e+00
      vertex   -6.117185e+01 5.285588e+01 -1.000000e+00
      vertex   -5.644896e+01 5.262941e+01 -1.000000e+00
    endloop
  endfacet
  facet normal 0.000000e+00 0.000000e+00 1.000000e+00
    outer loop
      vertex   -5.644896e+01 5.262941e+01 -1.000000e+00
      vertex   -6.117185e+01 5.285588e+01 -1.000000e+00
      vertex   -6.112500e+01 5.250000e+01 -1.000000e+00
    endloop
  endfacet
  facet normal 0.000000e+00 -0.000000e+00 1.000000e+00
    outer loop
      vertex   -6.300000e+01 7.105427e-14 -1.000000e+00
      vertex   -6.300000e+01 3.307000e+01 -1.000000e+00
      vertex   -6.696600e+01 0.000000e+00 -1.000000e+00
    endloop
  endfacet
  facet normal 0.000000e+00 0.000000e+00 1.000000e+00
    outer loop
      vertex   -6.696600e+01 0.000000e+00 -1.000000e+00
      vertex   -6.300000e+01 3.307000e+01 -1.000000e+00
      vertex   -6.444896e+01 3.737059e+01 -1.000000e+00
    endloop
  endfacet
  facet normal 0.000000e+00 0.000000e+00 1.000000e+00
    outer loop
      vertex   -6.696600e+01 0.000000e+00 -1.000000e+00
      vertex   -6.444896e+01 3.737059e+01 -1.000000e+00
      vertex   -6.446600e+01 3.750000e+01 -1.000000e+00
    endloop
  endfacet
  facet normal 0.000000e+00 -0.000000e+00 1.000000e+00
    outer loop
      vertex   -6.696600e+01 0.000000e+00 -1.000000e+00
      vertex   -6.446600e+01 3.750000e+01 -1.000000e+00
      vertex   -6.696600e+01 5.900000e+01 -1.000000e+00
    endloop
  endfacet
  facet normal 0.000000e+00 0.000000e+00 1.000000e+00
    outer loop
      vertex   -6.696600e+01 5.900000e+01 -1.000000e+00
      vertex   -6.446600e+01 3.750000e+01 -1.000000e+00
      vertex   -6.446600e+01 4.050000e+01 -1.000000e+00
    endloop
  endfacet
  facet normal 0.000000e+00 0.000000e+00 1.000000e+00
    outer loop
      vertex   -6.696600e+01 5.900000e+01 -1.000000e+00
      vertex   -6.446600e+01 4.050000e+01 -1.000000e+00
      vertex   -6.446600e+01 4.350000e+01 -1.000000e+00
    endloop
  endfacet
  facet normal 0.000000e+00 0.000000e+00 1.000000e+00
    outer loop
      vertex   -6.446600e+01 4.350000e+01 -1.000000e+00
      vertex   -6.446600e+01 4.050000e+01 -1.000000e+00
      vertex   -6.444896e+01 4.337059e+01 -1.000000e+00
    endloop
  endfacet
  facet normal 0.000000e+00 0.000000e+00 1.000000e+00
    outer loop
      vertex   -6.444896e+01 4.337059e+01 -1.000000e+00
      vertex   -6.446600e+01 4.050000e+01 -1.000000e+00
      vertex   -6.444896e+01 4.062941e+01 -1.000000e+00
    endloop
  endfacet
  facet normal 0.000000e+00 0.000000e+00 1.000000e+00
    outer loop
      vertex   -6.444896e+01 4.337059e+01 -1.000000e+00
      vertex   -6.444896e+01 4.062941e+01 -1.000000e+00
      vertex   -6.439901e+01 4.325000e+01 -1.000000e+00
    endloop
  endfacet
  facet normal 0.000000e+00 0.000000e+00 1.000000e+00
    outer loop
      vertex   -6.439901e+01 4.325000e+01 -1.000000e+00
      vertex   -6.444896e+01 4.062941e+01 -1.000000e+00
      vertex   -6.439901e+01 4.075000e+01 -1.000000e+00
    endloop
  endfacet
  facet normal 0.000000e+00 0.000000e+00 1.000000e+00
    outer loop
      vertex   -6.439901e+01 4.325000e+01 -1.000000e+00
      vertex   -6.439901e+01 4.075000e+01 -1.000000e+00
      vertex   -6.431955e+01 4.314645e+01 -1.000000e+00
    endloop
  endfacet
  facet normal 0.000000e+00 0.000000e+00 1.000000e+00
    outer loop
      vertex   -6.431955e+01 4.314645e+01 -1.000000e+00
      vertex   -6.439901e+01 4.075000e+01 -1.000000e+00
      vertex   -6.431955e+01 4.085355e+01 -1.000000e+00
    endloop
  endfacet
  facet normal 0.000000e+00 0.000000e+00 1.000000e+00
    outer loop
      vertex   -6.431955e+01 4.314645e+01 -1.000000e+00
      vertex   -6.431955e+01 4.085355e+01 -1.000000e+00
      vertex   -6.421600e+01 4.306699e+01 -1.000000e+00
    endloop
  endfacet
  facet normal 0.000000e+00 0.000000e+00 1.000000e+00
    outer loop
      vertex   -6.421600e+01 4.306699e+01 -1.000000e+00
      vertex   -6.431955e+01 4.085355e+01 -1.000000e+00
      vertex   -6.421600e+01 4.093301e+01 -1.000000e+00
    endloop
  endfacet
  facet normal 0.000000e+00 0.000000e+00 1.000000e+00
    outer loop
      vertex   -6.421600e+01 4.306699e+01 -1.000000e+00
      vertex   -6.421600e+01 4.093301e+01 -1.000000e+00
      vertex   -6.409541e+01 4.301704e+01 -1.000000e+00
    endloop
  endfacet
  facet normal 0.000000e+00 0.000000e+00 1.000000e+00
    outer loop
      vertex   -6.409541e+01 4.301704e+01 -1.000000e+00
      vertex   -6.421600e+01 4.093301e+01 -1.000000e+00
      vertex   -6.409541e+01 4.098296e+01 -1.000000e+00
    endloop
  endfacet
  facet normal 0.000000e+00 0.000000e+00 1.000000e+00
    outer loop
      vertex   -6.409541e+01 4.301704e+01 -1.000000e+00
      vertex   -6.409541e+01 4.098296e+01 -1.000000e+00
      vertex   -6.396600e+01 4.300000e+01 -1.000000e+00
    endloop
  endfacet
  facet normal 0.000000e+00 0.000000e+00 1.000000e+00
    outer loop
      vertex   -6.396600e+01 4.300000e+01 -1.000000e+00
      vertex   -6.409541e+01 4.098296e+01 -1.000000e+00
      vertex   -6.396600e+01 4.100000e+01 -1.000000e+00
    endloop
  endfacet
  facet normal 0.000000e+00 0.000000e+00 1.000000e+00
    outer loop
      vertex   -6.396600e+01 4.300000e+01 -1.000000e+00
      vertex   -6.396600e+01 4.100000e+01 -1.000000e+00
      vertex   -3.398300e+01 4.300000e+01 -1.000000e+00
    endloop
  endfacet
  facet normal 0.000000e+00 0.000000e+00 1.000000e+00
    outer loop
      vertex   -3.398300e+01 4.300000e+01 -1.000000e+00
      vertex   -6.396600e+01 4.100000e+01 -1.000000e+00
      vertex   -3.398300e+01 4.100000e+01 -1.000000e+00
    endloop
  endfacet
  facet normal 0.000000e+00 0.000000e+00 1.000000e+00
    outer loop
      vertex   -3.398300e+01 4.300000e+01 -1.000000e+00
      vertex   -3.398300e+01 4.100000e+01 -1.000000e+00
      vertex   -3.385359e+01 4.098296e+01 -1.000000e+00
    endloop
  endfacet
  facet normal 0.000000e+00 0.000000e+00 1.000000e+00
    outer loop
      vertex   -3.362945e+01 4.614645e+01 -1.000000e+00
      vertex   -3.373300e+01 4.606699e+01 -1.000000e+00
      vertex   -3.362945e+01 4.385355e+01 -1.000000e+00
    endloop
  endfacet
  facet normal 0.000000e+00 0.000000e+00 1.000000e+00
    outer loop
      vertex   -3.362945e+01 4.385355e+01 -1.000000e+00
      vertex   -3.373300e+01 4.606699e+01 -1.000000e+00
      vertex   -3.373300e+01 4.393301e+01 -1.000000e+00
    endloop
  endfacet
  facet normal 0.000000e+00 0.000000e+00 1.000000e+00
    outer loop
      vertex   -3.373300e+01 4.393301e+01 -1.000000e+00
      vertex   -3.373300e+01 4.606699e+01 -1.000000e+00
      vertex   -3.385359e+01 4.601704e+01 -1.000000e+00
    endloop
  endfacet
  facet normal 0.000000e+00 0.000000e+00 1.000000e+00
    outer loop
      vertex   -3.373300e+01 4.393301e+01 -1.000000e+00
      vertex   -3.385359e+01 4.601704e+01 -1.000000e+00
      vertex   -3.385359e+01 4.398296e+01 -1.000000e+00
    endloop
  endfacet
  facet normal 0.000000e+00 0.000000e+00 1.000000e+00
    outer loop
      vertex   -3.385359e+01 4.398296e+01 -1.000000e+00
      vertex   -3.385359e+01 4.601704e+01 -1.000000e+00
      vertex   -3.398300e+01 4.600000e+01 -1.000000e+00
    endloop
  endfacet
  facet normal 0.000000e+00 0.000000e+00 1.000000e+00
    outer loop
      vertex   -3.385359e+01 4.398296e+01 -1.000000e+00
      vertex   -3.398300e+01 4.600000e+01 -1.000000e+00
      vertex   -3.398300e+01 4.400000e+01 -1.000000e+00
    endloop
  endfacet
  facet normal 0.000000e+00 0.000000e+00 1.000000e+00
    outer loop
      vertex   -3.398300e+01 4.400000e+01 -1.000000e+00
      vertex   -3.398300e+01 4.600000e+01 -1.000000e+00
      vertex   -6.396600e+01 4.400000e+01 -1.000000e+00
    endloop
  endfacet
  facet normal 0.000000e+00 -0.000000e+00 1.000000e+00
    outer loop
      vertex   -6.396600e+01 4.400000e+01 -1.000000e+00
      vertex   -3.398300e+01 4.600000e+01 -1.000000e+00
      vertex   -6.396600e+01 4.600000e+01 -1.000000e+00
    endloop
  endfacet
  facet normal 0.000000e+00 0.000000e+00 1.000000e+00
    outer loop
      vertex   -6.396600e+01 4.400000e+01 -1.000000e+00
      vertex   -6.396600e+01 4.600000e+01 -1.000000e+00
      vertex   -6.409541e+01 4.398296e+01 -1.000000e+00
    endloop
  endfacet
  facet normal 0.000000e+00 -0.000000e+00 1.000000e+00
    outer loop
      vertex   -6.409541e+01 4.398296e+01 -1.000000e+00
      vertex   -6.396600e+01 4.600000e+01 -1.000000e+00
      vertex   -6.409541e+01 4.601704e+01 -1.000000e+00
    endloop
  endfacet
  facet normal 0.000000e+00 0.000000e+00 1.000000e+00
    outer loop
      vertex   -6.409541e+01 4.398296e+01 -1.000000e+00
      vertex   -6.409541e+01 4.601704e+01 -1.000000e+00
      vertex   -6.421600e+01 4.393301e+01 -1.000000e+00
    endloop
  endfacet
  facet normal 0.000000e+00 -0.000000e+00 1.000000e+00
    outer loop
      vertex   -6.421600e+01 4.393301e+01 -1.000000e+00
      vertex   -6.409541e+01 4.601704e+01 -1.000000e+00
      vertex   -6.421600e+01 4.606699e+01 -1.000000e+00
    endloop
  endfacet
  facet normal 0.000000e+00 0.000000e+00 1.000000e+00
    outer loop
      vertex   -6.421600e+01 4.393301e+01 -1.000000e+00
      vertex   -6.421600e+01 4.606699e+01 -1.000000e+00
      vertex   -6.431955e+01 4.385355e+01 -1.000000e+00
    endloop
  endfacet
  facet normal 0.000000e+00 -0.000000e+00 1.000000e+00
    outer loop
      vertex   -6.431955e+01 4.385355e+01 -1.000000e+00
      vertex   -6.421600e+01 4.606699e+01 -1.000000e+00
      vertex   -6.431955e+01 4.614645e+01 -1.000000e+00
    endloop
  endfacet
  facet normal 0.000000e+00 0.000000e+00 1.000000e+00
    outer loop
      vertex   -6.431955e+01 4.385355e+01 -1.000000e+00
      vertex   -6.431955e+01 4.614645e+01 -1.000000e+00
      vertex   -6.439901e+01 4.375000e+01 -1.000000e+00
    endloop
  endfacet
  facet normal 0.000000e+00 -0.000000e+00 1.000000e+00
    outer loop
      vertex   -6.439901e+01 4.375000e+01 -1.000000e+00
      vertex   -6.431955e+01 4.614645e+01 -1.000000e+00
      vertex   -6.439901e+01 4.625000e+01 -1.000000e+00
    endloop
  endfacet
  facet normal 0.000000e+00 0.000000e+00 1.000000e+00
    outer loop
      vertex   -6.439901e+01 4.375000e+01 -1.000000e+00
      vertex   -6.439901e+01 4.625000e+01 -1.000000e+00
      vertex   -6.444896e+01 4.362941e+01 -1.000000e+00
    endloop
  endfacet
  facet normal 0.000000e+00 -0.000000e+00 1.000000e+00
    outer loop
      vertex   -6.444896e+01 4.362941e+01 -1.000000e+00
      vertex   -6.439901e+01 4.625000e+01 -1.000000e+00
      vertex   -6.444896e+01 4.637059e+01 -1.000000e+00
    endloop
  endfacet
  facet normal 0.000000e+00 0.000000e+00 1.000000e+00
    outer loop
      vertex   -6.444896e+01 4.362941e+01 -1.000000e+00
      vertex   -6.444896e+01 4.637059e+01 -1.000000e+00
      vertex   -6.446600e+01 4.350000e+01 -1.000000e+00
    endloop
  endfacet
  facet normal 0.000000e+00 0.000000e+00 1.000000e+00
    outer loop
      vertex   -6.446600e+01 4.350000e+01 -1.000000e+00
      vertex   -6.444896e+01 4.637059e+01 -1.000000e+00
      vertex   -6.446600e+01 4.650000e+01 -1.000000e+00
    endloop
  endfacet
  facet normal 0.000000e+00 -0.000000e+00 1.000000e+00
    outer loop
      vertex   -6.446600e+01 4.350000e+01 -1.000000e+00
      vertex   -6.446600e+01 4.650000e+01 -1.000000e+00
      vertex   -6.696600e+01 5.900000e+01 -1.000000e+00
    endloop
  endfacet
  facet normal -0.000000e+00 0.000000e+00 1.000000e+00
    outer loop
      vertex   -3.398300e+01 4.300000e+01 -1.000000e+00
      vertex   -3.385359e+01 4.098296e+01 -1.000000e+00
      vertex   -3.385359e+01 4.301704e+01 -1.000000e+00
    endloop
  endfacet
  facet normal 0.000000e+00 0.000000e+00 1.000000e+00
    outer loop
      vertex   -3.385359e+01 4.301704e+01 -1.000000e+00
      vertex   -3.385359e+01 4.098296e+01 -1.000000e+00
      vertex   -3.373300e+01 4.093301e+01 -1.000000e+00
    endloop
  endfacet
  facet normal -0.000000e+00 0.000000e+00 1.000000e+00
    outer loop
      vertex   -3.385359e+01 4.301704e+01 -1.000000e+00
      vertex   -3.373300e+01 4.093301e+01 -1.000000e+00
      vertex   -3.373300e+01 4.306699e+01 -1.000000e+00
    endloop
  endfacet
  facet normal 0.000000e+00 0.000000e+00 1.000000e+00
    outer loop
      vertex   -3.373300e+01 4.306699e+01 -1.000000e+00
      vertex   -3.373300e+01 4.093301e+01 -1.000000e+00
      vertex   -3.362945e+01 4.085355e+01 -1.000000e+00
    endloop
  endfacet
  facet normal -0.000000e+00 0.000000e+00 1.000000e+00
    outer loop
      vertex   -3.373300e+01 4.306699e+01 -1.000000e+00
      vertex   -3.362945e+01 4.085355e+01 -1.000000e+00
      vertex   -3.362945e+01 4.314645e+01 -1.000000e+00
    endloop
  endfacet
  facet normal 0.000000e+00 0.000000e+00 1.000000e+00
    outer loop
      vertex   -3.362945e+01 4.014645e+01 -1.000000e+00
      vertex   -3.373300e+01 4.006699e+01 -1.000000e+00
      vertex   -3.362945e+01 3.785355e+01 -1.000000e+00
    endloop
  endfacet
  facet normal 0.000000e+00 0.000000e+00 1.000000e+00
    outer loop
      vertex   -3.362945e+01 3.785355e+01 -1.000000e+00
      vertex   -3.373300e+01 4.006699e+01 -1.000000e+00
      vertex   -3.373300e+01 3.793301e+01 -1.000000e+00
    endloop
  endfacet
  facet normal 0.000000e+00 0.000000e+00 1.000000e+00
    outer loop
      vertex   -3.373300e+01 3.793301e+01 -1.000000e+00
      vertex   -3.373300e+01 4.006699e+01 -1.000000e+00
      vertex   -3.385359e+01 4.001704e+01 -1.000000e+00
    endloop
  endfacet
  facet normal 0.000000e+00 0.000000e+00 1.000000e+00
    outer loop
      vertex   -3.373300e+01 3.793301e+01 -1.000000e+00
      vertex   -3.385359e+01 4.001704e+01 -1.000000e+00
      vertex   -3.385359e+01 3.798296e+01 -1.000000e+00
    endloop
  endfacet
  facet normal 0.000000e+00 0.000000e+00 1.000000e+00
    outer loop
      vertex   -3.385359e+01 3.798296e+01 -1.000000e+00
      vertex   -3.385359e+01 4.001704e+01 -1.000000e+00
      vertex   -3.398300e+01 4.000000e+01 -1.000000e+00
    endloop
  endfacet
  facet normal 0.000000e+00 0.000000e+00 1.000000e+00
    outer loop
      vertex   -3.385359e+01 3.798296e+01 -1.000000e+00
      vertex   -3.398300e+01 4.000000e+01 -1.000000e+00
      vertex   -3.398300e+01 3.800000e+01 -1.000000e+00
    endloop
  endfacet
  facet normal 0.000000e+00 0.000000e+00 1.000000e+00
    outer loop
      vertex   -3.398300e+01 3.800000e+01 -1.000000e+00
      vertex   -3.398300e+01 4.000000e+01 -1.000000e+00
      vertex   -6.396600e+01 3.800000e+01 -1.000000e+00
    endloop
  endfacet
  facet normal 0.000000e+00 -0.000000e+00 1.000000e+00
    outer loop
      vertex   -6.396600e+01 3.800000e+01 -1.000000e+00
      vertex   -3.398300e+01 4.000000e+01 -1.000000e+00
      vertex   -6.396600e+01 4.000000e+01 -1.000000e+00
    endloop
  endfacet
  facet normal 0.000000e+00 0.000000e+00 1.000000e+00
    outer loop
      vertex   -6.396600e+01 3.800000e+01 -1.000000e+00
      vertex   -6.396600e+01 4.000000e+01 -1.000000e+00
      vertex   -6.409541e+01 3.798296e+01 -1.000000e+00
    endloop
  endfacet
  facet normal 0.000000e+00 -0.000000e+00 1.000000e+00
    outer loop
      vertex   -6.409541e+01 3.798296e+01 -1.000000e+00
      vertex   -6.396600e+01 4.000000e+01 -1.000000e+00
      vertex   -6.409541e+01 4.001704e+01 -1.000000e+00
    endloop
  endfacet
  facet normal 0.000000e+00 0.000000e+00 1.000000e+00
    outer loop
      vertex   -6.409541e+01 3.798296e+01 -1.000000e+00
      vertex   -6.409541e+01 4.001704e+01 -1.000000e+00
      vertex   -6.421600e+01 3.793301e+01 -1.000000e+00
    endloop
  endfacet
  facet normal 0.000000e+00 -0.000000e+00 1.000000e+00
    outer loop
      vertex   -6.421600e+01 3.793301e+01 -1.000000e+00
      vertex   -6.409541e+01 4.001704e+01 -1.000000e+00
      vertex   -6.421600e+01 4.006699e+01 -1.000000e+00
    endloop
  endfacet
  facet normal 0.000000e+00 0.000000e+00 1.000000e+00
    outer loop
      vertex   -6.421600e+01 3.793301e+01 -1.000000e+00
      vertex   -6.421600e+01 4.006699e+01 -1.000000e+00
      vertex   -6.431955e+01 3.785355e+01 -1.000000e+00
    endloop
  endfacet
  facet normal 0.000000e+00 -0.000000e+00 1.000000e+00
    outer loop
      vertex   -6.431955e+01 3.785355e+01 -1.000000e+00
      vertex   -6.421600e+01 4.006699e+01 -1.000000e+00
      vertex   -6.431955e+01 4.014645e+01 -1.000000e+00
    endloop
  endfacet
  facet normal 0.000000e+00 0.000000e+00 1.000000e+00
    outer loop
      vertex   -6.431955e+01 3.785355e+01 -1.000000e+00
      vertex   -6.431955e+01 4.014645e+01 -1.000000e+00
      vertex   -6.439901e+01 3.775000e+01 -1.000000e+00
    endloop
  endfacet
  facet normal 0.000000e+00 -0.000000e+00 1.000000e+00
    outer loop
      vertex   -6.439901e+01 3.775000e+01 -1.000000e+00
      vertex   -6.431955e+01 4.014645e+01 -1.000000e+00
      vertex   -6.439901e+01 4.025000e+01 -1.000000e+00
    endloop
  endfacet
  facet normal 0.000000e+00 0.000000e+00 1.000000e+00
    outer loop
      vertex   -6.439901e+01 3.775000e+01 -1.000000e+00
      vertex   -6.439901e+01 4.025000e+01 -1.000000e+00
      vertex   -6.444896e+01 3.762941e+01 -1.000000e+00
    endloop
  endfacet
  facet normal 0.000000e+00 -0.000000e+00 1.000000e+00
    outer loop
      vertex   -6.444896e+01 3.762941e+01 -1.000000e+00
      vertex   -6.439901e+01 4.025000e+01 -1.000000e+00
      vertex   -6.444896e+01 4.037059e+01 -1.000000e+00
    endloop
  endfacet
  facet normal 0.000000e+00 0.000000e+00 1.000000e+00
    outer loop
      vertex   -6.444896e+01 3.762941e+01 -1.000000e+00
      vertex   -6.444896e+01 4.037059e+01 -1.000000e+00
      vertex   -6.446600e+01 3.750000e+01 -1.000000e+00
    endloop
  endfacet
  facet normal 0.000000e+00 0.000000e+00 1.000000e+00
    outer loop
      vertex   -6.446600e+01 3.750000e+01 -1.000000e+00
      vertex   -6.444896e+01 4.037059e+01 -1.000000e+00
      vertex   -6.446600e+01 4.050000e+01 -1.000000e+00
    endloop
  endfacet
  facet normal 0.000000e+00 0.000000e+00 1.000000e+00
    outer loop
      vertex   -6.396600e+01 3.700000e+01 -1.000000e+00
      vertex   -6.409541e+01 3.701704e+01 -1.000000e+00
      vertex   -6.300000e+01 3.307000e+01 -1.000000e+00
    endloop
  endfacet
  facet normal 0.000000e+00 0.000000e+00 1.000000e+00
    outer loop
      vertex   -6.300000e+01 3.307000e+01 -1.000000e+00
      vertex   -6.409541e+01 3.701704e+01 -1.000000e+00
      vertex   -6.421600e+01 3.706699e+01 -1.000000e+00
    endloop
  endfacet
  facet normal 0.000000e+00 0.000000e+00 1.000000e+00
    outer loop
      vertex   -6.300000e+01 3.307000e+01 -1.000000e+00
      vertex   -6.421600e+01 3.706699e+01 -1.000000e+00
      vertex   -6.431955e+01 3.714645e+01 -1.000000e+00
    endloop
  endfacet
  facet normal 0.000000e+00 0.000000e+00 1.000000e+00
    outer loop
      vertex   -6.431955e+01 3.714645e+01 -1.000000e+00
      vertex   -6.439901e+01 3.725000e+01 -1.000000e+00
      vertex   -6.300000e+01 3.307000e+01 -1.000000e+00
    endloop
  endfacet
  facet normal 0.000000e+00 0.000000e+00 1.000000e+00
    outer loop
      vertex   -6.300000e+01 3.307000e+01 -1.000000e+00
      vertex   -6.439901e+01 3.725000e+01 -1.000000e+00
      vertex   -6.444896e+01 3.737059e+01 -1.000000e+00
    endloop
  endfacet
  facet normal 0.000000e+00 -0.000000e+00 1.000000e+00
    outer loop
      vertex   -5.609541e+01 5.298296e+01 -1.000000e+00
      vertex   -5.596600e+01 5.300000e+01 -1.000000e+00
      vertex   -6.696600e+01 5.900000e+01 -1.000000e+00
    endloop
  endfacet
  facet normal 0.000000e+00 0.000000e+00 1.000000e+00
    outer loop
      vertex   -6.696600e+01 5.900000e+01 -1.000000e+00
      vertex   -5.596600e+01 5.300000e+01 -1.000000e+00
      vertex   -3.398300e+01 5.300000e+01 -1.000000e+00
    endloop
  endfacet
  facet normal 0.000000e+00 0.000000e+00 1.000000e+00
    outer loop
      vertex   -6.200000e+01 7.105427e-14 -1.000000e+00
      vertex   -5.900000e+01 2.907000e+01 -1.000000e+00
      vertex   -6.200000e+01 3.207000e+01 -1.000000e+00
    endloop
  endfacet
  facet normal 0.000000e+00 0.000000e+00 1.000000e+00
    outer loop
      vertex   -6.200000e+01 3.207000e+01 -1.000000e+00
      vertex   -5.900000e+01 2.907000e+01 -1.000000e+00
      vertex   -1.000000e+00 2.907000e+01 -1.000000e+00
    endloop
  endfacet
  facet normal 0.000000e+00 0.000000e+00 1.000000e+00
    outer loop
      vertex   -6.200000e+01 3.207000e+01 -1.000000e+00
      vertex   -1.000000e+00 2.907000e+01 -1.000000e+00
      vertex   2.000000e+00 3.207000e+01 -1.000000e+00
    endloop
  endfacet
  facet normal 0.000000e+00 0.000000e+00 1.000000e+00
    outer loop
      vertex   2.000000e+00 3.207000e+01 -1.000000e+00
      vertex   -1.000000e+00 2.907000e+01 -1.000000e+00
      vertex   2.000000e+00 0.000000e+00 -1.000000e+00
    endloop
  endfacet
  facet normal 0.000000e+00 0.000000e+00 1.000000e+00
    outer loop
      vertex   2.000000e+00 0.000000e+00 -1.000000e+00
      vertex   -1.000000e+00 2.907000e+01 -1.000000e+00
      vertex   -1.000000e+00 0.000000e+00 -1.000000e+00
    endloop
  endfacet
  facet normal -0.000000e+00 0.000000e+00 1.000000e+00
    outer loop
      vertex   -6.200000e+01 7.105427e-14 -1.000000e+00
      vertex   -5.900000e+01 3.552714e-14 -1.000000e+00
      vertex   -5.900000e+01 2.907000e+01 -1.000000e+00
    endloop
  endfacet
  facet normal -1.000000e+00 -6.110619e-16 -0.000000e+00
    outer loop
      vertex   -1.000000e+00 0.000000e+00 -1.000000e+00
      vertex   -1.000000e+00 2.907000e+01 -1.000000e+00
      vertex   -1.000000e+00 0.000000e+00 -2.000000e+00
    endloop
  endfacet
  facet normal -1.000000e+00 -6.110619e-16 0.000000e+00
    outer loop
      vertex   -1.000000e+00 0.000000e+00 -2.000000e+00
      vertex   -1.000000e+00 2.907000e+01 -1.000000e+00
      vertex   -1.000000e+00 2.907000e+01 -2.000000e+00
    endloop
  endfacet
  facet normal -6.125368e-17 -1.000000e+00 -0.000000e+00
    outer loop
      vertex   -1.000000e+00 2.907000e+01 -1.000000e+00
      vertex   -5.900000e+01 2.907000e+01 -1.000000e+00
      vertex   -1.000000e+00 2.907000e+01 -2.000000e+00
    endloop
  endfacet
  facet normal -6.125368e-17 -1.000000e+00 0.000000e+00
    outer loop
      vertex   -1.000000e+00 2.907000e+01 -2.000000e+00
      vertex   -5.900000e+01 2.907000e+01 -1.000000e+00
      vertex   -5.900000e+01 2.907000e+01 -2.000000e+00
    endloop
  endfacet
  facet normal -0.000000e+00 1.000000e+00 0.000000e+00
    outer loop
      vertex   -6.696600e+01 5.900000e+01 -1.000000e+00
      vertex   3.000000e+00 5.900000e+01 -1.000000e+00
      vertex   -6.696600e+01 5.900000e+01 -2.000000e+00
    endloop
  endfacet
  facet normal 0.000000e+00 1.000000e+00 0.000000e+00
    outer loop
      vertex   -6.696600e+01 5.900000e+01 -2.000000e+00
      vertex   3.000000e+00 5.900000e+01 -1.000000e+00
      vertex   3.000000e+00 5.900000e+01 -2.000000e+00
    endloop
  endfacet
  facet normal -1.000000e+00 -2.408619e-16 -0.000000e+00
    outer loop
      vertex   -6.696600e+01 0.000000e+00 -1.000000e+00
      vertex   -6.696600e+01 5.900000e+01 -1.000000e+00
      vertex   -6.696600e+01 0.000000e+00 -2.000000e+00
    endloop
  endfacet
  facet normal -1.000000e+00 -2.408619e-16 0.000000e+00
    outer loop
      vertex   -6.696600e+01 0.000000e+00 -2.000000e+00
      vertex   -6.696600e+01 5.900000e+01 -1.000000e+00
      vertex   -6.696600e+01 5.900000e+01 -2.000000e+00
    endloop
  endfacet
  facet normal 1.000000e+00 -7.332742e-16 0.000000e+00
    outer loop
      vertex   -5.900000e+01 2.907000e+01 -1.000000e+00
      vertex   -5.900000e+01 3.552714e-14 -1.000000e+00
      vertex   -5.900000e+01 2.907000e+01 -2.000000e+00
    endloop
  endfacet
  facet normal 1.000000e+00 -7.332742e-16 0.000000e+00
    outer loop
      vertex   -5.900000e+01 2.907000e+01 -2.000000e+00
      vertex   -5.900000e+01 3.552714e-14 -1.000000e+00
      vertex   -5.900000e+01 3.552714e-14 -2.000000e+00
    endloop
  endfacet
  facet normal 0.000000e+00 0.000000e+00 -1.000000e+00
    outer loop
      vertex   -2.998300e+01 3.800000e+01 -2.000000e+00
      vertex   -2.998300e+01 4.000000e+01 -2.000000e+00
      vertex   1.560184e-08 3.800000e+01 -2.000000e+00
    endloop
  endfacet
  facet normal 0.000000e+00 0.000000e+00 -1.000000e+00
    outer loop
      vertex   1.560184e-08 3.800000e+01 -2.000000e+00
      vertex   -2.998300e+01 4.000000e+01 -2.000000e+00
      vertex   1.771812e-08 4.000000e+01 -2.000000e+00
    endloop
  endfacet
  facet normal 0.000000e+00 0.000000e+00 -1.000000e+00
    outer loop
      vertex   1.560184e-08 3.800000e+01 -2.000000e+00
      vertex   1.771812e-08 4.000000e+01 -2.000000e+00
      vertex   1.294095e-01 3.798296e+01 -2.000000e+00
    endloop
  endfacet
  facet normal 0.000000e+00 0.000000e+00 -1.000000e+00
    outer loop
      vertex   1.294095e-01 3.798296e+01 -2.000000e+00
      vertex   1.771812e-08 4.000000e+01 -2.000000e+00
      vertex   1.294095e-01 4.001704e+01 -2.000000e+00
    endloop
  endfacet
  facet normal 0.000000e+00 0.000000e+00 -1.000000e+00
    outer loop
      vertex   1.294095e-01 3.798296e+01 -2.000000e+00
      vertex   1.294095e-01 4.001704e+01 -2.000000e+00
      vertex   2.500000e-01 3.793301e+01 -2.000000e+00
    endloop
  endfacet
  facet normal 0.000000e+00 0.000000e+00 -1.000000e+00
    outer loop
      vertex   2.500000e-01 3.793301e+01 -2.000000e+00
      vertex   1.294095e-01 4.001704e+01 -2.000000e+00
      vertex   2.500000e-01 4.006699e+01 -2.000000e+00
    endloop
  endfacet
  facet normal 0.000000e+00 0.000000e+00 -1.000000e+00
    outer loop
      vertex   2.500000e-01 3.793301e+01 -2.000000e+00
      vertex   2.500000e-01 4.006699e+01 -2.000000e+00
      vertex   3.535533e-01 3.785355e+01 -2.000000e+00
    endloop
  endfacet
  facet normal 0.000000e+00 0.000000e+00 -1.000000e+00
    outer loop
      vertex   3.535533e-01 3.785355e+01 -2.000000e+00
      vertex   2.500000e-01 4.006699e+01 -2.000000e+00
      vertex   3.535533e-01 4.014645e+01 -2.000000e+00
    endloop
  endfacet
  facet normal 0.000000e+00 0.000000e+00 -1.000000e+00
    outer loop
      vertex   3.535533e-01 3.785355e+01 -2.000000e+00
      vertex   3.535533e-01 4.014645e+01 -2.000000e+00
      vertex   4.330126e-01 3.775000e+01 -2.000000e+00
    endloop
  endfacet
  facet normal 0.000000e+00 0.000000e+00 -1.000000e+00
    outer loop
      vertex   4.330126e-01 3.775000e+01 -2.000000e+00
      vertex   3.535533e-01 4.014645e+01 -2.000000e+00
      vertex   4.330126e-01 4.025000e+01 -2.000000e+00
    endloop
  endfacet
  facet normal 0.000000e+00 0.000000e+00 -1.000000e+00
    outer loop
      vertex   4.330126e-01 3.775000e+01 -2.000000e+00
      vertex   4.330126e-01 4.025000e+01 -2.000000e+00
      vertex   4.829628e-01 3.762941e+01 -2.000000e+00
    endloop
  endfacet
  facet normal 0.000000e+00 0.000000e+00 -1.000000e+00
    outer loop
      vertex   4.829628e-01 3.762941e+01 -2.000000e+00
      vertex   4.330126e-01 4.025000e+01 -2.000000e+00
      vertex   4.829628e-01 4.037059e+01 -2.000000e+00
    endloop
  endfacet
  facet normal 0.000000e+00 0.000000e+00 -1.000000e+00
    outer loop
      vertex   4.829628e-01 3.762941e+01 -2.000000e+00
      vertex   4.829628e-01 4.037059e+01 -2.000000e+00
      vertex   4.999999e-01 3.750000e+01 -2.000000e+00
    endloop
  endfacet
  facet normal 0.000000e+00 0.000000e+00 -1.000000e+00
    outer loop
      vertex   4.999999e-01 3.750000e+01 -2.000000e+00
      vertex   4.829628e-01 4.037059e+01 -2.000000e+00
      vertex   4.999999e-01 4.050000e+01 -2.000000e+00
    endloop
  endfacet
  facet normal 0.000000e+00 0.000000e+00 -1.000000e+00
    outer loop
      vertex   4.999999e-01 3.750000e+01 -2.000000e+00
      vertex   4.999999e-01 4.050000e+01 -2.000000e+00
      vertex   3.000000e+00 5.900000e+01 -2.000000e+00
    endloop
  endfacet
  facet normal 0.000000e+00 0.000000e+00 -1.000000e+00
    outer loop
      vertex   3.000000e+00 5.900000e+01 -2.000000e+00
      vertex   4.999999e-01 4.050000e+01 -2.000000e+00
      vertex   4.999999e-01 4.350000e+01 -2.000000e+00
    endloop
  endfacet
  facet normal 0.000000e+00 0.000000e+00 -1.000000e+00
    outer loop
      vertex   3.000000e+00 5.900000e+01 -2.000000e+00
      vertex   4.999999e-01 4.350000e+01 -2.000000e+00
      vertex   4.999999e-01 4.650000e+01 -2.000000e+00
    endloop
  endfacet
  facet normal 0.000000e+00 -0.000000e+00 -1.000000e+00
    outer loop
      vertex   4.999999e-01 4.650000e+01 -2.000000e+00
      vertex   4.999999e-01 4.350000e+01 -2.000000e+00
      vertex   4.829628e-01 4.637059e+01 -2.000000e+00
    endloop
  endfacet
  facet normal 0.000000e+00 -0.000000e+00 -1.000000e+00
    outer loop
      vertex   4.829628e-01 4.637059e+01 -2.000000e+00
      vertex   4.999999e-01 4.350000e+01 -2.000000e+00
      vertex   4.829628e-01 4.362941e+01 -2.000000e+00
    endloop
  endfacet
  facet normal 0.000000e+00 0.000000e+00 -1.000000e+00
    outer loop
      vertex   4.829628e-01 4.637059e+01 -2.000000e+00
      vertex   4.829628e-01 4.362941e+01 -2.000000e+00
      vertex   4.330126e-01 4.625000e+01 -2.000000e+00
    endloop
  endfacet
  facet normal 0.000000e+00 -0.000000e+00 -1.000000e+00
    outer loop
      vertex   4.330126e-01 4.625000e+01 -2.000000e+00
      vertex   4.829628e-01 4.362941e+01 -2.000000e+00
      vertex   4.330126e-01 4.375000e+01 -2.000000e+00
    endloop
  endfacet
  facet normal 0.000000e+00 0.000000e+00 -1.000000e+00
    outer loop
      vertex   4.330126e-01 4.625000e+01 -2.000000e+00
      vertex   4.330126e-01 4.375000e+01 -2.000000e+00
      vertex   3.535533e-01 4.614645e+01 -2.000000e+00
    endloop
  endfacet
  facet normal 0.000000e+00 -0.000000e+00 -1.000000e+00
    outer loop
      vertex   3.535533e-01 4.614645e+01 -2.000000e+00
      vertex   4.330126e-01 4.375000e+01 -2.000000e+00
      vertex   3.535533e-01 4.385355e+01 -2.000000e+00
    endloop
  endfacet
  facet normal 0.000000e+00 0.000000e+00 -1.000000e+00
    outer loop
      vertex   3.535533e-01 4.614645e+01 -2.000000e+00
      vertex   3.535533e-01 4.385355e+01 -2.000000e+00
      vertex   2.500000e-01 4.606699e+01 -2.000000e+00
    endloop
  endfacet
  facet normal 0.000000e+00 -0.000000e+00 -1.000000e+00
    outer loop
      vertex   2.500000e-01 4.606699e+01 -2.000000e+00
      vertex   3.535533e-01 4.385355e+01 -2.000000e+00
      vertex   2.500000e-01 4.393301e+01 -2.000000e+00
    endloop
  endfacet
  facet normal 0.000000e+00 0.000000e+00 -1.000000e+00
    outer loop
      vertex   2.500000e-01 4.606699e+01 -2.000000e+00
      vertex   2.500000e-01 4.393301e+01 -2.000000e+00
      vertex   1.294095e-01 4.601704e+01 -2.000000e+00
    endloop
  endfacet
  facet normal 0.000000e+00 -0.000000e+00 -1.000000e+00
    outer loop
      vertex   1.294095e-01 4.601704e+01 -2.000000e+00
      vertex   2.500000e-01 4.393301e+01 -2.000000e+00
      vertex   1.294095e-01 4.398296e+01 -2.000000e+00
    endloop
  endfacet
  facet normal 0.000000e+00 0.000000e+00 -1.000000e+00
    outer loop
      vertex   1.294095e-01 4.601704e+01 -2.000000e+00
      vertex   1.294095e-01 4.398296e+01 -2.000000e+00
      vertex   1.771812e-08 4.600000e+01 -2.000000e+00
    endloop
  endfacet
  facet normal 0.000000e+00 -0.000000e+00 -1.000000e+00
    outer loop
      vertex   1.771812e-08 4.600000e+01 -2.000000e+00
      vertex   1.294095e-01 4.398296e+01 -2.000000e+00
      vertex   1.560184e-08 4.400000e+01 -2.000000e+00
    endloop
  endfacet
  facet normal 0.000000e+00 0.000000e+00 -1.000000e+00
    outer loop
      vertex   1.771812e-08 4.600000e+01 -2.000000e+00
      vertex   1.560184e-08 4.400000e+01 -2.000000e+00
      vertex   -2.998300e+01 4.600000e+01 -2.000000e+00
    endloop
  endfacet
  facet normal 0.000000e+00 -0.000000e+00 -1.000000e+00
    outer loop
      vertex   -2.998300e+01 4.600000e+01 -2.000000e+00
      vertex   1.560184e-08 4.400000e+01 -2.000000e+00
      vertex   -2.998300e+01 4.400000e+01 -2.000000e+00
    endloop
  endfacet
  facet normal 0.000000e+00 0.000000e+00 -1.000000e+00
    outer loop
      vertex   -2.998300e+01 4.600000e+01 -2.000000e+00
      vertex   -2.998300e+01 4.400000e+01 -2.000000e+00
      vertex   -3.011241e+01 4.398296e+01 -2.000000e+00
    endloop
  endfacet
  facet normal -0.000000e+00 0.000000e+00 -1.000000e+00
    outer loop
      vertex   -2.998300e+01 3.800000e+01 -2.000000e+00
      vertex   -3.011241e+01 3.798296e+01 -2.000000e+00
      vertex   -2.998300e+01 4.000000e+01 -2.000000e+00
    endloop
  endfacet
  facet normal -0.000000e+00 0.000000e+00 -1.000000e+00
    outer loop
      vertex   -2.998300e+01 4.000000e+01 -2.000000e+00
      vertex   -3.011241e+01 3.798296e+01 -2.000000e+00
      vertex   -3.011241e+01 4.001704e+01 -2.000000e+00
    endloop
  endfacet
  facet normal 0.000000e+00 0.000000e+00 -1.000000e+00
    outer loop
      vertex   -3.011241e+01 4.001704e+01 -2.000000e+00
      vertex   -3.011241e+01 3.798296e+01 -2.000000e+00
      vertex   -3.023300e+01 3.793301e+01 -2.000000e+00
    endloop
  endfacet
  facet normal -0.000000e+00 0.000000e+00 -1.000000e+00
    outer loop
      vertex   -3.011241e+01 4.001704e+01 -2.000000e+00
      vertex   -3.023300e+01 3.793301e+01 -2.000000e+00
      vertex   -3.023300e+01 4.006699e+01 -2.000000e+00
    endloop
  endfacet
  facet normal 0.000000e+00 0.000000e+00 -1.000000e+00
    outer loop
      vertex   -3.023300e+01 4.006699e+01 -2.000000e+00
      vertex   -3.023300e+01 3.793301e+01 -2.000000e+00
      vertex   -3.033655e+01 3.785355e+01 -2.000000e+00
    endloop
  endfacet
  facet normal -0.000000e+00 0.000000e+00 -1.000000e+00
    outer loop
      vertex   -3.023300e+01 4.006699e+01 -2.000000e+00
      vertex   -3.033655e+01 3.785355e+01 -2.000000e+00
      vertex   -3.033655e+01 4.014645e+01 -2.000000e+00
    endloop
  endfacet
  facet normal 0.000000e+00 0.000000e+00 -1.000000e+00
    outer loop
      vertex   -3.033655e+01 4.014645e+01 -2.000000e+00
      vertex   -3.033655e+01 3.785355e+01 -2.000000e+00
      vertex   -3.362945e+01 3.785355e+01 -2.000000e+00
    endloop
  endfacet
  facet normal -0.000000e+00 0.000000e+00 -1.000000e+00
    outer loop
      vertex   -3.033655e+01 4.014645e+01 -2.000000e+00
      vertex   -3.362945e+01 3.785355e+01 -2.000000e+00
      vertex   -3.362945e+01 4.014645e+01 -2.000000e+00
    endloop
  endfacet
  facet normal 0.000000e+00 -0.000000e+00 -1.000000e+00
    outer loop
      vertex   -3.362945e+01 4.014645e+01 -2.000000e+00
      vertex   -3.362945e+01 3.785355e+01 -2.000000e+00
      vertex   -3.373300e+01 4.006699e+01 -2.000000e+00
    endloop
  endfacet
  facet normal 0.000000e+00 0.000000e+00 -1.000000e+00
    outer loop
      vertex   -3.373300e+01 4.006699e+01 -2.000000e+00
      vertex   -3.362945e+01 3.785355e+01 -2.000000e+00
      vertex   -3.373300e+01 3.793301e+01 -2.000000e+00
    endloop
  endfacet
  facet normal 0.000000e+00 -0.000000e+00 -1.000000e+00
    outer loop
      vertex   -3.373300e+01 4.006699e+01 -2.000000e+00
      vertex   -3.373300e+01 3.793301e+01 -2.000000e+00
      vertex   -3.385359e+01 4.001704e+01 -2.000000e+00
    endloop
  endfacet
  facet normal 0.000000e+00 0.000000e+00 -1.000000e+00
    outer loop
      vertex   -3.385359e+01 4.001704e+01 -2.000000e+00
      vertex   -3.373300e+01 3.793301e+01 -2.000000e+00
      vertex   -3.385359e+01 3.798296e+01 -2.000000e+00
    endloop
  endfacet
  facet normal 0.000000e+00 -0.000000e+00 -1.000000e+00
    outer loop
      vertex   -3.385359e+01 4.001704e+01 -2.000000e+00
      vertex   -3.385359e+01 3.798296e+01 -2.000000e+00
      vertex   -3.398300e+01 4.000000e+01 -2.000000e+00
    endloop
  endfacet
  facet normal 0.000000e+00 0.000000e+00 -1.000000e+00
    outer loop
      vertex   -3.398300e+01 4.000000e+01 -2.000000e+00
      vertex   -3.385359e+01 3.798296e+01 -2.000000e+00
      vertex   -3.398300e+01 3.800000e+01 -2.000000e+00
    endloop
  endfacet
  facet normal 0.000000e+00 -0.000000e+00 -1.000000e+00
    outer loop
      vertex   -3.398300e+01 4.000000e+01 -2.000000e+00
      vertex   -3.398300e+01 3.800000e+01 -2.000000e+00
      vertex   -6.396600e+01 3.800000e+01 -2.000000e+00
    endloop
  endfacet
  facet normal 0.000000e+00 0.000000e+00 -1.000000e+00
    outer loop
      vertex   -3.362945e+01 3.785355e+01 -2.000000e+00
      vertex   -3.033655e+01 3.785355e+01 -2.000000e+00
      vertex   -3.354999e+01 3.775000e+01 -2.000000e+00
    endloop
  endfacet
  facet normal 0.000000e+00 0.000000e+00 -1.000000e+00
    outer loop
      vertex   -3.354999e+01 3.775000e+01 -2.000000e+00
      vertex   -3.033655e+01 3.785355e+01 -2.000000e+00
      vertex   -3.041601e+01 3.775000e+01 -2.000000e+00
    endloop
  endfacet
  facet normal 0.000000e+00 0.000000e+00 -1.000000e+00
    outer loop
      vertex   -3.354999e+01 3.775000e+01 -2.000000e+00
      vertex   -3.041601e+01 3.775000e+01 -2.000000e+00
      vertex   -3.350004e+01 3.762941e+01 -2.000000e+00
    endloop
  endfacet
  facet normal 0.000000e+00 0.000000e+00 -1.000000e+00
    outer loop
      vertex   -3.350004e+01 3.762941e+01 -2.000000e+00
      vertex   -3.041601e+01 3.775000e+01 -2.000000e+00
      vertex   -3.046596e+01 3.762941e+01 -2.000000e+00
    endloop
  endfacet
  facet normal 0.000000e+00 0.000000e+00 -1.000000e+00
    outer loop
      vertex   -3.350004e+01 3.762941e+01 -2.000000e+00
      vertex   -3.046596e+01 3.762941e+01 -2.000000e+00
      vertex   -3.348300e+01 3.750000e+01 -2.000000e+00
    endloop
  endfacet
  facet normal 0.000000e+00 0.000000e+00 -1.000000e+00
    outer loop
      vertex   -3.348300e+01 3.750000e+01 -2.000000e+00
      vertex   -3.046596e+01 3.762941e+01 -2.000000e+00
      vertex   -3.048300e+01 3.750000e+01 -2.000000e+00
    endloop
  endfacet
  facet normal 0.000000e+00 -0.000000e+00 -1.000000e+00
    outer loop
      vertex   -3.348300e+01 3.750000e+01 -2.000000e+00
      vertex   -3.048300e+01 3.750000e+01 -2.000000e+00
      vertex   -3.350004e+01 3.737059e+01 -2.000000e+00
    endloop
  endfacet
  facet normal 0.000000e+00 0.000000e+00 -1.000000e+00
    outer loop
      vertex   -3.350004e+01 3.737059e+01 -2.000000e+00
      vertex   -3.048300e+01 3.750000e+01 -2.000000e+00
      vertex   -3.046596e+01 3.737059e+01 -2.000000e+00
    endloop
  endfacet
  facet normal 0.000000e+00 -0.000000e+00 -1.000000e+00
    outer loop
      vertex   -3.350004e+01 3.737059e+01 -2.000000e+00
      vertex   -3.046596e+01 3.737059e+01 -2.000000e+00
      vertex   -3.354999e+01 3.725000e+01 -2.000000e+00
    endloop
  endfacet
  facet normal 0.000000e+00 0.000000e+00 -1.000000e+00
    outer loop
      vertex   -3.354999e+01 3.725000e+01 -2.000000e+00
      vertex   -3.046596e+01 3.737059e+01 -2.000000e+00
      vertex   -3.041601e+01 3.725000e+01 -2.000000e+00
    endloop
  endfacet
  facet normal 0.000000e+00 -0.000000e+00 -1.000000e+00
    outer loop
      vertex   -3.354999e+01 3.725000e+01 -2.000000e+00
      vertex   -3.041601e+01 3.725000e+01 -2.000000e+00
      vertex   -3.362945e+01 3.714645e+01 -2.000000e+00
    endloop
  endfacet
  facet normal 0.000000e+00 0.000000e+00 -1.000000e+00
    outer loop
      vertex   -3.362945e+01 3.714645e+01 -2.000000e+00
      vertex   -3.041601e+01 3.725000e+01 -2.000000e+00
      vertex   -3.033655e+01 3.714645e+01 -2.000000e+00
    endloop
  endfacet
  facet normal 0.000000e+00 -0.000000e+00 -1.000000e+00
    outer loop
      vertex   -3.362945e+01 3.714645e+01 -2.000000e+00
      vertex   -3.033655e+01 3.714645e+01 -2.000000e+00
      vertex   -3.373300e+01 3.706699e+01 -2.000000e+00
    endloop
  endfacet
  facet normal 0.000000e+00 0.000000e+00 -1.000000e+00
    outer loop
      vertex   -3.373300e+01 3.706699e+01 -2.000000e+00
      vertex   -3.033655e+01 3.714645e+01 -2.000000e+00
      vertex   -3.023300e+01 3.706699e+01 -2.000000e+00
    endloop
  endfacet
  facet normal 0.000000e+00 -0.000000e+00 -1.000000e+00
    outer loop
      vertex   -3.373300e+01 3.706699e+01 -2.000000e+00
      vertex   -3.023300e+01 3.706699e+01 -2.000000e+00
      vertex   -3.385359e+01 3.701704e+01 -2.000000e+00
    endloop
  endfacet
  facet normal 0.000000e+00 0.000000e+00 -1.000000e+00
    outer loop
      vertex   -3.385359e+01 3.701704e+01 -2.000000e+00
      vertex   -3.023300e+01 3.706699e+01 -2.000000e+00
      vertex   -3.011241e+01 3.701704e+01 -2.000000e+00
    endloop
  endfacet
  facet normal 0.000000e+00 -0.000000e+00 -1.000000e+00
    outer loop
      vertex   -3.385359e+01 3.701704e+01 -2.000000e+00
      vertex   -3.011241e+01 3.701704e+01 -2.000000e+00
      vertex   -3.398300e+01 3.700000e+01 -2.000000e+00
    endloop
  endfacet
  facet normal 0.000000e+00 0.000000e+00 -1.000000e+00
    outer loop
      vertex   -3.398300e+01 3.700000e+01 -2.000000e+00
      vertex   -3.011241e+01 3.701704e+01 -2.000000e+00
      vertex   -2.998300e+01 3.700000e+01 -2.000000e+00
    endloop
  endfacet
  facet normal 0.000000e+00 -0.000000e+00 -1.000000e+00
    outer loop
      vertex   -3.398300e+01 3.700000e+01 -2.000000e+00
      vertex   -2.998300e+01 3.700000e+01 -2.000000e+00
      vertex   -5.900000e+01 2.907000e+01 -2.000000e+00
    endloop
  endfacet
  facet normal 0.000000e+00 0.000000e+00 -1.000000e+00
    outer loop
      vertex   -5.900000e+01 2.907000e+01 -2.000000e+00
      vertex   -2.998300e+01 3.700000e+01 -2.000000e+00
      vertex   -1.000000e+00 2.907000e+01 -2.000000e+00
    endloop
  endfacet
  facet normal 0.000000e+00 0.000000e+00 -1.000000e+00
    outer loop
      vertex   -1.000000e+00 2.907000e+01 -2.000000e+00
      vertex   -2.998300e+01 3.700000e+01 -2.000000e+00
      vertex   1.771812e-08 3.700000e+01 -2.000000e+00
    endloop
  endfacet
  facet normal 0.000000e+00 0.000000e+00 -1.000000e+00
    outer loop
      vertex   -1.000000e+00 2.907000e+01 -2.000000e+00
      vertex   1.771812e-08 3.700000e+01 -2.000000e+00
      vertex   1.294095e-01 3.701704e+01 -2.000000e+00
    endloop
  endfacet
  facet normal 0.000000e+00 -0.000000e+00 -1.000000e+00
    outer loop
      vertex   1.294095e-01 3.701704e+01 -2.000000e+00
      vertex   2.500000e-01 3.706699e+01 -2.000000e+00
      vertex   -1.000000e+00 2.907000e+01 -2.000000e+00
    endloop
  endfacet
  facet normal 0.000000e+00 0.000000e+00 -1.000000e+00
    outer loop
      vertex   -1.000000e+00 2.907000e+01 -2.000000e+00
      vertex   2.500000e-01 3.706699e+01 -2.000000e+00
      vertex   3.535533e-01 3.714645e+01 -2.000000e+00
    endloop
  endfacet
  facet normal 0.000000e+00 0.000000e+00 -1.000000e+00
    outer loop
      vertex   -1.000000e+00 2.907000e+01 -2.000000e+00
      vertex   3.535533e-01 3.714645e+01 -2.000000e+00
      vertex   4.330126e-01 3.725000e+01 -2.000000e+00
    endloop
  endfacet
  facet normal 0.000000e+00 -0.000000e+00 -1.000000e+00
    outer loop
      vertex   4.330126e-01 3.725000e+01 -2.000000e+00
      vertex   4.829628e-01 3.737059e+01 -2.000000e+00
      vertex   -1.000000e+00 2.907000e+01 -2.000000e+00
    endloop
  endfacet
  facet normal 0.000000e+00 0.000000e+00 -1.000000e+00
    outer loop
      vertex   -1.000000e+00 2.907000e+01 -2.000000e+00
      vertex   4.829628e-01 3.737059e+01 -2.000000e+00
      vertex   3.000000e+00 0.000000e+00 -2.000000e+00
    endloop
  endfacet
  facet normal 0.000000e+00 0.000000e+00 -1.000000e+00
    outer loop
      vertex   -1.000000e+00 2.907000e+01 -2.000000e+00
      vertex   3.000000e+00 0.000000e+00 -2.000000e+00
      vertex   -1.000000e+00 0.000000e+00 -2.000000e+00
    endloop
  endfacet
  facet normal 0.000000e+00 0.000000e+00 -1.000000e+00
    outer loop
      vertex   4.829628e-01 3.737059e+01 -2.000000e+00
      vertex   4.999999e-01 3.750000e+01 -2.000000e+00
      vertex   3.000000e+00 0.000000e+00 -2.000000e+00
    endloop
  endfacet
  facet normal 0.000000e+00 0.000000e+00 -1.000000e+00
    outer loop
      vertex   3.000000e+00 0.000000e+00 -2.000000e+00
      vertex   4.999999e-01 3.750000e+01 -2.000000e+00
      vertex   3.000000e+00 5.900000e+01 -2.000000e+00
    endloop
  endfacet
  facet normal 0.000000e+00 0.000000e+00 -1.000000e+00
    outer loop
      vertex   -3.011241e+01 4.998296e+01 -2.000000e+00
      vertex   -2.998300e+01 5.200000e+01 -2.000000e+00
      vertex   -2.998300e+01 5.000000e+01 -2.000000e+00
    endloop
  endfacet
  facet normal 0.000000e+00 0.000000e+00 -1.000000e+00
    outer loop
      vertex   -2.998300e+01 5.000000e+01 -2.000000e+00
      vertex   -2.998300e+01 5.200000e+01 -2.000000e+00
      vertex   -8.000000e+00 5.200000e+01 -2.000000e+00
    endloop
  endfacet
  facet normal 0.000000e+00 0.000000e+00 -1.000000e+00
    outer loop
      vertex   -2.998300e+01 5.000000e+01 -2.000000e+00
      vertex   -8.000000e+00 5.200000e+01 -2.000000e+00
      vertex   -4.855876e+00 5.117185e+01 -2.000000e+00
    endloop
  endfacet
  facet normal 0.000000e+00 0.000000e+00 -1.000000e+00
    outer loop
      vertex   -4.855876e+00 5.117185e+01 -2.000000e+00
      vertex   -8.000000e+00 5.200000e+01 -2.000000e+00
      vertex   -5.187500e+00 5.130922e+01 -2.000000e+00
    endloop
  endfacet
  facet normal 0.000000e+00 0.000000e+00 -1.000000e+00
    outer loop
      vertex   -5.187500e+00 5.130922e+01 -2.000000e+00
      vertex   -8.000000e+00 5.200000e+01 -2.000000e+00
      vertex   -7.870590e+00 5.201704e+01 -2.000000e+00
    endloop
  endfacet
  facet normal 0.000000e+00 0.000000e+00 -1.000000e+00
    outer loop
      vertex   -5.187500e+00 5.130922e+01 -2.000000e+00
      vertex   -7.870590e+00 5.201704e+01 -2.000000e+00
      vertex   -5.472272e+00 5.152773e+01 -2.000000e+00
    endloop
  endfacet
  facet normal 0.000000e+00 0.000000e+00 -1.000000e+00
    outer loop
      vertex   -5.472272e+00 5.152773e+01 -2.000000e+00
      vertex   -7.870590e+00 5.201704e+01 -2.000000e+00
      vertex   -7.750000e+00 5.206699e+01 -2.000000e+00
    endloop
  endfacet
  facet normal 0.000000e+00 0.000000e+00 -1.000000e+00
    outer loop
      vertex   -5.472272e+00 5.152773e+01 -2.000000e+00
      vertex   -7.750000e+00 5.206699e+01 -2.000000e+00
      vertex   -5.690785e+00 5.181250e+01 -2.000000e+00
    endloop
  endfacet
  facet normal 0.000000e+00 0.000000e+00 -1.000000e+00
    outer loop
      vertex   -5.690785e+00 5.181250e+01 -2.000000e+00
      vertex   -7.750000e+00 5.206699e+01 -2.000000e+00
      vertex   -7.646447e+00 5.214645e+01 -2.000000e+00
    endloop
  endfacet
  facet normal 0.000000e+00 0.000000e+00 -1.000000e+00
    outer loop
      vertex   -5.690785e+00 5.181250e+01 -2.000000e+00
      vertex   -7.646447e+00 5.214645e+01 -2.000000e+00
      vertex   -5.828148e+00 5.214412e+01 -2.000000e+00
    endloop
  endfacet
  facet normal 0.000000e+00 0.000000e+00 -1.000000e+00
    outer loop
      vertex   -5.828148e+00 5.214412e+01 -2.000000e+00
      vertex   -7.646447e+00 5.214645e+01 -2.000000e+00
      vertex   -7.566987e+00 5.225000e+01 -2.000000e+00
    endloop
  endfacet
  facet normal 0.000000e+00 0.000000e+00 -1.000000e+00
    outer loop
      vertex   -5.828148e+00 5.214412e+01 -2.000000e+00
      vertex   -7.566987e+00 5.225000e+01 -2.000000e+00
      vertex   -7.517037e+00 5.237059e+01 -2.000000e+00
    endloop
  endfacet
  facet normal -0.000000e+00 0.000000e+00 -1.000000e+00
    outer loop
      vertex   -2.998300e+01 5.200000e+01 -2.000000e+00
      vertex   -3.011241e+01 4.998296e+01 -2.000000e+00
      vertex   -3.011241e+01 5.201704e+01 -2.000000e+00
    endloop
  endfacet
  facet normal 0.000000e+00 0.000000e+00 -1.000000e+00
    outer loop
      vertex   -3.011241e+01 5.201704e+01 -2.000000e+00
      vertex   -3.011241e+01 4.998296e+01 -2.000000e+00
      vertex   -3.023300e+01 4.993301e+01 -2.000000e+00
    endloop
  endfacet
  facet normal -0.000000e+00 0.000000e+00 -1.000000e+00
    outer loop
      vertex   -3.011241e+01 5.201704e+01 -2.000000e+00
      vertex   -3.023300e+01 4.993301e+01 -2.000000e+00
      vertex   -3.023300e+01 5.206699e+01 -2.000000e+00
    endloop
  endfacet
  facet normal 0.000000e+00 0.000000e+00 -1.000000e+00
    outer loop
      vertex   -3.023300e+01 5.206699e+01 -2.000000e+00
      vertex   -3.023300e+01 4.993301e+01 -2.000000e+00
      vertex   -3.033655e+01 4.985355e+01 -2.000000e+00
    endloop
  endfacet
  facet normal -0.000000e+00 0.000000e+00 -1.000000e+00
    outer loop
      vertex   -3.023300e+01 5.206699e+01 -2.000000e+00
      vertex   -3.033655e+01 4.985355e+01 -2.000000e+00
      vertex   -3.033655e+01 5.214645e+01 -2.000000e+00
    endloop
  endfacet
  facet normal 0.000000e+00 0.000000e+00 -1.000000e+00
    outer loop
      vertex   -3.033655e+01 5.214645e+01 -2.000000e+00
      vertex   -3.033655e+01 4.985355e+01 -2.000000e+00
      vertex   -3.362945e+01 4.985355e+01 -2.000000e+00
    endloop
  endfacet
  facet normal -0.000000e+00 0.000000e+00 -1.000000e+00
    outer loop
      vertex   -3.033655e+01 5.214645e+01 -2.000000e+00
      vertex   -3.362945e+01 4.985355e+01 -2.000000e+00
      vertex   -3.362945e+01 5.214645e+01 -2.000000e+00
    endloop
  endfacet
  facet normal 0.000000e+00 -0.000000e+00 -1.000000e+00
    outer loop
      vertex   -3.362945e+01 5.214645e+01 -2.000000e+00
      vertex   -3.362945e+01 4.985355e+01 -2.000000e+00
      vertex   -3.373300e+01 5.206699e+01 -2.000000e+00
    endloop
  endfacet
  facet normal 0.000000e+00 0.000000e+00 -1.000000e+00
    outer loop
      vertex   -3.373300e+01 5.206699e+01 -2.000000e+00
      vertex   -3.362945e+01 4.985355e+01 -2.000000e+00
      vertex   -3.373300e+01 4.993301e+01 -2.000000e+00
    endloop
  endfacet
  facet normal 0.000000e+00 -0.000000e+00 -1.000000e+00
    outer loop
      vertex   -3.373300e+01 5.206699e+01 -2.000000e+00
      vertex   -3.373300e+01 4.993301e+01 -2.000000e+00
      vertex   -3.385359e+01 5.201704e+01 -2.000000e+00
    endloop
  endfacet
  facet normal 0.000000e+00 0.000000e+00 -1.000000e+00
    outer loop
      vertex   -3.385359e+01 5.201704e+01 -2.000000e+00
      vertex   -3.373300e+01 4.993301e+01 -2.000000e+00
      vertex   -3.385359e+01 4.998296e+01 -2.000000e+00
    endloop
  endfacet
  facet normal 0.000000e+00 -0.000000e+00 -1.000000e+00
    outer loop
      vertex   -3.385359e+01 5.201704e+01 -2.000000e+00
      vertex   -3.385359e+01 4.998296e+01 -2.000000e+00
      vertex   -3.398300e+01 5.200000e+01 -2.000000e+00
    endloop
  endfacet
  facet normal 0.000000e+00 -0.000000e+00 -1.000000e+00
    outer loop
      vertex   -3.398300e+01 5.200000e+01 -2.000000e+00
      vertex   -3.385359e+01 4.998296e+01 -2.000000e+00
      vertex   -3.398300e+01 5.000000e+01 -2.000000e+00
    endloop
  endfacet
  facet normal 0.000000e+00 0.000000e+00 -1.000000e+00
    outer loop
      vertex   -3.398300e+01 5.200000e+01 -2.000000e+00
      vertex   -3.398300e+01 5.000000e+01 -2.000000e+00
      vertex   -5.596600e+01 5.200000e+01 -2.000000e+00
    endloop
  endfacet
  facet normal 0.000000e+00 -0.000000e+00 -1.000000e+00
    outer loop
      vertex   -5.596600e+01 5.200000e+01 -2.000000e+00
      vertex   -3.398300e+01 5.000000e+01 -2.000000e+00
      vertex   -6.396600e+01 5.000000e+01 -2.000000e+00
    endloop
  endfacet
  facet normal -0.000000e+00 0.000000e+00 -1.000000e+00
    outer loop
      vertex   -5.596600e+01 5.200000e+01 -2.000000e+00
      vertex   -6.396600e+01 5.000000e+01 -2.000000e+00
      vertex   -5.609541e+01 5.201704e+01 -2.000000e+00
    endloop
  endfacet
  facet normal 0.000000e+00 0.000000e+00 -1.000000e+00
    outer loop
      vertex   -5.609541e+01 5.201704e+01 -2.000000e+00
      vertex   -6.396600e+01 5.000000e+01 -2.000000e+00
      vertex   -6.181250e+01 5.130922e+01 -2.000000e+00
    endloop
  endfacet
  facet normal -0.000000e+00 0.000000e+00 -1.000000e+00
    outer loop
      vertex   -5.609541e+01 5.201704e+01 -2.000000e+00
      vertex   -6.181250e+01 5.130922e+01 -2.000000e+00
      vertex   -5.621600e+01 5.206699e+01 -2.000000e+00
    endloop
  endfacet
  facet normal 0.000000e+00 0.000000e+00 -1.000000e+00
    outer loop
      vertex   -5.621600e+01 5.206699e+01 -2.000000e+00
      vertex   -6.181250e+01 5.130922e+01 -2.000000e+00
      vertex   -6.152773e+01 5.152773e+01 -2.000000e+00
    endloop
  endfacet
  facet normal -0.000000e+00 0.000000e+00 -1.000000e+00
    outer loop
      vertex   -5.621600e+01 5.206699e+01 -2.000000e+00
      vertex   -6.152773e+01 5.152773e+01 -2.000000e+00
      vertex   -5.631955e+01 5.214645e+01 -2.000000e+00
    endloop
  endfacet
  facet normal 0.000000e+00 0.000000e+00 -1.000000e+00
    outer loop
      vertex   -5.631955e+01 5.214645e+01 -2.000000e+00
      vertex   -6.152773e+01 5.152773e+01 -2.000000e+00
      vertex   -6.130922e+01 5.181250e+01 -2.000000e+00
    endloop
  endfacet
  facet normal -0.000000e+00 0.000000e+00 -1.000000e+00
    outer loop
      vertex   -5.631955e+01 5.214645e+01 -2.000000e+00
      vertex   -6.130922e+01 5.181250e+01 -2.000000e+00
      vertex   -5.639901e+01 5.225000e+01 -2.000000e+00
    endloop
  endfacet
  facet normal 0.000000e+00 0.000000e+00 -1.000000e+00
    outer loop
      vertex   -5.639901e+01 5.225000e+01 -2.000000e+00
      vertex   -6.130922e+01 5.181250e+01 -2.000000e+00
      vertex   -6.117185e+01 5.214412e+01 -2.000000e+00
    endloop
  endfacet
  facet normal -0.000000e+00 0.000000e+00 -1.000000e+00
    outer loop
      vertex   -5.639901e+01 5.225000e+01 -2.000000e+00
      vertex   -6.117185e+01 5.214412e+01 -2.000000e+00
      vertex   -5.644896e+01 5.237059e+01 -2.000000e+00
    endloop
  endfacet
  facet normal -0.000000e+00 0.000000e+00 -1.000000e+00
    outer loop
      vertex   -5.644896e+01 5.237059e+01 -2.000000e+00
      vertex   -6.117185e+01 5.214412e+01 -2.000000e+00
      vertex   -6.112500e+01 5.250000e+01 -2.000000e+00
    endloop
  endfacet
  facet normal 0.000000e+00 0.000000e+00 -1.000000e+00
    outer loop
      vertex   -5.644896e+01 5.237059e+01 -2.000000e+00
      vertex   -6.112500e+01 5.250000e+01 -2.000000e+00
      vertex   -5.646600e+01 5.250000e+01 -2.000000e+00
    endloop
  endfacet
  facet normal -0.000000e+00 0.000000e+00 -1.000000e+00
    outer loop
      vertex   -5.646600e+01 5.250000e+01 -2.000000e+00
      vertex   -6.112500e+01 5.250000e+01 -2.000000e+00
      vertex   -5.644896e+01 5.262941e+01 -2.000000e+00
    endloop
  endfacet
  facet normal -0.000000e+00 0.000000e+00 -1.000000e+00
    outer loop
      vertex   -5.644896e+01 5.262941e+01 -2.000000e+00
      vertex   -6.112500e+01 5.250000e+01 -2.000000e+00
      vertex   -6.117185e+01 5.285588e+01 -2.000000e+00
    endloop
  endfacet
  facet normal 0.000000e+00 0.000000e+00 -1.000000e+00
    outer loop
      vertex   -5.644896e+01 5.262941e+01 -2.000000e+00
      vertex   -6.117185e+01 5.285588e+01 -2.000000e+00
      vertex   -5.639901e+01 5.275000e+01 -2.000000e+00
    endloop
  endfacet
  facet normal 0.000000e+00 0.000000e+00 -1.000000e+00
    outer loop
      vertex   -5.639901e+01 5.275000e+01 -2.000000e+00
      vertex   -6.117185e+01 5.285588e+01 -2.000000e+00
      vertex   -6.130922e+01 5.318750e+01 -2.000000e+00
    endloop
  endfacet
  facet normal 0.000000e+00 0.000000e+00 -1.000000e+00
    outer loop
      vertex   -5.639901e+01 5.275000e+01 -2.000000e+00
      vertex   -6.130922e+01 5.318750e+01 -2.000000e+00
      vertex   -5.631955e+01 5.285355e+01 -2.000000e+00
    endloop
  endfacet
  facet normal 0.000000e+00 0.000000e+00 -1.000000e+00
    outer loop
      vertex   -5.631955e+01 5.285355e+01 -2.000000e+00
      vertex   -6.130922e+01 5.318750e+01 -2.000000e+00
      vertex   -6.152773e+01 5.347227e+01 -2.000000e+00
    endloop
  endfacet
  facet normal 0.000000e+00 0.000000e+00 -1.000000e+00
    outer loop
      vertex   -5.631955e+01 5.285355e+01 -2.000000e+00
      vertex   -6.152773e+01 5.347227e+01 -2.000000e+00
      vertex   -5.621600e+01 5.293301e+01 -2.000000e+00
    endloop
  endfacet
  facet normal 0.000000e+00 0.000000e+00 -1.000000e+00
    outer loop
      vertex   -5.621600e+01 5.293301e+01 -2.000000e+00
      vertex   -6.152773e+01 5.347227e+01 -2.000000e+00
      vertex   -6.181250e+01 5.369078e+01 -2.000000e+00
    endloop
  endfacet
  facet normal 0.000000e+00 0.000000e+00 -1.000000e+00
    outer loop
      vertex   -5.621600e+01 5.293301e+01 -2.000000e+00
      vertex   -6.181250e+01 5.369078e+01 -2.000000e+00
      vertex   -5.609541e+01 5.298296e+01 -2.000000e+00
    endloop
  endfacet
  facet normal 0.000000e+00 0.000000e+00 -1.000000e+00
    outer loop
      vertex   -5.609541e+01 5.298296e+01 -2.000000e+00
      vertex   -6.181250e+01 5.369078e+01 -2.000000e+00
      vertex   -6.696600e+01 5.900000e+01 -2.000000e+00
    endloop
  endfacet
  facet normal 0.000000e+00 0.000000e+00 -1.000000e+00
    outer loop
      vertex   -5.609541e+01 5.298296e+01 -2.000000e+00
      vertex   -6.696600e+01 5.900000e+01 -2.000000e+00
      vertex   -5.596600e+01 5.300000e+01 -2.000000e+00
    endloop
  endfacet
  facet normal 0.000000e+00 0.000000e+00 -1.000000e+00
    outer loop
      vertex   -5.596600e+01 5.300000e+01 -2.000000e+00
      vertex   -6.696600e+01 5.900000e+01 -2.000000e+00
      vertex   -3.398300e+01 5.300000e+01 -2.000000e+00
    endloop
  endfacet
  facet normal 0.000000e+00 0.000000e+00 -1.000000e+00
    outer loop
      vertex   -3.398300e+01 5.300000e+01 -2.000000e+00
      vertex   -6.696600e+01 5.900000e+01 -2.000000e+00
      vertex   3.000000e+00 5.900000e+01 -2.000000e+00
    endloop
  endfacet
  facet normal 0.000000e+00 0.000000e+00 -1.000000e+00
    outer loop
      vertex   -3.398300e+01 5.300000e+01 -2.000000e+00
      vertex   3.000000e+00 5.900000e+01 -2.000000e+00
      vertex   -2.998300e+01 5.300000e+01 -2.000000e+00
    endloop
  endfacet
  facet normal 0.000000e+00 0.000000e+00 -1.000000e+00
    outer loop
      vertex   -2.998300e+01 5.300000e+01 -2.000000e+00
      vertex   3.000000e+00 5.900000e+01 -2.000000e+00
      vertex   -8.000000e+00 5.300000e+01 -2.000000e+00
    endloop
  endfacet
  facet normal 0.000000e+00 0.000000e+00 -1.000000e+00
    outer loop
      vertex   -8.000000e+00 5.300000e+01 -2.000000e+00
      vertex   3.000000e+00 5.900000e+01 -2.000000e+00
      vertex   -4.855876e+00 5.382815e+01 -2.000000e+00
    endloop
  endfacet
  facet normal 0.000000e+00 0.000000e+00 -1.000000e+00
    outer loop
      vertex   -8.000000e+00 5.300000e+01 -2.000000e+00
      vertex   -4.855876e+00 5.382815e+01 -2.000000e+00
      vertex   -5.187500e+00 5.369078e+01 -2.000000e+00
    endloop
  endfacet
  facet normal 0.000000e+00 0.000000e+00 -1.000000e+00
    outer loop
      vertex   -3.362945e+01 4.985355e+01 -2.000000e+00
      vertex   -3.033655e+01 4.985355e+01 -2.000000e+00
      vertex   -3.354999e+01 4.975000e+01 -2.000000e+00
    endloop
  endfacet
  facet normal 0.000000e+00 0.000000e+00 -1.000000e+00
    outer loop
      vertex   -3.354999e+01 4.975000e+01 -2.000000e+00
      vertex   -3.033655e+01 4.985355e+01 -2.000000e+00
      vertex   -3.041601e+01 4.975000e+01 -2.000000e+00
    endloop
  endfacet
  facet normal 0.000000e+00 0.000000e+00 -1.000000e+00
    outer loop
      vertex   -3.354999e+01 4.975000e+01 -2.000000e+00
      vertex   -3.041601e+01 4.975000e+01 -2.000000e+00
      vertex   -3.350004e+01 4.962941e+01 -2.000000e+00
    endloop
  endfacet
  facet normal 0.000000e+00 0.000000e+00 -1.000000e+00
    outer loop
      vertex   -3.350004e+01 4.962941e+01 -2.000000e+00
      vertex   -3.041601e+01 4.975000e+01 -2.000000e+00
      vertex   -3.046596e+01 4.962941e+01 -2.000000e+00
    endloop
  endfacet
  facet normal 0.000000e+00 0.000000e+00 -1.000000e+00
    outer loop
      vertex   -3.350004e+01 4.962941e+01 -2.000000e+00
      vertex   -3.046596e+01 4.962941e+01 -2.000000e+00
      vertex   -3.348300e+01 4.950000e+01 -2.000000e+00
    endloop
  endfacet
  facet normal 0.000000e+00 0.000000e+00 -1.000000e+00
    outer loop
      vertex   -3.348300e+01 4.950000e+01 -2.000000e+00
      vertex   -3.046596e+01 4.962941e+01 -2.000000e+00
      vertex   -3.048300e+01 4.950000e+01 -2.000000e+00
    endloop
  endfacet
  facet normal 0.000000e+00 -0.000000e+00 -1.000000e+00
    outer loop
      vertex   -3.348300e+01 4.950000e+01 -2.000000e+00
      vertex   -3.048300e+01 4.950000e+01 -2.000000e+00
      vertex   -3.350004e+01 4.937059e+01 -2.000000e+00
    endloop
  endfacet
  facet normal 0.000000e+00 0.000000e+00 -1.000000e+00
    outer loop
      vertex   -3.350004e+01 4.937059e+01 -2.000000e+00
      vertex   -3.048300e+01 4.950000e+01 -2.000000e+00
      vertex   -3.046596e+01 4.937059e+01 -2.000000e+00
    endloop
  endfacet
  facet normal 0.000000e+00 -0.000000e+00 -1.000000e+00
    outer loop
      vertex   -3.350004e+01 4.937059e+01 -2.000000e+00
      vertex   -3.046596e+01 4.937059e+01 -2.000000e+00
      vertex   -3.354999e+01 4.925000e+01 -2.000000e+00
    endloop
  endfacet
  facet normal 0.000000e+00 0.000000e+00 -1.000000e+00
    outer loop
      vertex   -3.354999e+01 4.925000e+01 -2.000000e+00
      vertex   -3.046596e+01 4.937059e+01 -2.000000e+00
      vertex   -3.041601e+01 4.925000e+01 -2.000000e+00
    endloop
  endfacet
  facet normal 0.000000e+00 -0.000000e+00 -1.000000e+00
    outer loop
      vertex   -3.354999e+01 4.925000e+01 -2.000000e+00
      vertex   -3.041601e+01 4.925000e+01 -2.000000e+00
      vertex   -3.362945e+01 4.914645e+01 -2.000000e+00
    endloop
  endfacet
  facet normal 0.000000e+00 0.000000e+00 -1.000000e+00
    outer loop
      vertex   -3.362945e+01 4.914645e+01 -2.000000e+00
      vertex   -3.041601e+01 4.925000e+01 -2.000000e+00
      vertex   -3.033655e+01 4.914645e+01 -2.000000e+00
    endloop
  endfacet
  facet normal 0.000000e+00 0.000000e+00 -1.000000e+00
    outer loop
      vertex   -3.362945e+01 4.914645e+01 -2.000000e+00
      vertex   -3.033655e+01 4.914645e+01 -2.000000e+00
      vertex   -3.362945e+01 4.685355e+01 -2.000000e+00
    endloop
  endfacet
  facet normal 0.000000e+00 0.000000e+00 -1.000000e+00
    outer loop
      vertex   -3.362945e+01 4.685355e+01 -2.000000e+00
      vertex   -3.033655e+01 4.914645e+01 -2.000000e+00
      vertex   -3.033655e+01 4.685355e+01 -2.000000e+00
    endloop
  endfacet
  facet normal 0.000000e+00 0.000000e+00 -1.000000e+00
    outer loop
      vertex   -3.362945e+01 4.685355e+01 -2.000000e+00
      vertex   -3.033655e+01 4.685355e+01 -2.000000e+00
      vertex   -3.354999e+01 4.675000e+01 -2.000000e+00
    endloop
  endfacet
  facet normal 0.000000e+00 0.000000e+00 -1.000000e+00
    outer loop
      vertex   -3.354999e+01 4.675000e+01 -2.000000e+00
      vertex   -3.033655e+01 4.685355e+01 -2.000000e+00
      vertex   -3.041601e+01 4.675000e+01 -2.000000e+00
    endloop
  endfacet
  facet normal 0.000000e+00 0.000000e+00 -1.000000e+00
    outer loop
      vertex   -3.354999e+01 4.675000e+01 -2.000000e+00
      vertex   -3.041601e+01 4.675000e+01 -2.000000e+00
      vertex   -3.350004e+01 4.662941e+01 -2.000000e+00
    endloop
  endfacet
  facet normal 0.000000e+00 0.000000e+00 -1.000000e+00
    outer loop
      vertex   -3.350004e+01 4.662941e+01 -2.000000e+00
      vertex   -3.041601e+01 4.675000e+01 -2.000000e+00
      vertex   -3.046596e+01 4.662941e+01 -2.000000e+00
    endloop
  endfacet
  facet normal 0.000000e+00 0.000000e+00 -1.000000e+00
    outer loop
      vertex   -3.350004e+01 4.662941e+01 -2.000000e+00
      vertex   -3.046596e+01 4.662941e+01 -2.000000e+00
      vertex   -3.348300e+01 4.650000e+01 -2.000000e+00
    endloop
  endfacet
  facet normal 0.000000e+00 0.000000e+00 -1.000000e+00
    outer loop
      vertex   -3.348300e+01 4.650000e+01 -2.000000e+00
      vertex   -3.046596e+01 4.662941e+01 -2.000000e+00
      vertex   -3.048300e+01 4.650000e+01 -2.000000e+00
    endloop
  endfacet
  facet normal 0.000000e+00 -0.000000e+00 -1.000000e+00
    outer loop
      vertex   -3.348300e+01 4.650000e+01 -2.000000e+00
      vertex   -3.048300e+01 4.650000e+01 -2.000000e+00
      vertex   -3.350004e+01 4.637059e+01 -2.000000e+00
    endloop
  endfacet
  facet normal 0.000000e+00 0.000000e+00 -1.000000e+00
    outer loop
      vertex   -3.350004e+01 4.637059e+01 -2.000000e+00
      vertex   -3.048300e+01 4.650000e+01 -2.000000e+00
      vertex   -3.046596e+01 4.637059e+01 -2.000000e+00
    endloop
  endfacet
  facet normal 0.000000e+00 -0.000000e+00 -1.000000e+00
    outer loop
      vertex   -3.350004e+01 4.637059e+01 -2.000000e+00
      vertex   -3.046596e+01 4.637059e+01 -2.000000e+00
      vertex   -3.354999e+01 4.625000e+01 -2.000000e+00
    endloop
  endfacet
  facet normal 0.000000e+00 0.000000e+00 -1.000000e+00
    outer loop
      vertex   -3.354999e+01 4.625000e+01 -2.000000e+00
      vertex   -3.046596e+01 4.637059e+01 -2.000000e+00
      vertex   -3.041601e+01 4.625000e+01 -2.000000e+00
    endloop
  endfacet
  facet normal 0.000000e+00 -0.000000e+00 -1.000000e+00
    outer loop
      vertex   -3.354999e+01 4.625000e+01 -2.000000e+00
      vertex   -3.041601e+01 4.625000e+01 -2.000000e+00
      vertex   -3.362945e+01 4.614645e+01 -2.000000e+00
    endloop
  endfacet
  facet normal 0.000000e+00 0.000000e+00 -1.000000e+00
    outer loop
      vertex   -3.362945e+01 4.614645e+01 -2.000000e+00
      vertex   -3.041601e+01 4.625000e+01 -2.000000e+00
      vertex   -3.033655e+01 4.614645e+01 -2.000000e+00
    endloop
  endfacet
  facet normal 0.000000e+00 0.000000e+00 -1.000000e+00
    outer loop
      vertex   -3.362945e+01 4.614645e+01 -2.000000e+00
      vertex   -3.033655e+01 4.614645e+01 -2.000000e+00
      vertex   -3.362945e+01 4.385355e+01 -2.000000e+00
    endloop
  endfacet
  facet normal 0.000000e+00 0.000000e+00 -1.000000e+00
    outer loop
      vertex   -3.362945e+01 4.385355e+01 -2.000000e+00
      vertex   -3.033655e+01 4.614645e+01 -2.000000e+00
      vertex   -3.033655e+01 4.385355e+01 -2.000000e+00
    endloop
  endfacet
  facet normal 0.000000e+00 0.000000e+00 -1.000000e+00
    outer loop
      vertex   -3.362945e+01 4.385355e+01 -2.000000e+00
      vertex   -3.033655e+01 4.385355e+01 -2.000000e+00
      vertex   -3.354999e+01 4.375000e+01 -2.000000e+00
    endloop
  endfacet
  facet normal 0.000000e+00 0.000000e+00 -1.000000e+00
    outer loop
      vertex   -3.354999e+01 4.375000e+01 -2.000000e+00
      vertex   -3.033655e+01 4.385355e+01 -2.000000e+00
      vertex   -3.041601e+01 4.375000e+01 -2.000000e+00
    endloop
  endfacet
  facet normal 0.000000e+00 0.000000e+00 -1.000000e+00
    outer loop
      vertex   -3.354999e+01 4.375000e+01 -2.000000e+00
      vertex   -3.041601e+01 4.375000e+01 -2.000000e+00
      vertex   -3.350004e+01 4.362941e+01 -2.000000e+00
    endloop
  endfacet
  facet normal 0.000000e+00 0.000000e+00 -1.000000e+00
    outer loop
      vertex   -3.350004e+01 4.362941e+01 -2.000000e+00
      vertex   -3.041601e+01 4.375000e+01 -2.000000e+00
      vertex   -3.046596e+01 4.362941e+01 -2.000000e+00
    endloop
  endfacet
  facet normal 0.000000e+00 0.000000e+00 -1.000000e+00
    outer loop
      vertex   -3.350004e+01 4.362941e+01 -2.000000e+00
      vertex   -3.046596e+01 4.362941e+01 -2.000000e+00
      vertex   -3.348300e+01 4.350000e+01 -2.000000e+00
    endloop
  endfacet
  facet normal 0.000000e+00 0.000000e+00 -1.000000e+00
    outer loop
      vertex   -3.348300e+01 4.350000e+01 -2.000000e+00
      vertex   -3.046596e+01 4.362941e+01 -2.000000e+00
      vertex   -3.048300e+01 4.350000e+01 -2.000000e+00
    endloop
  endfacet
  facet normal 0.000000e+00 -0.000000e+00 -1.000000e+00
    outer loop
      vertex   -3.348300e+01 4.350000e+01 -2.000000e+00
      vertex   -3.048300e+01 4.350000e+01 -2.000000e+00
      vertex   -3.350004e+01 4.337059e+01 -2.000000e+00
    endloop
  endfacet
  facet normal 0.000000e+00 0.000000e+00 -1.000000e+00
    outer loop
      vertex   -3.350004e+01 4.337059e+01 -2.000000e+00
      vertex   -3.048300e+01 4.350000e+01 -2.000000e+00
      vertex   -3.046596e+01 4.337059e+01 -2.000000e+00
    endloop
  endfacet
  facet normal 0.000000e+00 -0.000000e+00 -1.000000e+00
    outer loop
      vertex   -3.350004e+01 4.337059e+01 -2.000000e+00
      vertex   -3.046596e+01 4.337059e+01 -2.000000e+00
      vertex   -3.354999e+01 4.325000e+01 -2.000000e+00
    endloop
  endfacet
  facet normal 0.000000e+00 0.000000e+00 -1.000000e+00
    outer loop
      vertex   -3.354999e+01 4.325000e+01 -2.000000e+00
      vertex   -3.046596e+01 4.337059e+01 -2.000000e+00
      vertex   -3.041601e+01 4.325000e+01 -2.000000e+00
    endloop
  endfacet
  facet normal 0.000000e+00 -0.000000e+00 -1.000000e+00
    outer loop
      vertex   -3.354999e+01 4.325000e+01 -2.000000e+00
      vertex   -3.041601e+01 4.325000e+01 -2.000000e+00
      vertex   -3.362945e+01 4.314645e+01 -2.000000e+00
    endloop
  endfacet
  facet normal 0.000000e+00 0.000000e+00 -1.000000e+00
    outer loop
      vertex   -3.362945e+01 4.314645e+01 -2.000000e+00
      vertex   -3.041601e+01 4.325000e+01 -2.000000e+00
      vertex   -3.033655e+01 4.314645e+01 -2.000000e+00
    endloop
  endfacet
  facet normal 0.000000e+00 0.000000e+00 -1.000000e+00
    outer loop
      vertex   -3.362945e+01 4.314645e+01 -2.000000e+00
      vertex   -3.033655e+01 4.314645e+01 -2.000000e+00
      vertex   -3.362945e+01 4.085355e+01 -2.000000e+00
    endloop
  endfacet
  facet normal 0.000000e+00 0.000000e+00 -1.000000e+00
    outer loop
      vertex   -3.362945e+01 4.085355e+01 -2.000000e+00
      vertex   -3.033655e+01 4.314645e+01 -2.000000e+00
      vertex   -3.033655e+01 4.085355e+01 -2.000000e+00
    endloop
  endfacet
  facet normal 0.000000e+00 0.000000e+00 -1.000000e+00
    outer loop
      vertex   -3.362945e+01 4.085355e+01 -2.000000e+00
      vertex   -3.033655e+01 4.085355e+01 -2.000000e+00
      vertex   -3.354999e+01 4.075000e+01 -2.000000e+00
    endloop
  endfacet
  facet normal 0.000000e+00 0.000000e+00 -1.000000e+00
    outer loop
      vertex   -3.354999e+01 4.075000e+01 -2.000000e+00
      vertex   -3.033655e+01 4.085355e+01 -2.000000e+00
      vertex   -3.041601e+01 4.075000e+01 -2.000000e+00
    endloop
  endfacet
  facet normal 0.000000e+00 0.000000e+00 -1.000000e+00
    outer loop
      vertex   -3.354999e+01 4.075000e+01 -2.000000e+00
      vertex   -3.041601e+01 4.075000e+01 -2.000000e+00
      vertex   -3.350004e+01 4.062941e+01 -2.000000e+00
    endloop
  endfacet
  facet normal 0.000000e+00 0.000000e+00 -1.000000e+00
    outer loop
      vertex   -3.350004e+01 4.062941e+01 -2.000000e+00
      vertex   -3.041601e+01 4.075000e+01 -2.000000e+00
      vertex   -3.046596e+01 4.062941e+01 -2.000000e+00
    endloop
  endfacet
  facet normal 0.000000e+00 0.000000e+00 -1.000000e+00
    outer loop
      vertex   -3.350004e+01 4.062941e+01 -2.000000e+00
      vertex   -3.046596e+01 4.062941e+01 -2.000000e+00
      vertex   -3.348300e+01 4.050000e+01 -2.000000e+00
    endloop
  endfacet
  facet normal 0.000000e+00 0.000000e+00 -1.000000e+00
    outer loop
      vertex   -3.348300e+01 4.050000e+01 -2.000000e+00
      vertex   -3.046596e+01 4.062941e+01 -2.000000e+00
      vertex   -3.048300e+01 4.050000e+01 -2.000000e+00
    endloop
  endfacet
  facet normal 0.000000e+00 -0.000000e+00 -1.000000e+00
    outer loop
      vertex   -3.348300e+01 4.050000e+01 -2.000000e+00
      vertex   -3.048300e+01 4.050000e+01 -2.000000e+00
      vertex   -3.350004e+01 4.037059e+01 -2.000000e+00
    endloop
  endfacet
  facet normal 0.000000e+00 0.000000e+00 -1.000000e+00
    outer loop
      vertex   -3.350004e+01 4.037059e+01 -2.000000e+00
      vertex   -3.048300e+01 4.050000e+01 -2.000000e+00
      vertex   -3.046596e+01 4.037059e+01 -2.000000e+00
    endloop
  endfacet
  facet normal 0.000000e+00 -0.000000e+00 -1.000000e+00
    outer loop
      vertex   -3.350004e+01 4.037059e+01 -2.000000e+00
      vertex   -3.046596e+01 4.037059e+01 -2.000000e+00
      vertex   -3.354999e+01 4.025000e+01 -2.000000e+00
    endloop
  endfacet
  facet normal 0.000000e+00 0.000000e+00 -1.000000e+00
    outer loop
      vertex   -3.354999e+01 4.025000e+01 -2.000000e+00
      vertex   -3.046596e+01 4.037059e+01 -2.000000e+00
      vertex   -3.041601e+01 4.025000e+01 -2.000000e+00
    endloop
  endfacet
  facet normal 0.000000e+00 -0.000000e+00 -1.000000e+00
    outer loop
      vertex   -3.354999e+01 4.025000e+01 -2.000000e+00
      vertex   -3.041601e+01 4.025000e+01 -2.000000e+00
      vertex   -3.362945e+01 4.014645e+01 -2.000000e+00
    endloop
  endfacet
  facet normal 0.000000e+00 0.000000e+00 -1.000000e+00
    outer loop
      vertex   -3.362945e+01 4.014645e+01 -2.000000e+00
      vertex   -3.041601e+01 4.025000e+01 -2.000000e+00
      vertex   -3.033655e+01 4.014645e+01 -2.000000e+00
    endloop
  endfacet
  facet normal 0.000000e+00 0.000000e+00 -1.000000e+00
    outer loop
      vertex   -3.033655e+01 4.685355e+01 -2.000000e+00
      vertex   -3.033655e+01 4.914645e+01 -2.000000e+00
      vertex   -3.023300e+01 4.693301e+01 -2.000000e+00
    endloop
  endfacet
  facet normal 0.000000e+00 0.000000e+00 -1.000000e+00
    outer loop
      vertex   -3.023300e+01 4.693301e+01 -2.000000e+00
      vertex   -3.033655e+01 4.914645e+01 -2.000000e+00
      vertex   -3.023300e+01 4.906699e+01 -2.000000e+00
    endloop
  endfacet
  facet normal 0.000000e+00 0.000000e+00 -1.000000e+00
    outer loop
      vertex   -3.023300e+01 4.693301e+01 -2.000000e+00
      vertex   -3.023300e+01 4.906699e+01 -2.000000e+00
      vertex   -3.011241e+01 4.698296e+01 -2.000000e+00
    endloop
  endfacet
  facet normal 0.000000e+00 0.000000e+00 -1.000000e+00
    outer loop
      vertex   -3.011241e+01 4.698296e+01 -2.000000e+00
      vertex   -3.023300e+01 4.906699e+01 -2.000000e+00
      vertex   -3.011241e+01 4.901704e+01 -2.000000e+00
    endloop
  endfacet
  facet normal 0.000000e+00 0.000000e+00 -1.000000e+00
    outer loop
      vertex   -3.011241e+01 4.698296e+01 -2.000000e+00
      vertex   -3.011241e+01 4.901704e+01 -2.000000e+00
      vertex   -2.998300e+01 4.700000e+01 -2.000000e+00
    endloop
  endfacet
  facet normal 0.000000e+00 0.000000e+00 -1.000000e+00
    outer loop
      vertex   -2.998300e+01 4.700000e+01 -2.000000e+00
      vertex   -3.011241e+01 4.901704e+01 -2.000000e+00
      vertex   -2.998300e+01 4.900000e+01 -2.000000e+00
    endloop
  endfacet
  facet normal 0.000000e+00 0.000000e+00 -1.000000e+00
    outer loop
      vertex   -2.998300e+01 4.700000e+01 -2.000000e+00
      vertex   -2.998300e+01 4.900000e+01 -2.000000e+00
      vertex   1.560184e-08 4.700000e+01 -2.000000e+00
    endloop
  endfacet
  facet normal 0.000000e+00 0.000000e+00 -1.000000e+00
    outer loop
      vertex   1.560184e-08 4.700000e+01 -2.000000e+00
      vertex   -2.998300e+01 4.900000e+01 -2.000000e+00
      vertex   1.771812e-08 4.900000e+01 -2.000000e+00
    endloop
  endfacet
  facet normal 0.000000e+00 0.000000e+00 -1.000000e+00
    outer loop
      vertex   1.560184e-08 4.700000e+01 -2.000000e+00
      vertex   1.771812e-08 4.900000e+01 -2.000000e+00
      vertex   1.294095e-01 4.698296e+01 -2.000000e+00
    endloop
  endfacet
  facet normal 0.000000e+00 0.000000e+00 -1.000000e+00
    outer loop
      vertex   1.294095e-01 4.698296e+01 -2.000000e+00
      vertex   1.771812e-08 4.900000e+01 -2.000000e+00
      vertex   1.294095e-01 4.901704e+01 -2.000000e+00
    endloop
  endfacet
  facet normal 0.000000e+00 0.000000e+00 -1.000000e+00
    outer loop
      vertex   1.294095e-01 4.698296e+01 -2.000000e+00
      vertex   1.294095e-01 4.901704e+01 -2.000000e+00
      vertex   2.500000e-01 4.693301e+01 -2.000000e+00
    endloop
  endfacet
  facet normal 0.000000e+00 0.000000e+00 -1.000000e+00
    outer loop
      vertex   2.500000e-01 4.693301e+01 -2.000000e+00
      vertex   1.294095e-01 4.901704e+01 -2.000000e+00
      vertex   2.500000e-01 4.906699e+01 -2.000000e+00
    endloop
  endfacet
  facet normal 0.000000e+00 0.000000e+00 -1.000000e+00
    outer loop
      vertex   2.500000e-01 4.693301e+01 -2.000000e+00
      vertex   2.500000e-01 4.906699e+01 -2.000000e+00
      vertex   3.535533e-01 4.685355e+01 -2.000000e+00
    endloop
  endfacet
  facet normal 0.000000e+00 0.000000e+00 -1.000000e+00
    outer loop
      vertex   3.535533e-01 4.685355e+01 -2.000000e+00
      vertex   2.500000e-01 4.906699e+01 -2.000000e+00
      vertex   3.535533e-01 4.914645e+01 -2.000000e+00
    endloop
  endfacet
  facet normal 0.000000e+00 0.000000e+00 -1.000000e+00
    outer loop
      vertex   3.535533e-01 4.685355e+01 -2.000000e+00
      vertex   3.535533e-01 4.914645e+01 -2.000000e+00
      vertex   4.330126e-01 4.675000e+01 -2.000000e+00
    endloop
  endfacet
  facet normal 0.000000e+00 0.000000e+00 -1.000000e+00
    outer loop
      vertex   4.330126e-01 4.675000e+01 -2.000000e+00
      vertex   3.535533e-01 4.914645e+01 -2.000000e+00
      vertex   4.330126e-01 4.925000e+01 -2.000000e+00
    endloop
  endfacet
  facet normal 0.000000e+00 0.000000e+00 -1.000000e+00
    outer loop
      vertex   4.330126e-01 4.675000e+01 -2.000000e+00
      vertex   4.330126e-01 4.925000e+01 -2.000000e+00
      vertex   4.829628e-01 4.662941e+01 -2.000000e+00
    endloop
  endfacet
  facet normal 0.000000e+00 0.000000e+00 -1.000000e+00
    outer loop
      vertex   4.829628e-01 4.662941e+01 -2.000000e+00
      vertex   4.330126e-01 4.925000e+01 -2.000000e+00
      vertex   4.829628e-01 4.937059e+01 -2.000000e+00
    endloop
  endfacet
  facet normal 0.000000e+00 0.000000e+00 -1.000000e+00
    outer loop
      vertex   4.829628e-01 4.662941e+01 -2.000000e+00
      vertex   4.829628e-01 4.937059e+01 -2.000000e+00
      vertex   4.999999e-01 4.650000e+01 -2.000000e+00
    endloop
  endfacet
  facet normal 0.000000e+00 0.000000e+00 -1.000000e+00
    outer loop
      vertex   4.999999e-01 4.650000e+01 -2.000000e+00
      vertex   4.829628e-01 4.937059e+01 -2.000000e+00
      vertex   4.999999e-01 4.950000e+01 -2.000000e+00
    endloop
  endfacet
  facet normal 0.000000e+00 0.000000e+00 -1.000000e+00
    outer loop
      vertex   4.999999e-01 4.650000e+01 -2.000000e+00
      vertex   4.999999e-01 4.950000e+01 -2.000000e+00
      vertex   3.000000e+00 5.900000e+01 -2.000000e+00
    endloop
  endfacet
  facet normal 0.000000e+00 0.000000e+00 -1.000000e+00
    outer loop
      vertex   3.000000e+00 5.900000e+01 -2.000000e+00
      vertex   4.999999e-01 4.950000e+01 -2.000000e+00
      vertex   4.829628e-01 4.962941e+01 -2.000000e+00
    endloop
  endfacet
  facet normal 0.000000e+00 0.000000e+00 -1.000000e+00
    outer loop
      vertex   3.000000e+00 5.900000e+01 -2.000000e+00
      vertex   4.829628e-01 4.962941e+01 -2.000000e+00
      vertex   4.330126e-01 4.975000e+01 -2.000000e+00
    endloop
  endfacet
  facet normal 0.000000e+00 0.000000e+00 -1.000000e+00
    outer loop
      vertex   4.330126e-01 4.975000e+01 -2.000000e+00
      vertex   3.535533e-01 4.985355e+01 -2.000000e+00
      vertex   3.000000e+00 5.900000e+01 -2.000000e+00
    endloop
  endfacet
  facet normal 0.000000e+00 0.000000e+00 -1.000000e+00
    outer loop
      vertex   3.000000e+00 5.900000e+01 -2.000000e+00
      vertex   3.535533e-01 4.985355e+01 -2.000000e+00
      vertex   2.500000e-01 4.993301e+01 -2.000000e+00
    endloop
  endfacet
  facet normal 0.000000e+00 0.000000e+00 -1.000000e+00
    outer loop
      vertex   3.000000e+00 5.900000e+01 -2.000000e+00
      vertex   2.500000e-01 4.993301e+01 -2.000000e+00
      vertex   1.294095e-01 4.998296e+01 -2.000000e+00
    endloop
  endfacet
  facet normal 0.000000e+00 0.000000e+00 -1.000000e+00
    outer loop
      vertex   3.000000e+00 5.900000e+01 -2.000000e+00
      vertex   1.294095e-01 4.998296e+01 -2.000000e+00
      vertex   -3.171852e+00 5.285588e+01 -2.000000e+00
    endloop
  endfacet
  facet normal 0.000000e+00 0.000000e+00 -1.000000e+00
    outer loop
      vertex   -3.171852e+00 5.285588e+01 -2.000000e+00
      vertex   1.294095e-01 4.998296e+01 -2.000000e+00
      vertex   1.659367e-08 5.000000e+01 -2.000000e+00
    endloop
  endfacet
  facet normal 0.000000e+00 0.000000e+00 -1.000000e+00
    outer loop
      vertex   -3.171852e+00 5.285588e+01 -2.000000e+00
      vertex   1.659367e-08 5.000000e+01 -2.000000e+00
      vertex   -3.125000e+00 5.250000e+01 -2.000000e+00
    endloop
  endfacet
  facet normal 0.000000e+00 -0.000000e+00 -1.000000e+00
    outer loop
      vertex   -3.125000e+00 5.250000e+01 -2.000000e+00
      vertex   1.659367e-08 5.000000e+01 -2.000000e+00
      vertex   -3.171852e+00 5.214412e+01 -2.000000e+00
    endloop
  endfacet
  facet normal 0.000000e+00 -0.000000e+00 -1.000000e+00
    outer loop
      vertex   -3.171852e+00 5.214412e+01 -2.000000e+00
      vertex   1.659367e-08 5.000000e+01 -2.000000e+00
      vertex   -3.309215e+00 5.181250e+01 -2.000000e+00
    endloop
  endfacet
  facet normal 0.000000e+00 -0.000000e+00 -1.000000e+00
    outer loop
      vertex   -3.309215e+00 5.181250e+01 -2.000000e+00
      vertex   1.659367e-08 5.000000e+01 -2.000000e+00
      vertex   -3.527728e+00 5.152773e+01 -2.000000e+00
    endloop
  endfacet
  facet normal 0.000000e+00 -0.000000e+00 -1.000000e+00
    outer loop
      vertex   -3.527728e+00 5.152773e+01 -2.000000e+00
      vertex   1.659367e-08 5.000000e+01 -2.000000e+00
      vertex   -3.812500e+00 5.130922e+01 -2.000000e+00
    endloop
  endfacet
  facet normal 0.000000e+00 -0.000000e+00 -1.000000e+00
    outer loop
      vertex   -3.812500e+00 5.130922e+01 -2.000000e+00
      vertex   1.659367e-08 5.000000e+01 -2.000000e+00
      vertex   -4.144124e+00 5.117185e+01 -2.000000e+00
    endloop
  endfacet
  facet normal 0.000000e+00 -0.000000e+00 -1.000000e+00
    outer loop
      vertex   -4.144124e+00 5.117185e+01 -2.000000e+00
      vertex   1.659367e-08 5.000000e+01 -2.000000e+00
      vertex   -4.500000e+00 5.112500e+01 -2.000000e+00
    endloop
  endfacet
  facet normal -0.000000e+00 -0.000000e+00 -1.000000e+00
    outer loop
      vertex   -4.500000e+00 5.112500e+01 -2.000000e+00
      vertex   1.659367e-08 5.000000e+01 -2.000000e+00
      vertex   -4.855876e+00 5.117185e+01 -2.000000e+00
    endloop
  endfacet
  facet normal 0.000000e+00 -0.000000e+00 -1.000000e+00
    outer loop
      vertex   -4.855876e+00 5.117185e+01 -2.000000e+00
      vertex   1.659367e-08 5.000000e+01 -2.000000e+00
      vertex   -2.998300e+01 5.000000e+01 -2.000000e+00
    endloop
  endfacet
  facet normal 0.000000e+00 -0.000000e+00 -1.000000e+00
    outer loop
      vertex   -3.033655e+01 4.614645e+01 -2.000000e+00
      vertex   -3.023300e+01 4.606699e+01 -2.000000e+00
      vertex   -3.033655e+01 4.385355e+01 -2.000000e+00
    endloop
  endfacet
  facet normal 0.000000e+00 0.000000e+00 -1.000000e+00
    outer loop
      vertex   -3.033655e+01 4.385355e+01 -2.000000e+00
      vertex   -3.023300e+01 4.606699e+01 -2.000000e+00
      vertex   -3.023300e+01 4.393301e+01 -2.000000e+00
    endloop
  endfacet
  facet normal 0.000000e+00 0.000000e+00 -1.000000e+00
    outer loop
      vertex   -3.023300e+01 4.393301e+01 -2.000000e+00
      vertex   -3.023300e+01 4.606699e+01 -2.000000e+00
      vertex   -3.011241e+01 4.601704e+01 -2.000000e+00
    endloop
  endfacet
  facet normal 0.000000e+00 0.000000e+00 -1.000000e+00
    outer loop
      vertex   -3.023300e+01 4.393301e+01 -2.000000e+00
      vertex   -3.011241e+01 4.601704e+01 -2.000000e+00
      vertex   -3.011241e+01 4.398296e+01 -2.000000e+00
    endloop
  endfacet
  facet normal 0.000000e+00 0.000000e+00 -1.000000e+00
    outer loop
      vertex   -3.011241e+01 4.398296e+01 -2.000000e+00
      vertex   -3.011241e+01 4.601704e+01 -2.000000e+00
      vertex   -2.998300e+01 4.600000e+01 -2.000000e+00
    endloop
  endfacet
  facet normal 0.000000e+00 0.000000e+00 -1.000000e+00
    outer loop
      vertex   -2.998300e+01 4.100000e+01 -2.000000e+00
      vertex   -2.998300e+01 4.300000e+01 -2.000000e+00
      vertex   1.560184e-08 4.100000e+01 -2.000000e+00
    endloop
  endfacet
  facet normal 0.000000e+00 0.000000e+00 -1.000000e+00
    outer loop
      vertex   1.560184e-08 4.100000e+01 -2.000000e+00
      vertex   -2.998300e+01 4.300000e+01 -2.000000e+00
      vertex   1.771812e-08 4.300000e+01 -2.000000e+00
    endloop
  endfacet
  facet normal 0.000000e+00 0.000000e+00 -1.000000e+00
    outer loop
      vertex   1.560184e-08 4.100000e+01 -2.000000e+00
      vertex   1.771812e-08 4.300000e+01 -2.000000e+00
      vertex   1.294095e-01 4.098296e+01 -2.000000e+00
    endloop
  endfacet
  facet normal 0.000000e+00 0.000000e+00 -1.000000e+00
    outer loop
      vertex   1.294095e-01 4.098296e+01 -2.000000e+00
      vertex   1.771812e-08 4.300000e+01 -2.000000e+00
      vertex   1.294095e-01 4.301704e+01 -2.000000e+00
    endloop
  endfacet
  facet normal 0.000000e+00 0.000000e+00 -1.000000e+00
    outer loop
      vertex   1.294095e-01 4.098296e+01 -2.000000e+00
      vertex   1.294095e-01 4.301704e+01 -2.000000e+00
      vertex   2.500000e-01 4.093301e+01 -2.000000e+00
    endloop
  endfacet
  facet normal 0.000000e+00 0.000000e+00 -1.000000e+00
    outer loop
      vertex   2.500000e-01 4.093301e+01 -2.000000e+00
      vertex   1.294095e-01 4.301704e+01 -2.000000e+00
      vertex   2.500000e-01 4.306699e+01 -2.000000e+00
    endloop
  endfacet
  facet normal 0.000000e+00 0.000000e+00 -1.000000e+00
    outer loop
      vertex   2.500000e-01 4.093301e+01 -2.000000e+00
      vertex   2.500000e-01 4.306699e+01 -2.000000e+00
      vertex   3.535533e-01 4.085355e+01 -2.000000e+00
    endloop
  endfacet
  facet normal 0.000000e+00 0.000000e+00 -1.000000e+00
    outer loop
      vertex   3.535533e-01 4.085355e+01 -2.000000e+00
      vertex   2.500000e-01 4.306699e+01 -2.000000e+00
      vertex   3.535533e-01 4.314645e+01 -2.000000e+00
    endloop
  endfacet
  facet normal 0.000000e+00 0.000000e+00 -1.000000e+00
    outer loop
      vertex   3.535533e-01 4.085355e+01 -2.000000e+00
      vertex   3.535533e-01 4.314645e+01 -2.000000e+00
      vertex   4.330126e-01 4.075000e+01 -2.000000e+00
    endloop
  endfacet
  facet normal 0.000000e+00 0.000000e+00 -1.000000e+00
    outer loop
      vertex   4.330126e-01 4.075000e+01 -2.000000e+00
      vertex   3.535533e-01 4.314645e+01 -2.000000e+00
      vertex   4.330126e-01 4.325000e+01 -2.000000e+00
    endloop
  endfacet
  facet normal 0.000000e+00 0.000000e+00 -1.000000e+00
    outer loop
      vertex   4.330126e-01 4.075000e+01 -2.000000e+00
      vertex   4.330126e-01 4.325000e+01 -2.000000e+00
      vertex   4.829628e-01 4.062941e+01 -2.000000e+00
    endloop
  endfacet
  facet normal 0.000000e+00 0.000000e+00 -1.000000e+00
    outer loop
      vertex   4.829628e-01 4.062941e+01 -2.000000e+00
      vertex   4.330126e-01 4.325000e+01 -2.000000e+00
      vertex   4.829628e-01 4.337059e+01 -2.000000e+00
    endloop
  endfacet
  facet normal 0.000000e+00 0.000000e+00 -1.000000e+00
    outer loop
      vertex   4.829628e-01 4.062941e+01 -2.000000e+00
      vertex   4.829628e-01 4.337059e+01 -2.000000e+00
      vertex   4.999999e-01 4.050000e+01 -2.000000e+00
    endloop
  endfacet
  facet normal 0.000000e+00 0.000000e+00 -1.000000e+00
    outer loop
      vertex   4.999999e-01 4.050000e+01 -2.000000e+00
      vertex   4.829628e-01 4.337059e+01 -2.000000e+00
      vertex   4.999999e-01 4.350000e+01 -2.000000e+00
    endloop
  endfacet
  facet normal -0.000000e+00 0.000000e+00 -1.000000e+00
    outer loop
      vertex   -2.998300e+01 4.100000e+01 -2.000000e+00
      vertex   -3.011241e+01 4.098296e+01 -2.000000e+00
      vertex   -2.998300e+01 4.300000e+01 -2.000000e+00
    endloop
  endfacet
  facet normal -0.000000e+00 0.000000e+00 -1.000000e+00
    outer loop
      vertex   -2.998300e+01 4.300000e+01 -2.000000e+00
      vertex   -3.011241e+01 4.098296e+01 -2.000000e+00
      vertex   -3.011241e+01 4.301704e+01 -2.000000e+00
    endloop
  endfacet
  facet normal 0.000000e+00 0.000000e+00 -1.000000e+00
    outer loop
      vertex   -3.011241e+01 4.301704e+01 -2.000000e+00
      vertex   -3.011241e+01 4.098296e+01 -2.000000e+00
      vertex   -3.023300e+01 4.093301e+01 -2.000000e+00
    endloop
  endfacet
  facet normal -0.000000e+00 0.000000e+00 -1.000000e+00
    outer loop
      vertex   -3.011241e+01 4.301704e+01 -2.000000e+00
      vertex   -3.023300e+01 4.093301e+01 -2.000000e+00
      vertex   -3.023300e+01 4.306699e+01 -2.000000e+00
    endloop
  endfacet
  facet normal 0.000000e+00 0.000000e+00 -1.000000e+00
    outer loop
      vertex   -3.023300e+01 4.306699e+01 -2.000000e+00
      vertex   -3.023300e+01 4.093301e+01 -2.000000e+00
      vertex   -3.033655e+01 4.085355e+01 -2.000000e+00
    endloop
  endfacet
  facet normal -0.000000e+00 0.000000e+00 -1.000000e+00
    outer loop
      vertex   -3.023300e+01 4.306699e+01 -2.000000e+00
      vertex   -3.033655e+01 4.085355e+01 -2.000000e+00
      vertex   -3.033655e+01 4.314645e+01 -2.000000e+00
    endloop
  endfacet
  facet normal 0.000000e+00 0.000000e+00 -1.000000e+00
    outer loop
      vertex   -3.398300e+01 5.300000e+01 -2.000000e+00
      vertex   -2.998300e+01 5.300000e+01 -2.000000e+00
      vertex   -3.385359e+01 5.298296e+01 -2.000000e+00
    endloop
  endfacet
  facet normal 0.000000e+00 0.000000e+00 -1.000000e+00
    outer loop
      vertex   -3.385359e+01 5.298296e+01 -2.000000e+00
      vertex   -2.998300e+01 5.300000e+01 -2.000000e+00
      vertex   -3.011241e+01 5.298296e+01 -2.000000e+00
    endloop
  endfacet
  facet normal 0.000000e+00 0.000000e+00 -1.000000e+00
    outer loop
      vertex   -3.385359e+01 5.298296e+01 -2.000000e+00
      vertex   -3.011241e+01 5.298296e+01 -2.000000e+00
      vertex   -3.373300e+01 5.293301e+01 -2.000000e+00
    endloop
  endfacet
  facet normal 0.000000e+00 0.000000e+00 -1.000000e+00
    outer loop
      vertex   -3.373300e+01 5.293301e+01 -2.000000e+00
      vertex   -3.011241e+01 5.298296e+01 -2.000000e+00
      vertex   -3.023300e+01 5.293301e+01 -2.000000e+00
    endloop
  endfacet
  facet normal 0.000000e+00 0.000000e+00 -1.000000e+00
    outer loop
      vertex   -3.373300e+01 5.293301e+01 -2.000000e+00
      vertex   -3.023300e+01 5.293301e+01 -2.000000e+00
      vertex   -3.362945e+01 5.285355e+01 -2.000000e+00
    endloop
  endfacet
  facet normal 0.000000e+00 0.000000e+00 -1.000000e+00
    outer loop
      vertex   -3.362945e+01 5.285355e+01 -2.000000e+00
      vertex   -3.023300e+01 5.293301e+01 -2.000000e+00
      vertex   -3.033655e+01 5.285355e+01 -2.000000e+00
    endloop
  endfacet
  facet normal 0.000000e+00 0.000000e+00 -1.000000e+00
    outer loop
      vertex   -3.362945e+01 5.285355e+01 -2.000000e+00
      vertex   -3.033655e+01 5.285355e+01 -2.000000e+00
      vertex   -3.354999e+01 5.275000e+01 -2.000000e+00
    endloop
  endfacet
  facet normal 0.000000e+00 0.000000e+00 -1.000000e+00
    outer loop
      vertex   -3.354999e+01 5.275000e+01 -2.000000e+00
      vertex   -3.033655e+01 5.285355e+01 -2.000000e+00
      vertex   -3.041601e+01 5.275000e+01 -2.000000e+00
    endloop
  endfacet
  facet normal 0.000000e+00 0.000000e+00 -1.000000e+00
    outer loop
      vertex   -3.354999e+01 5.275000e+01 -2.000000e+00
      vertex   -3.041601e+01 5.275000e+01 -2.000000e+00
      vertex   -3.350004e+01 5.262941e+01 -2.000000e+00
    endloop
  endfacet
  facet normal 0.000000e+00 0.000000e+00 -1.000000e+00
    outer loop
      vertex   -3.350004e+01 5.262941e+01 -2.000000e+00
      vertex   -3.041601e+01 5.275000e+01 -2.000000e+00
      vertex   -3.046596e+01 5.262941e+01 -2.000000e+00
    endloop
  endfacet
  facet normal 0.000000e+00 0.000000e+00 -1.000000e+00
    outer loop
      vertex   -3.350004e+01 5.262941e+01 -2.000000e+00
      vertex   -3.046596e+01 5.262941e+01 -2.000000e+00
      vertex   -3.348300e+01 5.250000e+01 -2.000000e+00
    endloop
  endfacet
  facet normal 0.000000e+00 0.000000e+00 -1.000000e+00
    outer loop
      vertex   -3.348300e+01 5.250000e+01 -2.000000e+00
      vertex   -3.046596e+01 5.262941e+01 -2.000000e+00
      vertex   -3.048300e+01 5.250000e+01 -2.000000e+00
    endloop
  endfacet
  facet normal 0.000000e+00 -0.000000e+00 -1.000000e+00
    outer loop
      vertex   -3.348300e+01 5.250000e+01 -2.000000e+00
      vertex   -3.048300e+01 5.250000e+01 -2.000000e+00
      vertex   -3.350004e+01 5.237059e+01 -2.000000e+00
    endloop
  endfacet
  facet normal 0.000000e+00 0.000000e+00 -1.000000e+00
    outer loop
      vertex   -3.350004e+01 5.237059e+01 -2.000000e+00
      vertex   -3.048300e+01 5.250000e+01 -2.000000e+00
      vertex   -3.046596e+01 5.237059e+01 -2.000000e+00
    endloop
  endfacet
  facet normal 0.000000e+00 -0.000000e+00 -1.000000e+00
    outer loop
      vertex   -3.350004e+01 5.237059e+01 -2.000000e+00
      vertex   -3.046596e+01 5.237059e+01 -2.000000e+00
      vertex   -3.354999e+01 5.225000e+01 -2.000000e+00
    endloop
  endfacet
  facet normal 0.000000e+00 0.000000e+00 -1.000000e+00
    outer loop
      vertex   -3.354999e+01 5.225000e+01 -2.000000e+00
      vertex   -3.046596e+01 5.237059e+01 -2.000000e+00
      vertex   -3.041601e+01 5.225000e+01 -2.000000e+00
    endloop
  endfacet
  facet normal 0.000000e+00 -0.000000e+00 -1.000000e+00
    outer loop
      vertex   -3.354999e+01 5.225000e+01 -2.000000e+00
      vertex   -3.041601e+01 5.225000e+01 -2.000000e+00
      vertex   -3.362945e+01 5.214645e+01 -2.000000e+00
    endloop
  endfacet
  facet normal 0.000000e+00 0.000000e+00 -1.000000e+00
    outer loop
      vertex   -3.362945e+01 5.214645e+01 -2.000000e+00
      vertex   -3.041601e+01 5.225000e+01 -2.000000e+00
      vertex   -3.033655e+01 5.214645e+01 -2.000000e+00
    endloop
  endfacet
  facet normal 0.000000e+00 0.000000e+00 -1.000000e+00
    outer loop
      vertex   -5.828148e+00 5.214412e+01 -2.000000e+00
      vertex   -7.517037e+00 5.237059e+01 -2.000000e+00
      vertex   -5.875000e+00 5.250000e+01 -2.000000e+00
    endloop
  endfacet
  facet normal -0.000000e+00 0.000000e+00 -1.000000e+00
    outer loop
      vertex   -5.875000e+00 5.250000e+01 -2.000000e+00
      vertex   -7.517037e+00 5.237059e+01 -2.000000e+00
      vertex   -7.500000e+00 5.250000e+01 -2.000000e+00
    endloop
  endfacet
  facet normal 0.000000e+00 0.000000e+00 -1.000000e+00
    outer loop
      vertex   -5.875000e+00 5.250000e+01 -2.000000e+00
      vertex   -7.500000e+00 5.250000e+01 -2.000000e+00
      vertex   -7.517037e+00 5.262941e+01 -2.000000e+00
    endloop
  endfacet
  facet normal 0.000000e+00 0.000000e+00 -1.000000e+00
    outer loop
      vertex   -5.875000e+00 5.250000e+01 -2.000000e+00
      vertex   -7.517037e+00 5.262941e+01 -2.000000e+00
      vertex   -5.828148e+00 5.285588e+01 -2.000000e+00
    endloop
  endfacet
  facet normal 0.000000e+00 0.000000e+00 -1.000000e+00
    outer loop
      vertex   -5.828148e+00 5.285588e+01 -2.000000e+00
      vertex   -7.517037e+00 5.262941e+01 -2.000000e+00
      vertex   -7.566987e+00 5.275000e+01 -2.000000e+00
    endloop
  endfacet
  facet normal 0.000000e+00 0.000000e+00 -1.000000e+00
    outer loop
      vertex   -5.828148e+00 5.285588e+01 -2.000000e+00
      vertex   -7.566987e+00 5.275000e+01 -2.000000e+00
      vertex   -7.646447e+00 5.285355e+01 -2.000000e+00
    endloop
  endfacet
  facet normal -0.000000e+00 0.000000e+00 -1.000000e+00
    outer loop
      vertex   -5.828148e+00 5.285588e+01 -2.000000e+00
      vertex   -7.646447e+00 5.285355e+01 -2.000000e+00
      vertex   -5.690785e+00 5.318750e+01 -2.000000e+00
    endloop
  endfacet
  facet normal 0.000000e+00 0.000000e+00 -1.000000e+00
    outer loop
      vertex   -5.690785e+00 5.318750e+01 -2.000000e+00
      vertex   -7.646447e+00 5.285355e+01 -2.000000e+00
      vertex   -7.750000e+00 5.293301e+01 -2.000000e+00
    endloop
  endfacet
  facet normal -0.000000e+00 0.000000e+00 -1.000000e+00
    outer loop
      vertex   -5.690785e+00 5.318750e+01 -2.000000e+00
      vertex   -7.750000e+00 5.293301e+01 -2.000000e+00
      vertex   -5.472272e+00 5.347227e+01 -2.000000e+00
    endloop
  endfacet
  facet normal 0.000000e+00 0.000000e+00 -1.000000e+00
    outer loop
      vertex   -5.472272e+00 5.347227e+01 -2.000000e+00
      vertex   -7.750000e+00 5.293301e+01 -2.000000e+00
      vertex   -7.870590e+00 5.298296e+01 -2.000000e+00
    endloop
  endfacet
  facet normal -0.000000e+00 0.000000e+00 -1.000000e+00
    outer loop
      vertex   -5.472272e+00 5.347227e+01 -2.000000e+00
      vertex   -7.870590e+00 5.298296e+01 -2.000000e+00
      vertex   -5.187500e+00 5.369078e+01 -2.000000e+00
    endloop
  endfacet
  facet normal 0.000000e+00 0.000000e+00 -1.000000e+00
    outer loop
      vertex   -5.187500e+00 5.369078e+01 -2.000000e+00
      vertex   -7.870590e+00 5.298296e+01 -2.000000e+00
      vertex   -8.000000e+00 5.300000e+01 -2.000000e+00
    endloop
  endfacet
  facet normal 0.000000e+00 0.000000e+00 -1.000000e+00
    outer loop
      vertex   -3.171852e+00 5.285588e+01 -2.000000e+00
      vertex   -3.309215e+00 5.318750e+01 -2.000000e+00
      vertex   3.000000e+00 5.900000e+01 -2.000000e+00
    endloop
  endfacet
  facet normal 0.000000e+00 0.000000e+00 -1.000000e+00
    outer loop
      vertex   3.000000e+00 5.900000e+01 -2.000000e+00
      vertex   -3.309215e+00 5.318750e+01 -2.000000e+00
      vertex   -3.527728e+00 5.347227e+01 -2.000000e+00
    endloop
  endfacet
  facet normal 0.000000e+00 0.000000e+00 -1.000000e+00
    outer loop
      vertex   3.000000e+00 5.900000e+01 -2.000000e+00
      vertex   -3.527728e+00 5.347227e+01 -2.000000e+00
      vertex   -3.812500e+00 5.369078e+01 -2.000000e+00
    endloop
  endfacet
  facet normal 0.000000e+00 0.000000e+00 -1.000000e+00
    outer loop
      vertex   -3.812500e+00 5.369078e+01 -2.000000e+00
      vertex   -4.144124e+00 5.382815e+01 -2.000000e+00
      vertex   3.000000e+00 5.900000e+01 -2.000000e+00
    endloop
  endfacet
  facet normal 0.000000e+00 0.000000e+00 -1.000000e+00
    outer loop
      vertex   3.000000e+00 5.900000e+01 -2.000000e+00
      vertex   -4.144124e+00 5.382815e+01 -2.000000e+00
      vertex   -4.500000e+00 5.387500e+01 -2.000000e+00
    endloop
  endfacet
  facet normal 0.000000e+00 0.000000e+00 -1.000000e+00
    outer loop
      vertex   3.000000e+00 5.900000e+01 -2.000000e+00
      vertex   -4.500000e+00 5.387500e+01 -2.000000e+00
      vertex   -4.855876e+00 5.382815e+01 -2.000000e+00
    endloop
  endfacet
  facet normal 0.000000e+00 0.000000e+00 -1.000000e+00
    outer loop
      vertex   -6.181250e+01 5.369078e+01 -2.000000e+00
      vertex   -6.214412e+01 5.382815e+01 -2.000000e+00
      vertex   -6.696600e+01 5.900000e+01 -2.000000e+00
    endloop
  endfacet
  facet normal 0.000000e+00 0.000000e+00 -1.000000e+00
    outer loop
      vertex   -6.696600e+01 5.900000e+01 -2.000000e+00
      vertex   -6.214412e+01 5.382815e+01 -2.000000e+00
      vertex   -6.250000e+01 5.387500e+01 -2.000000e+00
    endloop
  endfacet
  facet normal 0.000000e+00 0.000000e+00 -1.000000e+00
    outer loop
      vertex   -6.696600e+01 5.900000e+01 -2.000000e+00
      vertex   -6.250000e+01 5.387500e+01 -2.000000e+00
      vertex   -6.285588e+01 5.382815e+01 -2.000000e+00
    endloop
  endfacet
  facet normal -0.000000e+00 0.000000e+00 -1.000000e+00
    outer loop
      vertex   -6.285588e+01 5.382815e+01 -2.000000e+00
      vertex   -6.318750e+01 5.369078e+01 -2.000000e+00
      vertex   -6.696600e+01 5.900000e+01 -2.000000e+00
    endloop
  endfacet
  facet normal 0.000000e+00 0.000000e+00 -1.000000e+00
    outer loop
      vertex   -6.696600e+01 5.900000e+01 -2.000000e+00
      vertex   -6.318750e+01 5.369078e+01 -2.000000e+00
      vertex   -6.347227e+01 5.347227e+01 -2.000000e+00
    endloop
  endfacet
  facet normal 0.000000e+00 0.000000e+00 -1.000000e+00
    outer loop
      vertex   -6.696600e+01 5.900000e+01 -2.000000e+00
      vertex   -6.347227e+01 5.347227e+01 -2.000000e+00
      vertex   -6.369078e+01 5.318750e+01 -2.000000e+00
    endloop
  endfacet
  facet normal -0.000000e+00 0.000000e+00 -1.000000e+00
    outer loop
      vertex   -6.369078e+01 5.318750e+01 -2.000000e+00
      vertex   -6.382815e+01 5.285588e+01 -2.000000e+00
      vertex   -6.696600e+01 5.900000e+01 -2.000000e+00
    endloop
  endfacet
  facet normal 0.000000e+00 0.000000e+00 -1.000000e+00
    outer loop
      vertex   -6.696600e+01 5.900000e+01 -2.000000e+00
      vertex   -6.382815e+01 5.285588e+01 -2.000000e+00
      vertex   -6.387500e+01 5.250000e+01 -2.000000e+00
    endloop
  endfacet
  facet normal 0.000000e+00 0.000000e+00 -1.000000e+00
    outer loop
      vertex   -6.696600e+01 5.900000e+01 -2.000000e+00
      vertex   -6.387500e+01 5.250000e+01 -2.000000e+00
      vertex   -6.444896e+01 4.962941e+01 -2.000000e+00
    endloop
  endfacet
  facet normal 0.000000e+00 0.000000e+00 -1.000000e+00
    outer loop
      vertex   -6.444896e+01 4.962941e+01 -2.000000e+00
      vertex   -6.387500e+01 5.250000e+01 -2.000000e+00
      vertex   -6.439901e+01 4.975000e+01 -2.000000e+00
    endloop
  endfacet
  facet normal 0.000000e+00 0.000000e+00 -1.000000e+00
    outer loop
      vertex   -6.439901e+01 4.975000e+01 -2.000000e+00
      vertex   -6.387500e+01 5.250000e+01 -2.000000e+00
      vertex   -6.382815e+01 5.214412e+01 -2.000000e+00
    endloop
  endfacet
  facet normal 0.000000e+00 0.000000e+00 -1.000000e+00
    outer loop
      vertex   -6.439901e+01 4.975000e+01 -2.000000e+00
      vertex   -6.382815e+01 5.214412e+01 -2.000000e+00
      vertex   -6.431955e+01 4.985355e+01 -2.000000e+00
    endloop
  endfacet
  facet normal 0.000000e+00 0.000000e+00 -1.000000e+00
    outer loop
      vertex   -6.431955e+01 4.985355e+01 -2.000000e+00
      vertex   -6.382815e+01 5.214412e+01 -2.000000e+00
      vertex   -6.369078e+01 5.181250e+01 -2.000000e+00
    endloop
  endfacet
  facet normal 0.000000e+00 0.000000e+00 -1.000000e+00
    outer loop
      vertex   -6.431955e+01 4.985355e+01 -2.000000e+00
      vertex   -6.369078e+01 5.181250e+01 -2.000000e+00
      vertex   -6.421600e+01 4.993301e+01 -2.000000e+00
    endloop
  endfacet
  facet normal 0.000000e+00 0.000000e+00 -1.000000e+00
    outer loop
      vertex   -6.421600e+01 4.993301e+01 -2.000000e+00
      vertex   -6.369078e+01 5.181250e+01 -2.000000e+00
      vertex   -6.409541e+01 4.998296e+01 -2.000000e+00
    endloop
  endfacet
  facet normal 0.000000e+00 0.000000e+00 -1.000000e+00
    outer loop
      vertex   -6.409541e+01 4.998296e+01 -2.000000e+00
      vertex   -6.369078e+01 5.181250e+01 -2.000000e+00
      vertex   -6.347227e+01 5.152773e+01 -2.000000e+00
    endloop
  endfacet
  facet normal 0.000000e+00 0.000000e+00 -1.000000e+00
    outer loop
      vertex   -6.409541e+01 4.998296e+01 -2.000000e+00
      vertex   -6.347227e+01 5.152773e+01 -2.000000e+00
      vertex   -6.396600e+01 5.000000e+01 -2.000000e+00
    endloop
  endfacet
  facet normal 0.000000e+00 0.000000e+00 -1.000000e+00
    outer loop
      vertex   -6.396600e+01 5.000000e+01 -2.000000e+00
      vertex   -6.347227e+01 5.152773e+01 -2.000000e+00
      vertex   -6.318750e+01 5.130922e+01 -2.000000e+00
    endloop
  endfacet
  facet normal 0.000000e+00 0.000000e+00 -1.000000e+00
    outer loop
      vertex   -6.396600e+01 5.000000e+01 -2.000000e+00
      vertex   -6.318750e+01 5.130922e+01 -2.000000e+00
      vertex   -6.285588e+01 5.117185e+01 -2.000000e+00
    endloop
  endfacet
  facet normal 0.000000e+00 -0.000000e+00 -1.000000e+00
    outer loop
      vertex   -6.285588e+01 5.117185e+01 -2.000000e+00
      vertex   -6.250000e+01 5.112500e+01 -2.000000e+00
      vertex   -6.396600e+01 5.000000e+01 -2.000000e+00
    endloop
  endfacet
  facet normal 0.000000e+00 0.000000e+00 -1.000000e+00
    outer loop
      vertex   -6.396600e+01 5.000000e+01 -2.000000e+00
      vertex   -6.250000e+01 5.112500e+01 -2.000000e+00
      vertex   -6.214412e+01 5.117185e+01 -2.000000e+00
    endloop
  endfacet
  facet normal 0.000000e+00 0.000000e+00 -1.000000e+00
    outer loop
      vertex   -6.396600e+01 5.000000e+01 -2.000000e+00
      vertex   -6.214412e+01 5.117185e+01 -2.000000e+00
      vertex   -6.181250e+01 5.130922e+01 -2.000000e+00
    endloop
  endfacet
  facet normal -0.000000e+00 0.000000e+00 -1.000000e+00
    outer loop
      vertex   -5.900000e+01 3.552714e-14 -2.000000e+00
      vertex   -6.696600e+01 0.000000e+00 -2.000000e+00
      vertex   -5.900000e+01 2.907000e+01 -2.000000e+00
    endloop
  endfacet
  facet normal -0.000000e+00 0.000000e+00 -1.000000e+00
    outer loop
      vertex   -5.900000e+01 2.907000e+01 -2.000000e+00
      vertex   -6.696600e+01 0.000000e+00 -2.000000e+00
      vertex   -6.431955e+01 3.714645e+01 -2.000000e+00
    endloop
  endfacet
  facet normal 0.000000e+00 0.000000e+00 -1.000000e+00
    outer loop
      vertex   -5.900000e+01 2.907000e+01 -2.000000e+00
      vertex   -6.431955e+01 3.714645e+01 -2.000000e+00
      vertex   -6.421600e+01 3.706699e+01 -2.000000e+00
    endloop
  endfacet
  facet normal 0.000000e+00 0.000000e+00 -1.000000e+00
    outer loop
      vertex   -6.696600e+01 5.900000e+01 -2.000000e+00
      vertex   -6.446600e+01 3.750000e+01 -2.000000e+00
      vertex   -6.696600e+01 0.000000e+00 -2.000000e+00
    endloop
  endfacet
  facet normal 0.000000e+00 0.000000e+00 -1.000000e+00
    outer loop
      vertex   -6.696600e+01 0.000000e+00 -2.000000e+00
      vertex   -6.446600e+01 3.750000e+01 -2.000000e+00
      vertex   -6.444896e+01 3.737059e+01 -2.000000e+00
    endloop
  endfacet
  facet normal 0.000000e+00 0.000000e+00 -1.000000e+00
    outer loop
      vertex   -6.696600e+01 0.000000e+00 -2.000000e+00
      vertex   -6.444896e+01 3.737059e+01 -2.000000e+00
      vertex   -6.439901e+01 3.725000e+01 -2.000000e+00
    endloop
  endfacet
  facet normal 0.000000e+00 0.000000e+00 -1.000000e+00
    outer loop
      vertex   -6.396600e+01 4.700000e+01 -2.000000e+00
      vertex   -3.398300e+01 4.900000e+01 -2.000000e+00
      vertex   -3.398300e+01 4.700000e+01 -2.000000e+00
    endloop
  endfacet
  facet normal 0.000000e+00 0.000000e+00 -1.000000e+00
    outer loop
      vertex   -3.398300e+01 4.700000e+01 -2.000000e+00
      vertex   -3.398300e+01 4.900000e+01 -2.000000e+00
      vertex   -3.385359e+01 4.901704e+01 -2.000000e+00
    endloop
  endfacet
  facet normal 0.000000e+00 0.000000e+00 -1.000000e+00
    outer loop
      vertex   -3.398300e+01 4.700000e+01 -2.000000e+00
      vertex   -3.385359e+01 4.901704e+01 -2.000000e+00
      vertex   -3.385359e+01 4.698296e+01 -2.000000e+00
    endloop
  endfacet
  facet normal 0.000000e+00 0.000000e+00 -1.000000e+00
    outer loop
      vertex   -3.385359e+01 4.698296e+01 -2.000000e+00
      vertex   -3.385359e+01 4.901704e+01 -2.000000e+00
      vertex   -3.373300e+01 4.906699e+01 -2.000000e+00
    endloop
  endfacet
  facet normal 0.000000e+00 0.000000e+00 -1.000000e+00
    outer loop
      vertex   -3.385359e+01 4.698296e+01 -2.000000e+00
      vertex   -3.373300e+01 4.906699e+01 -2.000000e+00
      vertex   -3.373300e+01 4.693301e+01 -2.000000e+00
    endloop
  endfacet
  facet normal 0.000000e+00 0.000000e+00 -1.000000e+00
    outer loop
      vertex   -3.373300e+01 4.693301e+01 -2.000000e+00
      vertex   -3.373300e+01 4.906699e+01 -2.000000e+00
      vertex   -3.362945e+01 4.914645e+01 -2.000000e+00
    endloop
  endfacet
  facet normal 0.000000e+00 0.000000e+00 -1.000000e+00
    outer loop
      vertex   -3.373300e+01 4.693301e+01 -2.000000e+00
      vertex   -3.362945e+01 4.914645e+01 -2.000000e+00
      vertex   -3.362945e+01 4.685355e+01 -2.000000e+00
    endloop
  endfacet
  facet normal -0.000000e+00 0.000000e+00 -1.000000e+00
    outer loop
      vertex   -3.398300e+01 4.900000e+01 -2.000000e+00
      vertex   -6.396600e+01 4.700000e+01 -2.000000e+00
      vertex   -6.396600e+01 4.900000e+01 -2.000000e+00
    endloop
  endfacet
  facet normal 0.000000e+00 -0.000000e+00 -1.000000e+00
    outer loop
      vertex   -6.396600e+01 4.900000e+01 -2.000000e+00
      vertex   -6.396600e+01 4.700000e+01 -2.000000e+00
      vertex   -6.409541e+01 4.698296e+01 -2.000000e+00
    endloop
  endfacet
  facet normal -0.000000e+00 0.000000e+00 -1.000000e+00
    outer loop
      vertex   -6.396600e+01 4.900000e+01 -2.000000e+00
      vertex   -6.409541e+01 4.698296e+01 -2.000000e+00
      vertex   -6.409541e+01 4.901704e+01 -2.000000e+00
    endloop
  endfacet
  facet normal 0.000000e+00 -0.000000e+00 -1.000000e+00
    outer loop
      vertex   -6.409541e+01 4.901704e+01 -2.000000e+00
      vertex   -6.409541e+01 4.698296e+01 -2.000000e+00
      vertex   -6.421600e+01 4.693301e+01 -2.000000e+00
    endloop
  endfacet
  facet normal -0.000000e+00 0.000000e+00 -1.000000e+00
    outer loop
      vertex   -6.409541e+01 4.901704e+01 -2.000000e+00
      vertex   -6.421600e+01 4.693301e+01 -2.000000e+00
      vertex   -6.421600e+01 4.906699e+01 -2.000000e+00
    endloop
  endfacet
  facet normal 0.000000e+00 -0.000000e+00 -1.000000e+00
    outer loop
      vertex   -6.421600e+01 4.906699e+01 -2.000000e+00
      vertex   -6.421600e+01 4.693301e+01 -2.000000e+00
      vertex   -6.431955e+01 4.685355e+01 -2.000000e+00
    endloop
  endfacet
  facet normal -0.000000e+00 0.000000e+00 -1.000000e+00
    outer loop
      vertex   -6.421600e+01 4.906699e+01 -2.000000e+00
      vertex   -6.431955e+01 4.685355e+01 -2.000000e+00
      vertex   -6.431955e+01 4.914645e+01 -2.000000e+00
    endloop
  endfacet
  facet normal 0.000000e+00 -0.000000e+00 -1.000000e+00
    outer loop
      vertex   -6.431955e+01 4.914645e+01 -2.000000e+00
      vertex   -6.431955e+01 4.685355e+01 -2.000000e+00
      vertex   -6.439901e+01 4.675000e+01 -2.000000e+00
    endloop
  endfacet
  facet normal -0.000000e+00 0.000000e+00 -1.000000e+00
    outer loop
      vertex   -6.431955e+01 4.914645e+01 -2.000000e+00
      vertex   -6.439901e+01 4.675000e+01 -2.000000e+00
      vertex   -6.439901e+01 4.925000e+01 -2.000000e+00
    endloop
  endfacet
  facet normal 0.000000e+00 -0.000000e+00 -1.000000e+00
    outer loop
      vertex   -6.439901e+01 4.925000e+01 -2.000000e+00
      vertex   -6.439901e+01 4.675000e+01 -2.000000e+00
      vertex   -6.444896e+01 4.662941e+01 -2.000000e+00
    endloop
  endfacet
  facet normal -0.000000e+00 0.000000e+00 -1.000000e+00
    outer loop
      vertex   -6.439901e+01 4.925000e+01 -2.000000e+00
      vertex   -6.444896e+01 4.662941e+01 -2.000000e+00
      vertex   -6.444896e+01 4.937059e+01 -2.000000e+00
    endloop
  endfacet
  facet normal 0.000000e+00 -0.000000e+00 -1.000000e+00
    outer loop
      vertex   -6.444896e+01 4.937059e+01 -2.000000e+00
      vertex   -6.444896e+01 4.662941e+01 -2.000000e+00
      vertex   -6.446600e+01 4.650000e+01 -2.000000e+00
    endloop
  endfacet
  facet normal -0.000000e+00 0.000000e+00 -1.000000e+00
    outer loop
      vertex   -6.444896e+01 4.937059e+01 -2.000000e+00
      vertex   -6.446600e+01 4.650000e+01 -2.000000e+00
      vertex   -6.446600e+01 4.950000e+01 -2.000000e+00
    endloop
  endfacet
  facet normal -0.000000e+00 -0.000000e+00 -1.000000e+00
    outer loop
      vertex   -6.446600e+01 4.950000e+01 -2.000000e+00
      vertex   -6.446600e+01 4.650000e+01 -2.000000e+00
      vertex   -6.696600e+01 5.900000e+01 -2.000000e+00
    endloop
  endfacet
  facet normal 0.000000e+00 0.000000e+00 -1.000000e+00
    outer loop
      vertex   -6.446600e+01 4.950000e+01 -2.000000e+00
      vertex   -6.696600e+01 5.900000e+01 -2.000000e+00
      vertex   -6.444896e+01 4.962941e+01 -2.000000e+00
    endloop
  endfacet
  facet normal 0.000000e+00 0.000000e+00 -1.000000e+00
    outer loop
      vertex   -6.696600e+01 5.900000e+01 -2.000000e+00
      vertex   -6.446600e+01 4.650000e+01 -2.000000e+00
      vertex   -6.446600e+01 4.350000e+01 -2.000000e+00
    endloop
  endfacet
  facet normal 0.000000e+00 0.000000e+00 -1.000000e+00
    outer loop
      vertex   -6.446600e+01 4.350000e+01 -2.000000e+00
      vertex   -6.446600e+01 4.650000e+01 -2.000000e+00
      vertex   -6.444896e+01 4.637059e+01 -2.000000e+00
    endloop
  endfacet
  facet normal 0.000000e+00 0.000000e+00 -1.000000e+00
    outer loop
      vertex   -6.446600e+01 4.350000e+01 -2.000000e+00
      vertex   -6.444896e+01 4.637059e+01 -2.000000e+00
      vertex   -6.444896e+01 4.362941e+01 -2.000000e+00
    endloop
  endfacet
  facet normal 0.000000e+00 0.000000e+00 -1.000000e+00
    outer loop
      vertex   -6.444896e+01 4.362941e+01 -2.000000e+00
      vertex   -6.444896e+01 4.637059e+01 -2.000000e+00
      vertex   -6.439901e+01 4.625000e+01 -2.000000e+00
    endloop
  endfacet
  facet normal 0.000000e+00 0.000000e+00 -1.000000e+00
    outer loop
      vertex   -6.444896e+01 4.362941e+01 -2.000000e+00
      vertex   -6.439901e+01 4.625000e+01 -2.000000e+00
      vertex   -6.439901e+01 4.375000e+01 -2.000000e+00
    endloop
  endfacet
  facet normal 0.000000e+00 0.000000e+00 -1.000000e+00
    outer loop
      vertex   -6.439901e+01 4.375000e+01 -2.000000e+00
      vertex   -6.439901e+01 4.625000e+01 -2.000000e+00
      vertex   -6.431955e+01 4.614645e+01 -2.000000e+00
    endloop
  endfacet
  facet normal 0.000000e+00 0.000000e+00 -1.000000e+00
    outer loop
      vertex   -6.439901e+01 4.375000e+01 -2.000000e+00
      vertex   -6.431955e+01 4.614645e+01 -2.000000e+00
      vertex   -6.431955e+01 4.385355e+01 -2.000000e+00
    endloop
  endfacet
  facet normal 0.000000e+00 0.000000e+00 -1.000000e+00
    outer loop
      vertex   -6.431955e+01 4.385355e+01 -2.000000e+00
      vertex   -6.431955e+01 4.614645e+01 -2.000000e+00
      vertex   -6.421600e+01 4.606699e+01 -2.000000e+00
    endloop
  endfacet
  facet normal 0.000000e+00 0.000000e+00 -1.000000e+00
    outer loop
      vertex   -6.431955e+01 4.385355e+01 -2.000000e+00
      vertex   -6.421600e+01 4.606699e+01 -2.000000e+00
      vertex   -6.421600e+01 4.393301e+01 -2.000000e+00
    endloop
  endfacet
  facet normal 0.000000e+00 0.000000e+00 -1.000000e+00
    outer loop
      vertex   -6.421600e+01 4.393301e+01 -2.000000e+00
      vertex   -6.421600e+01 4.606699e+01 -2.000000e+00
      vertex   -6.409541e+01 4.601704e+01 -2.000000e+00
    endloop
  endfacet
  facet normal 0.000000e+00 0.000000e+00 -1.000000e+00
    outer loop
      vertex   -6.421600e+01 4.393301e+01 -2.000000e+00
      vertex   -6.409541e+01 4.601704e+01 -2.000000e+00
      vertex   -6.409541e+01 4.398296e+01 -2.000000e+00
    endloop
  endfacet
  facet normal 0.000000e+00 0.000000e+00 -1.000000e+00
    outer loop
      vertex   -6.409541e+01 4.398296e+01 -2.000000e+00
      vertex   -6.409541e+01 4.601704e+01 -2.000000e+00
      vertex   -6.396600e+01 4.600000e+01 -2.000000e+00
    endloop
  endfacet
  facet normal 0.000000e+00 0.000000e+00 -1.000000e+00
    outer loop
      vertex   -6.409541e+01 4.398296e+01 -2.000000e+00
      vertex   -6.396600e+01 4.600000e+01 -2.000000e+00
      vertex   -6.396600e+01 4.400000e+01 -2.000000e+00
    endloop
  endfacet
  facet normal 0.000000e+00 0.000000e+00 -1.000000e+00
    outer loop
      vertex   -6.396600e+01 4.400000e+01 -2.000000e+00
      vertex   -6.396600e+01 4.600000e+01 -2.000000e+00
      vertex   -3.398300e+01 4.600000e+01 -2.000000e+00
    endloop
  endfacet
  facet normal 0.000000e+00 0.000000e+00 -1.000000e+00
    outer loop
      vertex   -6.396600e+01 4.400000e+01 -2.000000e+00
      vertex   -3.398300e+01 4.600000e+01 -2.000000e+00
      vertex   -3.398300e+01 4.400000e+01 -2.000000e+00
    endloop
  endfacet
  facet normal 0.000000e+00 0.000000e+00 -1.000000e+00
    outer loop
      vertex   -3.398300e+01 4.400000e+01 -2.000000e+00
      vertex   -3.398300e+01 4.600000e+01 -2.000000e+00
      vertex   -3.385359e+01 4.398296e+01 -2.000000e+00
    endloop
  endfacet
  facet normal 0.000000e+00 0.000000e+00 -1.000000e+00
    outer loop
      vertex   -3.385359e+01 4.398296e+01 -2.000000e+00
      vertex   -3.398300e+01 4.600000e+01 -2.000000e+00
      vertex   -3.385359e+01 4.601704e+01 -2.000000e+00
    endloop
  endfacet
  facet normal 0.000000e+00 0.000000e+00 -1.000000e+00
    outer loop
      vertex   -3.385359e+01 4.398296e+01 -2.000000e+00
      vertex   -3.385359e+01 4.601704e+01 -2.000000e+00
      vertex   -3.373300e+01 4.393301e+01 -2.000000e+00
    endloop
  endfacet
  facet normal 0.000000e+00 0.000000e+00 -1.000000e+00
    outer loop
      vertex   -3.373300e+01 4.393301e+01 -2.000000e+00
      vertex   -3.385359e+01 4.601704e+01 -2.000000e+00
      vertex   -3.373300e+01 4.606699e+01 -2.000000e+00
    endloop
  endfacet
  facet normal 0.000000e+00 0.000000e+00 -1.000000e+00
    outer loop
      vertex   -3.373300e+01 4.393301e+01 -2.000000e+00
      vertex   -3.373300e+01 4.606699e+01 -2.000000e+00
      vertex   -3.362945e+01 4.385355e+01 -2.000000e+00
    endloop
  endfacet
  facet normal 0.000000e+00 0.000000e+00 -1.000000e+00
    outer loop
      vertex   -3.362945e+01 4.385355e+01 -2.000000e+00
      vertex   -3.373300e+01 4.606699e+01 -2.000000e+00
      vertex   -3.362945e+01 4.614645e+01 -2.000000e+00
    endloop
  endfacet
  facet normal 0.000000e+00 0.000000e+00 -1.000000e+00
    outer loop
      vertex   -3.385359e+01 4.098296e+01 -2.000000e+00
      vertex   -3.398300e+01 4.100000e+01 -2.000000e+00
      vertex   -3.398300e+01 4.300000e+01 -2.000000e+00
    endloop
  endfacet
  facet normal 0.000000e+00 -0.000000e+00 -1.000000e+00
    outer loop
      vertex   -3.398300e+01 4.300000e+01 -2.000000e+00
      vertex   -3.398300e+01 4.100000e+01 -2.000000e+00
      vertex   -6.396600e+01 4.100000e+01 -2.000000e+00
    endloop
  endfacet
  facet normal -0.000000e+00 0.000000e+00 -1.000000e+00
    outer loop
      vertex   -3.398300e+01 4.300000e+01 -2.000000e+00
      vertex   -6.396600e+01 4.100000e+01 -2.000000e+00
      vertex   -6.396600e+01 4.300000e+01 -2.000000e+00
    endloop
  endfacet
  facet normal 0.000000e+00 -0.000000e+00 -1.000000e+00
    outer loop
      vertex   -6.396600e+01 4.300000e+01 -2.000000e+00
      vertex   -6.396600e+01 4.100000e+01 -2.000000e+00
      vertex   -6.409541e+01 4.098296e+01 -2.000000e+00
    endloop
  endfacet
  facet normal -0.000000e+00 0.000000e+00 -1.000000e+00
    outer loop
      vertex   -6.396600e+01 4.300000e+01 -2.000000e+00
      vertex   -6.409541e+01 4.098296e+01 -2.000000e+00
      vertex   -6.409541e+01 4.301704e+01 -2.000000e+00
    endloop
  endfacet
  facet normal 0.000000e+00 -0.000000e+00 -1.000000e+00
    outer loop
      vertex   -6.409541e+01 4.301704e+01 -2.000000e+00
      vertex   -6.409541e+01 4.098296e+01 -2.000000e+00
      vertex   -6.421600e+01 4.093301e+01 -2.000000e+00
    endloop
  endfacet
  facet normal -0.000000e+00 0.000000e+00 -1.000000e+00
    outer loop
      vertex   -6.409541e+01 4.301704e+01 -2.000000e+00
      vertex   -6.421600e+01 4.093301e+01 -2.000000e+00
      vertex   -6.421600e+01 4.306699e+01 -2.000000e+00
    endloop
  endfacet
  facet normal 0.000000e+00 -0.000000e+00 -1.000000e+00
    outer loop
      vertex   -6.421600e+01 4.306699e+01 -2.000000e+00
      vertex   -6.421600e+01 4.093301e+01 -2.000000e+00
      vertex   -6.431955e+01 4.085355e+01 -2.000000e+00
    endloop
  endfacet
  facet normal -0.000000e+00 0.000000e+00 -1.000000e+00
    outer loop
      vertex   -6.421600e+01 4.306699e+01 -2.000000e+00
      vertex   -6.431955e+01 4.085355e+01 -2.000000e+00
      vertex   -6.431955e+01 4.314645e+01 -2.000000e+00
    endloop
  endfacet
  facet normal 0.000000e+00 -0.000000e+00 -1.000000e+00
    outer loop
      vertex   -6.431955e+01 4.314645e+01 -2.000000e+00
      vertex   -6.431955e+01 4.085355e+01 -2.000000e+00
      vertex   -6.439901e+01 4.075000e+01 -2.000000e+00
    endloop
  endfacet
  facet normal -0.000000e+00 0.000000e+00 -1.000000e+00
    outer loop
      vertex   -6.431955e+01 4.314645e+01 -2.000000e+00
      vertex   -6.439901e+01 4.075000e+01 -2.000000e+00
      vertex   -6.439901e+01 4.325000e+01 -2.000000e+00
    endloop
  endfacet
  facet normal 0.000000e+00 -0.000000e+00 -1.000000e+00
    outer loop
      vertex   -6.439901e+01 4.325000e+01 -2.000000e+00
      vertex   -6.439901e+01 4.075000e+01 -2.000000e+00
      vertex   -6.444896e+01 4.062941e+01 -2.000000e+00
    endloop
  endfacet
  facet normal -0.000000e+00 0.000000e+00 -1.000000e+00
    outer loop
      vertex   -6.439901e+01 4.325000e+01 -2.000000e+00
      vertex   -6.444896e+01 4.062941e+01 -2.000000e+00
      vertex   -6.444896e+01 4.337059e+01 -2.000000e+00
    endloop
  endfacet
  facet normal 0.000000e+00 -0.000000e+00 -1.000000e+00
    outer loop
      vertex   -6.444896e+01 4.337059e+01 -2.000000e+00
      vertex   -6.444896e+01 4.062941e+01 -2.000000e+00
      vertex   -6.446600e+01 4.050000e+01 -2.000000e+00
    endloop
  endfacet
  facet normal -0.000000e+00 0.000000e+00 -1.000000e+00
    outer loop
      vertex   -6.444896e+01 4.337059e+01 -2.000000e+00
      vertex   -6.446600e+01 4.050000e+01 -2.000000e+00
      vertex   -6.446600e+01 4.350000e+01 -2.000000e+00
    endloop
  endfacet
  facet normal -0.000000e+00 -0.000000e+00 -1.000000e+00
    outer loop
      vertex   -6.446600e+01 4.350000e+01 -2.000000e+00
      vertex   -6.446600e+01 4.050000e+01 -2.000000e+00
      vertex   -6.696600e+01 5.900000e+01 -2.000000e+00
    endloop
  endfacet
  facet normal 0.000000e+00 0.000000e+00 -1.000000e+00
    outer loop
      vertex   -6.696600e+01 5.900000e+01 -2.000000e+00
      vertex   -6.446600e+01 4.050000e+01 -2.000000e+00
      vertex   -6.446600e+01 3.750000e+01 -2.000000e+00
    endloop
  endfacet
  facet normal 0.000000e+00 0.000000e+00 -1.000000e+00
    outer loop
      vertex   -6.446600e+01 3.750000e+01 -2.000000e+00
      vertex   -6.446600e+01 4.050000e+01 -2.000000e+00
      vertex   -6.444896e+01 4.037059e+01 -2.000000e+00
    endloop
  endfacet
  facet normal 0.000000e+00 0.000000e+00 -1.000000e+00
    outer loop
      vertex   -6.446600e+01 3.750000e+01 -2.000000e+00
      vertex   -6.444896e+01 4.037059e+01 -2.000000e+00
      vertex   -6.444896e+01 3.762941e+01 -2.000000e+00
    endloop
  endfacet
  facet normal 0.000000e+00 0.000000e+00 -1.000000e+00
    outer loop
      vertex   -6.444896e+01 3.762941e+01 -2.000000e+00
      vertex   -6.444896e+01 4.037059e+01 -2.000000e+00
      vertex   -6.439901e+01 4.025000e+01 -2.000000e+00
    endloop
  endfacet
  facet normal 0.000000e+00 0.000000e+00 -1.000000e+00
    outer loop
      vertex   -6.444896e+01 3.762941e+01 -2.000000e+00
      vertex   -6.439901e+01 4.025000e+01 -2.000000e+00
      vertex   -6.439901e+01 3.775000e+01 -2.000000e+00
    endloop
  endfacet
  facet normal 0.000000e+00 0.000000e+00 -1.000000e+00
    outer loop
      vertex   -6.439901e+01 3.775000e+01 -2.000000e+00
      vertex   -6.439901e+01 4.025000e+01 -2.000000e+00
      vertex   -6.431955e+01 4.014645e+01 -2.000000e+00
    endloop
  endfacet
  facet normal 0.000000e+00 0.000000e+00 -1.000000e+00
    outer loop
      vertex   -6.439901e+01 3.775000e+01 -2.000000e+00
      vertex   -6.431955e+01 4.014645e+01 -2.000000e+00
      vertex   -6.431955e+01 3.785355e+01 -2.000000e+00
    endloop
  endfacet
  facet normal 0.000000e+00 0.000000e+00 -1.000000e+00
    outer loop
      vertex   -6.431955e+01 3.785355e+01 -2.000000e+00
      vertex   -6.431955e+01 4.014645e+01 -2.000000e+00
      vertex   -6.421600e+01 4.006699e+01 -2.000000e+00
    endloop
  endfacet
  facet normal 0.000000e+00 0.000000e+00 -1.000000e+00
    outer loop
      vertex   -6.431955e+01 3.785355e+01 -2.000000e+00
      vertex   -6.421600e+01 4.006699e+01 -2.000000e+00
      vertex   -6.421600e+01 3.793301e+01 -2.000000e+00
    endloop
  endfacet
  facet normal 0.000000e+00 0.000000e+00 -1.000000e+00
    outer loop
      vertex   -6.421600e+01 3.793301e+01 -2.000000e+00
      vertex   -6.421600e+01 4.006699e+01 -2.000000e+00
      vertex   -6.409541e+01 4.001704e+01 -2.000000e+00
    endloop
  endfacet
  facet normal 0.000000e+00 0.000000e+00 -1.000000e+00
    outer loop
      vertex   -6.421600e+01 3.793301e+01 -2.000000e+00
      vertex   -6.409541e+01 4.001704e+01 -2.000000e+00
      vertex   -6.409541e+01 3.798296e+01 -2.000000e+00
    endloop
  endfacet
  facet normal 0.000000e+00 0.000000e+00 -1.000000e+00
    outer loop
      vertex   -6.409541e+01 3.798296e+01 -2.000000e+00
      vertex   -6.409541e+01 4.001704e+01 -2.000000e+00
      vertex   -6.396600e+01 4.000000e+01 -2.000000e+00
    endloop
  endfacet
  facet normal 0.000000e+00 0.000000e+00 -1.000000e+00
    outer loop
      vertex   -6.409541e+01 3.798296e+01 -2.000000e+00
      vertex   -6.396600e+01 4.000000e+01 -2.000000e+00
      vertex   -6.396600e+01 3.800000e+01 -2.000000e+00
    endloop
  endfacet
  facet normal 0.000000e+00 0.000000e+00 -1.000000e+00
    outer loop
      vertex   -6.396600e+01 3.800000e+01 -2.000000e+00
      vertex   -6.396600e+01 4.000000e+01 -2.000000e+00
      vertex   -3.398300e+01 4.000000e+01 -2.000000e+00
    endloop
  endfacet
  facet normal 0.000000e+00 -0.000000e+00 -1.000000e+00
    outer loop
      vertex   -3.362945e+01 4.314645e+01 -2.000000e+00
      vertex   -3.362945e+01 4.085355e+01 -2.000000e+00
      vertex   -3.373300e+01 4.306699e+01 -2.000000e+00
    endloop
  endfacet
  facet normal 0.000000e+00 0.000000e+00 -1.000000e+00
    outer loop
      vertex   -3.373300e+01 4.306699e+01 -2.000000e+00
      vertex   -3.362945e+01 4.085355e+01 -2.000000e+00
      vertex   -3.373300e+01 4.093301e+01 -2.000000e+00
    endloop
  endfacet
  facet normal 0.000000e+00 -0.000000e+00 -1.000000e+00
    outer loop
      vertex   -3.373300e+01 4.306699e+01 -2.000000e+00
      vertex   -3.373300e+01 4.093301e+01 -2.000000e+00
      vertex   -3.385359e+01 4.301704e+01 -2.000000e+00
    endloop
  endfacet
  facet normal 0.000000e+00 0.000000e+00 -1.000000e+00
    outer loop
      vertex   -3.385359e+01 4.301704e+01 -2.000000e+00
      vertex   -3.373300e+01 4.093301e+01 -2.000000e+00
      vertex   -3.385359e+01 4.098296e+01 -2.000000e+00
    endloop
  endfacet
  facet normal 0.000000e+00 -0.000000e+00 -1.000000e+00
    outer loop
      vertex   -3.385359e+01 4.301704e+01 -2.000000e+00
      vertex   -3.385359e+01 4.098296e+01 -2.000000e+00
      vertex   -3.398300e+01 4.300000e+01 -2.000000e+00
    endloop
  endfacet
  facet normal 0.000000e+00 -0.000000e+00 -1.000000e+00
    outer loop
      vertex   -6.439901e+01 3.725000e+01 -2.000000e+00
      vertex   -6.431955e+01 3.714645e+01 -2.000000e+00
      vertex   -6.696600e+01 0.000000e+00 -2.000000e+00
    endloop
  endfacet
  facet normal 0.000000e+00 0.000000e+00 -1.000000e+00
    outer loop
      vertex   -6.421600e+01 3.706699e+01 -2.000000e+00
      vertex   -6.409541e+01 3.701704e+01 -2.000000e+00
      vertex   -5.900000e+01 2.907000e+01 -2.000000e+00
    endloop
  endfacet
  facet normal 0.000000e+00 0.000000e+00 -1.000000e+00
    outer loop
      vertex   -5.900000e+01 2.907000e+01 -2.000000e+00
      vertex   -6.409541e+01 3.701704e+01 -2.000000e+00
      vertex   -6.396600e+01 3.700000e+01 -2.000000e+00
    endloop
  endfacet
  facet normal 0.000000e+00 0.000000e+00 -1.000000e+00
    outer loop
      vertex   -5.900000e+01 2.907000e+01 -2.000000e+00
      vertex   -6.396600e+01 3.700000e+01 -2.000000e+00
      vertex   -3.398300e+01 3.700000e+01 -2.000000e+00
    endloop
  endfacet
  facet normal -1.065814e-14 -1.000000e+00 0.000000e+00
    outer loop
      vertex   -6.300000e+01 1.517000e+01 0.000000e+00
      vertex   -6.200000e+01 1.517000e+01 0.000000e+00
      vertex   -6.300000e+01 1.517000e+01 2.000000e+00
    endloop
  endfacet
  facet normal -1.065814e-14 -1.000000e+00 0.000000e+00
    outer loop
      vertex   -6.300000e+01 1.517000e+01 2.000000e+00
      vertex   -6.200000e+01 1.517000e+01 0.000000e+00
      vertex   -6.200000e+01 1.517000e+01 2.000000e+00
    endloop
  endfacet
  facet normal 8.881784e-15 1.000000e+00 -0.000000e+00
    outer loop
      vertex   -6.200000e+01 1.060000e+01 0.000000e+00
      vertex   -6.300000e+01 1.060000e+01 0.000000e+00
      vertex   -6.200000e+01 1.060000e+01 2.000000e+00
    endloop
  endfacet
  facet normal 8.881784e-15 1.000000e+00 0.000000e+00
    outer loop
      vertex   -6.200000e+01 1.060000e+01 2.000000e+00
      vertex   -6.300000e+01 1.060000e+01 0.000000e+00
      vertex   -6.300000e+01 1.060000e+01 2.000000e+00
    endloop
  endfacet
  facet normal 0.000000e+00 0.000000e+00 -1.000000e+00
    outer loop
      vertex   -6.200000e+01 1.060000e+01 2.000000e+00
      vertex   -6.300000e+01 1.060000e+01 2.000000e+00
      vertex   -6.200000e+01 1.517000e+01 2.000000e+00
    endloop
  endfacet
  facet normal -0.000000e+00 0.000000e+00 -1.000000e+00
    outer loop
      vertex   -6.200000e+01 1.517000e+01 2.000000e+00
      vertex   -6.300000e+01 1.060000e+01 2.000000e+00
      vertex   -6.300000e+01 1.517000e+01 2.000000e+00
    endloop
  endfacet
  facet normal -0.000000e+00 0.000000e+00 1.000000e+00
    outer loop
      vertex   -6.300000e+01 1.060000e+01 0.000000e+00
      vertex   -6.200000e+01 1.060000e+01 0.000000e+00
      vertex   -6.300000e+01 1.517000e+01 0.000000e+00
    endloop
  endfacet
  facet normal 0.000000e+00 0.000000e+00 1.000000e+00
    outer loop
      vertex   -6.300000e+01 1.517000e+01 0.000000e+00
      vertex   -6.200000e+01 1.060000e+01 0.000000e+00
      vertex   -6.200000e+01 1.517000e+01 0.000000e+00
    endloop
  endfacet
  facet normal 1.000000e+00 0.000000e+00 0.000000e+00
    outer loop
      vertex   -2.403000e+01 3.207000e+01 0.000000e+00
      vertex   -2.403000e+01 3.307000e+01 0.000000e+00
      vertex   -2.403000e+01 3.207000e+01 8.280000e+00
    endloop
  endfacet
  facet normal 1.000000e+00 -0.000000e+00 0.000000e+00
    outer loop
      vertex   -2.403000e+01 3.207000e+01 8.280000e+00
      vertex   -2.403000e+01 3.307000e+01 0.000000e+00
      vertex   -2.403000e+01 3.307000e+01 8.280000e+00
    endloop
  endfacet
  facet normal -1.000000e+00 -3.552714e-15 0.000000e+00
    outer loop
      vertex   -1.675000e+01 3.307000e+01 0.000000e+00
      vertex   -1.675000e+01 3.207000e+01 0.000000e+00
      vertex   -1.675000e+01 3.307000e+01 8.280000e+00
    endloop
  endfacet
  facet normal -1.000000e+00 -3.552714e-15 0.000000e+00
    outer loop
      vertex   -1.675000e+01 3.307000e+01 8.280000e+00
      vertex   -1.675000e+01 3.207000e+01 0.000000e+00
      vertex   -1.675000e+01 3.207000e+01 8.280000e+00
    endloop
  endfacet
  facet normal 0.000000e+00 0.000000e+00 -1.000000e+00
    outer loop
      vertex   -1.675000e+01 3.207000e+01 8.280000e+00
      vertex   -2.403000e+01 3.207000e+01 8.280000e+00
      vertex   -1.675000e+01 3.307000e+01 8.280000e+00
    endloop
  endfacet
  facet normal -0.000000e+00 0.000000e+00 -1.000000e+00
    outer loop
      vertex   -1.675000e+01 3.307000e+01 8.280000e+00
      vertex   -2.403000e+01 3.207000e+01 8.280000e+00
      vertex   -2.403000e+01 3.307000e+01 8.280000e+00
    endloop
  endfacet
  facet normal -0.000000e+00 0.000000e+00 1.000000e+00
    outer loop
      vertex   -2.403000e+01 3.207000e+01 0.000000e+00
      vertex   -1.675000e+01 3.207000e+01 0.000000e+00
      vertex   -2.403000e+01 3.307000e+01 0.000000e+00
    endloop
  endfacet
  facet normal -0.000000e+00 0.000000e+00 1.000000e+00
    outer loop
      vertex   -2.403000e+01 3.307000e+01 0.000000e+00
      vertex   -1.675000e+01 3.207000e+01 0.000000e+00
      vertex   -1.675000e+01 3.307000e+01 0.000000e+00
    endloop
  endfacet
  facet normal 1.000000e+00 0.000000e+00 0.000000e+00
    outer loop
      vertex   -3.392000e+01 3.207000e+01 0.000000e+00
      vertex   -3.392000e+01 3.307000e+01 0.000000e+00
      vertex   -3.392000e+01 3.207000e+01 8.280000e+00
    endloop
  endfacet
  facet normal 1.000000e+00 -0.000000e+00 0.000000e+00
    outer loop
      vertex   -3.392000e+01 3.207000e+01 8.280000e+00
      vertex   -3.392000e+01 3.307000e+01 0.000000e+00
      vertex   -3.392000e+01 3.307000e+01 8.280000e+00
    endloop
  endfacet
  facet normal -1.000000e+00 0.000000e+00 0.000000e+00
    outer loop
      vertex   -2.664000e+01 3.307000e+01 0.000000e+00
      vertex   -2.664000e+01 3.207000e+01 0.000000e+00
      vertex   -2.664000e+01 3.307000e+01 8.280000e+00
    endloop
  endfacet
  facet normal -1.000000e+00 -0.000000e+00 0.000000e+00
    outer loop
      vertex   -2.664000e+01 3.307000e+01 8.280000e+00
      vertex   -2.664000e+01 3.207000e+01 0.000000e+00
      vertex   -2.664000e+01 3.207000e+01 8.280000e+00
    endloop
  endfacet
  facet normal 0.000000e+00 0.000000e+00 -1.000000e+00
    outer loop
      vertex   -2.664000e+01 3.207000e+01 8.280000e+00
      vertex   -3.392000e+01 3.207000e+01 8.280000e+00
      vertex   -2.664000e+01 3.307000e+01 8.280000e+00
    endloop
  endfacet
  facet normal -0.000000e+00 0.000000e+00 -1.000000e+00
    outer loop
      vertex   -2.664000e+01 3.307000e+01 8.280000e+00
      vertex   -3.392000e+01 3.207000e+01 8.280000e+00
      vertex   -3.392000e+01 3.307000e+01 8.280000e+00
    endloop
  endfacet
  facet normal 0.000000e+00 0.000000e+00 1.000000e+00
    outer loop
      vertex   -3.392000e+01 3.207000e+01 0.000000e+00
      vertex   -2.664000e+01 3.207000e+01 0.000000e+00
      vertex   -3.392000e+01 3.307000e+01 0.000000e+00
    endloop
  endfacet
  facet normal -0.000000e+00 0.000000e+00 1.000000e+00
    outer loop
      vertex   -3.392000e+01 3.307000e+01 0.000000e+00
      vertex   -2.664000e+01 3.207000e+01 0.000000e+00
      vertex   -2.664000e+01 3.307000e+01 0.000000e+00
    endloop
  endfacet
  facet normal 1.000000e+00 0.000000e+00 0.000000e+00
    outer loop
      vertex   -4.384000e+01 3.207000e+01 0.000000e+00
      vertex   -4.384000e+01 3.307000e+01 0.000000e+00
      vertex   -4.384000e+01 3.207000e+01 8.280000e+00
    endloop
  endfacet
  facet normal 1.000000e+00 -0.000000e+00 0.000000e+00
    outer loop
      vertex   -4.384000e+01 3.207000e+01 8.280000e+00
      vertex   -4.384000e+01 3.307000e+01 0.000000e+00
      vertex   -4.384000e+01 3.307000e+01 8.280000e+00
    endloop
  endfacet
  facet normal -1.000000e+00 0.000000e+00 0.000000e+00
    outer loop
      vertex   -3.656000e+01 3.307000e+01 0.000000e+00
      vertex   -3.656000e+01 3.207000e+01 0.000000e+00
      vertex   -3.656000e+01 3.307000e+01 8.280000e+00
    endloop
  endfacet
  facet normal -1.000000e+00 -0.000000e+00 0.000000e+00
    outer loop
      vertex   -3.656000e+01 3.307000e+01 8.280000e+00
      vertex   -3.656000e+01 3.207000e+01 0.000000e+00
      vertex   -3.656000e+01 3.207000e+01 8.280000e+00
    endloop
  endfacet
  facet normal 0.000000e+00 0.000000e+00 -1.000000e+00
    outer loop
      vertex   -3.656000e+01 3.207000e+01 8.280000e+00
      vertex   -4.384000e+01 3.207000e+01 8.280000e+00
      vertex   -3.656000e+01 3.307000e+01 8.280000e+00
    endloop
  endfacet
  facet normal -0.000000e+00 0.000000e+00 -1.000000e+00
    outer loop
      vertex   -3.656000e+01 3.307000e+01 8.280000e+00
      vertex   -4.384000e+01 3.207000e+01 8.280000e+00
      vertex   -4.384000e+01 3.307000e+01 8.280000e+00
    endloop
  endfacet
  facet normal -0.000000e+00 0.000000e+00 1.000000e+00
    outer loop
      vertex   -4.384000e+01 3.207000e+01 0.000000e+00
      vertex   -3.656000e+01 3.207000e+01 0.000000e+00
      vertex   -4.384000e+01 3.307000e+01 0.000000e+00
    endloop
  endfacet
  facet normal -0.000000e+00 0.000000e+00 1.000000e+00
    outer loop
      vertex   -4.384000e+01 3.307000e+01 0.000000e+00
      vertex   -3.656000e+01 3.207000e+01 0.000000e+00
      vertex   -3.656000e+01 3.307000e+01 0.000000e+00
    endloop
  endfacet
  facet normal 1.000000e+00 1.421085e-14 -0.000000e+00
    outer loop
      vertex   -5.900000e+01 3.207000e+01 0.000000e+00
      vertex   -5.900000e+01 3.307000e+01 0.000000e+00
      vertex   -5.900000e+01 3.207000e+01 3.250000e+00
    endloop
  endfacet
  facet normal 1.000000e+00 1.421085e-14 0.000000e+00
    outer loop
      vertex   -5.900000e+01 3.207000e+01 3.250000e+00
      vertex   -5.900000e+01 3.307000e+01 0.000000e+00
      vertex   -5.900000e+01 3.307000e+01 3.250000e+00
    endloop
  endfacet
  facet normal -1.000000e+00 0.000000e+00 0.000000e+00
    outer loop
      vertex   -4.528000e+01 3.307000e+01 0.000000e+00
      vertex   -4.528000e+01 3.207000e+01 0.000000e+00
      vertex   -4.528000e+01 3.307000e+01 3.250000e+00
    endloop
  endfacet
  facet normal -1.000000e+00 -0.000000e+00 0.000000e+00
    outer loop
      vertex   -4.528000e+01 3.307000e+01 3.250000e+00
      vertex   -4.528000e+01 3.207000e+01 0.000000e+00
      vertex   -4.528000e+01 3.207000e+01 3.250000e+00
    endloop
  endfacet
  facet normal 0.000000e+00 0.000000e+00 -1.000000e+00
    outer loop
      vertex   -4.528000e+01 3.207000e+01 3.250000e+00
      vertex   -5.900000e+01 3.207000e+01 3.250000e+00
      vertex   -4.528000e+01 3.307000e+01 3.250000e+00
    endloop
  endfacet
  facet normal -0.000000e+00 0.000000e+00 -1.000000e+00
    outer loop
      vertex   -4.528000e+01 3.307000e+01 3.250000e+00
      vertex   -5.900000e+01 3.207000e+01 3.250000e+00
      vertex   -5.900000e+01 3.307000e+01 3.250000e+00
    endloop
  endfacet
  facet normal -0.000000e+00 -0.000000e+00 1.000000e+00
    outer loop
      vertex   -5.900000e+01 3.207000e+01 0.000000e+00
      vertex   -4.528000e+01 3.207000e+01 0.000000e+00
      vertex   -5.900000e+01 3.307000e+01 0.000000e+00
    endloop
  endfacet
  facet normal 0.000000e+00 0.000000e+00 1.000000e+00
    outer loop
      vertex   -5.900000e+01 3.307000e+01 0.000000e+00
      vertex   -4.528000e+01 3.207000e+01 0.000000e+00
      vertex   -4.528000e+01 3.307000e+01 0.000000e+00
    endloop
  endfacet
  facet normal 1.000000e+00 0.000000e+00 0.000000e+00
    outer loop
      vertex   -1.505000e+01 3.207000e+01 0.000000e+00
      vertex   -1.505000e+01 3.307000e+01 0.000000e+00
      vertex   -1.505000e+01 3.207000e+01 3.250000e+00
    endloop
  endfacet
  facet normal 1.000000e+00 -0.000000e+00 0.000000e+00
    outer loop
      vertex   -1.505000e+01 3.207000e+01 3.250000e+00
      vertex   -1.505000e+01 3.307000e+01 0.000000e+00
      vertex   -1.505000e+01 3.307000e+01 3.250000e+00
    endloop
  endfacet
  facet normal -1.000000e+00 -3.552714e-15 0.000000e+00
    outer loop
      vertex   -7.430000e+00 3.307000e+01 0.000000e+00
      vertex   -7.430000e+00 3.207000e+01 0.000000e+00
      vertex   -7.430000e+00 3.307000e+01 3.250000e+00
    endloop
  endfacet
  facet normal -1.000000e+00 -3.552714e-15 0.000000e+00
    outer loop
      vertex   -7.430000e+00 3.307000e+01 3.250000e+00
      vertex   -7.430000e+00 3.207000e+01 0.000000e+00
      vertex   -7.430000e+00 3.207000e+01 3.250000e+00
    endloop
  endfacet
  facet normal 0.000000e+00 0.000000e+00 -1.000000e+00
    outer loop
      vertex   -7.430000e+00 3.207000e+01 3.250000e+00
      vertex   -1.505000e+01 3.207000e+01 3.250000e+00
      vertex   -7.430000e+00 3.307000e+01 3.250000e+00
    endloop
  endfacet
  facet normal -0.000000e+00 0.000000e+00 -1.000000e+00
    outer loop
      vertex   -7.430000e+00 3.307000e+01 3.250000e+00
      vertex   -1.505000e+01 3.207000e+01 3.250000e+00
      vertex   -1.505000e+01 3.307000e+01 3.250000e+00
    endloop
  endfacet
  facet normal -0.000000e+00 0.000000e+00 1.000000e+00
    outer loop
      vertex   -1.505000e+01 3.207000e+01 0.000000e+00
      vertex   -7.430000e+00 3.207000e+01 0.000000e+00
      vertex   -1.505000e+01 3.307000e+01 0.000000e+00
    endloop
  endfacet
  facet normal -0.000000e+00 0.000000e+00 1.000000e+00
    outer loop
      vertex   -1.505000e+01 3.307000e+01 0.000000e+00
      vertex   -7.430000e+00 3.207000e+01 0.000000e+00
      vertex   -7.430000e+00 3.307000e+01 0.000000e+00
    endloop
  endfacet
  facet normal 0.000000e+00 -1.000000e+00 0.000000e+00
    outer loop
      vertex   2.000000e+00 2.888000e+01 0.000000e+00
      vertex   3.000000e+00 2.888000e+01 0.000000e+00
      vertex   2.000000e+00 2.888000e+01 3.250000e+00
    endloop
  endfacet
  facet normal 0.000000e+00 -1.000000e+00 0.000000e+00
    outer loop
      vertex   2.000000e+00 2.888000e+01 3.250000e+00
      vertex   3.000000e+00 2.888000e+01 0.000000e+00
      vertex   3.000000e+00 2.888000e+01 3.250000e+00
    endloop
  endfacet
  facet normal 0.000000e+00 0.000000e+00 -1.000000e+00
    outer loop
      vertex   2.000000e+00 2.888000e+01 3.250000e+00
      vertex   3.000000e+00 2.888000e+01 3.250000e+00
      vertex   2.000000e+00 0.000000e+00 3.250000e+00
    endloop
  endfacet
  facet normal 0.000000e+00 0.000000e+00 -1.000000e+00
    outer loop
      vertex   2.000000e+00 0.000000e+00 3.250000e+00
      vertex   3.000000e+00 2.888000e+01 3.250000e+00
      vertex   3.000000e+00 -4.440892e-15 3.250000e+00
    endloop
  endfacet
  facet normal -0.000000e+00 -0.000000e+00 1.000000e+00
    outer loop
      vertex   2.000000e+00 0.000000e+00 0.000000e+00
      vertex   3.000000e+00 -3.245188e-15 0.000000e+00
      vertex   2.000000e+00 2.888000e+01 0.000000e+00
    endloop
  endfacet
  facet normal -0.000000e+00 0.000000e+00 1.000000e+00
    outer loop
      vertex   2.000000e+00 2.888000e+01 0.000000e+00
      vertex   3.000000e+00 -3.245188e-15 0.000000e+00
      vertex   3.000000e+00 2.888000e+01 0.000000e+00
    endloop
  endfacet
  facet normal 1.000000e+00 -4.613115e-17 0.000000e+00
    outer loop
      vertex   3.000000e+00 -4.440892e-15 3.250000e+00
      vertex   3.000000e+00 2.888000e+01 3.250000e+00
      vertex   3.000000e+00 -4.440892e-15 1.900000e+01
    endloop
  endfacet
  facet normal 1.000000e+00 -4.028629e-17 1.071743e-17
    outer loop
      vertex   3.000000e+00 -4.440892e-15 1.900000e+01
      vertex   3.000000e+00 2.888000e+01 3.250000e+00
      vertex   3.000000e+00 3.307000e+01 1.900000e+01
    endloop
  endfacet
  facet normal 1.000000e+00 0.000000e+00 0.000000e+00
    outer loop
      vertex   3.000000e+00 3.307000e+01 1.900000e+01
      vertex   3.000000e+00 2.888000e+01 3.250000e+00
      vertex   3.000000e+00 3.307000e+01 -1.000000e+00
    endloop
  endfacet
  facet normal 1.000000e+00 0.000000e+00 0.000000e+00
    outer loop
      vertex   3.000000e+00 3.307000e+01 -1.000000e+00
      vertex   3.000000e+00 2.888000e+01 3.250000e+00
      vertex   3.000000e+00 2.888000e+01 0.000000e+00
    endloop
  endfacet
  facet normal 1.000000e+00 3.241875e-15 1.358346e-14
    outer loop
      vertex   3.000000e+00 3.307000e+01 -1.000000e+00
      vertex   3.000000e+00 2.888000e+01 0.000000e+00
      vertex   3.000000e+00 0.000000e+00 -2.000000e+00
    endloop
  endfacet
  facet normal 1.000000e+00 -4.613115e-17 6.106227e-14
    outer loop
      vertex   3.000000e+00 0.000000e+00 -2.000000e+00
      vertex   3.000000e+00 2.888000e+01 0.000000e+00
      vertex   3.000000e+00 -3.245188e-15 0.000000e+00
    endloop
  endfacet
  facet normal 1.000000e+00 1.806465e-15 6.105248e-14
    outer loop
      vertex   3.000000e+00 0.000000e+00 -2.000000e+00
      vertex   3.000000e+00 5.900000e+01 -2.000000e+00
      vertex   3.000000e+00 3.307000e+01 -1.000000e+00
    endloop
  endfacet
  facet normal 1.000000e+00 -5.480468e-16 0.000000e+00
    outer loop
      vertex   3.000000e+00 3.307000e+01 -1.000000e+00
      vertex   3.000000e+00 5.900000e+01 -2.000000e+00
      vertex   3.000000e+00 5.900000e+01 -1.000000e+00
    endloop
  endfacet
  facet normal -3.245188e-15 -1.000000e+00 -0.000000e+00
    outer loop
      vertex   2.000000e+00 0.000000e+00 0.000000e+00
      vertex   2.000000e+00 0.000000e+00 -1.000000e+00
      vertex   3.000000e+00 -3.245188e-15 0.000000e+00
    endloop
  endfacet
  facet normal -1.622594e-15 -1.000000e+00 -1.622594e-15
    outer loop
      vertex   3.000000e+00 -3.245188e-15 0.000000e+00
      vertex   2.000000e+00 0.000000e+00 -1.000000e+00
      vertex   3.000000e+00 0.000000e+00 -2.000000e+00
    endloop
  endfacet
  facet normal 0.000000e+00 -1.000000e+00 0.000000e+00
    outer loop
      vertex   3.000000e+00 0.000000e+00 -2.000000e+00
      vertex   2.000000e+00 0.000000e+00 -1.000000e+00
      vertex   -1.000000e+00 0.000000e+00 -2.000000e+00
    endloop
  endfacet
  facet normal 0.000000e+00 -1.000000e+00 0.000000e+00
    outer loop
      vertex   -1.000000e+00 0.000000e+00 -2.000000e+00
      vertex   2.000000e+00 0.000000e+00 -1.000000e+00
      vertex   -1.000000e+00 0.000000e+00 -1.000000e+00
    endloop
  endfacet
  facet normal -1.000000e+00 -4.228689e-16 -0.000000e+00
    outer loop
      vertex   2.000000e+00 0.000000e+00 0.000000e+00
      vertex   2.000000e+00 2.888000e+01 0.000000e+00
      vertex   2.000000e+00 0.000000e+00 -1.000000e+00
    endloop
  endfacet
  facet normal -1.000000e+00 -4.223486e-16 -1.502453e-17
    outer loop
      vertex   2.000000e+00 0.000000e+00 -1.000000e+00
      vertex   2.000000e+00 2.888000e+01 0.000000e+00
      vertex   2.000000e+00 3.207000e+01 -1.000000e+00
    endloop
  endfacet
  facet normal -1.000000e+00 -4.176388e-16 0.000000e+00
    outer loop
      vertex   2.000000e+00 3.207000e+01 -1.000000e+00
      vertex   2.000000e+00 2.888000e+01 0.000000e+00
      vertex   2.000000e+00 2.888000e+01 3.250000e+00
    endloop
  endfacet
  facet normal -1.000000e+00 -4.176388e-16 0.000000e+00
    outer loop
      vertex   2.000000e+00 3.207000e+01 -1.000000e+00
      vertex   2.000000e+00 2.888000e+01 3.250000e+00
      vertex   2.000000e+00 3.207000e+01 1.900000e+01
    endloop
  endfacet
  facet normal -1.000000e+00 -4.223486e-16 9.539386e-19
    outer loop
      vertex   2.000000e+00 3.207000e+01 1.900000e+01
      vertex   2.000000e+00 2.888000e+01 3.250000e+00
      vertex   2.000000e+00 0.000000e+00 1.900000e+01
    endloop
  endfacet
  facet normal -1.000000e+00 -4.228689e-16 -0.000000e+00
    outer loop
      vertex   2.000000e+00 0.000000e+00 1.900000e+01
      vertex   2.000000e+00 2.888000e+01 3.250000e+00
      vertex   2.000000e+00 0.000000e+00 3.250000e+00
    endloop
  endfacet
  facet normal 0.000000e+00 -1.000000e+00 0.000000e+00
    outer loop
      vertex   -1.675000e+01 3.207000e+01 0.000000e+00
      vertex   -1.505000e+01 3.207000e+01 3.250000e+00
      vertex   -1.675000e+01 3.207000e+01 8.280000e+00
    endloop
  endfacet
  facet normal -9.324708e-16 -1.000000e+00 -3.151492e-16
    outer loop
      vertex   -1.675000e+01 3.207000e+01 8.280000e+00
      vertex   -1.505000e+01 3.207000e+01 3.250000e+00
      vertex   -7.430000e+00 3.207000e+01 3.250000e+00
    endloop
  endfacet
  facet normal -7.602130e-16 -1.000000e+00 4.024227e-18
    outer loop
      vertex   -1.675000e+01 3.207000e+01 8.280000e+00
      vertex   -7.430000e+00 3.207000e+01 3.250000e+00
      vertex   2.000000e+00 3.207000e+01 1.900000e+01
    endloop
  endfacet
  facet normal -7.534918e-16 -1.000000e+00 -0.000000e+00
    outer loop
      vertex   2.000000e+00 3.207000e+01 1.900000e+01
      vertex   -7.430000e+00 3.207000e+01 3.250000e+00
      vertex   2.000000e+00 3.207000e+01 -1.000000e+00
    endloop
  endfacet
  facet normal -7.534918e-16 -1.000000e+00 0.000000e+00
    outer loop
      vertex   2.000000e+00 3.207000e+01 -1.000000e+00
      vertex   -7.430000e+00 3.207000e+01 3.250000e+00
      vertex   -7.430000e+00 3.207000e+01 0.000000e+00
    endloop
  endfacet
  facet normal -9.324708e-16 -1.000000e+00 -1.687772e-15
    outer loop
      vertex   2.000000e+00 3.207000e+01 -1.000000e+00
      vertex   -7.430000e+00 3.207000e+01 0.000000e+00
      vertex   -1.505000e+01 3.207000e+01 0.000000e+00
    endloop
  endfacet
  facet normal -9.760202e-16 -1.000000e+00 -4.089525e-15
    outer loop
      vertex   -2.403000e+01 3.207000e+01 0.000000e+00
      vertex   2.000000e+00 3.207000e+01 -1.000000e+00
      vertex   -1.675000e+01 3.207000e+01 0.000000e+00
    endloop
  endfacet
  facet normal 0.000000e+00 -1.000000e+00 1.421085e-14
    outer loop
      vertex   -1.675000e+01 3.207000e+01 0.000000e+00
      vertex   2.000000e+00 3.207000e+01 -1.000000e+00
      vertex   -1.505000e+01 3.207000e+01 0.000000e+00
    endloop
  endfacet
  facet normal 0.000000e+00 -1.000000e+00 0.000000e+00
    outer loop
      vertex   -1.675000e+01 3.207000e+01 0.000000e+00
      vertex   -1.505000e+01 3.207000e+01 0.000000e+00
      vertex   -1.505000e+01 3.207000e+01 3.250000e+00
    endloop
  endfacet
  facet normal -0.000000e+00 -1.000000e+00 -0.000000e+00
    outer loop
      vertex   -2.403000e+01 3.207000e+01 8.280000e+00
      vertex   -2.664000e+01 3.207000e+01 8.280000e+00
      vertex   -2.403000e+01 3.207000e+01 0.000000e+00
    endloop
  endfacet
  facet normal 0.000000e+00 -1.000000e+00 0.000000e+00
    outer loop
      vertex   -2.403000e+01 3.207000e+01 0.000000e+00
      vertex   -2.664000e+01 3.207000e+01 8.280000e+00
      vertex   -2.664000e+01 3.207000e+01 0.000000e+00
    endloop
  endfacet
  facet normal 0.000000e+00 -1.000000e+00 2.131628e-14
    outer loop
      vertex   -2.403000e+01 3.207000e+01 0.000000e+00
      vertex   -2.664000e+01 3.207000e+01 0.000000e+00
      vertex   2.000000e+00 3.207000e+01 -1.000000e+00
    endloop
  endfacet
  facet normal -7.771561e-16 -1.000000e+00 -9.414691e-16
    outer loop
      vertex   2.000000e+00 3.207000e+01 -1.000000e+00
      vertex   -2.664000e+01 3.207000e+01 0.000000e+00
      vertex   -6.200000e+01 3.207000e+01 -1.000000e+00
    endloop
  endfacet
  facet normal 0.000000e+00 -1.000000e+00 -2.842171e-14
    outer loop
      vertex   -6.200000e+01 3.207000e+01 -1.000000e+00
      vertex   -2.664000e+01 3.207000e+01 0.000000e+00
      vertex   -3.392000e+01 3.207000e+01 0.000000e+00
    endloop
  endfacet
  facet normal -2.691450e-15 -1.000000e+00 4.715420e-14
    outer loop
      vertex   -6.200000e+01 3.207000e+01 -1.000000e+00
      vertex   -3.392000e+01 3.207000e+01 0.000000e+00
      vertex   -3.656000e+01 3.207000e+01 0.000000e+00
    endloop
  endfacet
  facet normal -2.691450e-15 -1.000000e+00 0.000000e+00
    outer loop
      vertex   -3.656000e+01 3.207000e+01 0.000000e+00
      vertex   -3.392000e+01 3.207000e+01 0.000000e+00
      vertex   -3.656000e+01 3.207000e+01 8.280000e+00
    endloop
  endfacet
  facet normal -2.691450e-15 -1.000000e+00 0.000000e+00
    outer loop
      vertex   -3.656000e+01 3.207000e+01 8.280000e+00
      vertex   -3.392000e+01 3.207000e+01 0.000000e+00
      vertex   -3.392000e+01 3.207000e+01 8.280000e+00
    endloop
  endfacet
  facet normal -2.691450e-15 -1.000000e+00 -4.398713e-15
    outer loop
      vertex   -3.656000e+01 3.207000e+01 8.280000e+00
      vertex   -3.392000e+01 3.207000e+01 8.280000e+00
      vertex   -6.200000e+01 3.207000e+01 1.900000e+01
    endloop
  endfacet
  facet normal 0.000000e+00 -1.000000e+00 2.651279e-15
    outer loop
      vertex   -6.200000e+01 3.207000e+01 1.900000e+01
      vertex   -3.392000e+01 3.207000e+01 8.280000e+00
      vertex   -2.664000e+01 3.207000e+01 8.280000e+00
    endloop
  endfacet
  facet normal -7.771561e-16 -1.000000e+00 8.782361e-17
    outer loop
      vertex   -6.200000e+01 3.207000e+01 1.900000e+01
      vertex   -2.664000e+01 3.207000e+01 8.280000e+00
      vertex   2.000000e+00 3.207000e+01 1.900000e+01
    endloop
  endfacet
  facet normal 0.000000e+00 -1.000000e+00 -1.988459e-15
    outer loop
      vertex   2.000000e+00 3.207000e+01 1.900000e+01
      vertex   -2.664000e+01 3.207000e+01 8.280000e+00
      vertex   -2.403000e+01 3.207000e+01 8.280000e+00
    endloop
  endfacet
  facet normal -9.760202e-16 -1.000000e+00 3.814855e-16
    outer loop
      vertex   2.000000e+00 3.207000e+01 1.900000e+01
      vertex   -2.403000e+01 3.207000e+01 8.280000e+00
      vertex   -1.675000e+01 3.207000e+01 8.280000e+00
    endloop
  endfacet
  facet normal -9.760202e-16 -1.000000e+00 3.513673e-15
    outer loop
      vertex   -3.656000e+01 3.207000e+01 0.000000e+00
      vertex   -4.384000e+01 3.207000e+01 0.000000e+00
      vertex   -6.200000e+01 3.207000e+01 -1.000000e+00
    endloop
  endfacet
  facet normal 0.000000e+00 -1.000000e+00 -1.421085e-14
    outer loop
      vertex   -6.200000e+01 3.207000e+01 -1.000000e+00
      vertex   -4.384000e+01 3.207000e+01 0.000000e+00
      vertex   -4.528000e+01 3.207000e+01 0.000000e+00
    endloop
  endfacet
  facet normal -5.178883e-16 -1.000000e+00 -5.551762e-15
    outer loop
      vertex   -6.200000e+01 3.207000e+01 -1.000000e+00
      vertex   -4.528000e+01 3.207000e+01 0.000000e+00
      vertex   -5.900000e+01 3.207000e+01 0.000000e+00
    endloop
  endfacet
  facet normal 0.000000e+00 -1.000000e+00 0.000000e+00
    outer loop
      vertex   -4.528000e+01 3.207000e+01 0.000000e+00
      vertex   -4.384000e+01 3.207000e+01 0.000000e+00
      vertex   -4.528000e+01 3.207000e+01 3.250000e+00
    endloop
  endfacet
  facet normal 0.000000e+00 -1.000000e+00 0.000000e+00
    outer loop
      vertex   -4.528000e+01 3.207000e+01 3.250000e+00
      vertex   -4.384000e+01 3.207000e+01 0.000000e+00
      vertex   -4.384000e+01 3.207000e+01 8.280000e+00
    endloop
  endfacet
  facet normal -5.178883e-16 -1.000000e+00 1.482623e-16
    outer loop
      vertex   -4.528000e+01 3.207000e+01 3.250000e+00
      vertex   -4.384000e+01 3.207000e+01 8.280000e+00
      vertex   -5.900000e+01 3.207000e+01 3.250000e+00
    endloop
  endfacet
  facet normal -5.816229e-16 -1.000000e+00 3.403529e-16
    outer loop
      vertex   -5.900000e+01 3.207000e+01 3.250000e+00
      vertex   -4.384000e+01 3.207000e+01 8.280000e+00
      vertex   -6.200000e+01 3.207000e+01 1.900000e+01
    endloop
  endfacet
  facet normal -2.368476e-15 -1.000000e+00 0.000000e+00
    outer loop
      vertex   -5.900000e+01 3.207000e+01 3.250000e+00
      vertex   -6.200000e+01 3.207000e+01 1.900000e+01
      vertex   -6.200000e+01 3.207000e+01 -1.000000e+00
    endloop
  endfacet
  facet normal -9.760202e-16 -1.000000e+00 -3.277680e-16
    outer loop
      vertex   -4.384000e+01 3.207000e+01 8.280000e+00
      vertex   -3.656000e+01 3.207000e+01 8.280000e+00
      vertex   -6.200000e+01 3.207000e+01 1.900000e+01
    endloop
  endfacet
  facet normal -2.368476e-15 -1.000000e+00 0.000000e+00
    outer loop
      vertex   -5.900000e+01 3.207000e+01 0.000000e+00
      vertex   -5.900000e+01 3.207000e+01 3.250000e+00
      vertex   -6.200000e+01 3.207000e+01 -1.000000e+00
    endloop
  endfacet
  facet normal 1.000000e+00 0.000000e+00 -7.105427e-15
    outer loop
      vertex   -6.200000e+01 1.517000e+01 0.000000e+00
      vertex   -6.200000e+01 1.060000e+01 0.000000e+00
      vertex   -6.200000e+01 7.105427e-14 -1.000000e+00
    endloop
  endfacet
  facet normal 1.000000e+00 -6.703233e-16 0.000000e+00
    outer loop
      vertex   -6.200000e+01 7.105427e-14 -1.000000e+00
      vertex   -6.200000e+01 1.060000e+01 0.000000e+00
      vertex   -6.200000e+01 1.060000e+01 2.000000e+00
    endloop
  endfacet
  facet normal 1.000000e+00 -6.703233e-16 0.000000e+00
    outer loop
      vertex   -6.200000e+01 7.105427e-14 -1.000000e+00
      vertex   -6.200000e+01 1.060000e+01 2.000000e+00
      vertex   -6.200000e+01 7.105427e-14 1.900000e+01
    endloop
  endfacet
  facet normal 1.000000e+00 0.000000e+00 4.179663e-16
    outer loop
      vertex   -6.200000e+01 7.105427e-14 1.900000e+01
      vertex   -6.200000e+01 1.060000e+01 2.000000e+00
      vertex   -6.200000e+01 1.517000e+01 2.000000e+00
    endloop
  endfacet
  facet normal 1.000000e+00 -4.431199e-16 2.254698e-17
    outer loop
      vertex   -6.200000e+01 7.105427e-14 1.900000e+01
      vertex   -6.200000e+01 1.517000e+01 2.000000e+00
      vertex   -6.200000e+01 3.207000e+01 1.900000e+01
    endloop
  endfacet
  facet normal 1.000000e+00 -4.204395e-16 0.000000e+00
    outer loop
      vertex   -6.200000e+01 3.207000e+01 1.900000e+01
      vertex   -6.200000e+01 1.517000e+01 2.000000e+00
      vertex   -6.200000e+01 3.207000e+01 -1.000000e+00
    endloop
  endfacet
  facet normal 1.000000e+00 -4.204395e-16 0.000000e+00
    outer loop
      vertex   -6.200000e+01 3.207000e+01 -1.000000e+00
      vertex   -6.200000e+01 1.517000e+01 2.000000e+00
      vertex   -6.200000e+01 1.517000e+01 0.000000e+00
    endloop
  endfacet
  facet normal 1.000000e+00 -4.431199e-16 -3.832987e-16
    outer loop
      vertex   -6.200000e+01 3.207000e+01 -1.000000e+00
      vertex   -6.200000e+01 1.517000e+01 0.000000e+00
      vertex   -6.200000e+01 7.105427e-14 -1.000000e+00
    endloop
  endfacet
  facet normal -0.000000e+00 -1.000000e+00 -0.000000e+00
    outer loop
      vertex   -6.200000e+01 7.105427e-14 1.900000e+01
      vertex   -6.300000e+01 7.105427e-14 1.900000e+01
      vertex   -6.200000e+01 7.105427e-14 -1.000000e+00
    endloop
  endfacet
  facet normal 0.000000e+00 -1.000000e+00 0.000000e+00
    outer loop
      vertex   -6.200000e+01 7.105427e-14 -1.000000e+00
      vertex   -6.300000e+01 7.105427e-14 1.900000e+01
      vertex   -6.300000e+01 7.105427e-14 -1.000000e+00
    endloop
  endfacet
  facet normal 0.000000e+00 -1.000000e+00 3.552714e-14
    outer loop
      vertex   -6.200000e+01 7.105427e-14 -1.000000e+00
      vertex   -6.300000e+01 7.105427e-14 -1.000000e+00
      vertex   -5.900000e+01 3.552714e-14 -2.000000e+00
    endloop
  endfacet
  facet normal 4.459846e-15 -1.000000e+00 5.336652e-14
    outer loop
      vertex   -5.900000e+01 3.552714e-14 -2.000000e+00
      vertex   -6.300000e+01 7.105427e-14 -1.000000e+00
      vertex   -6.696600e+01 0.000000e+00 -2.000000e+00
    endloop
  endfacet
  facet normal 1.791585e-14 -1.000000e+00 0.000000e+00
    outer loop
      vertex   -6.696600e+01 0.000000e+00 -2.000000e+00
      vertex   -6.300000e+01 7.105427e-14 -1.000000e+00
      vertex   -6.696600e+01 0.000000e+00 -1.000000e+00
    endloop
  endfacet
  facet normal -1.184238e-14 -1.000000e+00 0.000000e+00
    outer loop
      vertex   -5.900000e+01 3.552714e-14 -2.000000e+00
      vertex   -5.900000e+01 3.552714e-14 -1.000000e+00
      vertex   -6.200000e+01 7.105427e-14 -1.000000e+00
    endloop
  endfacet
  facet normal -1.000000e+00 -0.000000e+00 0.000000e+00
    outer loop
      vertex   -6.300000e+01 1.060000e+01 0.000000e+00
      vertex   -6.300000e+01 7.105427e-14 -1.000000e+00
      vertex   -6.300000e+01 1.060000e+01 2.000000e+00
    endloop
  endfacet
  facet normal -1.000000e+00 -0.000000e+00 0.000000e+00
    outer loop
      vertex   -6.300000e+01 1.060000e+01 2.000000e+00
      vertex   -6.300000e+01 7.105427e-14 -1.000000e+00
      vertex   -6.300000e+01 7.105427e-14 1.900000e+01
    endloop
  endfacet
  facet normal -1.000000e+00 0.000000e+00 0.000000e+00
    outer loop
      vertex   -6.300000e+01 1.060000e+01 2.000000e+00
      vertex   -6.300000e+01 7.105427e-14 1.900000e+01
      vertex   -6.300000e+01 1.517000e+01 2.000000e+00
    endloop
  endfacet
  facet normal -1.000000e+00 0.000000e+00 0.000000e+00
    outer loop
      vertex   -6.300000e+01 1.517000e+01 2.000000e+00
      vertex   -6.300000e+01 7.105427e-14 1.900000e+01
      vertex   -6.300000e+01 3.307000e+01 1.900000e+01
    endloop
  endfacet
  facet normal -1.000000e+00 0.000000e+00 0.000000e+00
    outer loop
      vertex   -6.300000e+01 1.517000e+01 2.000000e+00
      vertex   -6.300000e+01 3.307000e+01 1.900000e+01
      vertex   -6.300000e+01 3.307000e+01 -1.000000e+00
    endloop
  endfacet
  facet normal -1.000000e+00 0.000000e+00 -0.000000e+00
    outer loop
      vertex   -6.300000e+01 1.060000e+01 0.000000e+00
      vertex   -6.300000e+01 1.517000e+01 0.000000e+00
      vertex   -6.300000e+01 7.105427e-14 -1.000000e+00
    endloop
  endfacet
  facet normal -1.000000e+00 0.000000e+00 0.000000e+00
    outer loop
      vertex   -6.300000e+01 7.105427e-14 -1.000000e+00
      vertex   -6.300000e+01 1.517000e+01 0.000000e+00
      vertex   -6.300000e+01 3.307000e+01 -1.000000e+00
    endloop
  endfacet
  facet normal -1.000000e+00 0.000000e+00 0.000000e+00
    outer loop
      vertex   -6.300000e+01 3.307000e+01 -1.000000e+00
      vertex   -6.300000e+01 1.517000e+01 0.000000e+00
      vertex   -6.300000e+01 1.517000e+01 2.000000e+00
    endloop
  endfacet
  facet normal 0.000000e+00 1.000000e+00 0.000000e+00
    outer loop
      vertex   -1.675000e+01 3.307000e+01 8.280000e+00
      vertex   -1.505000e+01 3.307000e+01 3.250000e+00
      vertex   -1.675000e+01 3.307000e+01 0.000000e+00
    endloop
  endfacet
  facet normal 0.000000e+00 1.000000e+00 0.000000e+00
    outer loop
      vertex   -1.675000e+01 3.307000e+01 0.000000e+00
      vertex   -1.505000e+01 3.307000e+01 3.250000e+00
      vertex   -1.505000e+01 3.307000e+01 0.000000e+00
    endloop
  endfacet
  facet normal 0.000000e+00 1.000000e+00 -7.105427e-15
    outer loop
      vertex   -1.675000e+01 3.307000e+01 0.000000e+00
      vertex   -1.505000e+01 3.307000e+01 0.000000e+00
      vertex   3.000000e+00 3.307000e+01 -1.000000e+00
    endloop
  endfacet
  facet normal 0.000000e+00 1.000000e+00 -7.105427e-15
    outer loop
      vertex   3.000000e+00 3.307000e+01 -1.000000e+00
      vertex   -1.505000e+01 3.307000e+01 0.000000e+00
      vertex   -7.430000e+00 3.307000e+01 0.000000e+00
    endloop
  endfacet
  facet normal 6.812490e-16 1.000000e+00 0.000000e+00
    outer loop
      vertex   3.000000e+00 3.307000e+01 -1.000000e+00
      vertex   -7.430000e+00 3.307000e+01 0.000000e+00
      vertex   -7.430000e+00 3.307000e+01 3.250000e+00
    endloop
  endfacet
  facet normal -0.000000e+00 1.000000e+00 6.628197e-16
    outer loop
      vertex   -2.403000e+01 3.307000e+01 8.280000e+00
      vertex   3.000000e+00 3.307000e+01 1.900000e+01
      vertex   -1.675000e+01 3.307000e+01 8.280000e+00
    endloop
  endfacet
  facet normal 1.793715e-16 1.000000e+00 3.323544e-16
    outer loop
      vertex   -1.675000e+01 3.307000e+01 8.280000e+00
      vertex   3.000000e+00 3.307000e+01 1.900000e+01
      vertex   -7.430000e+00 3.307000e+01 3.250000e+00
    endloop
  endfacet
  facet normal 0.000000e+00 1.000000e+00 0.000000e+00
    outer loop
      vertex   -1.675000e+01 3.307000e+01 8.280000e+00
      vertex   -7.430000e+00 3.307000e+01 3.250000e+00
      vertex   -1.505000e+01 3.307000e+01 3.250000e+00
    endloop
  endfacet
  facet normal 2.722386e-15 1.000000e+00 -0.000000e+00
    outer loop
      vertex   -2.403000e+01 3.307000e+01 0.000000e+00
      vertex   -2.664000e+01 3.307000e+01 0.000000e+00
      vertex   -2.403000e+01 3.307000e+01 8.280000e+00
    endloop
  endfacet
  facet normal 2.722386e-15 1.000000e+00 0.000000e+00
    outer loop
      vertex   -2.403000e+01 3.307000e+01 8.280000e+00
      vertex   -2.664000e+01 3.307000e+01 0.000000e+00
      vertex   -2.664000e+01 3.307000e+01 8.280000e+00
    endloop
  endfacet
  facet normal 2.722386e-15 1.000000e+00 -6.201555e-15
    outer loop
      vertex   -2.403000e+01 3.307000e+01 8.280000e+00
      vertex   -2.664000e+01 3.307000e+01 8.280000e+00
      vertex   3.000000e+00 3.307000e+01 1.900000e+01
    endloop
  endfacet
  facet normal 4.306320e-16 1.000000e+00 1.349742e-16
    outer loop
      vertex   3.000000e+00 3.307000e+01 1.900000e+01
      vertex   -2.664000e+01 3.307000e+01 8.280000e+00
      vertex   -6.300000e+01 3.307000e+01 1.900000e+01
    endloop
  endfacet
  facet normal 0.000000e+00 1.000000e+00 -1.325639e-15
    outer loop
      vertex   -6.300000e+01 3.307000e+01 1.900000e+01
      vertex   -2.664000e+01 3.307000e+01 8.280000e+00
      vertex   -3.392000e+01 3.307000e+01 8.280000e+00
    endloop
  endfacet
  facet normal 2.691450e-15 1.000000e+00 5.975420e-15
    outer loop
      vertex   -6.300000e+01 3.307000e+01 1.900000e+01
      vertex   -3.392000e+01 3.307000e+01 8.280000e+00
      vertex   -3.656000e+01 3.307000e+01 8.280000e+00
    endloop
  endfacet
  facet normal 2.691450e-15 1.000000e+00 0.000000e+00
    outer loop
      vertex   -3.656000e+01 3.307000e+01 8.280000e+00
      vertex   -3.392000e+01 3.307000e+01 8.280000e+00
      vertex   -3.656000e+01 3.307000e+01 0.000000e+00
    endloop
  endfacet
  facet normal 2.691450e-15 1.000000e+00 0.000000e+00
    outer loop
      vertex   -3.656000e+01 3.307000e+01 0.000000e+00
      vertex   -3.392000e+01 3.307000e+01 8.280000e+00
      vertex   -3.392000e+01 3.307000e+01 0.000000e+00
    endloop
  endfacet
  facet normal 2.691450e-15 1.000000e+00 -6.405650e-14
    outer loop
      vertex   -3.656000e+01 3.307000e+01 0.000000e+00
      vertex   -3.392000e+01 3.307000e+01 0.000000e+00
      vertex   -6.300000e+01 3.307000e+01 -1.000000e+00
    endloop
  endfacet
  facet normal 0.000000e+00 1.000000e+00 1.421085e-14
    outer loop
      vertex   -6.300000e+01 3.307000e+01 -1.000000e+00
      vertex   -3.392000e+01 3.307000e+01 0.000000e+00
      vertex   -2.664000e+01 3.307000e+01 0.000000e+00
    endloop
  endfacet
  facet normal 4.306320e-16 1.000000e+00 -1.446923e-15
    outer loop
      vertex   -6.300000e+01 3.307000e+01 -1.000000e+00
      vertex   -2.664000e+01 3.307000e+01 0.000000e+00
      vertex   3.000000e+00 3.307000e+01 -1.000000e+00
    endloop
  endfacet
  facet normal 2.722386e-15 1.000000e+00 6.648067e-14
    outer loop
      vertex   3.000000e+00 3.307000e+01 -1.000000e+00
      vertex   -2.664000e+01 3.307000e+01 0.000000e+00
      vertex   -2.403000e+01 3.307000e+01 0.000000e+00
    endloop
  endfacet
  facet normal 0.000000e+00 1.000000e+00 -7.105427e-15
    outer loop
      vertex   3.000000e+00 3.307000e+01 -1.000000e+00
      vertex   -2.403000e+01 3.307000e+01 0.000000e+00
      vertex   -1.675000e+01 3.307000e+01 0.000000e+00
    endloop
  endfacet
  facet normal 0.000000e+00 1.000000e+00 -6.628197e-16
    outer loop
      vertex   -3.656000e+01 3.307000e+01 8.280000e+00
      vertex   -4.384000e+01 3.307000e+01 8.280000e+00
      vertex   -6.300000e+01 3.307000e+01 1.900000e+01
    endloop
  endfacet
  facet normal 4.322704e-16 1.000000e+00 1.097830e-16
    outer loop
      vertex   -6.300000e+01 3.307000e+01 1.900000e+01
      vertex   -4.384000e+01 3.307000e+01 8.280000e+00
      vertex   -5.900000e+01 3.307000e+01 3.250000e+00
    endloop
  endfacet
  facet normal 0.000000e+00 1.000000e+00 0.000000e+00
    outer loop
      vertex   -6.300000e+01 3.307000e+01 1.900000e+01
      vertex   -5.900000e+01 3.307000e+01 3.250000e+00
      vertex   -6.300000e+01 3.307000e+01 -1.000000e+00
    endloop
  endfacet
  facet normal 0.000000e+00 1.000000e+00 0.000000e+00
    outer loop
      vertex   -6.300000e+01 3.307000e+01 -1.000000e+00
      vertex   -5.900000e+01 3.307000e+01 3.250000e+00
      vertex   -5.900000e+01 3.307000e+01 0.000000e+00
    endloop
  endfacet
  facet normal 5.178883e-16 1.000000e+00 -2.071553e-15
    outer loop
      vertex   -6.300000e+01 3.307000e+01 -1.000000e+00
      vertex   -5.900000e+01 3.307000e+01 0.000000e+00
      vertex   -4.528000e+01 3.307000e+01 0.000000e+00
    endloop
  endfacet
  facet normal 5.178883e-16 1.000000e+00 -1.482623e-16
    outer loop
      vertex   -5.900000e+01 3.307000e+01 3.250000e+00
      vertex   -4.384000e+01 3.307000e+01 8.280000e+00
      vertex   -4.528000e+01 3.307000e+01 3.250000e+00
    endloop
  endfacet
  facet normal -0.000000e+00 1.000000e+00 0.000000e+00
    outer loop
      vertex   -4.528000e+01 3.307000e+01 3.250000e+00
      vertex   -4.384000e+01 3.307000e+01 8.280000e+00
      vertex   -4.384000e+01 3.307000e+01 0.000000e+00
    endloop
  endfacet
  facet normal 0.000000e+00 1.000000e+00 0.000000e+00
    outer loop
      vertex   -4.528000e+01 3.307000e+01 3.250000e+00
      vertex   -4.384000e+01 3.307000e+01 0.000000e+00
      vertex   -4.528000e+01 3.307000e+01 0.000000e+00
    endloop
  endfacet
  facet normal -0.000000e+00 1.000000e+00 7.105427e-15
    outer loop
      vertex   -4.528000e+01 3.307000e+01 0.000000e+00
      vertex   -4.384000e+01 3.307000e+01 0.000000e+00
      vertex   -6.300000e+01 3.307000e+01 -1.000000e+00
    endloop
  endfacet
  facet normal -0.000000e+00 1.000000e+00 7.105427e-15
    outer loop
      vertex   -4.384000e+01 3.307000e+01 0.000000e+00
      vertex   -3.656000e+01 3.307000e+01 0.000000e+00
      vertex   -6.300000e+01 3.307000e+01 -1.000000e+00
    endloop
  endfacet
  facet normal 6.812490e-16 1.000000e+00 0.000000e+00
    outer loop
      vertex   3.000000e+00 3.307000e+01 1.900000e+01
      vertex   3.000000e+00 3.307000e+01 -1.000000e+00
      vertex   -7.430000e+00 3.307000e+01 3.250000e+00
    endloop
  endfacet
  facet normal -4.440892e-15 -1.000000e+00 0.000000e+00
    outer loop
      vertex   2.000000e+00 0.000000e+00 3.250000e+00
      vertex   3.000000e+00 -4.440892e-15 3.250000e+00
      vertex   2.000000e+00 0.000000e+00 1.900000e+01
    endloop
  endfacet
  facet normal -4.440892e-15 -1.000000e+00 0.000000e+00
    outer loop
      vertex   2.000000e+00 0.000000e+00 1.900000e+01
      vertex   3.000000e+00 -4.440892e-15 3.250000e+00
      vertex   3.000000e+00 -4.440892e-15 1.900000e+01
    endloop
  endfacet
  facet normal -0.000000e+00 -0.000000e+00 1.000000e+00
    outer loop
      vertex   2.000000e+00 0.000000e+00 1.900000e+01
      vertex   3.000000e+00 -4.440892e-15 1.900000e+01
      vertex   2.000000e+00 3.207000e+01 1.900000e+01
    endloop
  endfacet
  facet normal -0.000000e+00 0.000000e+00 1.000000e+00
    outer loop
      vertex   2.000000e+00 3.207000e+01 1.900000e+01
      vertex   3.000000e+00 -4.440892e-15 1.900000e+01
      vertex   3.000000e+00 3.307000e+01 1.900000e+01
    endloop
  endfacet
  facet normal 0.000000e+00 -0.000000e+00 1.000000e+00
    outer loop
      vertex   2.000000e+00 3.207000e+01 1.900000e+01
      vertex   3.000000e+00 3.307000e+01 1.900000e+01
      vertex   -6.300000e+01 3.307000e+01 1.900000e+01
    endloop
  endfacet
  facet normal 0.000000e+00 0.000000e+00 1.000000e+00
    outer loop
      vertex   2.000000e+00 3.207000e+01 1.900000e+01
      vertex   -6.300000e+01 3.307000e+01 1.900000e+01
      vertex   -6.200000e+01 3.207000e+01 1.900000e+01
    endloop
  endfacet
  facet normal 0.000000e+00 0.000000e+00 1.000000e+00
    outer loop
      vertex   -6.200000e+01 3.207000e+01 1.900000e+01
      vertex   -6.300000e+01 3.307000e+01 1.900000e+01
      vertex   -6.300000e+01 7.105427e-14 1.900000e+01
    endloop
  endfacet
  facet normal 0.000000e+00 0.000000e+00 1.000000e+00
    outer loop
      vertex   -6.200000e+01 3.207000e+01 1.900000e+01
      vertex   -6.300000e+01 7.105427e-14 1.900000e+01
      vertex   -6.200000e+01 7.105427e-14 1.900000e+01
    endloop
  endfacet
endsolid
