solid ASCII
  facet normal 9.473903e-17 -1.000000e+00 0.000000e+00
    outer loop
      vertex   -7.434600e+01 3.788521e+01 -4.000000e+00
      vertex   6.540000e-01 3.788521e+01 -4.000000e+00
      vertex   -7.434600e+01 3.788521e+01 -3.000000e+00
    endloop
  endfacet
  facet normal 9.473903e-17 -1.000000e+00 0.000000e+00
    outer loop
      vertex   -7.434600e+01 3.788521e+01 -3.000000e+00
      vertex   6.540000e-01 3.788521e+01 -4.000000e+00
      vertex   6.540000e-01 3.788521e+01 -3.000000e+00
    endloop
  endfacet
  facet normal 1.305262e-01 9.914449e-01 0.000000e+00
    outer loop
      vertex   -7.434600e+01 3.588521e+01 -3.000000e+00
      vertex   -7.434600e+01 3.588521e+01 -4.000000e+00
      vertex   -7.460482e+01 3.591929e+01 -3.000000e+00
    endloop
  endfacet
  facet normal 1.305262e-01 9.914449e-01 0.000000e+00
    outer loop
      vertex   -7.460482e+01 3.591929e+01 -3.000000e+00
      vertex   -7.434600e+01 3.588521e+01 -4.000000e+00
      vertex   -7.460482e+01 3.591929e+01 -4.000000e+00
    endloop
  endfacet
  facet normal 3.826834e-01 9.238795e-01 0.000000e+00
    outer loop
      vertex   -7.460482e+01 3.591929e+01 -3.000000e+00
      vertex   -7.460482e+01 3.591929e+01 -4.000000e+00
      vertex   -7.484600e+01 3.601919e+01 -3.000000e+00
    endloop
  endfacet
  facet normal 3.826834e-01 9.238795e-01 0.000000e+00
    outer loop
      vertex   -7.484600e+01 3.601919e+01 -3.000000e+00
      vertex   -7.460482e+01 3.591929e+01 -4.000000e+00
      vertex   -7.484600e+01 3.601919e+01 -4.000000e+00
    endloop
  endfacet
  facet normal 6.087614e-01 7.933533e-01 0.000000e+00
    outer loop
      vertex   -7.484600e+01 3.601919e+01 -3.000000e+00
      vertex   -7.484600e+01 3.601919e+01 -4.000000e+00
      vertex   -7.505311e+01 3.617811e+01 -3.000000e+00
    endloop
  endfacet
  facet normal 6.087614e-01 7.933533e-01 0.000000e+00
    outer loop
      vertex   -7.505311e+01 3.617811e+01 -3.000000e+00
      vertex   -7.484600e+01 3.601919e+01 -4.000000e+00
      vertex   -7.505311e+01 3.617811e+01 -4.000000e+00
    endloop
  endfacet
  facet normal 7.933533e-01 6.087614e-01 0.000000e+00
    outer loop
      vertex   -7.505311e+01 3.617811e+01 -3.000000e+00
      vertex   -7.505311e+01 3.617811e+01 -4.000000e+00
      vertex   -7.521203e+01 3.638521e+01 -3.000000e+00
    endloop
  endfacet
  facet normal 7.933533e-01 6.087614e-01 0.000000e+00
    outer loop
      vertex   -7.521203e+01 3.638521e+01 -3.000000e+00
      vertex   -7.505311e+01 3.617811e+01 -4.000000e+00
      vertex   -7.521203e+01 3.638521e+01 -4.000000e+00
    endloop
  endfacet
  facet normal 9.238795e-01 3.826834e-01 0.000000e+00
    outer loop
      vertex   -7.521203e+01 3.638521e+01 -3.000000e+00
      vertex   -7.521203e+01 3.638521e+01 -4.000000e+00
      vertex   -7.531193e+01 3.662639e+01 -3.000000e+00
    endloop
  endfacet
  facet normal 9.238795e-01 3.826834e-01 0.000000e+00
    outer loop
      vertex   -7.531193e+01 3.662639e+01 -3.000000e+00
      vertex   -7.521203e+01 3.638521e+01 -4.000000e+00
      vertex   -7.531193e+01 3.662639e+01 -4.000000e+00
    endloop
  endfacet
  facet normal 9.914449e-01 1.305262e-01 0.000000e+00
    outer loop
      vertex   -7.531193e+01 3.662639e+01 -3.000000e+00
      vertex   -7.531193e+01 3.662639e+01 -4.000000e+00
      vertex   -7.534600e+01 3.688521e+01 -3.000000e+00
    endloop
  endfacet
  facet normal 9.914449e-01 1.305262e-01 0.000000e+00
    outer loop
      vertex   -7.534600e+01 3.688521e+01 -3.000000e+00
      vertex   -7.531193e+01 3.662639e+01 -4.000000e+00
      vertex   -7.534600e+01 3.688521e+01 -4.000000e+00
    endloop
  endfacet
  facet normal 9.914449e-01 -1.305262e-01 0.000000e+00
    outer loop
      vertex   -7.534600e+01 3.688521e+01 -3.000000e+00
      vertex   -7.534600e+01 3.688521e+01 -4.000000e+00
      vertex   -7.531193e+01 3.714403e+01 -3.000000e+00
    endloop
  endfacet
  facet normal 9.914449e-01 -1.305262e-01 0.000000e+00
    outer loop
      vertex   -7.531193e+01 3.714403e+01 -3.000000e+00
      vertex   -7.534600e+01 3.688521e+01 -4.000000e+00
      vertex   -7.531193e+01 3.714403e+01 -4.000000e+00
    endloop
  endfacet
  facet normal 9.238795e-01 -3.826834e-01 0.000000e+00
    outer loop
      vertex   -7.531193e+01 3.714403e+01 -3.000000e+00
      vertex   -7.531193e+01 3.714403e+01 -4.000000e+00
      vertex   -7.521203e+01 3.738521e+01 -3.000000e+00
    endloop
  endfacet
  facet normal 9.238795e-01 -3.826834e-01 -2.719129e-15
    outer loop
      vertex   -7.521203e+01 3.738521e+01 -3.000000e+00
      vertex   -7.531193e+01 3.714403e+01 -4.000000e+00
      vertex   -7.521203e+01 3.738521e+01 -4.000000e+00
    endloop
  endfacet
  facet normal 7.933533e-01 -6.087614e-01 -4.325510e-15
    outer loop
      vertex   -7.521203e+01 3.738521e+01 -3.000000e+00
      vertex   -7.521203e+01 3.738521e+01 -4.000000e+00
      vertex   -7.505311e+01 3.759232e+01 -3.000000e+00
    endloop
  endfacet
  facet normal 7.933533e-01 -6.087614e-01 0.000000e+00
    outer loop
      vertex   -7.505311e+01 3.759232e+01 -3.000000e+00
      vertex   -7.521203e+01 3.738521e+01 -4.000000e+00
      vertex   -7.505311e+01 3.759232e+01 -4.000000e+00
    endloop
  endfacet
  facet normal 6.087614e-01 -7.933533e-01 0.000000e+00
    outer loop
      vertex   -7.505311e+01 3.759232e+01 -3.000000e+00
      vertex   -7.505311e+01 3.759232e+01 -4.000000e+00
      vertex   -7.484600e+01 3.775124e+01 -3.000000e+00
    endloop
  endfacet
  facet normal 6.087614e-01 -7.933533e-01 0.000000e+00
    outer loop
      vertex   -7.484600e+01 3.775124e+01 -3.000000e+00
      vertex   -7.505311e+01 3.759232e+01 -4.000000e+00
      vertex   -7.484600e+01 3.775124e+01 -4.000000e+00
    endloop
  endfacet
  facet normal 3.826834e-01 -9.238795e-01 0.000000e+00
    outer loop
      vertex   -7.484600e+01 3.775124e+01 -3.000000e+00
      vertex   -7.484600e+01 3.775124e+01 -4.000000e+00
      vertex   -7.460482e+01 3.785114e+01 -3.000000e+00
    endloop
  endfacet
  facet normal 3.826834e-01 -9.238795e-01 -6.564559e-15
    outer loop
      vertex   -7.460482e+01 3.785114e+01 -3.000000e+00
      vertex   -7.484600e+01 3.775124e+01 -4.000000e+00
      vertex   -7.460482e+01 3.785114e+01 -4.000000e+00
    endloop
  endfacet
  facet normal 1.305262e-01 -9.914449e-01 -7.044639e-15
    outer loop
      vertex   -7.460482e+01 3.785114e+01 -3.000000e+00
      vertex   -7.460482e+01 3.785114e+01 -4.000000e+00
      vertex   -7.434600e+01 3.788521e+01 -3.000000e+00
    endloop
  endfacet
  facet normal 1.305262e-01 -9.914449e-01 0.000000e+00
    outer loop
      vertex   -7.434600e+01 3.788521e+01 -3.000000e+00
      vertex   -7.460482e+01 3.785114e+01 -4.000000e+00
      vertex   -7.434600e+01 3.788521e+01 -4.000000e+00
    endloop
  endfacet
  facet normal -9.473903e-17 1.000000e+00 0.000000e+00
    outer loop
      vertex   6.540000e-01 3.588521e+01 -4.000000e+00
      vertex   -7.434600e+01 3.588521e+01 -4.000000e+00
      vertex   6.540000e-01 3.588521e+01 -3.000000e+00
    endloop
  endfacet
  facet normal -9.473903e-17 1.000000e+00 0.000000e+00
    outer loop
      vertex   6.540000e-01 3.588521e+01 -3.000000e+00
      vertex   -7.434600e+01 3.588521e+01 -4.000000e+00
      vertex   -7.434600e+01 3.588521e+01 -3.000000e+00
    endloop
  endfacet
  facet normal -1.305262e-01 -9.914449e-01 -0.000000e+00
    outer loop
      vertex   6.540000e-01 3.788521e+01 -3.000000e+00
      vertex   6.540000e-01 3.788521e+01 -4.000000e+00
      vertex   9.128190e-01 3.785114e+01 -3.000000e+00
    endloop
  endfacet
  facet normal -1.305262e-01 -9.914449e-01 -0.000000e+00
    outer loop
      vertex   9.128190e-01 3.785114e+01 -3.000000e+00
      vertex   6.540000e-01 3.788521e+01 -4.000000e+00
      vertex   9.128190e-01 3.785114e+01 -4.000000e+00
    endloop
  endfacet
  facet normal -3.826834e-01 -9.238795e-01 -0.000000e+00
    outer loop
      vertex   9.128190e-01 3.785114e+01 -3.000000e+00
      vertex   9.128190e-01 3.785114e+01 -4.000000e+00
      vertex   1.154000e+00 3.775124e+01 -3.000000e+00
    endloop
  endfacet
  facet normal -3.826834e-01 -9.238795e-01 -1.699456e-16
    outer loop
      vertex   1.154000e+00 3.775124e+01 -3.000000e+00
      vertex   9.128190e-01 3.785114e+01 -4.000000e+00
      vertex   1.154000e+00 3.775124e+01 -4.000000e+00
    endloop
  endfacet
  facet normal -6.087614e-01 -7.933533e-01 -2.703444e-16
    outer loop
      vertex   1.154000e+00 3.775124e+01 -3.000000e+00
      vertex   1.154000e+00 3.775124e+01 -4.000000e+00
      vertex   1.361107e+00 3.759232e+01 -3.000000e+00
    endloop
  endfacet
  facet normal -6.087614e-01 -7.933533e-01 -0.000000e+00
    outer loop
      vertex   1.361107e+00 3.759232e+01 -3.000000e+00
      vertex   1.154000e+00 3.775124e+01 -4.000000e+00
      vertex   1.361107e+00 3.759232e+01 -4.000000e+00
    endloop
  endfacet
  facet normal -7.933533e-01 -6.087614e-01 -0.000000e+00
    outer loop
      vertex   1.361107e+00 3.759232e+01 -3.000000e+00
      vertex   1.361107e+00 3.759232e+01 -4.000000e+00
      vertex   1.520025e+00 3.738521e+01 -3.000000e+00
    endloop
  endfacet
  facet normal -7.933533e-01 -6.087614e-01 -0.000000e+00
    outer loop
      vertex   1.520025e+00 3.738521e+01 -3.000000e+00
      vertex   1.361107e+00 3.759232e+01 -4.000000e+00
      vertex   1.520025e+00 3.738521e+01 -4.000000e+00
    endloop
  endfacet
  facet normal -9.238795e-01 -3.826834e-01 -0.000000e+00
    outer loop
      vertex   1.520025e+00 3.738521e+01 -3.000000e+00
      vertex   1.520025e+00 3.738521e+01 -4.000000e+00
      vertex   1.619926e+00 3.714403e+01 -3.000000e+00
    endloop
  endfacet
  facet normal -9.238795e-01 -3.826834e-01 -0.000000e+00
    outer loop
      vertex   1.619926e+00 3.714403e+01 -3.000000e+00
      vertex   1.520025e+00 3.738521e+01 -4.000000e+00
      vertex   1.619926e+00 3.714403e+01 -4.000000e+00
    endloop
  endfacet
  facet normal -9.914449e-01 -1.305262e-01 -0.000000e+00
    outer loop
      vertex   1.619926e+00 3.714403e+01 -3.000000e+00
      vertex   1.619926e+00 3.714403e+01 -4.000000e+00
      vertex   1.654000e+00 3.688521e+01 -3.000000e+00
    endloop
  endfacet
  facet normal -9.914449e-01 -1.305262e-01 -0.000000e+00
    outer loop
      vertex   1.654000e+00 3.688521e+01 -3.000000e+00
      vertex   1.619926e+00 3.714403e+01 -4.000000e+00
      vertex   1.654000e+00 3.688521e+01 -4.000000e+00
    endloop
  endfacet
  facet normal -9.914449e-01 1.305262e-01 0.000000e+00
    outer loop
      vertex   1.654000e+00 3.688521e+01 -3.000000e+00
      vertex   1.654000e+00 3.688521e+01 -4.000000e+00
      vertex   1.619926e+00 3.662639e+01 -3.000000e+00
    endloop
  endfacet
  facet normal -9.914449e-01 1.305262e-01 0.000000e+00
    outer loop
      vertex   1.619926e+00 3.662639e+01 -3.000000e+00
      vertex   1.654000e+00 3.688521e+01 -4.000000e+00
      vertex   1.619926e+00 3.662639e+01 -4.000000e+00
    endloop
  endfacet
  facet normal -9.238795e-01 3.826834e-01 0.000000e+00
    outer loop
      vertex   1.619926e+00 3.662639e+01 -3.000000e+00
      vertex   1.619926e+00 3.662639e+01 -4.000000e+00
      vertex   1.520025e+00 3.638521e+01 -3.000000e+00
    endloop
  endfacet
  facet normal -9.238795e-01 3.826834e-01 -2.719129e-15
    outer loop
      vertex   1.520025e+00 3.638521e+01 -3.000000e+00
      vertex   1.619926e+00 3.662639e+01 -4.000000e+00
      vertex   1.520025e+00 3.638521e+01 -4.000000e+00
    endloop
  endfacet
  facet normal -7.933533e-01 6.087614e-01 -4.325510e-15
    outer loop
      vertex   1.520025e+00 3.638521e+01 -3.000000e+00
      vertex   1.520025e+00 3.638521e+01 -4.000000e+00
      vertex   1.361107e+00 3.617811e+01 -3.000000e+00
    endloop
  endfacet
  facet normal -7.933533e-01 6.087614e-01 0.000000e+00
    outer loop
      vertex   1.361107e+00 3.617811e+01 -3.000000e+00
      vertex   1.520025e+00 3.638521e+01 -4.000000e+00
      vertex   1.361107e+00 3.617811e+01 -4.000000e+00
    endloop
  endfacet
  facet normal -6.087614e-01 7.933533e-01 0.000000e+00
    outer loop
      vertex   1.361107e+00 3.617811e+01 -3.000000e+00
      vertex   1.361107e+00 3.617811e+01 -4.000000e+00
      vertex   1.154000e+00 3.601919e+01 -3.000000e+00
    endloop
  endfacet
  facet normal -6.087614e-01 7.933533e-01 2.703444e-16
    outer loop
      vertex   1.154000e+00 3.601919e+01 -3.000000e+00
      vertex   1.361107e+00 3.617811e+01 -4.000000e+00
      vertex   1.154000e+00 3.601919e+01 -4.000000e+00
    endloop
  endfacet
  facet normal -3.826834e-01 9.238795e-01 1.699456e-16
    outer loop
      vertex   1.154000e+00 3.601919e+01 -3.000000e+00
      vertex   1.154000e+00 3.601919e+01 -4.000000e+00
      vertex   9.128190e-01 3.591929e+01 -3.000000e+00
    endloop
  endfacet
  facet normal -3.826834e-01 9.238795e-01 4.248640e-17
    outer loop
      vertex   9.128190e-01 3.591929e+01 -3.000000e+00
      vertex   1.154000e+00 3.601919e+01 -4.000000e+00
      vertex   9.128190e-01 3.591929e+01 -4.000000e+00
    endloop
  endfacet
  facet normal -1.305262e-01 9.914449e-01 1.449132e-17
    outer loop
      vertex   9.128190e-01 3.591929e+01 -3.000000e+00
      vertex   9.128190e-01 3.591929e+01 -4.000000e+00
      vertex   6.540000e-01 3.588521e+01 -3.000000e+00
    endloop
  endfacet
  facet normal -1.305262e-01 9.914449e-01 0.000000e+00
    outer loop
      vertex   6.540000e-01 3.588521e+01 -3.000000e+00
      vertex   9.128190e-01 3.591929e+01 -4.000000e+00
      vertex   6.540000e-01 3.588521e+01 -4.000000e+00
    endloop
  endfacet
  facet normal 9.473903e-17 -1.000000e+00 0.000000e+00
    outer loop
      vertex   -7.434600e+01 2.188521e+01 -4.000000e+00
      vertex   6.540000e-01 2.188521e+01 -4.000000e+00
      vertex   -7.434600e+01 2.188521e+01 -3.000000e+00
    endloop
  endfacet
  facet normal 9.473903e-17 -1.000000e+00 0.000000e+00
    outer loop
      vertex   -7.434600e+01 2.188521e+01 -3.000000e+00
      vertex   6.540000e-01 2.188521e+01 -4.000000e+00
      vertex   6.540000e-01 2.188521e+01 -3.000000e+00
    endloop
  endfacet
  facet normal 1.305262e-01 9.914449e-01 0.000000e+00
    outer loop
      vertex   -7.434600e+01 1.988521e+01 -3.000000e+00
      vertex   -7.434600e+01 1.988521e+01 -4.000000e+00
      vertex   -7.460482e+01 1.991929e+01 -3.000000e+00
    endloop
  endfacet
  facet normal 1.305262e-01 9.914449e-01 0.000000e+00
    outer loop
      vertex   -7.460482e+01 1.991929e+01 -3.000000e+00
      vertex   -7.434600e+01 1.988521e+01 -4.000000e+00
      vertex   -7.460482e+01 1.991929e+01 -4.000000e+00
    endloop
  endfacet
  facet normal 3.826834e-01 9.238795e-01 0.000000e+00
    outer loop
      vertex   -7.460482e+01 1.991929e+01 -3.000000e+00
      vertex   -7.460482e+01 1.991929e+01 -4.000000e+00
      vertex   -7.484600e+01 2.001919e+01 -3.000000e+00
    endloop
  endfacet
  facet normal 3.826834e-01 9.238795e-01 0.000000e+00
    outer loop
      vertex   -7.484600e+01 2.001919e+01 -3.000000e+00
      vertex   -7.460482e+01 1.991929e+01 -4.000000e+00
      vertex   -7.484600e+01 2.001919e+01 -4.000000e+00
    endloop
  endfacet
  facet normal 6.087614e-01 7.933533e-01 0.000000e+00
    outer loop
      vertex   -7.484600e+01 2.001919e+01 -3.000000e+00
      vertex   -7.484600e+01 2.001919e+01 -4.000000e+00
      vertex   -7.505311e+01 2.017811e+01 -3.000000e+00
    endloop
  endfacet
  facet normal 6.087614e-01 7.933533e-01 0.000000e+00
    outer loop
      vertex   -7.505311e+01 2.017811e+01 -3.000000e+00
      vertex   -7.484600e+01 2.001919e+01 -4.000000e+00
      vertex   -7.505311e+01 2.017811e+01 -4.000000e+00
    endloop
  endfacet
  facet normal 7.933533e-01 6.087614e-01 0.000000e+00
    outer loop
      vertex   -7.505311e+01 2.017811e+01 -3.000000e+00
      vertex   -7.505311e+01 2.017811e+01 -4.000000e+00
      vertex   -7.521203e+01 2.038521e+01 -3.000000e+00
    endloop
  endfacet
  facet normal 7.933533e-01 6.087614e-01 2.162755e-15
    outer loop
      vertex   -7.521203e+01 2.038521e+01 -3.000000e+00
      vertex   -7.505311e+01 2.017811e+01 -4.000000e+00
      vertex   -7.521203e+01 2.038521e+01 -4.000000e+00
    endloop
  endfacet
  facet normal 9.238795e-01 3.826834e-01 1.359565e-15
    outer loop
      vertex   -7.521203e+01 2.038521e+01 -3.000000e+00
      vertex   -7.521203e+01 2.038521e+01 -4.000000e+00
      vertex   -7.531193e+01 2.062639e+01 -3.000000e+00
    endloop
  endfacet
  facet normal 9.238795e-01 3.826834e-01 0.000000e+00
    outer loop
      vertex   -7.531193e+01 2.062639e+01 -3.000000e+00
      vertex   -7.521203e+01 2.038521e+01 -4.000000e+00
      vertex   -7.531193e+01 2.062639e+01 -4.000000e+00
    endloop
  endfacet
  facet normal 9.914449e-01 1.305262e-01 0.000000e+00
    outer loop
      vertex   -7.531193e+01 2.062639e+01 -3.000000e+00
      vertex   -7.531193e+01 2.062639e+01 -4.000000e+00
      vertex   -7.534600e+01 2.088521e+01 -3.000000e+00
    endloop
  endfacet
  facet normal 9.914449e-01 1.305262e-01 0.000000e+00
    outer loop
      vertex   -7.534600e+01 2.088521e+01 -3.000000e+00
      vertex   -7.531193e+01 2.062639e+01 -4.000000e+00
      vertex   -7.534600e+01 2.088521e+01 -4.000000e+00
    endloop
  endfacet
  facet normal 9.914449e-01 -1.305262e-01 0.000000e+00
    outer loop
      vertex   -7.534600e+01 2.088521e+01 -3.000000e+00
      vertex   -7.534600e+01 2.088521e+01 -4.000000e+00
      vertex   -7.531193e+01 2.114403e+01 -3.000000e+00
    endloop
  endfacet
  facet normal 9.914449e-01 -1.305262e-01 0.000000e+00
    outer loop
      vertex   -7.531193e+01 2.114403e+01 -3.000000e+00
      vertex   -7.534600e+01 2.088521e+01 -4.000000e+00
      vertex   -7.531193e+01 2.114403e+01 -4.000000e+00
    endloop
  endfacet
  facet normal 9.238795e-01 -3.826834e-01 0.000000e+00
    outer loop
      vertex   -7.531193e+01 2.114403e+01 -3.000000e+00
      vertex   -7.531193e+01 2.114403e+01 -4.000000e+00
      vertex   -7.521203e+01 2.138521e+01 -3.000000e+00
    endloop
  endfacet
  facet normal 9.238795e-01 -3.826834e-01 -1.359565e-15
    outer loop
      vertex   -7.521203e+01 2.138521e+01 -3.000000e+00
      vertex   -7.531193e+01 2.114403e+01 -4.000000e+00
      vertex   -7.521203e+01 2.138521e+01 -4.000000e+00
    endloop
  endfacet
  facet normal 7.933533e-01 -6.087614e-01 -2.162755e-15
    outer loop
      vertex   -7.521203e+01 2.138521e+01 -3.000000e+00
      vertex   -7.521203e+01 2.138521e+01 -4.000000e+00
      vertex   -7.505311e+01 2.159232e+01 -3.000000e+00
    endloop
  endfacet
  facet normal 7.933533e-01 -6.087614e-01 0.000000e+00
    outer loop
      vertex   -7.505311e+01 2.159232e+01 -3.000000e+00
      vertex   -7.521203e+01 2.138521e+01 -4.000000e+00
      vertex   -7.505311e+01 2.159232e+01 -4.000000e+00
    endloop
  endfacet
  facet normal 6.087614e-01 -7.933533e-01 0.000000e+00
    outer loop
      vertex   -7.505311e+01 2.159232e+01 -3.000000e+00
      vertex   -7.505311e+01 2.159232e+01 -4.000000e+00
      vertex   -7.484600e+01 2.175124e+01 -3.000000e+00
    endloop
  endfacet
  facet normal 6.087614e-01 -7.933533e-01 0.000000e+00
    outer loop
      vertex   -7.484600e+01 2.175124e+01 -3.000000e+00
      vertex   -7.505311e+01 2.159232e+01 -4.000000e+00
      vertex   -7.484600e+01 2.175124e+01 -4.000000e+00
    endloop
  endfacet
  facet normal 3.826834e-01 -9.238795e-01 0.000000e+00
    outer loop
      vertex   -7.484600e+01 2.175124e+01 -3.000000e+00
      vertex   -7.484600e+01 2.175124e+01 -4.000000e+00
      vertex   -7.460482e+01 2.185114e+01 -3.000000e+00
    endloop
  endfacet
  facet normal 3.826834e-01 -9.238795e-01 0.000000e+00
    outer loop
      vertex   -7.460482e+01 2.185114e+01 -3.000000e+00
      vertex   -7.484600e+01 2.175124e+01 -4.000000e+00
      vertex   -7.460482e+01 2.185114e+01 -4.000000e+00
    endloop
  endfacet
  facet normal 1.305262e-01 -9.914449e-01 0.000000e+00
    outer loop
      vertex   -7.460482e+01 2.185114e+01 -3.000000e+00
      vertex   -7.460482e+01 2.185114e+01 -4.000000e+00
      vertex   -7.434600e+01 2.188521e+01 -3.000000e+00
    endloop
  endfacet
  facet normal 1.305262e-01 -9.914449e-01 0.000000e+00
    outer loop
      vertex   -7.434600e+01 2.188521e+01 -3.000000e+00
      vertex   -7.460482e+01 2.185114e+01 -4.000000e+00
      vertex   -7.434600e+01 2.188521e+01 -4.000000e+00
    endloop
  endfacet
  facet normal -4.736952e-17 1.000000e+00 0.000000e+00
    outer loop
      vertex   6.540000e-01 1.988521e+01 -4.000000e+00
      vertex   -7.434600e+01 1.988521e+01 -4.000000e+00
      vertex   6.540000e-01 1.988521e+01 -3.000000e+00
    endloop
  endfacet
  facet normal -4.736952e-17 1.000000e+00 0.000000e+00
    outer loop
      vertex   6.540000e-01 1.988521e+01 -3.000000e+00
      vertex   -7.434600e+01 1.988521e+01 -4.000000e+00
      vertex   -7.434600e+01 1.988521e+01 -3.000000e+00
    endloop
  endfacet
  facet normal -1.305262e-01 -9.914449e-01 -0.000000e+00
    outer loop
      vertex   6.540000e-01 2.188521e+01 -3.000000e+00
      vertex   6.540000e-01 2.188521e+01 -4.000000e+00
      vertex   9.128190e-01 2.185114e+01 -3.000000e+00
    endloop
  endfacet
  facet normal -1.305262e-01 -9.914449e-01 -0.000000e+00
    outer loop
      vertex   9.128190e-01 2.185114e+01 -3.000000e+00
      vertex   6.540000e-01 2.188521e+01 -4.000000e+00
      vertex   9.128190e-01 2.185114e+01 -4.000000e+00
    endloop
  endfacet
  facet normal -3.826834e-01 -9.238795e-01 -0.000000e+00
    outer loop
      vertex   9.128190e-01 2.185114e+01 -3.000000e+00
      vertex   9.128190e-01 2.185114e+01 -4.000000e+00
      vertex   1.154000e+00 2.175124e+01 -3.000000e+00
    endloop
  endfacet
  facet normal -3.826834e-01 -9.238795e-01 -1.699456e-16
    outer loop
      vertex   1.154000e+00 2.175124e+01 -3.000000e+00
      vertex   9.128190e-01 2.185114e+01 -4.000000e+00
      vertex   1.154000e+00 2.175124e+01 -4.000000e+00
    endloop
  endfacet
  facet normal -6.087614e-01 -7.933533e-01 -2.703444e-16
    outer loop
      vertex   1.154000e+00 2.175124e+01 -3.000000e+00
      vertex   1.154000e+00 2.175124e+01 -4.000000e+00
      vertex   1.361107e+00 2.159232e+01 -3.000000e+00
    endloop
  endfacet
  facet normal -6.087614e-01 -7.933533e-01 -0.000000e+00
    outer loop
      vertex   1.361107e+00 2.159232e+01 -3.000000e+00
      vertex   1.154000e+00 2.175124e+01 -4.000000e+00
      vertex   1.361107e+00 2.159232e+01 -4.000000e+00
    endloop
  endfacet
  facet normal -7.933533e-01 -6.087614e-01 -0.000000e+00
    outer loop
      vertex   1.361107e+00 2.159232e+01 -3.000000e+00
      vertex   1.361107e+00 2.159232e+01 -4.000000e+00
      vertex   1.520025e+00 2.138521e+01 -3.000000e+00
    endloop
  endfacet
  facet normal -7.933533e-01 -6.087614e-01 2.162755e-15
    outer loop
      vertex   1.520025e+00 2.138521e+01 -3.000000e+00
      vertex   1.361107e+00 2.159232e+01 -4.000000e+00
      vertex   1.520025e+00 2.138521e+01 -4.000000e+00
    endloop
  endfacet
  facet normal -9.238795e-01 -3.826834e-01 1.359565e-15
    outer loop
      vertex   1.520025e+00 2.138521e+01 -3.000000e+00
      vertex   1.520025e+00 2.138521e+01 -4.000000e+00
      vertex   1.619926e+00 2.114403e+01 -3.000000e+00
    endloop
  endfacet
  facet normal -9.238795e-01 -3.826834e-01 -0.000000e+00
    outer loop
      vertex   1.619926e+00 2.114403e+01 -3.000000e+00
      vertex   1.520025e+00 2.138521e+01 -4.000000e+00
      vertex   1.619926e+00 2.114403e+01 -4.000000e+00
    endloop
  endfacet
  facet normal -9.914449e-01 -1.305262e-01 -0.000000e+00
    outer loop
      vertex   1.619926e+00 2.114403e+01 -3.000000e+00
      vertex   1.619926e+00 2.114403e+01 -4.000000e+00
      vertex   1.654000e+00 2.088521e+01 -3.000000e+00
    endloop
  endfacet
  facet normal -9.914449e-01 -1.305262e-01 -0.000000e+00
    outer loop
      vertex   1.654000e+00 2.088521e+01 -3.000000e+00
      vertex   1.619926e+00 2.114403e+01 -4.000000e+00
      vertex   1.654000e+00 2.088521e+01 -4.000000e+00
    endloop
  endfacet
  facet normal -9.914449e-01 1.305262e-01 0.000000e+00
    outer loop
      vertex   1.654000e+00 2.088521e+01 -3.000000e+00
      vertex   1.654000e+00 2.088521e+01 -4.000000e+00
      vertex   1.619926e+00 2.062639e+01 -3.000000e+00
    endloop
  endfacet
  facet normal -9.914449e-01 1.305262e-01 0.000000e+00
    outer loop
      vertex   1.619926e+00 2.062639e+01 -3.000000e+00
      vertex   1.654000e+00 2.088521e+01 -4.000000e+00
      vertex   1.619926e+00 2.062639e+01 -4.000000e+00
    endloop
  endfacet
  facet normal -9.238795e-01 3.826834e-01 0.000000e+00
    outer loop
      vertex   1.619926e+00 2.062639e+01 -3.000000e+00
      vertex   1.619926e+00 2.062639e+01 -4.000000e+00
      vertex   1.520025e+00 2.038521e+01 -3.000000e+00
    endloop
  endfacet
  facet normal -9.238795e-01 3.826834e-01 -2.719129e-15
    outer loop
      vertex   1.520025e+00 2.038521e+01 -3.000000e+00
      vertex   1.619926e+00 2.062639e+01 -4.000000e+00
      vertex   1.520025e+00 2.038521e+01 -4.000000e+00
    endloop
  endfacet
  facet normal -7.933533e-01 6.087614e-01 -4.325510e-15
    outer loop
      vertex   1.520025e+00 2.038521e+01 -3.000000e+00
      vertex   1.520025e+00 2.038521e+01 -4.000000e+00
      vertex   1.361107e+00 2.017811e+01 -3.000000e+00
    endloop
  endfacet
  facet normal -7.933533e-01 6.087614e-01 0.000000e+00
    outer loop
      vertex   1.361107e+00 2.017811e+01 -3.000000e+00
      vertex   1.520025e+00 2.038521e+01 -4.000000e+00
      vertex   1.361107e+00 2.017811e+01 -4.000000e+00
    endloop
  endfacet
  facet normal -6.087614e-01 7.933533e-01 0.000000e+00
    outer loop
      vertex   1.361107e+00 2.017811e+01 -3.000000e+00
      vertex   1.361107e+00 2.017811e+01 -4.000000e+00
      vertex   1.154000e+00 2.001919e+01 -3.000000e+00
    endloop
  endfacet
  facet normal -6.087614e-01 7.933533e-01 2.703444e-16
    outer loop
      vertex   1.154000e+00 2.001919e+01 -3.000000e+00
      vertex   1.361107e+00 2.017811e+01 -4.000000e+00
      vertex   1.154000e+00 2.001919e+01 -4.000000e+00
    endloop
  endfacet
  facet normal -3.826834e-01 9.238795e-01 1.699456e-16
    outer loop
      vertex   1.154000e+00 2.001919e+01 -3.000000e+00
      vertex   1.154000e+00 2.001919e+01 -4.000000e+00
      vertex   9.128190e-01 1.991929e+01 -3.000000e+00
    endloop
  endfacet
  facet normal -3.826834e-01 9.238795e-01 4.248640e-17
    outer loop
      vertex   9.128190e-01 1.991929e+01 -3.000000e+00
      vertex   1.154000e+00 2.001919e+01 -4.000000e+00
      vertex   9.128190e-01 1.991929e+01 -4.000000e+00
    endloop
  endfacet
  facet normal -1.305262e-01 9.914449e-01 1.449132e-17
    outer loop
      vertex   9.128190e-01 1.991929e+01 -3.000000e+00
      vertex   9.128190e-01 1.991929e+01 -4.000000e+00
      vertex   6.540000e-01 1.988521e+01 -3.000000e+00
    endloop
  endfacet
  facet normal -1.305262e-01 9.914449e-01 0.000000e+00
    outer loop
      vertex   6.540000e-01 1.988521e+01 -3.000000e+00
      vertex   9.128190e-01 1.991929e+01 -4.000000e+00
      vertex   6.540000e-01 1.988521e+01 -4.000000e+00
    endloop
  endfacet
  facet normal -2.368476e-17 1.000000e+00 0.000000e+00
    outer loop
      vertex   6.540000e-01 7.885214e+00 -4.000000e+00
      vertex   -7.434600e+01 7.885214e+00 -4.000000e+00
      vertex   6.540000e-01 7.885214e+00 -3.000000e+00
    endloop
  endfacet
  facet normal -2.368476e-17 1.000000e+00 0.000000e+00
    outer loop
      vertex   6.540000e-01 7.885214e+00 -3.000000e+00
      vertex   -7.434600e+01 7.885214e+00 -4.000000e+00
      vertex   -7.434600e+01 7.885214e+00 -3.000000e+00
    endloop
  endfacet
  facet normal -1.305262e-01 -9.914449e-01 -0.000000e+00
    outer loop
      vertex   6.540000e-01 9.885214e+00 -3.000000e+00
      vertex   6.540000e-01 9.885214e+00 -4.000000e+00
      vertex   9.128190e-01 9.851140e+00 -3.000000e+00
    endloop
  endfacet
  facet normal -1.305262e-01 -9.914449e-01 -0.000000e+00
    outer loop
      vertex   9.128190e-01 9.851140e+00 -3.000000e+00
      vertex   6.540000e-01 9.885214e+00 -4.000000e+00
      vertex   9.128190e-01 9.851140e+00 -4.000000e+00
    endloop
  endfacet
  facet normal -3.826834e-01 -9.238795e-01 -0.000000e+00
    outer loop
      vertex   9.128190e-01 9.851140e+00 -3.000000e+00
      vertex   9.128190e-01 9.851140e+00 -4.000000e+00
      vertex   1.154000e+00 9.751239e+00 -3.000000e+00
    endloop
  endfacet
  facet normal -3.826834e-01 -9.238795e-01 -8.497279e-17
    outer loop
      vertex   1.154000e+00 9.751239e+00 -3.000000e+00
      vertex   9.128190e-01 9.851140e+00 -4.000000e+00
      vertex   1.154000e+00 9.751239e+00 -4.000000e+00
    endloop
  endfacet
  facet normal -6.087614e-01 -7.933533e-01 -1.351722e-16
    outer loop
      vertex   1.154000e+00 9.751239e+00 -3.000000e+00
      vertex   1.154000e+00 9.751239e+00 -4.000000e+00
      vertex   1.361107e+00 9.592321e+00 -3.000000e+00
    endloop
  endfacet
  facet normal -6.087614e-01 -7.933533e-01 -0.000000e+00
    outer loop
      vertex   1.361107e+00 9.592321e+00 -3.000000e+00
      vertex   1.154000e+00 9.751239e+00 -4.000000e+00
      vertex   1.361107e+00 9.592321e+00 -4.000000e+00
    endloop
  endfacet
  facet normal -7.933533e-01 -6.087614e-01 -0.000000e+00
    outer loop
      vertex   1.361107e+00 9.592321e+00 -3.000000e+00
      vertex   1.361107e+00 9.592321e+00 -4.000000e+00
      vertex   1.520025e+00 9.385214e+00 -3.000000e+00
    endloop
  endfacet
  facet normal -7.933533e-01 -6.087614e-01 1.081378e-15
    outer loop
      vertex   1.520025e+00 9.385214e+00 -3.000000e+00
      vertex   1.361107e+00 9.592321e+00 -4.000000e+00
      vertex   1.520025e+00 9.385214e+00 -4.000000e+00
    endloop
  endfacet
  facet normal -9.238795e-01 -3.826834e-01 6.797823e-16
    outer loop
      vertex   1.520025e+00 9.385214e+00 -3.000000e+00
      vertex   1.520025e+00 9.385214e+00 -4.000000e+00
      vertex   1.619926e+00 9.144033e+00 -3.000000e+00
    endloop
  endfacet
  facet normal -9.238795e-01 -3.826834e-01 -0.000000e+00
    outer loop
      vertex   1.619926e+00 9.144033e+00 -3.000000e+00
      vertex   1.520025e+00 9.385214e+00 -4.000000e+00
      vertex   1.619926e+00 9.144033e+00 -4.000000e+00
    endloop
  endfacet
  facet normal -9.914449e-01 -1.305262e-01 -0.000000e+00
    outer loop
      vertex   1.619926e+00 9.144033e+00 -3.000000e+00
      vertex   1.619926e+00 9.144033e+00 -4.000000e+00
      vertex   1.654000e+00 8.885214e+00 -3.000000e+00
    endloop
  endfacet
  facet normal -9.914449e-01 -1.305262e-01 -0.000000e+00
    outer loop
      vertex   1.654000e+00 8.885214e+00 -3.000000e+00
      vertex   1.619926e+00 9.144033e+00 -4.000000e+00
      vertex   1.654000e+00 8.885214e+00 -4.000000e+00
    endloop
  endfacet
  facet normal -9.914449e-01 1.305262e-01 0.000000e+00
    outer loop
      vertex   1.654000e+00 8.885214e+00 -3.000000e+00
      vertex   1.654000e+00 8.885214e+00 -4.000000e+00
      vertex   1.619926e+00 8.626395e+00 -3.000000e+00
    endloop
  endfacet
  facet normal -9.914449e-01 1.305262e-01 0.000000e+00
    outer loop
      vertex   1.619926e+00 8.626395e+00 -3.000000e+00
      vertex   1.654000e+00 8.885214e+00 -4.000000e+00
      vertex   1.619926e+00 8.626395e+00 -4.000000e+00
    endloop
  endfacet
  facet normal -9.238795e-01 3.826834e-01 0.000000e+00
    outer loop
      vertex   1.619926e+00 8.626395e+00 -3.000000e+00
      vertex   1.619926e+00 8.626395e+00 -4.000000e+00
      vertex   1.520025e+00 8.385214e+00 -3.000000e+00
    endloop
  endfacet
  facet normal -9.238795e-01 3.826834e-01 0.000000e+00
    outer loop
      vertex   1.520025e+00 8.385214e+00 -3.000000e+00
      vertex   1.619926e+00 8.626395e+00 -4.000000e+00
      vertex   1.520025e+00 8.385214e+00 -4.000000e+00
    endloop
  endfacet
  facet normal -7.933533e-01 6.087614e-01 0.000000e+00
    outer loop
      vertex   1.520025e+00 8.385214e+00 -3.000000e+00
      vertex   1.520025e+00 8.385214e+00 -4.000000e+00
      vertex   1.361107e+00 8.178107e+00 -3.000000e+00
    endloop
  endfacet
  facet normal -7.933533e-01 6.087614e-01 0.000000e+00
    outer loop
      vertex   1.361107e+00 8.178107e+00 -3.000000e+00
      vertex   1.520025e+00 8.385214e+00 -4.000000e+00
      vertex   1.361107e+00 8.178107e+00 -4.000000e+00
    endloop
  endfacet
  facet normal -6.087614e-01 7.933533e-01 0.000000e+00
    outer loop
      vertex   1.361107e+00 8.178107e+00 -3.000000e+00
      vertex   1.361107e+00 8.178107e+00 -4.000000e+00
      vertex   1.154000e+00 8.019189e+00 -3.000000e+00
    endloop
  endfacet
  facet normal -6.087614e-01 7.933533e-01 1.351722e-16
    outer loop
      vertex   1.154000e+00 8.019189e+00 -3.000000e+00
      vertex   1.361107e+00 8.178107e+00 -4.000000e+00
      vertex   1.154000e+00 8.019189e+00 -4.000000e+00
    endloop
  endfacet
  facet normal -3.826834e-01 9.238795e-01 8.497279e-17
    outer loop
      vertex   1.154000e+00 8.019189e+00 -3.000000e+00
      vertex   1.154000e+00 8.019189e+00 -4.000000e+00
      vertex   9.128190e-01 7.919288e+00 -3.000000e+00
    endloop
  endfacet
  facet normal -3.826834e-01 9.238795e-01 4.248640e-17
    outer loop
      vertex   9.128190e-01 7.919288e+00 -3.000000e+00
      vertex   1.154000e+00 8.019189e+00 -4.000000e+00
      vertex   9.128190e-01 7.919288e+00 -4.000000e+00
    endloop
  endfacet
  facet normal -1.305262e-01 9.914449e-01 1.449132e-17
    outer loop
      vertex   9.128190e-01 7.919288e+00 -3.000000e+00
      vertex   9.128190e-01 7.919288e+00 -4.000000e+00
      vertex   6.540000e-01 7.885214e+00 -3.000000e+00
    endloop
  endfacet
  facet normal -1.305262e-01 9.914449e-01 0.000000e+00
    outer loop
      vertex   6.540000e-01 7.885214e+00 -3.000000e+00
      vertex   9.128190e-01 7.919288e+00 -4.000000e+00
      vertex   6.540000e-01 7.885214e+00 -4.000000e+00
    endloop
  endfacet
  facet normal 2.368476e-17 -1.000000e+00 0.000000e+00
    outer loop
      vertex   -7.434600e+01 9.885214e+00 -4.000000e+00
      vertex   6.540000e-01 9.885214e+00 -4.000000e+00
      vertex   -7.434600e+01 9.885214e+00 -3.000000e+00
    endloop
  endfacet
  facet normal 2.368476e-17 -1.000000e+00 0.000000e+00
    outer loop
      vertex   -7.434600e+01 9.885214e+00 -3.000000e+00
      vertex   6.540000e-01 9.885214e+00 -4.000000e+00
      vertex   6.540000e-01 9.885214e+00 -3.000000e+00
    endloop
  endfacet
  facet normal 1.305262e-01 9.914449e-01 0.000000e+00
    outer loop
      vertex   -7.434600e+01 7.885214e+00 -3.000000e+00
      vertex   -7.434600e+01 7.885214e+00 -4.000000e+00
      vertex   -7.460482e+01 7.919288e+00 -3.000000e+00
    endloop
  endfacet
  facet normal 1.305262e-01 9.914449e-01 0.000000e+00
    outer loop
      vertex   -7.460482e+01 7.919288e+00 -3.000000e+00
      vertex   -7.434600e+01 7.885214e+00 -4.000000e+00
      vertex   -7.460482e+01 7.919288e+00 -4.000000e+00
    endloop
  endfacet
  facet normal 3.826834e-01 9.238795e-01 0.000000e+00
    outer loop
      vertex   -7.460482e+01 7.919288e+00 -3.000000e+00
      vertex   -7.460482e+01 7.919288e+00 -4.000000e+00
      vertex   -7.484600e+01 8.019189e+00 -3.000000e+00
    endloop
  endfacet
  facet normal 3.826834e-01 9.238795e-01 0.000000e+00
    outer loop
      vertex   -7.484600e+01 8.019189e+00 -3.000000e+00
      vertex   -7.460482e+01 7.919288e+00 -4.000000e+00
      vertex   -7.484600e+01 8.019189e+00 -4.000000e+00
    endloop
  endfacet
  facet normal 6.087614e-01 7.933533e-01 0.000000e+00
    outer loop
      vertex   -7.484600e+01 8.019189e+00 -3.000000e+00
      vertex   -7.484600e+01 8.019189e+00 -4.000000e+00
      vertex   -7.505311e+01 8.178107e+00 -3.000000e+00
    endloop
  endfacet
  facet normal 6.087614e-01 7.933533e-01 0.000000e+00
    outer loop
      vertex   -7.505311e+01 8.178107e+00 -3.000000e+00
      vertex   -7.484600e+01 8.019189e+00 -4.000000e+00
      vertex   -7.505311e+01 8.178107e+00 -4.000000e+00
    endloop
  endfacet
  facet normal 7.933533e-01 6.087614e-01 0.000000e+00
    outer loop
      vertex   -7.505311e+01 8.178107e+00 -3.000000e+00
      vertex   -7.505311e+01 8.178107e+00 -4.000000e+00
      vertex   -7.521203e+01 8.385214e+00 -3.000000e+00
    endloop
  endfacet
  facet normal 7.933533e-01 6.087614e-01 1.081378e-15
    outer loop
      vertex   -7.521203e+01 8.385214e+00 -3.000000e+00
      vertex   -7.505311e+01 8.178107e+00 -4.000000e+00
      vertex   -7.521203e+01 8.385214e+00 -4.000000e+00
    endloop
  endfacet
  facet normal 9.238795e-01 3.826834e-01 6.797823e-16
    outer loop
      vertex   -7.521203e+01 8.385214e+00 -3.000000e+00
      vertex   -7.521203e+01 8.385214e+00 -4.000000e+00
      vertex   -7.531193e+01 8.626395e+00 -3.000000e+00
    endloop
  endfacet
  facet normal 9.238795e-01 3.826834e-01 0.000000e+00
    outer loop
      vertex   -7.531193e+01 8.626395e+00 -3.000000e+00
      vertex   -7.521203e+01 8.385214e+00 -4.000000e+00
      vertex   -7.531193e+01 8.626395e+00 -4.000000e+00
    endloop
  endfacet
  facet normal 9.914449e-01 1.305262e-01 0.000000e+00
    outer loop
      vertex   -7.531193e+01 8.626395e+00 -3.000000e+00
      vertex   -7.531193e+01 8.626395e+00 -4.000000e+00
      vertex   -7.534600e+01 8.885214e+00 -3.000000e+00
    endloop
  endfacet
  facet normal 9.914449e-01 1.305262e-01 0.000000e+00
    outer loop
      vertex   -7.534600e+01 8.885214e+00 -3.000000e+00
      vertex   -7.531193e+01 8.626395e+00 -4.000000e+00
      vertex   -7.534600e+01 8.885214e+00 -4.000000e+00
    endloop
  endfacet
  facet normal 9.914449e-01 -1.305262e-01 0.000000e+00
    outer loop
      vertex   -7.534600e+01 8.885214e+00 -3.000000e+00
      vertex   -7.534600e+01 8.885214e+00 -4.000000e+00
      vertex   -7.531193e+01 9.144033e+00 -3.000000e+00
    endloop
  endfacet
  facet normal 9.914449e-01 -1.305262e-01 0.000000e+00
    outer loop
      vertex   -7.531193e+01 9.144033e+00 -3.000000e+00
      vertex   -7.534600e+01 8.885214e+00 -4.000000e+00
      vertex   -7.531193e+01 9.144033e+00 -4.000000e+00
    endloop
  endfacet
  facet normal 9.238795e-01 -3.826834e-01 0.000000e+00
    outer loop
      vertex   -7.531193e+01 9.144033e+00 -3.000000e+00
      vertex   -7.531193e+01 9.144033e+00 -4.000000e+00
      vertex   -7.521203e+01 9.385214e+00 -3.000000e+00
    endloop
  endfacet
  facet normal 9.238795e-01 -3.826834e-01 -6.797823e-16
    outer loop
      vertex   -7.521203e+01 9.385214e+00 -3.000000e+00
      vertex   -7.531193e+01 9.144033e+00 -4.000000e+00
      vertex   -7.521203e+01 9.385214e+00 -4.000000e+00
    endloop
  endfacet
  facet normal 7.933533e-01 -6.087614e-01 -1.081378e-15
    outer loop
      vertex   -7.521203e+01 9.385214e+00 -3.000000e+00
      vertex   -7.521203e+01 9.385214e+00 -4.000000e+00
      vertex   -7.505311e+01 9.592321e+00 -3.000000e+00
    endloop
  endfacet
  facet normal 7.933533e-01 -6.087614e-01 0.000000e+00
    outer loop
      vertex   -7.505311e+01 9.592321e+00 -3.000000e+00
      vertex   -7.521203e+01 9.385214e+00 -4.000000e+00
      vertex   -7.505311e+01 9.592321e+00 -4.000000e+00
    endloop
  endfacet
  facet normal 6.087614e-01 -7.933533e-01 0.000000e+00
    outer loop
      vertex   -7.505311e+01 9.592321e+00 -3.000000e+00
      vertex   -7.505311e+01 9.592321e+00 -4.000000e+00
      vertex   -7.484600e+01 9.751239e+00 -3.000000e+00
    endloop
  endfacet
  facet normal 6.087614e-01 -7.933533e-01 0.000000e+00
    outer loop
      vertex   -7.484600e+01 9.751239e+00 -3.000000e+00
      vertex   -7.505311e+01 9.592321e+00 -4.000000e+00
      vertex   -7.484600e+01 9.751239e+00 -4.000000e+00
    endloop
  endfacet
  facet normal 3.826834e-01 -9.238795e-01 0.000000e+00
    outer loop
      vertex   -7.484600e+01 9.751239e+00 -3.000000e+00
      vertex   -7.484600e+01 9.751239e+00 -4.000000e+00
      vertex   -7.460482e+01 9.851140e+00 -3.000000e+00
    endloop
  endfacet
  facet normal 3.826834e-01 -9.238795e-01 5.438259e-15
    outer loop
      vertex   -7.460482e+01 9.851140e+00 -3.000000e+00
      vertex   -7.484600e+01 9.751239e+00 -4.000000e+00
      vertex   -7.460482e+01 9.851140e+00 -4.000000e+00
    endloop
  endfacet
  facet normal 1.305262e-01 -9.914449e-01 1.854889e-15
    outer loop
      vertex   -7.460482e+01 9.851140e+00 -3.000000e+00
      vertex   -7.460482e+01 9.851140e+00 -4.000000e+00
      vertex   -7.434600e+01 9.885214e+00 -3.000000e+00
    endloop
  endfacet
  facet normal 1.305262e-01 -9.914449e-01 0.000000e+00
    outer loop
      vertex   -7.434600e+01 9.885214e+00 -3.000000e+00
      vertex   -7.460482e+01 9.851140e+00 -4.000000e+00
      vertex   -7.434600e+01 9.885214e+00 -4.000000e+00
    endloop
  endfacet
  facet normal 4.736952e-17 -1.000000e+00 0.000000e+00
    outer loop
      vertex   -7.434600e+01 2.588521e+01 -4.000000e+00
      vertex   6.540000e-01 2.588521e+01 -4.000000e+00
      vertex   -7.434600e+01 2.588521e+01 -3.000000e+00
    endloop
  endfacet
  facet normal 4.736952e-17 -1.000000e+00 0.000000e+00
    outer loop
      vertex   -7.434600e+01 2.588521e+01 -3.000000e+00
      vertex   6.540000e-01 2.588521e+01 -4.000000e+00
      vertex   6.540000e-01 2.588521e+01 -3.000000e+00
    endloop
  endfacet
  facet normal 1.305262e-01 9.914449e-01 0.000000e+00
    outer loop
      vertex   -7.434600e+01 2.388521e+01 -3.000000e+00
      vertex   -7.434600e+01 2.388521e+01 -4.000000e+00
      vertex   -7.460482e+01 2.391929e+01 -3.000000e+00
    endloop
  endfacet
  facet normal 1.305262e-01 9.914449e-01 0.000000e+00
    outer loop
      vertex   -7.460482e+01 2.391929e+01 -3.000000e+00
      vertex   -7.434600e+01 2.388521e+01 -4.000000e+00
      vertex   -7.460482e+01 2.391929e+01 -4.000000e+00
    endloop
  endfacet
  facet normal 3.826834e-01 9.238795e-01 0.000000e+00
    outer loop
      vertex   -7.460482e+01 2.391929e+01 -3.000000e+00
      vertex   -7.460482e+01 2.391929e+01 -4.000000e+00
      vertex   -7.484600e+01 2.401919e+01 -3.000000e+00
    endloop
  endfacet
  facet normal 3.826834e-01 9.238795e-01 0.000000e+00
    outer loop
      vertex   -7.484600e+01 2.401919e+01 -3.000000e+00
      vertex   -7.460482e+01 2.391929e+01 -4.000000e+00
      vertex   -7.484600e+01 2.401919e+01 -4.000000e+00
    endloop
  endfacet
  facet normal 6.087614e-01 7.933533e-01 0.000000e+00
    outer loop
      vertex   -7.484600e+01 2.401919e+01 -3.000000e+00
      vertex   -7.484600e+01 2.401919e+01 -4.000000e+00
      vertex   -7.505311e+01 2.417811e+01 -3.000000e+00
    endloop
  endfacet
  facet normal 6.087614e-01 7.933533e-01 0.000000e+00
    outer loop
      vertex   -7.505311e+01 2.417811e+01 -3.000000e+00
      vertex   -7.484600e+01 2.401919e+01 -4.000000e+00
      vertex   -7.505311e+01 2.417811e+01 -4.000000e+00
    endloop
  endfacet
  facet normal 7.933533e-01 6.087614e-01 0.000000e+00
    outer loop
      vertex   -7.505311e+01 2.417811e+01 -3.000000e+00
      vertex   -7.505311e+01 2.417811e+01 -4.000000e+00
      vertex   -7.521203e+01 2.438521e+01 -3.000000e+00
    endloop
  endfacet
  facet normal 7.933533e-01 6.087614e-01 2.162755e-15
    outer loop
      vertex   -7.521203e+01 2.438521e+01 -3.000000e+00
      vertex   -7.505311e+01 2.417811e+01 -4.000000e+00
      vertex   -7.521203e+01 2.438521e+01 -4.000000e+00
    endloop
  endfacet
  facet normal 9.238795e-01 3.826834e-01 1.359565e-15
    outer loop
      vertex   -7.521203e+01 2.438521e+01 -3.000000e+00
      vertex   -7.521203e+01 2.438521e+01 -4.000000e+00
      vertex   -7.531193e+01 2.462639e+01 -3.000000e+00
    endloop
  endfacet
  facet normal 9.238795e-01 3.826834e-01 0.000000e+00
    outer loop
      vertex   -7.531193e+01 2.462639e+01 -3.000000e+00
      vertex   -7.521203e+01 2.438521e+01 -4.000000e+00
      vertex   -7.531193e+01 2.462639e+01 -4.000000e+00
    endloop
  endfacet
  facet normal 9.914449e-01 1.305262e-01 0.000000e+00
    outer loop
      vertex   -7.531193e+01 2.462639e+01 -3.000000e+00
      vertex   -7.531193e+01 2.462639e+01 -4.000000e+00
      vertex   -7.534600e+01 2.488521e+01 -3.000000e+00
    endloop
  endfacet
  facet normal 9.914449e-01 1.305262e-01 0.000000e+00
    outer loop
      vertex   -7.534600e+01 2.488521e+01 -3.000000e+00
      vertex   -7.531193e+01 2.462639e+01 -4.000000e+00
      vertex   -7.534600e+01 2.488521e+01 -4.000000e+00
    endloop
  endfacet
  facet normal 9.914449e-01 -1.305262e-01 0.000000e+00
    outer loop
      vertex   -7.534600e+01 2.488521e+01 -3.000000e+00
      vertex   -7.534600e+01 2.488521e+01 -4.000000e+00
      vertex   -7.531193e+01 2.514403e+01 -3.000000e+00
    endloop
  endfacet
  facet normal 9.914449e-01 -1.305262e-01 0.000000e+00
    outer loop
      vertex   -7.531193e+01 2.514403e+01 -3.000000e+00
      vertex   -7.534600e+01 2.488521e+01 -4.000000e+00
      vertex   -7.531193e+01 2.514403e+01 -4.000000e+00
    endloop
  endfacet
  facet normal 9.238795e-01 -3.826834e-01 0.000000e+00
    outer loop
      vertex   -7.531193e+01 2.514403e+01 -3.000000e+00
      vertex   -7.531193e+01 2.514403e+01 -4.000000e+00
      vertex   -7.521203e+01 2.538521e+01 -3.000000e+00
    endloop
  endfacet
  facet normal 9.238795e-01 -3.826834e-01 -1.359565e-15
    outer loop
      vertex   -7.521203e+01 2.538521e+01 -3.000000e+00
      vertex   -7.531193e+01 2.514403e+01 -4.000000e+00
      vertex   -7.521203e+01 2.538521e+01 -4.000000e+00
    endloop
  endfacet
  facet normal 7.933533e-01 -6.087614e-01 -2.162755e-15
    outer loop
      vertex   -7.521203e+01 2.538521e+01 -3.000000e+00
      vertex   -7.521203e+01 2.538521e+01 -4.000000e+00
      vertex   -7.505311e+01 2.559232e+01 -3.000000e+00
    endloop
  endfacet
  facet normal 7.933533e-01 -6.087614e-01 0.000000e+00
    outer loop
      vertex   -7.505311e+01 2.559232e+01 -3.000000e+00
      vertex   -7.521203e+01 2.538521e+01 -4.000000e+00
      vertex   -7.505311e+01 2.559232e+01 -4.000000e+00
    endloop
  endfacet
  facet normal 6.087614e-01 -7.933533e-01 0.000000e+00
    outer loop
      vertex   -7.505311e+01 2.559232e+01 -3.000000e+00
      vertex   -7.505311e+01 2.559232e+01 -4.000000e+00
      vertex   -7.484600e+01 2.575124e+01 -3.000000e+00
    endloop
  endfacet
  facet normal 6.087614e-01 -7.933533e-01 0.000000e+00
    outer loop
      vertex   -7.484600e+01 2.575124e+01 -3.000000e+00
      vertex   -7.505311e+01 2.559232e+01 -4.000000e+00
      vertex   -7.484600e+01 2.575124e+01 -4.000000e+00
    endloop
  endfacet
  facet normal 3.826834e-01 -9.238795e-01 0.000000e+00
    outer loop
      vertex   -7.484600e+01 2.575124e+01 -3.000000e+00
      vertex   -7.484600e+01 2.575124e+01 -4.000000e+00
      vertex   -7.460482e+01 2.585114e+01 -3.000000e+00
    endloop
  endfacet
  facet normal 3.826834e-01 -9.238795e-01 -3.282279e-15
    outer loop
      vertex   -7.460482e+01 2.585114e+01 -3.000000e+00
      vertex   -7.484600e+01 2.575124e+01 -4.000000e+00
      vertex   -7.460482e+01 2.585114e+01 -4.000000e+00
    endloop
  endfacet
  facet normal 1.305262e-01 -9.914449e-01 -3.522320e-15
    outer loop
      vertex   -7.460482e+01 2.585114e+01 -3.000000e+00
      vertex   -7.460482e+01 2.585114e+01 -4.000000e+00
      vertex   -7.434600e+01 2.588521e+01 -3.000000e+00
    endloop
  endfacet
  facet normal 1.305262e-01 -9.914449e-01 0.000000e+00
    outer loop
      vertex   -7.434600e+01 2.588521e+01 -3.000000e+00
      vertex   -7.460482e+01 2.585114e+01 -4.000000e+00
      vertex   -7.434600e+01 2.588521e+01 -4.000000e+00
    endloop
  endfacet
  facet normal -4.736952e-17 1.000000e+00 0.000000e+00
    outer loop
      vertex   6.540000e-01 2.388521e+01 -4.000000e+00
      vertex   -7.434600e+01 2.388521e+01 -4.000000e+00
      vertex   6.540000e-01 2.388521e+01 -3.000000e+00
    endloop
  endfacet
  facet normal -4.736952e-17 1.000000e+00 0.000000e+00
    outer loop
      vertex   6.540000e-01 2.388521e+01 -3.000000e+00
      vertex   -7.434600e+01 2.388521e+01 -4.000000e+00
      vertex   -7.434600e+01 2.388521e+01 -3.000000e+00
    endloop
  endfacet
  facet normal -1.305262e-01 -9.914449e-01 -0.000000e+00
    outer loop
      vertex   6.540000e-01 2.588521e+01 -3.000000e+00
      vertex   6.540000e-01 2.588521e+01 -4.000000e+00
      vertex   9.128190e-01 2.585114e+01 -3.000000e+00
    endloop
  endfacet
  facet normal -1.305262e-01 -9.914449e-01 -0.000000e+00
    outer loop
      vertex   9.128190e-01 2.585114e+01 -3.000000e+00
      vertex   6.540000e-01 2.588521e+01 -4.000000e+00
      vertex   9.128190e-01 2.585114e+01 -4.000000e+00
    endloop
  endfacet
  facet normal -3.826834e-01 -9.238795e-01 -0.000000e+00
    outer loop
      vertex   9.128190e-01 2.585114e+01 -3.000000e+00
      vertex   9.128190e-01 2.585114e+01 -4.000000e+00
      vertex   1.154000e+00 2.575124e+01 -3.000000e+00
    endloop
  endfacet
  facet normal -3.826834e-01 -9.238795e-01 -1.699456e-16
    outer loop
      vertex   1.154000e+00 2.575124e+01 -3.000000e+00
      vertex   9.128190e-01 2.585114e+01 -4.000000e+00
      vertex   1.154000e+00 2.575124e+01 -4.000000e+00
    endloop
  endfacet
  facet normal -6.087614e-01 -7.933533e-01 -2.703444e-16
    outer loop
      vertex   1.154000e+00 2.575124e+01 -3.000000e+00
      vertex   1.154000e+00 2.575124e+01 -4.000000e+00
      vertex   1.361107e+00 2.559232e+01 -3.000000e+00
    endloop
  endfacet
  facet normal -6.087614e-01 -7.933533e-01 -0.000000e+00
    outer loop
      vertex   1.361107e+00 2.559232e+01 -3.000000e+00
      vertex   1.154000e+00 2.575124e+01 -4.000000e+00
      vertex   1.361107e+00 2.559232e+01 -4.000000e+00
    endloop
  endfacet
  facet normal -7.933533e-01 -6.087614e-01 -0.000000e+00
    outer loop
      vertex   1.361107e+00 2.559232e+01 -3.000000e+00
      vertex   1.361107e+00 2.559232e+01 -4.000000e+00
      vertex   1.520025e+00 2.538521e+01 -3.000000e+00
    endloop
  endfacet
  facet normal -7.933533e-01 -6.087614e-01 4.325510e-15
    outer loop
      vertex   1.520025e+00 2.538521e+01 -3.000000e+00
      vertex   1.361107e+00 2.559232e+01 -4.000000e+00
      vertex   1.520025e+00 2.538521e+01 -4.000000e+00
    endloop
  endfacet
  facet normal -9.238795e-01 -3.826834e-01 2.719129e-15
    outer loop
      vertex   1.520025e+00 2.538521e+01 -3.000000e+00
      vertex   1.520025e+00 2.538521e+01 -4.000000e+00
      vertex   1.619926e+00 2.514403e+01 -3.000000e+00
    endloop
  endfacet
  facet normal -9.238795e-01 -3.826834e-01 -0.000000e+00
    outer loop
      vertex   1.619926e+00 2.514403e+01 -3.000000e+00
      vertex   1.520025e+00 2.538521e+01 -4.000000e+00
      vertex   1.619926e+00 2.514403e+01 -4.000000e+00
    endloop
  endfacet
  facet normal -9.914449e-01 -1.305262e-01 -0.000000e+00
    outer loop
      vertex   1.619926e+00 2.514403e+01 -3.000000e+00
      vertex   1.619926e+00 2.514403e+01 -4.000000e+00
      vertex   1.654000e+00 2.488521e+01 -3.000000e+00
    endloop
  endfacet
  facet normal -9.914449e-01 -1.305262e-01 -0.000000e+00
    outer loop
      vertex   1.654000e+00 2.488521e+01 -3.000000e+00
      vertex   1.619926e+00 2.514403e+01 -4.000000e+00
      vertex   1.654000e+00 2.488521e+01 -4.000000e+00
    endloop
  endfacet
  facet normal -9.914449e-01 1.305262e-01 0.000000e+00
    outer loop
      vertex   1.654000e+00 2.488521e+01 -3.000000e+00
      vertex   1.654000e+00 2.488521e+01 -4.000000e+00
      vertex   1.619926e+00 2.462639e+01 -3.000000e+00
    endloop
  endfacet
  facet normal -9.914449e-01 1.305262e-01 0.000000e+00
    outer loop
      vertex   1.619926e+00 2.462639e+01 -3.000000e+00
      vertex   1.654000e+00 2.488521e+01 -4.000000e+00
      vertex   1.619926e+00 2.462639e+01 -4.000000e+00
    endloop
  endfacet
  facet normal -9.238795e-01 3.826834e-01 0.000000e+00
    outer loop
      vertex   1.619926e+00 2.462639e+01 -3.000000e+00
      vertex   1.619926e+00 2.462639e+01 -4.000000e+00
      vertex   1.520025e+00 2.438521e+01 -3.000000e+00
    endloop
  endfacet
  facet normal -9.238795e-01 3.826834e-01 -2.719129e-15
    outer loop
      vertex   1.520025e+00 2.438521e+01 -3.000000e+00
      vertex   1.619926e+00 2.462639e+01 -4.000000e+00
      vertex   1.520025e+00 2.438521e+01 -4.000000e+00
    endloop
  endfacet
  facet normal -7.933533e-01 6.087614e-01 -4.325510e-15
    outer loop
      vertex   1.520025e+00 2.438521e+01 -3.000000e+00
      vertex   1.520025e+00 2.438521e+01 -4.000000e+00
      vertex   1.361107e+00 2.417811e+01 -3.000000e+00
    endloop
  endfacet
  facet normal -7.933533e-01 6.087614e-01 0.000000e+00
    outer loop
      vertex   1.361107e+00 2.417811e+01 -3.000000e+00
      vertex   1.520025e+00 2.438521e+01 -4.000000e+00
      vertex   1.361107e+00 2.417811e+01 -4.000000e+00
    endloop
  endfacet
  facet normal -6.087614e-01 7.933533e-01 0.000000e+00
    outer loop
      vertex   1.361107e+00 2.417811e+01 -3.000000e+00
      vertex   1.361107e+00 2.417811e+01 -4.000000e+00
      vertex   1.154000e+00 2.401919e+01 -3.000000e+00
    endloop
  endfacet
  facet normal -6.087614e-01 7.933533e-01 2.703444e-16
    outer loop
      vertex   1.154000e+00 2.401919e+01 -3.000000e+00
      vertex   1.361107e+00 2.417811e+01 -4.000000e+00
      vertex   1.154000e+00 2.401919e+01 -4.000000e+00
    endloop
  endfacet
  facet normal -3.826834e-01 9.238795e-01 1.699456e-16
    outer loop
      vertex   1.154000e+00 2.401919e+01 -3.000000e+00
      vertex   1.154000e+00 2.401919e+01 -4.000000e+00
      vertex   9.128190e-01 2.391929e+01 -3.000000e+00
    endloop
  endfacet
  facet normal -3.826834e-01 9.238795e-01 4.248640e-17
    outer loop
      vertex   9.128190e-01 2.391929e+01 -3.000000e+00
      vertex   1.154000e+00 2.401919e+01 -4.000000e+00
      vertex   9.128190e-01 2.391929e+01 -4.000000e+00
    endloop
  endfacet
  facet normal -1.305262e-01 9.914449e-01 1.449132e-17
    outer loop
      vertex   9.128190e-01 2.391929e+01 -3.000000e+00
      vertex   9.128190e-01 2.391929e+01 -4.000000e+00
      vertex   6.540000e-01 2.388521e+01 -3.000000e+00
    endloop
  endfacet
  facet normal -1.305262e-01 9.914449e-01 0.000000e+00
    outer loop
      vertex   6.540000e-01 2.388521e+01 -3.000000e+00
      vertex   9.128190e-01 2.391929e+01 -4.000000e+00
      vertex   6.540000e-01 2.388521e+01 -4.000000e+00
    endloop
  endfacet
  facet normal 0.000000e+00 -1.000000e+00 0.000000e+00
    outer loop
      vertex   -7.434600e+01 4.188521e+01 -4.000000e+00
      vertex   6.540000e-01 4.188521e+01 -4.000000e+00
      vertex   -7.434600e+01 4.188521e+01 -3.000000e+00
    endloop
  endfacet
  facet normal 0.000000e+00 -1.000000e+00 0.000000e+00
    outer loop
      vertex   -7.434600e+01 4.188521e+01 -3.000000e+00
      vertex   6.540000e-01 4.188521e+01 -4.000000e+00
      vertex   6.540000e-01 4.188521e+01 -3.000000e+00
    endloop
  endfacet
  facet normal 1.305262e-01 9.914449e-01 0.000000e+00
    outer loop
      vertex   -7.434600e+01 3.988521e+01 -3.000000e+00
      vertex   -7.434600e+01 3.988521e+01 -4.000000e+00
      vertex   -7.460482e+01 3.991929e+01 -3.000000e+00
    endloop
  endfacet
  facet normal 1.305262e-01 9.914449e-01 0.000000e+00
    outer loop
      vertex   -7.460482e+01 3.991929e+01 -3.000000e+00
      vertex   -7.434600e+01 3.988521e+01 -4.000000e+00
      vertex   -7.460482e+01 3.991929e+01 -4.000000e+00
    endloop
  endfacet
  facet normal 3.826834e-01 9.238795e-01 0.000000e+00
    outer loop
      vertex   -7.460482e+01 3.991929e+01 -3.000000e+00
      vertex   -7.460482e+01 3.991929e+01 -4.000000e+00
      vertex   -7.484600e+01 4.001919e+01 -3.000000e+00
    endloop
  endfacet
  facet normal 3.826834e-01 9.238795e-01 0.000000e+00
    outer loop
      vertex   -7.484600e+01 4.001919e+01 -3.000000e+00
      vertex   -7.460482e+01 3.991929e+01 -4.000000e+00
      vertex   -7.484600e+01 4.001919e+01 -4.000000e+00
    endloop
  endfacet
  facet normal 6.087614e-01 7.933533e-01 0.000000e+00
    outer loop
      vertex   -7.484600e+01 4.001919e+01 -3.000000e+00
      vertex   -7.484600e+01 4.001919e+01 -4.000000e+00
      vertex   -7.505311e+01 4.017811e+01 -3.000000e+00
    endloop
  endfacet
  facet normal 6.087614e-01 7.933533e-01 0.000000e+00
    outer loop
      vertex   -7.505311e+01 4.017811e+01 -3.000000e+00
      vertex   -7.484600e+01 4.001919e+01 -4.000000e+00
      vertex   -7.505311e+01 4.017811e+01 -4.000000e+00
    endloop
  endfacet
  facet normal 7.933533e-01 6.087614e-01 0.000000e+00
    outer loop
      vertex   -7.505311e+01 4.017811e+01 -3.000000e+00
      vertex   -7.505311e+01 4.017811e+01 -4.000000e+00
      vertex   -7.521203e+01 4.038521e+01 -3.000000e+00
    endloop
  endfacet
  facet normal 7.933533e-01 6.087614e-01 0.000000e+00
    outer loop
      vertex   -7.521203e+01 4.038521e+01 -3.000000e+00
      vertex   -7.505311e+01 4.017811e+01 -4.000000e+00
      vertex   -7.521203e+01 4.038521e+01 -4.000000e+00
    endloop
  endfacet
  facet normal 9.238795e-01 3.826834e-01 0.000000e+00
    outer loop
      vertex   -7.521203e+01 4.038521e+01 -3.000000e+00
      vertex   -7.521203e+01 4.038521e+01 -4.000000e+00
      vertex   -7.531193e+01 4.062639e+01 -3.000000e+00
    endloop
  endfacet
  facet normal 9.238795e-01 3.826834e-01 0.000000e+00
    outer loop
      vertex   -7.531193e+01 4.062639e+01 -3.000000e+00
      vertex   -7.521203e+01 4.038521e+01 -4.000000e+00
      vertex   -7.531193e+01 4.062639e+01 -4.000000e+00
    endloop
  endfacet
  facet normal 9.914449e-01 1.305262e-01 0.000000e+00
    outer loop
      vertex   -7.531193e+01 4.062639e+01 -3.000000e+00
      vertex   -7.531193e+01 4.062639e+01 -4.000000e+00
      vertex   -7.534600e+01 4.088521e+01 -3.000000e+00
    endloop
  endfacet
  facet normal 9.914449e-01 1.305262e-01 0.000000e+00
    outer loop
      vertex   -7.534600e+01 4.088521e+01 -3.000000e+00
      vertex   -7.531193e+01 4.062639e+01 -4.000000e+00
      vertex   -7.534600e+01 4.088521e+01 -4.000000e+00
    endloop
  endfacet
  facet normal 9.914449e-01 -1.305262e-01 0.000000e+00
    outer loop
      vertex   -7.534600e+01 4.088521e+01 -3.000000e+00
      vertex   -7.534600e+01 4.088521e+01 -4.000000e+00
      vertex   -7.531193e+01 4.114403e+01 -3.000000e+00
    endloop
  endfacet
  facet normal 9.914449e-01 -1.305262e-01 0.000000e+00
    outer loop
      vertex   -7.531193e+01 4.114403e+01 -3.000000e+00
      vertex   -7.534600e+01 4.088521e+01 -4.000000e+00
      vertex   -7.531193e+01 4.114403e+01 -4.000000e+00
    endloop
  endfacet
  facet normal 9.238795e-01 -3.826834e-01 0.000000e+00
    outer loop
      vertex   -7.531193e+01 4.114403e+01 -3.000000e+00
      vertex   -7.531193e+01 4.114403e+01 -4.000000e+00
      vertex   -7.521203e+01 4.138521e+01 -3.000000e+00
    endloop
  endfacet
  facet normal 9.238795e-01 -3.826834e-01 0.000000e+00
    outer loop
      vertex   -7.521203e+01 4.138521e+01 -3.000000e+00
      vertex   -7.531193e+01 4.114403e+01 -4.000000e+00
      vertex   -7.521203e+01 4.138521e+01 -4.000000e+00
    endloop
  endfacet
  facet normal 7.933533e-01 -6.087614e-01 0.000000e+00
    outer loop
      vertex   -7.521203e+01 4.138521e+01 -3.000000e+00
      vertex   -7.521203e+01 4.138521e+01 -4.000000e+00
      vertex   -7.505311e+01 4.159232e+01 -3.000000e+00
    endloop
  endfacet
  facet normal 7.933533e-01 -6.087614e-01 0.000000e+00
    outer loop
      vertex   -7.505311e+01 4.159232e+01 -3.000000e+00
      vertex   -7.521203e+01 4.138521e+01 -4.000000e+00
      vertex   -7.505311e+01 4.159232e+01 -4.000000e+00
    endloop
  endfacet
  facet normal 6.087614e-01 -7.933533e-01 0.000000e+00
    outer loop
      vertex   -7.505311e+01 4.159232e+01 -3.000000e+00
      vertex   -7.505311e+01 4.159232e+01 -4.000000e+00
      vertex   -7.484600e+01 4.175124e+01 -3.000000e+00
    endloop
  endfacet
  facet normal 6.087614e-01 -7.933533e-01 0.000000e+00
    outer loop
      vertex   -7.484600e+01 4.175124e+01 -3.000000e+00
      vertex   -7.505311e+01 4.159232e+01 -4.000000e+00
      vertex   -7.484600e+01 4.175124e+01 -4.000000e+00
    endloop
  endfacet
  facet normal 3.826834e-01 -9.238795e-01 0.000000e+00
    outer loop
      vertex   -7.484600e+01 4.175124e+01 -3.000000e+00
      vertex   -7.484600e+01 4.175124e+01 -4.000000e+00
      vertex   -7.460482e+01 4.185114e+01 -3.000000e+00
    endloop
  endfacet
  facet normal 3.826834e-01 -9.238795e-01 0.000000e+00
    outer loop
      vertex   -7.460482e+01 4.185114e+01 -3.000000e+00
      vertex   -7.484600e+01 4.175124e+01 -4.000000e+00
      vertex   -7.460482e+01 4.185114e+01 -4.000000e+00
    endloop
  endfacet
  facet normal 1.305262e-01 -9.914449e-01 0.000000e+00
    outer loop
      vertex   -7.460482e+01 4.185114e+01 -3.000000e+00
      vertex   -7.460482e+01 4.185114e+01 -4.000000e+00
      vertex   -7.434600e+01 4.188521e+01 -3.000000e+00
    endloop
  endfacet
  facet normal 1.305262e-01 -9.914449e-01 0.000000e+00
    outer loop
      vertex   -7.434600e+01 4.188521e+01 -3.000000e+00
      vertex   -7.460482e+01 4.185114e+01 -4.000000e+00
      vertex   -7.434600e+01 4.188521e+01 -4.000000e+00
    endloop
  endfacet
  facet normal 0.000000e+00 1.000000e+00 -0.000000e+00
    outer loop
      vertex   6.540000e-01 3.988521e+01 -4.000000e+00
      vertex   -7.434600e+01 3.988521e+01 -4.000000e+00
      vertex   6.540000e-01 3.988521e+01 -3.000000e+00
    endloop
  endfacet
  facet normal 0.000000e+00 1.000000e+00 0.000000e+00
    outer loop
      vertex   6.540000e-01 3.988521e+01 -3.000000e+00
      vertex   -7.434600e+01 3.988521e+01 -4.000000e+00
      vertex   -7.434600e+01 3.988521e+01 -3.000000e+00
    endloop
  endfacet
  facet normal -1.305262e-01 -9.914449e-01 -0.000000e+00
    outer loop
      vertex   6.540000e-01 4.188521e+01 -3.000000e+00
      vertex   6.540000e-01 4.188521e+01 -4.000000e+00
      vertex   9.128190e-01 4.185114e+01 -3.000000e+00
    endloop
  endfacet
  facet normal -1.305262e-01 -9.914449e-01 -0.000000e+00
    outer loop
      vertex   9.128190e-01 4.185114e+01 -3.000000e+00
      vertex   6.540000e-01 4.188521e+01 -4.000000e+00
      vertex   9.128190e-01 4.185114e+01 -4.000000e+00
    endloop
  endfacet
  facet normal -3.826834e-01 -9.238795e-01 -0.000000e+00
    outer loop
      vertex   9.128190e-01 4.185114e+01 -3.000000e+00
      vertex   9.128190e-01 4.185114e+01 -4.000000e+00
      vertex   1.154000e+00 4.175124e+01 -3.000000e+00
    endloop
  endfacet
  facet normal -3.826834e-01 -9.238795e-01 -1.699456e-16
    outer loop
      vertex   1.154000e+00 4.175124e+01 -3.000000e+00
      vertex   9.128190e-01 4.185114e+01 -4.000000e+00
      vertex   1.154000e+00 4.175124e+01 -4.000000e+00
    endloop
  endfacet
  facet normal -6.087614e-01 -7.933533e-01 -2.703444e-16
    outer loop
      vertex   1.154000e+00 4.175124e+01 -3.000000e+00
      vertex   1.154000e+00 4.175124e+01 -4.000000e+00
      vertex   1.361107e+00 4.159232e+01 -3.000000e+00
    endloop
  endfacet
  facet normal -6.087614e-01 -7.933533e-01 -0.000000e+00
    outer loop
      vertex   1.361107e+00 4.159232e+01 -3.000000e+00
      vertex   1.154000e+00 4.175124e+01 -4.000000e+00
      vertex   1.361107e+00 4.159232e+01 -4.000000e+00
    endloop
  endfacet
  facet normal -7.933533e-01 -6.087614e-01 -0.000000e+00
    outer loop
      vertex   1.361107e+00 4.159232e+01 -3.000000e+00
      vertex   1.361107e+00 4.159232e+01 -4.000000e+00
      vertex   1.520025e+00 4.138521e+01 -3.000000e+00
    endloop
  endfacet
  facet normal -7.933533e-01 -6.087614e-01 -0.000000e+00
    outer loop
      vertex   1.520025e+00 4.138521e+01 -3.000000e+00
      vertex   1.361107e+00 4.159232e+01 -4.000000e+00
      vertex   1.520025e+00 4.138521e+01 -4.000000e+00
    endloop
  endfacet
  facet normal -9.238795e-01 -3.826834e-01 -0.000000e+00
    outer loop
      vertex   1.520025e+00 4.138521e+01 -3.000000e+00
      vertex   1.520025e+00 4.138521e+01 -4.000000e+00
      vertex   1.619926e+00 4.114403e+01 -3.000000e+00
    endloop
  endfacet
  facet normal -9.238795e-01 -3.826834e-01 -0.000000e+00
    outer loop
      vertex   1.619926e+00 4.114403e+01 -3.000000e+00
      vertex   1.520025e+00 4.138521e+01 -4.000000e+00
      vertex   1.619926e+00 4.114403e+01 -4.000000e+00
    endloop
  endfacet
  facet normal -9.914449e-01 -1.305262e-01 -0.000000e+00
    outer loop
      vertex   1.619926e+00 4.114403e+01 -3.000000e+00
      vertex   1.619926e+00 4.114403e+01 -4.000000e+00
      vertex   1.654000e+00 4.088521e+01 -3.000000e+00
    endloop
  endfacet
  facet normal -9.914449e-01 -1.305262e-01 -0.000000e+00
    outer loop
      vertex   1.654000e+00 4.088521e+01 -3.000000e+00
      vertex   1.619926e+00 4.114403e+01 -4.000000e+00
      vertex   1.654000e+00 4.088521e+01 -4.000000e+00
    endloop
  endfacet
  facet normal -9.914449e-01 1.305262e-01 0.000000e+00
    outer loop
      vertex   1.654000e+00 4.088521e+01 -3.000000e+00
      vertex   1.654000e+00 4.088521e+01 -4.000000e+00
      vertex   1.619926e+00 4.062639e+01 -3.000000e+00
    endloop
  endfacet
  facet normal -9.914449e-01 1.305262e-01 4.402900e-16
    outer loop
      vertex   1.619926e+00 4.062639e+01 -3.000000e+00
      vertex   1.654000e+00 4.088521e+01 -4.000000e+00
      vertex   1.619926e+00 4.062639e+01 -4.000000e+00
    endloop
  endfacet
  facet normal -9.238795e-01 3.826834e-01 4.102849e-16
    outer loop
      vertex   1.619926e+00 4.062639e+01 -3.000000e+00
      vertex   1.619926e+00 4.062639e+01 -4.000000e+00
      vertex   1.520025e+00 4.038521e+01 -3.000000e+00
    endloop
  endfacet
  facet normal -9.238795e-01 3.826834e-01 0.000000e+00
    outer loop
      vertex   1.520025e+00 4.038521e+01 -3.000000e+00
      vertex   1.619926e+00 4.062639e+01 -4.000000e+00
      vertex   1.520025e+00 4.038521e+01 -4.000000e+00
    endloop
  endfacet
  facet normal -7.933533e-01 6.087614e-01 0.000000e+00
    outer loop
      vertex   1.520025e+00 4.038521e+01 -3.000000e+00
      vertex   1.520025e+00 4.038521e+01 -4.000000e+00
      vertex   1.361107e+00 4.017811e+01 -3.000000e+00
    endloop
  endfacet
  facet normal -7.933533e-01 6.087614e-01 0.000000e+00
    outer loop
      vertex   1.361107e+00 4.017811e+01 -3.000000e+00
      vertex   1.520025e+00 4.038521e+01 -4.000000e+00
      vertex   1.361107e+00 4.017811e+01 -4.000000e+00
    endloop
  endfacet
  facet normal -6.087614e-01 7.933533e-01 0.000000e+00
    outer loop
      vertex   1.361107e+00 4.017811e+01 -3.000000e+00
      vertex   1.361107e+00 4.017811e+01 -4.000000e+00
      vertex   1.154000e+00 4.001919e+01 -3.000000e+00
    endloop
  endfacet
  facet normal -6.087614e-01 7.933533e-01 2.703444e-16
    outer loop
      vertex   1.154000e+00 4.001919e+01 -3.000000e+00
      vertex   1.361107e+00 4.017811e+01 -4.000000e+00
      vertex   1.154000e+00 4.001919e+01 -4.000000e+00
    endloop
  endfacet
  facet normal -3.826834e-01 9.238795e-01 1.699456e-16
    outer loop
      vertex   1.154000e+00 4.001919e+01 -3.000000e+00
      vertex   1.154000e+00 4.001919e+01 -4.000000e+00
      vertex   9.128190e-01 3.991929e+01 -3.000000e+00
    endloop
  endfacet
  facet normal -3.826834e-01 9.238795e-01 8.497279e-17
    outer loop
      vertex   9.128190e-01 3.991929e+01 -3.000000e+00
      vertex   1.154000e+00 4.001919e+01 -4.000000e+00
      vertex   9.128190e-01 3.991929e+01 -4.000000e+00
    endloop
  endfacet
  facet normal -1.305262e-01 9.914449e-01 2.898264e-17
    outer loop
      vertex   9.128190e-01 3.991929e+01 -3.000000e+00
      vertex   9.128190e-01 3.991929e+01 -4.000000e+00
      vertex   6.540000e-01 3.988521e+01 -3.000000e+00
    endloop
  endfacet
  facet normal -1.305262e-01 9.914449e-01 0.000000e+00
    outer loop
      vertex   6.540000e-01 3.988521e+01 -3.000000e+00
      vertex   9.128190e-01 3.991929e+01 -4.000000e+00
      vertex   6.540000e-01 3.988521e+01 -4.000000e+00
    endloop
  endfacet
  facet normal 9.473903e-17 -1.000000e+00 0.000000e+00
    outer loop
      vertex   -7.434600e+01 3.388521e+01 -4.000000e+00
      vertex   6.540000e-01 3.388521e+01 -4.000000e+00
      vertex   -7.434600e+01 3.388521e+01 -3.000000e+00
    endloop
  endfacet
  facet normal 9.473903e-17 -1.000000e+00 0.000000e+00
    outer loop
      vertex   -7.434600e+01 3.388521e+01 -3.000000e+00
      vertex   6.540000e-01 3.388521e+01 -4.000000e+00
      vertex   6.540000e-01 3.388521e+01 -3.000000e+00
    endloop
  endfacet
  facet normal 1.305262e-01 9.914449e-01 0.000000e+00
    outer loop
      vertex   -7.434600e+01 3.188521e+01 -3.000000e+00
      vertex   -7.434600e+01 3.188521e+01 -4.000000e+00
      vertex   -7.460482e+01 3.191929e+01 -3.000000e+00
    endloop
  endfacet
  facet normal 1.305262e-01 9.914449e-01 0.000000e+00
    outer loop
      vertex   -7.460482e+01 3.191929e+01 -3.000000e+00
      vertex   -7.434600e+01 3.188521e+01 -4.000000e+00
      vertex   -7.460482e+01 3.191929e+01 -4.000000e+00
    endloop
  endfacet
  facet normal 3.826834e-01 9.238795e-01 0.000000e+00
    outer loop
      vertex   -7.460482e+01 3.191929e+01 -3.000000e+00
      vertex   -7.460482e+01 3.191929e+01 -4.000000e+00
      vertex   -7.484600e+01 3.201919e+01 -3.000000e+00
    endloop
  endfacet
  facet normal 3.826834e-01 9.238795e-01 0.000000e+00
    outer loop
      vertex   -7.484600e+01 3.201919e+01 -3.000000e+00
      vertex   -7.460482e+01 3.191929e+01 -4.000000e+00
      vertex   -7.484600e+01 3.201919e+01 -4.000000e+00
    endloop
  endfacet
  facet normal 6.087614e-01 7.933533e-01 0.000000e+00
    outer loop
      vertex   -7.484600e+01 3.201919e+01 -3.000000e+00
      vertex   -7.484600e+01 3.201919e+01 -4.000000e+00
      vertex   -7.505311e+01 3.217811e+01 -3.000000e+00
    endloop
  endfacet
  facet normal 6.087614e-01 7.933533e-01 0.000000e+00
    outer loop
      vertex   -7.505311e+01 3.217811e+01 -3.000000e+00
      vertex   -7.484600e+01 3.201919e+01 -4.000000e+00
      vertex   -7.505311e+01 3.217811e+01 -4.000000e+00
    endloop
  endfacet
  facet normal 7.933533e-01 6.087614e-01 0.000000e+00
    outer loop
      vertex   -7.505311e+01 3.217811e+01 -3.000000e+00
      vertex   -7.505311e+01 3.217811e+01 -4.000000e+00
      vertex   -7.521203e+01 3.238521e+01 -3.000000e+00
    endloop
  endfacet
  facet normal 7.933533e-01 6.087614e-01 4.325510e-15
    outer loop
      vertex   -7.521203e+01 3.238521e+01 -3.000000e+00
      vertex   -7.505311e+01 3.217811e+01 -4.000000e+00
      vertex   -7.521203e+01 3.238521e+01 -4.000000e+00
    endloop
  endfacet
  facet normal 9.238795e-01 3.826834e-01 2.719129e-15
    outer loop
      vertex   -7.521203e+01 3.238521e+01 -3.000000e+00
      vertex   -7.521203e+01 3.238521e+01 -4.000000e+00
      vertex   -7.531193e+01 3.262639e+01 -3.000000e+00
    endloop
  endfacet
  facet normal 9.238795e-01 3.826834e-01 0.000000e+00
    outer loop
      vertex   -7.531193e+01 3.262639e+01 -3.000000e+00
      vertex   -7.521203e+01 3.238521e+01 -4.000000e+00
      vertex   -7.531193e+01 3.262639e+01 -4.000000e+00
    endloop
  endfacet
  facet normal 9.914449e-01 1.305262e-01 0.000000e+00
    outer loop
      vertex   -7.531193e+01 3.262639e+01 -3.000000e+00
      vertex   -7.531193e+01 3.262639e+01 -4.000000e+00
      vertex   -7.534600e+01 3.288521e+01 -3.000000e+00
    endloop
  endfacet
  facet normal 9.914449e-01 1.305262e-01 0.000000e+00
    outer loop
      vertex   -7.534600e+01 3.288521e+01 -3.000000e+00
      vertex   -7.531193e+01 3.262639e+01 -4.000000e+00
      vertex   -7.534600e+01 3.288521e+01 -4.000000e+00
    endloop
  endfacet
  facet normal 9.914449e-01 -1.305262e-01 0.000000e+00
    outer loop
      vertex   -7.534600e+01 3.288521e+01 -3.000000e+00
      vertex   -7.534600e+01 3.288521e+01 -4.000000e+00
      vertex   -7.531193e+01 3.314403e+01 -3.000000e+00
    endloop
  endfacet
  facet normal 9.914449e-01 -1.305262e-01 0.000000e+00
    outer loop
      vertex   -7.531193e+01 3.314403e+01 -3.000000e+00
      vertex   -7.534600e+01 3.288521e+01 -4.000000e+00
      vertex   -7.531193e+01 3.314403e+01 -4.000000e+00
    endloop
  endfacet
  facet normal 9.238795e-01 -3.826834e-01 0.000000e+00
    outer loop
      vertex   -7.531193e+01 3.314403e+01 -3.000000e+00
      vertex   -7.531193e+01 3.314403e+01 -4.000000e+00
      vertex   -7.521203e+01 3.338521e+01 -3.000000e+00
    endloop
  endfacet
  facet normal 9.238795e-01 -3.826834e-01 -2.719129e-15
    outer loop
      vertex   -7.521203e+01 3.338521e+01 -3.000000e+00
      vertex   -7.531193e+01 3.314403e+01 -4.000000e+00
      vertex   -7.521203e+01 3.338521e+01 -4.000000e+00
    endloop
  endfacet
  facet normal 7.933533e-01 -6.087614e-01 -4.325510e-15
    outer loop
      vertex   -7.521203e+01 3.338521e+01 -3.000000e+00
      vertex   -7.521203e+01 3.338521e+01 -4.000000e+00
      vertex   -7.505311e+01 3.359232e+01 -3.000000e+00
    endloop
  endfacet
  facet normal 7.933533e-01 -6.087614e-01 0.000000e+00
    outer loop
      vertex   -7.505311e+01 3.359232e+01 -3.000000e+00
      vertex   -7.521203e+01 3.338521e+01 -4.000000e+00
      vertex   -7.505311e+01 3.359232e+01 -4.000000e+00
    endloop
  endfacet
  facet normal 6.087614e-01 -7.933533e-01 0.000000e+00
    outer loop
      vertex   -7.505311e+01 3.359232e+01 -3.000000e+00
      vertex   -7.505311e+01 3.359232e+01 -4.000000e+00
      vertex   -7.484600e+01 3.375124e+01 -3.000000e+00
    endloop
  endfacet
  facet normal 6.087614e-01 -7.933533e-01 0.000000e+00
    outer loop
      vertex   -7.484600e+01 3.375124e+01 -3.000000e+00
      vertex   -7.505311e+01 3.359232e+01 -4.000000e+00
      vertex   -7.484600e+01 3.375124e+01 -4.000000e+00
    endloop
  endfacet
  facet normal 3.826834e-01 -9.238795e-01 0.000000e+00
    outer loop
      vertex   -7.484600e+01 3.375124e+01 -3.000000e+00
      vertex   -7.484600e+01 3.375124e+01 -4.000000e+00
      vertex   -7.460482e+01 3.385114e+01 -3.000000e+00
    endloop
  endfacet
  facet normal 3.826834e-01 -9.238795e-01 0.000000e+00
    outer loop
      vertex   -7.460482e+01 3.385114e+01 -3.000000e+00
      vertex   -7.484600e+01 3.375124e+01 -4.000000e+00
      vertex   -7.460482e+01 3.385114e+01 -4.000000e+00
    endloop
  endfacet
  facet normal 1.305262e-01 -9.914449e-01 0.000000e+00
    outer loop
      vertex   -7.460482e+01 3.385114e+01 -3.000000e+00
      vertex   -7.460482e+01 3.385114e+01 -4.000000e+00
      vertex   -7.434600e+01 3.388521e+01 -3.000000e+00
    endloop
  endfacet
  facet normal 1.305262e-01 -9.914449e-01 0.000000e+00
    outer loop
      vertex   -7.434600e+01 3.388521e+01 -3.000000e+00
      vertex   -7.460482e+01 3.385114e+01 -4.000000e+00
      vertex   -7.434600e+01 3.388521e+01 -4.000000e+00
    endloop
  endfacet
  facet normal -9.473903e-17 1.000000e+00 0.000000e+00
    outer loop
      vertex   6.540000e-01 3.188521e+01 -4.000000e+00
      vertex   -7.434600e+01 3.188521e+01 -4.000000e+00
      vertex   6.540000e-01 3.188521e+01 -3.000000e+00
    endloop
  endfacet
  facet normal -9.473903e-17 1.000000e+00 0.000000e+00
    outer loop
      vertex   6.540000e-01 3.188521e+01 -3.000000e+00
      vertex   -7.434600e+01 3.188521e+01 -4.000000e+00
      vertex   -7.434600e+01 3.188521e+01 -3.000000e+00
    endloop
  endfacet
  facet normal -1.305262e-01 -9.914449e-01 -0.000000e+00
    outer loop
      vertex   6.540000e-01 3.388521e+01 -3.000000e+00
      vertex   6.540000e-01 3.388521e+01 -4.000000e+00
      vertex   9.128190e-01 3.385114e+01 -3.000000e+00
    endloop
  endfacet
  facet normal -1.305262e-01 -9.914449e-01 -0.000000e+00
    outer loop
      vertex   9.128190e-01 3.385114e+01 -3.000000e+00
      vertex   6.540000e-01 3.388521e+01 -4.000000e+00
      vertex   9.128190e-01 3.385114e+01 -4.000000e+00
    endloop
  endfacet
  facet normal -3.826834e-01 -9.238795e-01 -0.000000e+00
    outer loop
      vertex   9.128190e-01 3.385114e+01 -3.000000e+00
      vertex   9.128190e-01 3.385114e+01 -4.000000e+00
      vertex   1.154000e+00 3.375124e+01 -3.000000e+00
    endloop
  endfacet
  facet normal -3.826834e-01 -9.238795e-01 -1.699456e-16
    outer loop
      vertex   1.154000e+00 3.375124e+01 -3.000000e+00
      vertex   9.128190e-01 3.385114e+01 -4.000000e+00
      vertex   1.154000e+00 3.375124e+01 -4.000000e+00
    endloop
  endfacet
  facet normal -6.087614e-01 -7.933533e-01 -2.703444e-16
    outer loop
      vertex   1.154000e+00 3.375124e+01 -3.000000e+00
      vertex   1.154000e+00 3.375124e+01 -4.000000e+00
      vertex   1.361107e+00 3.359232e+01 -3.000000e+00
    endloop
  endfacet
  facet normal -6.087614e-01 -7.933533e-01 -0.000000e+00
    outer loop
      vertex   1.361107e+00 3.359232e+01 -3.000000e+00
      vertex   1.154000e+00 3.375124e+01 -4.000000e+00
      vertex   1.361107e+00 3.359232e+01 -4.000000e+00
    endloop
  endfacet
  facet normal -7.933533e-01 -6.087614e-01 -0.000000e+00
    outer loop
      vertex   1.361107e+00 3.359232e+01 -3.000000e+00
      vertex   1.361107e+00 3.359232e+01 -4.000000e+00
      vertex   1.520025e+00 3.338521e+01 -3.000000e+00
    endloop
  endfacet
  facet normal -7.933533e-01 -6.087614e-01 -0.000000e+00
    outer loop
      vertex   1.520025e+00 3.338521e+01 -3.000000e+00
      vertex   1.361107e+00 3.359232e+01 -4.000000e+00
      vertex   1.520025e+00 3.338521e+01 -4.000000e+00
    endloop
  endfacet
  facet normal -9.238795e-01 -3.826834e-01 -0.000000e+00
    outer loop
      vertex   1.520025e+00 3.338521e+01 -3.000000e+00
      vertex   1.520025e+00 3.338521e+01 -4.000000e+00
      vertex   1.619926e+00 3.314403e+01 -3.000000e+00
    endloop
  endfacet
  facet normal -9.238795e-01 -3.826834e-01 -0.000000e+00
    outer loop
      vertex   1.619926e+00 3.314403e+01 -3.000000e+00
      vertex   1.520025e+00 3.338521e+01 -4.000000e+00
      vertex   1.619926e+00 3.314403e+01 -4.000000e+00
    endloop
  endfacet
  facet normal -9.914449e-01 -1.305262e-01 -0.000000e+00
    outer loop
      vertex   1.619926e+00 3.314403e+01 -3.000000e+00
      vertex   1.619926e+00 3.314403e+01 -4.000000e+00
      vertex   1.654000e+00 3.288521e+01 -3.000000e+00
    endloop
  endfacet
  facet normal -9.914449e-01 -1.305262e-01 -0.000000e+00
    outer loop
      vertex   1.654000e+00 3.288521e+01 -3.000000e+00
      vertex   1.619926e+00 3.314403e+01 -4.000000e+00
      vertex   1.654000e+00 3.288521e+01 -4.000000e+00
    endloop
  endfacet
  facet normal -9.914449e-01 1.305262e-01 0.000000e+00
    outer loop
      vertex   1.654000e+00 3.288521e+01 -3.000000e+00
      vertex   1.654000e+00 3.288521e+01 -4.000000e+00
      vertex   1.619926e+00 3.262639e+01 -3.000000e+00
    endloop
  endfacet
  facet normal -9.914449e-01 1.305262e-01 0.000000e+00
    outer loop
      vertex   1.619926e+00 3.262639e+01 -3.000000e+00
      vertex   1.654000e+00 3.288521e+01 -4.000000e+00
      vertex   1.619926e+00 3.262639e+01 -4.000000e+00
    endloop
  endfacet
  facet normal -9.238795e-01 3.826834e-01 0.000000e+00
    outer loop
      vertex   1.619926e+00 3.262639e+01 -3.000000e+00
      vertex   1.619926e+00 3.262639e+01 -4.000000e+00
      vertex   1.520025e+00 3.238521e+01 -3.000000e+00
    endloop
  endfacet
  facet normal -9.238795e-01 3.826834e-01 0.000000e+00
    outer loop
      vertex   1.520025e+00 3.238521e+01 -3.000000e+00
      vertex   1.619926e+00 3.262639e+01 -4.000000e+00
      vertex   1.520025e+00 3.238521e+01 -4.000000e+00
    endloop
  endfacet
  facet normal -7.933533e-01 6.087614e-01 0.000000e+00
    outer loop
      vertex   1.520025e+00 3.238521e+01 -3.000000e+00
      vertex   1.520025e+00 3.238521e+01 -4.000000e+00
      vertex   1.361107e+00 3.217811e+01 -3.000000e+00
    endloop
  endfacet
  facet normal -7.933533e-01 6.087614e-01 0.000000e+00
    outer loop
      vertex   1.361107e+00 3.217811e+01 -3.000000e+00
      vertex   1.520025e+00 3.238521e+01 -4.000000e+00
      vertex   1.361107e+00 3.217811e+01 -4.000000e+00
    endloop
  endfacet
  facet normal -6.087614e-01 7.933533e-01 0.000000e+00
    outer loop
      vertex   1.361107e+00 3.217811e+01 -3.000000e+00
      vertex   1.361107e+00 3.217811e+01 -4.000000e+00
      vertex   1.154000e+00 3.201919e+01 -3.000000e+00
    endloop
  endfacet
  facet normal -6.087614e-01 7.933533e-01 2.703444e-16
    outer loop
      vertex   1.154000e+00 3.201919e+01 -3.000000e+00
      vertex   1.361107e+00 3.217811e+01 -4.000000e+00
      vertex   1.154000e+00 3.201919e+01 -4.000000e+00
    endloop
  endfacet
  facet normal -3.826834e-01 9.238795e-01 1.699456e-16
    outer loop
      vertex   1.154000e+00 3.201919e+01 -3.000000e+00
      vertex   1.154000e+00 3.201919e+01 -4.000000e+00
      vertex   9.128190e-01 3.191929e+01 -3.000000e+00
    endloop
  endfacet
  facet normal -3.826834e-01 9.238795e-01 -6.522073e-15
    outer loop
      vertex   9.128190e-01 3.191929e+01 -3.000000e+00
      vertex   1.154000e+00 3.201919e+01 -4.000000e+00
      vertex   9.128190e-01 3.191929e+01 -4.000000e+00
    endloop
  endfacet
  facet normal -1.305262e-01 9.914449e-01 -7.030148e-15
    outer loop
      vertex   9.128190e-01 3.191929e+01 -3.000000e+00
      vertex   9.128190e-01 3.191929e+01 -4.000000e+00
      vertex   6.540000e-01 3.188521e+01 -3.000000e+00
    endloop
  endfacet
  facet normal -1.305262e-01 9.914449e-01 0.000000e+00
    outer loop
      vertex   6.540000e-01 3.188521e+01 -3.000000e+00
      vertex   9.128190e-01 3.191929e+01 -4.000000e+00
      vertex   6.540000e-01 3.188521e+01 -4.000000e+00
    endloop
  endfacet
  facet normal 0.000000e+00 -1.000000e+00 0.000000e+00
    outer loop
      vertex   -7.434600e+01 1.788521e+01 -4.000000e+00
      vertex   6.540000e-01 1.788521e+01 -4.000000e+00
      vertex   -7.434600e+01 1.788521e+01 -3.000000e+00
    endloop
  endfacet
  facet normal 0.000000e+00 -1.000000e+00 0.000000e+00
    outer loop
      vertex   -7.434600e+01 1.788521e+01 -3.000000e+00
      vertex   6.540000e-01 1.788521e+01 -4.000000e+00
      vertex   6.540000e-01 1.788521e+01 -3.000000e+00
    endloop
  endfacet
  facet normal 1.305262e-01 9.914449e-01 0.000000e+00
    outer loop
      vertex   -7.434600e+01 1.588521e+01 -3.000000e+00
      vertex   -7.434600e+01 1.588521e+01 -4.000000e+00
      vertex   -7.460482e+01 1.591929e+01 -3.000000e+00
    endloop
  endfacet
  facet normal 1.305262e-01 9.914449e-01 0.000000e+00
    outer loop
      vertex   -7.460482e+01 1.591929e+01 -3.000000e+00
      vertex   -7.434600e+01 1.588521e+01 -4.000000e+00
      vertex   -7.460482e+01 1.591929e+01 -4.000000e+00
    endloop
  endfacet
  facet normal 3.826834e-01 9.238795e-01 0.000000e+00
    outer loop
      vertex   -7.460482e+01 1.591929e+01 -3.000000e+00
      vertex   -7.460482e+01 1.591929e+01 -4.000000e+00
      vertex   -7.484600e+01 1.601919e+01 -3.000000e+00
    endloop
  endfacet
  facet normal 3.826834e-01 9.238795e-01 0.000000e+00
    outer loop
      vertex   -7.484600e+01 1.601919e+01 -3.000000e+00
      vertex   -7.460482e+01 1.591929e+01 -4.000000e+00
      vertex   -7.484600e+01 1.601919e+01 -4.000000e+00
    endloop
  endfacet
  facet normal 6.087614e-01 7.933533e-01 0.000000e+00
    outer loop
      vertex   -7.484600e+01 1.601919e+01 -3.000000e+00
      vertex   -7.484600e+01 1.601919e+01 -4.000000e+00
      vertex   -7.505311e+01 1.617811e+01 -3.000000e+00
    endloop
  endfacet
  facet normal 6.087614e-01 7.933533e-01 0.000000e+00
    outer loop
      vertex   -7.505311e+01 1.617811e+01 -3.000000e+00
      vertex   -7.484600e+01 1.601919e+01 -4.000000e+00
      vertex   -7.505311e+01 1.617811e+01 -4.000000e+00
    endloop
  endfacet
  facet normal 7.933533e-01 6.087614e-01 0.000000e+00
    outer loop
      vertex   -7.505311e+01 1.617811e+01 -3.000000e+00
      vertex   -7.505311e+01 1.617811e+01 -4.000000e+00
      vertex   -7.521203e+01 1.638521e+01 -3.000000e+00
    endloop
  endfacet
  facet normal 7.933533e-01 6.087614e-01 2.162755e-15
    outer loop
      vertex   -7.521203e+01 1.638521e+01 -3.000000e+00
      vertex   -7.505311e+01 1.617811e+01 -4.000000e+00
      vertex   -7.521203e+01 1.638521e+01 -4.000000e+00
    endloop
  endfacet
  facet normal 9.238795e-01 3.826834e-01 1.359565e-15
    outer loop
      vertex   -7.521203e+01 1.638521e+01 -3.000000e+00
      vertex   -7.521203e+01 1.638521e+01 -4.000000e+00
      vertex   -7.531193e+01 1.662639e+01 -3.000000e+00
    endloop
  endfacet
  facet normal 9.238795e-01 3.826834e-01 0.000000e+00
    outer loop
      vertex   -7.531193e+01 1.662639e+01 -3.000000e+00
      vertex   -7.521203e+01 1.638521e+01 -4.000000e+00
      vertex   -7.531193e+01 1.662639e+01 -4.000000e+00
    endloop
  endfacet
  facet normal 9.914449e-01 1.305262e-01 0.000000e+00
    outer loop
      vertex   -7.531193e+01 1.662639e+01 -3.000000e+00
      vertex   -7.531193e+01 1.662639e+01 -4.000000e+00
      vertex   -7.534600e+01 1.688521e+01 -3.000000e+00
    endloop
  endfacet
  facet normal 9.914449e-01 1.305262e-01 0.000000e+00
    outer loop
      vertex   -7.534600e+01 1.688521e+01 -3.000000e+00
      vertex   -7.531193e+01 1.662639e+01 -4.000000e+00
      vertex   -7.534600e+01 1.688521e+01 -4.000000e+00
    endloop
  endfacet
  facet normal 9.914449e-01 -1.305262e-01 0.000000e+00
    outer loop
      vertex   -7.534600e+01 1.688521e+01 -3.000000e+00
      vertex   -7.534600e+01 1.688521e+01 -4.000000e+00
      vertex   -7.531193e+01 1.714403e+01 -3.000000e+00
    endloop
  endfacet
  facet normal 9.914449e-01 -1.305262e-01 0.000000e+00
    outer loop
      vertex   -7.531193e+01 1.714403e+01 -3.000000e+00
      vertex   -7.534600e+01 1.688521e+01 -4.000000e+00
      vertex   -7.531193e+01 1.714403e+01 -4.000000e+00
    endloop
  endfacet
  facet normal 9.238795e-01 -3.826834e-01 0.000000e+00
    outer loop
      vertex   -7.531193e+01 1.714403e+01 -3.000000e+00
      vertex   -7.531193e+01 1.714403e+01 -4.000000e+00
      vertex   -7.521203e+01 1.738521e+01 -3.000000e+00
    endloop
  endfacet
  facet normal 9.238795e-01 -3.826834e-01 0.000000e+00
    outer loop
      vertex   -7.521203e+01 1.738521e+01 -3.000000e+00
      vertex   -7.531193e+01 1.714403e+01 -4.000000e+00
      vertex   -7.521203e+01 1.738521e+01 -4.000000e+00
    endloop
  endfacet
  facet normal 7.933533e-01 -6.087614e-01 0.000000e+00
    outer loop
      vertex   -7.521203e+01 1.738521e+01 -3.000000e+00
      vertex   -7.521203e+01 1.738521e+01 -4.000000e+00
      vertex   -7.505311e+01 1.759232e+01 -3.000000e+00
    endloop
  endfacet
  facet normal 7.933533e-01 -6.087614e-01 0.000000e+00
    outer loop
      vertex   -7.505311e+01 1.759232e+01 -3.000000e+00
      vertex   -7.521203e+01 1.738521e+01 -4.000000e+00
      vertex   -7.505311e+01 1.759232e+01 -4.000000e+00
    endloop
  endfacet
  facet normal 6.087614e-01 -7.933533e-01 0.000000e+00
    outer loop
      vertex   -7.505311e+01 1.759232e+01 -3.000000e+00
      vertex   -7.505311e+01 1.759232e+01 -4.000000e+00
      vertex   -7.484600e+01 1.775124e+01 -3.000000e+00
    endloop
  endfacet
  facet normal 6.087614e-01 -7.933533e-01 0.000000e+00
    outer loop
      vertex   -7.484600e+01 1.775124e+01 -3.000000e+00
      vertex   -7.505311e+01 1.759232e+01 -4.000000e+00
      vertex   -7.484600e+01 1.775124e+01 -4.000000e+00
    endloop
  endfacet
  facet normal 3.826834e-01 -9.238795e-01 0.000000e+00
    outer loop
      vertex   -7.484600e+01 1.775124e+01 -3.000000e+00
      vertex   -7.484600e+01 1.775124e+01 -4.000000e+00
      vertex   -7.460482e+01 1.785114e+01 -3.000000e+00
    endloop
  endfacet
  facet normal 3.826834e-01 -9.238795e-01 0.000000e+00
    outer loop
      vertex   -7.460482e+01 1.785114e+01 -3.000000e+00
      vertex   -7.484600e+01 1.775124e+01 -4.000000e+00
      vertex   -7.460482e+01 1.785114e+01 -4.000000e+00
    endloop
  endfacet
  facet normal 1.305262e-01 -9.914449e-01 0.000000e+00
    outer loop
      vertex   -7.460482e+01 1.785114e+01 -3.000000e+00
      vertex   -7.460482e+01 1.785114e+01 -4.000000e+00
      vertex   -7.434600e+01 1.788521e+01 -3.000000e+00
    endloop
  endfacet
  facet normal 1.305262e-01 -9.914449e-01 0.000000e+00
    outer loop
      vertex   -7.434600e+01 1.788521e+01 -3.000000e+00
      vertex   -7.460482e+01 1.785114e+01 -4.000000e+00
      vertex   -7.434600e+01 1.788521e+01 -4.000000e+00
    endloop
  endfacet
  facet normal 0.000000e+00 1.000000e+00 -0.000000e+00
    outer loop
      vertex   6.540000e-01 1.588521e+01 -4.000000e+00
      vertex   -7.434600e+01 1.588521e+01 -4.000000e+00
      vertex   6.540000e-01 1.588521e+01 -3.000000e+00
    endloop
  endfacet
  facet normal 0.000000e+00 1.000000e+00 0.000000e+00
    outer loop
      vertex   6.540000e-01 1.588521e+01 -3.000000e+00
      vertex   -7.434600e+01 1.588521e+01 -4.000000e+00
      vertex   -7.434600e+01 1.588521e+01 -3.000000e+00
    endloop
  endfacet
  facet normal -1.305262e-01 -9.914449e-01 -0.000000e+00
    outer loop
      vertex   6.540000e-01 1.788521e+01 -3.000000e+00
      vertex   6.540000e-01 1.788521e+01 -4.000000e+00
      vertex   9.128190e-01 1.785114e+01 -3.000000e+00
    endloop
  endfacet
  facet normal -1.305262e-01 -9.914449e-01 -0.000000e+00
    outer loop
      vertex   9.128190e-01 1.785114e+01 -3.000000e+00
      vertex   6.540000e-01 1.788521e+01 -4.000000e+00
      vertex   9.128190e-01 1.785114e+01 -4.000000e+00
    endloop
  endfacet
  facet normal -3.826834e-01 -9.238795e-01 -0.000000e+00
    outer loop
      vertex   9.128190e-01 1.785114e+01 -3.000000e+00
      vertex   9.128190e-01 1.785114e+01 -4.000000e+00
      vertex   1.154000e+00 1.775124e+01 -3.000000e+00
    endloop
  endfacet
  facet normal -3.826834e-01 -9.238795e-01 -8.497279e-17
    outer loop
      vertex   1.154000e+00 1.775124e+01 -3.000000e+00
      vertex   9.128190e-01 1.785114e+01 -4.000000e+00
      vertex   1.154000e+00 1.775124e+01 -4.000000e+00
    endloop
  endfacet
  facet normal -6.087614e-01 -7.933533e-01 -1.351722e-16
    outer loop
      vertex   1.154000e+00 1.775124e+01 -3.000000e+00
      vertex   1.154000e+00 1.775124e+01 -4.000000e+00
      vertex   1.361107e+00 1.759232e+01 -3.000000e+00
    endloop
  endfacet
  facet normal -6.087614e-01 -7.933533e-01 -0.000000e+00
    outer loop
      vertex   1.361107e+00 1.759232e+01 -3.000000e+00
      vertex   1.154000e+00 1.775124e+01 -4.000000e+00
      vertex   1.361107e+00 1.759232e+01 -4.000000e+00
    endloop
  endfacet
  facet normal -7.933533e-01 -6.087614e-01 -0.000000e+00
    outer loop
      vertex   1.361107e+00 1.759232e+01 -3.000000e+00
      vertex   1.361107e+00 1.759232e+01 -4.000000e+00
      vertex   1.520025e+00 1.738521e+01 -3.000000e+00
    endloop
  endfacet
  facet normal -7.933533e-01 -6.087614e-01 -1.761598e-16
    outer loop
      vertex   1.520025e+00 1.738521e+01 -3.000000e+00
      vertex   1.361107e+00 1.759232e+01 -4.000000e+00
      vertex   1.520025e+00 1.738521e+01 -4.000000e+00
    endloop
  endfacet
  facet normal -9.238795e-01 -3.826834e-01 -2.051425e-16
    outer loop
      vertex   1.520025e+00 1.738521e+01 -3.000000e+00
      vertex   1.520025e+00 1.738521e+01 -4.000000e+00
      vertex   1.619926e+00 1.714403e+01 -3.000000e+00
    endloop
  endfacet
  facet normal -9.238795e-01 -3.826834e-01 -0.000000e+00
    outer loop
      vertex   1.619926e+00 1.714403e+01 -3.000000e+00
      vertex   1.520025e+00 1.738521e+01 -4.000000e+00
      vertex   1.619926e+00 1.714403e+01 -4.000000e+00
    endloop
  endfacet
  facet normal -9.914449e-01 -1.305262e-01 -0.000000e+00
    outer loop
      vertex   1.619926e+00 1.714403e+01 -3.000000e+00
      vertex   1.619926e+00 1.714403e+01 -4.000000e+00
      vertex   1.654000e+00 1.688521e+01 -3.000000e+00
    endloop
  endfacet
  facet normal -9.914449e-01 -1.305262e-01 -0.000000e+00
    outer loop
      vertex   1.654000e+00 1.688521e+01 -3.000000e+00
      vertex   1.619926e+00 1.714403e+01 -4.000000e+00
      vertex   1.654000e+00 1.688521e+01 -4.000000e+00
    endloop
  endfacet
  facet normal -9.914449e-01 1.305262e-01 0.000000e+00
    outer loop
      vertex   1.654000e+00 1.688521e+01 -3.000000e+00
      vertex   1.654000e+00 1.688521e+01 -4.000000e+00
      vertex   1.619926e+00 1.662639e+01 -3.000000e+00
    endloop
  endfacet
  facet normal -9.914449e-01 1.305262e-01 0.000000e+00
    outer loop
      vertex   1.619926e+00 1.662639e+01 -3.000000e+00
      vertex   1.654000e+00 1.688521e+01 -4.000000e+00
      vertex   1.619926e+00 1.662639e+01 -4.000000e+00
    endloop
  endfacet
  facet normal -9.238795e-01 3.826834e-01 0.000000e+00
    outer loop
      vertex   1.619926e+00 1.662639e+01 -3.000000e+00
      vertex   1.619926e+00 1.662639e+01 -4.000000e+00
      vertex   1.520025e+00 1.638521e+01 -3.000000e+00
    endloop
  endfacet
  facet normal -9.238795e-01 3.826834e-01 -1.154422e-15
    outer loop
      vertex   1.520025e+00 1.638521e+01 -3.000000e+00
      vertex   1.619926e+00 1.662639e+01 -4.000000e+00
      vertex   1.520025e+00 1.638521e+01 -4.000000e+00
    endloop
  endfacet
  facet normal -7.933533e-01 6.087614e-01 -1.986595e-15
    outer loop
      vertex   1.520025e+00 1.638521e+01 -3.000000e+00
      vertex   1.520025e+00 1.638521e+01 -4.000000e+00
      vertex   1.361107e+00 1.617811e+01 -3.000000e+00
    endloop
  endfacet
  facet normal -7.933533e-01 6.087614e-01 0.000000e+00
    outer loop
      vertex   1.361107e+00 1.617811e+01 -3.000000e+00
      vertex   1.520025e+00 1.638521e+01 -4.000000e+00
      vertex   1.361107e+00 1.617811e+01 -4.000000e+00
    endloop
  endfacet
  facet normal -6.087614e-01 7.933533e-01 0.000000e+00
    outer loop
      vertex   1.361107e+00 1.617811e+01 -3.000000e+00
      vertex   1.361107e+00 1.617811e+01 -4.000000e+00
      vertex   1.154000e+00 1.601919e+01 -3.000000e+00
    endloop
  endfacet
  facet normal -6.087614e-01 7.933533e-01 1.351722e-16
    outer loop
      vertex   1.154000e+00 1.601919e+01 -3.000000e+00
      vertex   1.361107e+00 1.617811e+01 -4.000000e+00
      vertex   1.154000e+00 1.601919e+01 -4.000000e+00
    endloop
  endfacet
  facet normal -3.826834e-01 9.238795e-01 8.497279e-17
    outer loop
      vertex   1.154000e+00 1.601919e+01 -3.000000e+00
      vertex   1.154000e+00 1.601919e+01 -4.000000e+00
      vertex   9.128190e-01 1.591929e+01 -3.000000e+00
    endloop
  endfacet
  facet normal -3.826834e-01 9.238795e-01 8.497279e-17
    outer loop
      vertex   9.128190e-01 1.591929e+01 -3.000000e+00
      vertex   1.154000e+00 1.601919e+01 -4.000000e+00
      vertex   9.128190e-01 1.591929e+01 -4.000000e+00
    endloop
  endfacet
  facet normal -1.305262e-01 9.914449e-01 2.898264e-17
    outer loop
      vertex   9.128190e-01 1.591929e+01 -3.000000e+00
      vertex   9.128190e-01 1.591929e+01 -4.000000e+00
      vertex   6.540000e-01 1.588521e+01 -3.000000e+00
    endloop
  endfacet
  facet normal -1.305262e-01 9.914449e-01 0.000000e+00
    outer loop
      vertex   6.540000e-01 1.588521e+01 -3.000000e+00
      vertex   9.128190e-01 1.591929e+01 -4.000000e+00
      vertex   6.540000e-01 1.588521e+01 -4.000000e+00
    endloop
  endfacet
  facet normal 7.105427e-17 -1.000000e+00 0.000000e+00
    outer loop
      vertex   -7.434600e+01 1.388521e+01 -4.000000e+00
      vertex   6.540000e-01 1.388521e+01 -4.000000e+00
      vertex   -7.434600e+01 1.388521e+01 -3.000000e+00
    endloop
  endfacet
  facet normal 7.105427e-17 -1.000000e+00 0.000000e+00
    outer loop
      vertex   -7.434600e+01 1.388521e+01 -3.000000e+00
      vertex   6.540000e-01 1.388521e+01 -4.000000e+00
      vertex   6.540000e-01 1.388521e+01 -3.000000e+00
    endloop
  endfacet
  facet normal 1.305262e-01 9.914449e-01 0.000000e+00
    outer loop
      vertex   -7.434600e+01 1.188521e+01 -3.000000e+00
      vertex   -7.434600e+01 1.188521e+01 -4.000000e+00
      vertex   -7.460482e+01 1.191929e+01 -3.000000e+00
    endloop
  endfacet
  facet normal 1.305262e-01 9.914449e-01 0.000000e+00
    outer loop
      vertex   -7.460482e+01 1.191929e+01 -3.000000e+00
      vertex   -7.434600e+01 1.188521e+01 -4.000000e+00
      vertex   -7.460482e+01 1.191929e+01 -4.000000e+00
    endloop
  endfacet
  facet normal 3.826834e-01 9.238795e-01 0.000000e+00
    outer loop
      vertex   -7.460482e+01 1.191929e+01 -3.000000e+00
      vertex   -7.460482e+01 1.191929e+01 -4.000000e+00
      vertex   -7.484600e+01 1.201919e+01 -3.000000e+00
    endloop
  endfacet
  facet normal 3.826834e-01 9.238795e-01 1.641140e-15
    outer loop
      vertex   -7.484600e+01 1.201919e+01 -3.000000e+00
      vertex   -7.460482e+01 1.191929e+01 -4.000000e+00
      vertex   -7.484600e+01 1.201919e+01 -4.000000e+00
    endloop
  endfacet
  facet normal 6.087614e-01 7.933533e-01 1.409279e-15
    outer loop
      vertex   -7.484600e+01 1.201919e+01 -3.000000e+00
      vertex   -7.484600e+01 1.201919e+01 -4.000000e+00
      vertex   -7.505311e+01 1.217811e+01 -3.000000e+00
    endloop
  endfacet
  facet normal 6.087614e-01 7.933533e-01 0.000000e+00
    outer loop
      vertex   -7.505311e+01 1.217811e+01 -3.000000e+00
      vertex   -7.484600e+01 1.201919e+01 -4.000000e+00
      vertex   -7.505311e+01 1.217811e+01 -4.000000e+00
    endloop
  endfacet
  facet normal 7.933533e-01 6.087614e-01 0.000000e+00
    outer loop
      vertex   -7.505311e+01 1.217811e+01 -3.000000e+00
      vertex   -7.505311e+01 1.217811e+01 -4.000000e+00
      vertex   -7.521203e+01 1.238521e+01 -3.000000e+00
    endloop
  endfacet
  facet normal 7.933533e-01 6.087614e-01 1.081378e-15
    outer loop
      vertex   -7.521203e+01 1.238521e+01 -3.000000e+00
      vertex   -7.505311e+01 1.217811e+01 -4.000000e+00
      vertex   -7.521203e+01 1.238521e+01 -4.000000e+00
    endloop
  endfacet
  facet normal 9.238795e-01 3.826834e-01 6.797823e-16
    outer loop
      vertex   -7.521203e+01 1.238521e+01 -3.000000e+00
      vertex   -7.521203e+01 1.238521e+01 -4.000000e+00
      vertex   -7.531193e+01 1.262639e+01 -3.000000e+00
    endloop
  endfacet
  facet normal 9.238795e-01 3.826834e-01 0.000000e+00
    outer loop
      vertex   -7.531193e+01 1.262639e+01 -3.000000e+00
      vertex   -7.521203e+01 1.238521e+01 -4.000000e+00
      vertex   -7.531193e+01 1.262639e+01 -4.000000e+00
    endloop
  endfacet
  facet normal 9.914449e-01 1.305262e-01 0.000000e+00
    outer loop
      vertex   -7.531193e+01 1.262639e+01 -3.000000e+00
      vertex   -7.531193e+01 1.262639e+01 -4.000000e+00
      vertex   -7.534600e+01 1.288521e+01 -3.000000e+00
    endloop
  endfacet
  facet normal 9.914449e-01 1.305262e-01 0.000000e+00
    outer loop
      vertex   -7.534600e+01 1.288521e+01 -3.000000e+00
      vertex   -7.531193e+01 1.262639e+01 -4.000000e+00
      vertex   -7.534600e+01 1.288521e+01 -4.000000e+00
    endloop
  endfacet
  facet normal 9.914449e-01 -1.305262e-01 0.000000e+00
    outer loop
      vertex   -7.534600e+01 1.288521e+01 -3.000000e+00
      vertex   -7.534600e+01 1.288521e+01 -4.000000e+00
      vertex   -7.531193e+01 1.314403e+01 -3.000000e+00
    endloop
  endfacet
  facet normal 9.914449e-01 -1.305262e-01 0.000000e+00
    outer loop
      vertex   -7.531193e+01 1.314403e+01 -3.000000e+00
      vertex   -7.534600e+01 1.288521e+01 -4.000000e+00
      vertex   -7.531193e+01 1.314403e+01 -4.000000e+00
    endloop
  endfacet
  facet normal 9.238795e-01 -3.826834e-01 0.000000e+00
    outer loop
      vertex   -7.531193e+01 1.314403e+01 -3.000000e+00
      vertex   -7.531193e+01 1.314403e+01 -4.000000e+00
      vertex   -7.521203e+01 1.338521e+01 -3.000000e+00
    endloop
  endfacet
  facet normal 9.238795e-01 -3.826834e-01 -6.797823e-16
    outer loop
      vertex   -7.521203e+01 1.338521e+01 -3.000000e+00
      vertex   -7.531193e+01 1.314403e+01 -4.000000e+00
      vertex   -7.521203e+01 1.338521e+01 -4.000000e+00
    endloop
  endfacet
  facet normal 7.933533e-01 -6.087614e-01 -1.081378e-15
    outer loop
      vertex   -7.521203e+01 1.338521e+01 -3.000000e+00
      vertex   -7.521203e+01 1.338521e+01 -4.000000e+00
      vertex   -7.505311e+01 1.359232e+01 -3.000000e+00
    endloop
  endfacet
  facet normal 7.933533e-01 -6.087614e-01 0.000000e+00
    outer loop
      vertex   -7.505311e+01 1.359232e+01 -3.000000e+00
      vertex   -7.521203e+01 1.338521e+01 -4.000000e+00
      vertex   -7.505311e+01 1.359232e+01 -4.000000e+00
    endloop
  endfacet
  facet normal 6.087614e-01 -7.933533e-01 0.000000e+00
    outer loop
      vertex   -7.505311e+01 1.359232e+01 -3.000000e+00
      vertex   -7.505311e+01 1.359232e+01 -4.000000e+00
      vertex   -7.484600e+01 1.375124e+01 -3.000000e+00
    endloop
  endfacet
  facet normal 6.087614e-01 -7.933533e-01 -1.409279e-15
    outer loop
      vertex   -7.484600e+01 1.375124e+01 -3.000000e+00
      vertex   -7.505311e+01 1.359232e+01 -4.000000e+00
      vertex   -7.484600e+01 1.375124e+01 -4.000000e+00
    endloop
  endfacet
  facet normal 3.826834e-01 -9.238795e-01 -1.641140e-15
    outer loop
      vertex   -7.484600e+01 1.375124e+01 -3.000000e+00
      vertex   -7.484600e+01 1.375124e+01 -4.000000e+00
      vertex   -7.460482e+01 1.385114e+01 -3.000000e+00
    endloop
  endfacet
  facet normal 3.826834e-01 -9.238795e-01 0.000000e+00
    outer loop
      vertex   -7.460482e+01 1.385114e+01 -3.000000e+00
      vertex   -7.484600e+01 1.375124e+01 -4.000000e+00
      vertex   -7.460482e+01 1.385114e+01 -4.000000e+00
    endloop
  endfacet
  facet normal 1.305262e-01 -9.914449e-01 0.000000e+00
    outer loop
      vertex   -7.460482e+01 1.385114e+01 -3.000000e+00
      vertex   -7.460482e+01 1.385114e+01 -4.000000e+00
      vertex   -7.434600e+01 1.388521e+01 -3.000000e+00
    endloop
  endfacet
  facet normal 1.305262e-01 -9.914449e-01 0.000000e+00
    outer loop
      vertex   -7.434600e+01 1.388521e+01 -3.000000e+00
      vertex   -7.460482e+01 1.385114e+01 -4.000000e+00
      vertex   -7.434600e+01 1.388521e+01 -4.000000e+00
    endloop
  endfacet
  facet normal 0.000000e+00 1.000000e+00 -0.000000e+00
    outer loop
      vertex   6.540000e-01 1.188521e+01 -4.000000e+00
      vertex   -7.434600e+01 1.188521e+01 -4.000000e+00
      vertex   6.540000e-01 1.188521e+01 -3.000000e+00
    endloop
  endfacet
  facet normal 0.000000e+00 1.000000e+00 0.000000e+00
    outer loop
      vertex   6.540000e-01 1.188521e+01 -3.000000e+00
      vertex   -7.434600e+01 1.188521e+01 -4.000000e+00
      vertex   -7.434600e+01 1.188521e+01 -3.000000e+00
    endloop
  endfacet
  facet normal -1.305262e-01 -9.914449e-01 -0.000000e+00
    outer loop
      vertex   6.540000e-01 1.388521e+01 -3.000000e+00
      vertex   6.540000e-01 1.388521e+01 -4.000000e+00
      vertex   9.128190e-01 1.385114e+01 -3.000000e+00
    endloop
  endfacet
  facet normal -1.305262e-01 -9.914449e-01 -0.000000e+00
    outer loop
      vertex   9.128190e-01 1.385114e+01 -3.000000e+00
      vertex   6.540000e-01 1.388521e+01 -4.000000e+00
      vertex   9.128190e-01 1.385114e+01 -4.000000e+00
    endloop
  endfacet
  facet normal -3.826834e-01 -9.238795e-01 -0.000000e+00
    outer loop
      vertex   9.128190e-01 1.385114e+01 -3.000000e+00
      vertex   9.128190e-01 1.385114e+01 -4.000000e+00
      vertex   1.154000e+00 1.375124e+01 -3.000000e+00
    endloop
  endfacet
  facet normal -3.826834e-01 -9.238795e-01 -1.699456e-16
    outer loop
      vertex   1.154000e+00 1.375124e+01 -3.000000e+00
      vertex   9.128190e-01 1.385114e+01 -4.000000e+00
      vertex   1.154000e+00 1.375124e+01 -4.000000e+00
    endloop
  endfacet
  facet normal -6.087614e-01 -7.933533e-01 -2.703444e-16
    outer loop
      vertex   1.154000e+00 1.375124e+01 -3.000000e+00
      vertex   1.154000e+00 1.375124e+01 -4.000000e+00
      vertex   1.361107e+00 1.359232e+01 -3.000000e+00
    endloop
  endfacet
  facet normal -6.087614e-01 -7.933533e-01 -0.000000e+00
    outer loop
      vertex   1.361107e+00 1.359232e+01 -3.000000e+00
      vertex   1.154000e+00 1.375124e+01 -4.000000e+00
      vertex   1.361107e+00 1.359232e+01 -4.000000e+00
    endloop
  endfacet
  facet normal -7.933533e-01 -6.087614e-01 -0.000000e+00
    outer loop
      vertex   1.361107e+00 1.359232e+01 -3.000000e+00
      vertex   1.361107e+00 1.359232e+01 -4.000000e+00
      vertex   1.520025e+00 1.338521e+01 -3.000000e+00
    endloop
  endfacet
  facet normal -7.933533e-01 -6.087614e-01 -0.000000e+00
    outer loop
      vertex   1.520025e+00 1.338521e+01 -3.000000e+00
      vertex   1.361107e+00 1.359232e+01 -4.000000e+00
      vertex   1.520025e+00 1.338521e+01 -4.000000e+00
    endloop
  endfacet
  facet normal -9.238795e-01 -3.826834e-01 -0.000000e+00
    outer loop
      vertex   1.520025e+00 1.338521e+01 -3.000000e+00
      vertex   1.520025e+00 1.338521e+01 -4.000000e+00
      vertex   1.619926e+00 1.314403e+01 -3.000000e+00
    endloop
  endfacet
  facet normal -9.238795e-01 -3.826834e-01 -0.000000e+00
    outer loop
      vertex   1.619926e+00 1.314403e+01 -3.000000e+00
      vertex   1.520025e+00 1.338521e+01 -4.000000e+00
      vertex   1.619926e+00 1.314403e+01 -4.000000e+00
    endloop
  endfacet
  facet normal -9.914449e-01 -1.305262e-01 -0.000000e+00
    outer loop
      vertex   1.619926e+00 1.314403e+01 -3.000000e+00
      vertex   1.619926e+00 1.314403e+01 -4.000000e+00
      vertex   1.654000e+00 1.288521e+01 -3.000000e+00
    endloop
  endfacet
  facet normal -9.914449e-01 -1.305262e-01 -0.000000e+00
    outer loop
      vertex   1.654000e+00 1.288521e+01 -3.000000e+00
      vertex   1.619926e+00 1.314403e+01 -4.000000e+00
      vertex   1.654000e+00 1.288521e+01 -4.000000e+00
    endloop
  endfacet
  facet normal -9.914449e-01 1.305262e-01 0.000000e+00
    outer loop
      vertex   1.654000e+00 1.288521e+01 -3.000000e+00
      vertex   1.654000e+00 1.288521e+01 -4.000000e+00
      vertex   1.619926e+00 1.262639e+01 -3.000000e+00
    endloop
  endfacet
  facet normal -9.914449e-01 1.305262e-01 0.000000e+00
    outer loop
      vertex   1.619926e+00 1.262639e+01 -3.000000e+00
      vertex   1.654000e+00 1.288521e+01 -4.000000e+00
      vertex   1.619926e+00 1.262639e+01 -4.000000e+00
    endloop
  endfacet
  facet normal -9.238795e-01 3.826834e-01 0.000000e+00
    outer loop
      vertex   1.619926e+00 1.262639e+01 -3.000000e+00
      vertex   1.619926e+00 1.262639e+01 -4.000000e+00
      vertex   1.520025e+00 1.238521e+01 -3.000000e+00
    endloop
  endfacet
  facet normal -9.238795e-01 3.826834e-01 0.000000e+00
    outer loop
      vertex   1.520025e+00 1.238521e+01 -3.000000e+00
      vertex   1.619926e+00 1.262639e+01 -4.000000e+00
      vertex   1.520025e+00 1.238521e+01 -4.000000e+00
    endloop
  endfacet
  facet normal -7.933533e-01 6.087614e-01 0.000000e+00
    outer loop
      vertex   1.520025e+00 1.238521e+01 -3.000000e+00
      vertex   1.520025e+00 1.238521e+01 -4.000000e+00
      vertex   1.361107e+00 1.217811e+01 -3.000000e+00
    endloop
  endfacet
  facet normal -7.933533e-01 6.087614e-01 0.000000e+00
    outer loop
      vertex   1.361107e+00 1.217811e+01 -3.000000e+00
      vertex   1.520025e+00 1.238521e+01 -4.000000e+00
      vertex   1.361107e+00 1.217811e+01 -4.000000e+00
    endloop
  endfacet
  facet normal -6.087614e-01 7.933533e-01 0.000000e+00
    outer loop
      vertex   1.361107e+00 1.217811e+01 -3.000000e+00
      vertex   1.361107e+00 1.217811e+01 -4.000000e+00
      vertex   1.154000e+00 1.201919e+01 -3.000000e+00
    endloop
  endfacet
  facet normal -6.087614e-01 7.933533e-01 2.703444e-16
    outer loop
      vertex   1.154000e+00 1.201919e+01 -3.000000e+00
      vertex   1.361107e+00 1.217811e+01 -4.000000e+00
      vertex   1.154000e+00 1.201919e+01 -4.000000e+00
    endloop
  endfacet
  facet normal -3.826834e-01 9.238795e-01 1.699456e-16
    outer loop
      vertex   1.154000e+00 1.201919e+01 -3.000000e+00
      vertex   1.154000e+00 1.201919e+01 -4.000000e+00
      vertex   9.128190e-01 1.191929e+01 -3.000000e+00
    endloop
  endfacet
  facet normal -3.826834e-01 9.238795e-01 4.248640e-17
    outer loop
      vertex   9.128190e-01 1.191929e+01 -3.000000e+00
      vertex   1.154000e+00 1.201919e+01 -4.000000e+00
      vertex   9.128190e-01 1.191929e+01 -4.000000e+00
    endloop
  endfacet
  facet normal -1.305262e-01 9.914449e-01 1.449132e-17
    outer loop
      vertex   9.128190e-01 1.191929e+01 -3.000000e+00
      vertex   9.128190e-01 1.191929e+01 -4.000000e+00
      vertex   6.540000e-01 1.188521e+01 -3.000000e+00
    endloop
  endfacet
  facet normal -1.305262e-01 9.914449e-01 0.000000e+00
    outer loop
      vertex   6.540000e-01 1.188521e+01 -3.000000e+00
      vertex   9.128190e-01 1.191929e+01 -4.000000e+00
      vertex   6.540000e-01 1.188521e+01 -4.000000e+00
    endloop
  endfacet
  facet normal 4.736952e-17 -1.000000e+00 0.000000e+00
    outer loop
      vertex   -7.434600e+01 2.988521e+01 -4.000000e+00
      vertex   6.540000e-01 2.988521e+01 -4.000000e+00
      vertex   -7.434600e+01 2.988521e+01 -3.000000e+00
    endloop
  endfacet
  facet normal 4.736952e-17 -1.000000e+00 0.000000e+00
    outer loop
      vertex   -7.434600e+01 2.988521e+01 -3.000000e+00
      vertex   6.540000e-01 2.988521e+01 -4.000000e+00
      vertex   6.540000e-01 2.988521e+01 -3.000000e+00
    endloop
  endfacet
  facet normal 1.305262e-01 9.914449e-01 0.000000e+00
    outer loop
      vertex   -7.434600e+01 2.788521e+01 -3.000000e+00
      vertex   -7.434600e+01 2.788521e+01 -4.000000e+00
      vertex   -7.460482e+01 2.791929e+01 -3.000000e+00
    endloop
  endfacet
  facet normal 1.305262e-01 9.914449e-01 0.000000e+00
    outer loop
      vertex   -7.460482e+01 2.791929e+01 -3.000000e+00
      vertex   -7.434600e+01 2.788521e+01 -4.000000e+00
      vertex   -7.460482e+01 2.791929e+01 -4.000000e+00
    endloop
  endfacet
  facet normal 3.826834e-01 9.238795e-01 0.000000e+00
    outer loop
      vertex   -7.460482e+01 2.791929e+01 -3.000000e+00
      vertex   -7.460482e+01 2.791929e+01 -4.000000e+00
      vertex   -7.484600e+01 2.801919e+01 -3.000000e+00
    endloop
  endfacet
  facet normal 3.826834e-01 9.238795e-01 0.000000e+00
    outer loop
      vertex   -7.484600e+01 2.801919e+01 -3.000000e+00
      vertex   -7.460482e+01 2.791929e+01 -4.000000e+00
      vertex   -7.484600e+01 2.801919e+01 -4.000000e+00
    endloop
  endfacet
  facet normal 6.087614e-01 7.933533e-01 0.000000e+00
    outer loop
      vertex   -7.484600e+01 2.801919e+01 -3.000000e+00
      vertex   -7.484600e+01 2.801919e+01 -4.000000e+00
      vertex   -7.505311e+01 2.817811e+01 -3.000000e+00
    endloop
  endfacet
  facet normal 6.087614e-01 7.933533e-01 0.000000e+00
    outer loop
      vertex   -7.505311e+01 2.817811e+01 -3.000000e+00
      vertex   -7.484600e+01 2.801919e+01 -4.000000e+00
      vertex   -7.505311e+01 2.817811e+01 -4.000000e+00
    endloop
  endfacet
  facet normal 7.933533e-01 6.087614e-01 0.000000e+00
    outer loop
      vertex   -7.505311e+01 2.817811e+01 -3.000000e+00
      vertex   -7.505311e+01 2.817811e+01 -4.000000e+00
      vertex   -7.521203e+01 2.838521e+01 -3.000000e+00
    endloop
  endfacet
  facet normal 7.933533e-01 6.087614e-01 2.162755e-15
    outer loop
      vertex   -7.521203e+01 2.838521e+01 -3.000000e+00
      vertex   -7.505311e+01 2.817811e+01 -4.000000e+00
      vertex   -7.521203e+01 2.838521e+01 -4.000000e+00
    endloop
  endfacet
  facet normal 9.238795e-01 3.826834e-01 1.359565e-15
    outer loop
      vertex   -7.521203e+01 2.838521e+01 -3.000000e+00
      vertex   -7.521203e+01 2.838521e+01 -4.000000e+00
      vertex   -7.531193e+01 2.862639e+01 -3.000000e+00
    endloop
  endfacet
  facet normal 9.238795e-01 3.826834e-01 0.000000e+00
    outer loop
      vertex   -7.531193e+01 2.862639e+01 -3.000000e+00
      vertex   -7.521203e+01 2.838521e+01 -4.000000e+00
      vertex   -7.531193e+01 2.862639e+01 -4.000000e+00
    endloop
  endfacet
  facet normal 9.914449e-01 1.305262e-01 0.000000e+00
    outer loop
      vertex   -7.531193e+01 2.862639e+01 -3.000000e+00
      vertex   -7.531193e+01 2.862639e+01 -4.000000e+00
      vertex   -7.534600e+01 2.888521e+01 -3.000000e+00
    endloop
  endfacet
  facet normal 9.914449e-01 1.305262e-01 0.000000e+00
    outer loop
      vertex   -7.534600e+01 2.888521e+01 -3.000000e+00
      vertex   -7.531193e+01 2.862639e+01 -4.000000e+00
      vertex   -7.534600e+01 2.888521e+01 -4.000000e+00
    endloop
  endfacet
  facet normal 9.914449e-01 -1.305262e-01 0.000000e+00
    outer loop
      vertex   -7.534600e+01 2.888521e+01 -3.000000e+00
      vertex   -7.534600e+01 2.888521e+01 -4.000000e+00
      vertex   -7.531193e+01 2.914403e+01 -3.000000e+00
    endloop
  endfacet
  facet normal 9.914449e-01 -1.305262e-01 0.000000e+00
    outer loop
      vertex   -7.531193e+01 2.914403e+01 -3.000000e+00
      vertex   -7.534600e+01 2.888521e+01 -4.000000e+00
      vertex   -7.531193e+01 2.914403e+01 -4.000000e+00
    endloop
  endfacet
  facet normal 9.238795e-01 -3.826834e-01 0.000000e+00
    outer loop
      vertex   -7.531193e+01 2.914403e+01 -3.000000e+00
      vertex   -7.531193e+01 2.914403e+01 -4.000000e+00
      vertex   -7.521203e+01 2.938521e+01 -3.000000e+00
    endloop
  endfacet
  facet normal 9.238795e-01 -3.826834e-01 -1.359565e-15
    outer loop
      vertex   -7.521203e+01 2.938521e+01 -3.000000e+00
      vertex   -7.531193e+01 2.914403e+01 -4.000000e+00
      vertex   -7.521203e+01 2.938521e+01 -4.000000e+00
    endloop
  endfacet
  facet normal 7.933533e-01 -6.087614e-01 -2.162755e-15
    outer loop
      vertex   -7.521203e+01 2.938521e+01 -3.000000e+00
      vertex   -7.521203e+01 2.938521e+01 -4.000000e+00
      vertex   -7.505311e+01 2.959232e+01 -3.000000e+00
    endloop
  endfacet
  facet normal 7.933533e-01 -6.087614e-01 0.000000e+00
    outer loop
      vertex   -7.505311e+01 2.959232e+01 -3.000000e+00
      vertex   -7.521203e+01 2.938521e+01 -4.000000e+00
      vertex   -7.505311e+01 2.959232e+01 -4.000000e+00
    endloop
  endfacet
  facet normal 6.087614e-01 -7.933533e-01 0.000000e+00
    outer loop
      vertex   -7.505311e+01 2.959232e+01 -3.000000e+00
      vertex   -7.505311e+01 2.959232e+01 -4.000000e+00
      vertex   -7.484600e+01 2.975124e+01 -3.000000e+00
    endloop
  endfacet
  facet normal 6.087614e-01 -7.933533e-01 0.000000e+00
    outer loop
      vertex   -7.484600e+01 2.975124e+01 -3.000000e+00
      vertex   -7.505311e+01 2.959232e+01 -4.000000e+00
      vertex   -7.484600e+01 2.975124e+01 -4.000000e+00
    endloop
  endfacet
  facet normal 3.826834e-01 -9.238795e-01 0.000000e+00
    outer loop
      vertex   -7.484600e+01 2.975124e+01 -3.000000e+00
      vertex   -7.484600e+01 2.975124e+01 -4.000000e+00
      vertex   -7.460482e+01 2.985114e+01 -3.000000e+00
    endloop
  endfacet
  facet normal 3.826834e-01 -9.238795e-01 0.000000e+00
    outer loop
      vertex   -7.460482e+01 2.985114e+01 -3.000000e+00
      vertex   -7.484600e+01 2.975124e+01 -4.000000e+00
      vertex   -7.460482e+01 2.985114e+01 -4.000000e+00
    endloop
  endfacet
  facet normal 1.305262e-01 -9.914449e-01 0.000000e+00
    outer loop
      vertex   -7.460482e+01 2.985114e+01 -3.000000e+00
      vertex   -7.460482e+01 2.985114e+01 -4.000000e+00
      vertex   -7.434600e+01 2.988521e+01 -3.000000e+00
    endloop
  endfacet
  facet normal 1.305262e-01 -9.914449e-01 0.000000e+00
    outer loop
      vertex   -7.434600e+01 2.988521e+01 -3.000000e+00
      vertex   -7.460482e+01 2.985114e+01 -4.000000e+00
      vertex   -7.434600e+01 2.988521e+01 -4.000000e+00
    endloop
  endfacet
  facet normal -4.736952e-17 1.000000e+00 0.000000e+00
    outer loop
      vertex   6.540000e-01 2.788521e+01 -4.000000e+00
      vertex   -7.434600e+01 2.788521e+01 -4.000000e+00
      vertex   6.540000e-01 2.788521e+01 -3.000000e+00
    endloop
  endfacet
  facet normal -4.736952e-17 1.000000e+00 0.000000e+00
    outer loop
      vertex   6.540000e-01 2.788521e+01 -3.000000e+00
      vertex   -7.434600e+01 2.788521e+01 -4.000000e+00
      vertex   -7.434600e+01 2.788521e+01 -3.000000e+00
    endloop
  endfacet
  facet normal -1.305262e-01 -9.914449e-01 -0.000000e+00
    outer loop
      vertex   6.540000e-01 2.988521e+01 -3.000000e+00
      vertex   6.540000e-01 2.988521e+01 -4.000000e+00
      vertex   9.128190e-01 2.985114e+01 -3.000000e+00
    endloop
  endfacet
  facet normal -1.305262e-01 -9.914449e-01 -0.000000e+00
    outer loop
      vertex   9.128190e-01 2.985114e+01 -3.000000e+00
      vertex   6.540000e-01 2.988521e+01 -4.000000e+00
      vertex   9.128190e-01 2.985114e+01 -4.000000e+00
    endloop
  endfacet
  facet normal -3.826834e-01 -9.238795e-01 -0.000000e+00
    outer loop
      vertex   9.128190e-01 2.985114e+01 -3.000000e+00
      vertex   9.128190e-01 2.985114e+01 -4.000000e+00
      vertex   1.154000e+00 2.975124e+01 -3.000000e+00
    endloop
  endfacet
  facet normal -3.826834e-01 -9.238795e-01 -1.699456e-16
    outer loop
      vertex   1.154000e+00 2.975124e+01 -3.000000e+00
      vertex   9.128190e-01 2.985114e+01 -4.000000e+00
      vertex   1.154000e+00 2.975124e+01 -4.000000e+00
    endloop
  endfacet
  facet normal -6.087614e-01 -7.933533e-01 -2.703444e-16
    outer loop
      vertex   1.154000e+00 2.975124e+01 -3.000000e+00
      vertex   1.154000e+00 2.975124e+01 -4.000000e+00
      vertex   1.361107e+00 2.959232e+01 -3.000000e+00
    endloop
  endfacet
  facet normal -6.087614e-01 -7.933533e-01 -0.000000e+00
    outer loop
      vertex   1.361107e+00 2.959232e+01 -3.000000e+00
      vertex   1.154000e+00 2.975124e+01 -4.000000e+00
      vertex   1.361107e+00 2.959232e+01 -4.000000e+00
    endloop
  endfacet
  facet normal -7.933533e-01 -6.087614e-01 -0.000000e+00
    outer loop
      vertex   1.361107e+00 2.959232e+01 -3.000000e+00
      vertex   1.361107e+00 2.959232e+01 -4.000000e+00
      vertex   1.520025e+00 2.938521e+01 -3.000000e+00
    endloop
  endfacet
  facet normal -7.933533e-01 -6.087614e-01 4.325510e-15
    outer loop
      vertex   1.520025e+00 2.938521e+01 -3.000000e+00
      vertex   1.361107e+00 2.959232e+01 -4.000000e+00
      vertex   1.520025e+00 2.938521e+01 -4.000000e+00
    endloop
  endfacet
  facet normal -9.238795e-01 -3.826834e-01 2.719129e-15
    outer loop
      vertex   1.520025e+00 2.938521e+01 -3.000000e+00
      vertex   1.520025e+00 2.938521e+01 -4.000000e+00
      vertex   1.619926e+00 2.914403e+01 -3.000000e+00
    endloop
  endfacet
  facet normal -9.238795e-01 -3.826834e-01 -0.000000e+00
    outer loop
      vertex   1.619926e+00 2.914403e+01 -3.000000e+00
      vertex   1.520025e+00 2.938521e+01 -4.000000e+00
      vertex   1.619926e+00 2.914403e+01 -4.000000e+00
    endloop
  endfacet
  facet normal -9.914449e-01 -1.305262e-01 -0.000000e+00
    outer loop
      vertex   1.619926e+00 2.914403e+01 -3.000000e+00
      vertex   1.619926e+00 2.914403e+01 -4.000000e+00
      vertex   1.654000e+00 2.888521e+01 -3.000000e+00
    endloop
  endfacet
  facet normal -9.914449e-01 -1.305262e-01 -0.000000e+00
    outer loop
      vertex   1.654000e+00 2.888521e+01 -3.000000e+00
      vertex   1.619926e+00 2.914403e+01 -4.000000e+00
      vertex   1.654000e+00 2.888521e+01 -4.000000e+00
    endloop
  endfacet
  facet normal -9.914449e-01 1.305262e-01 0.000000e+00
    outer loop
      vertex   1.654000e+00 2.888521e+01 -3.000000e+00
      vertex   1.654000e+00 2.888521e+01 -4.000000e+00
      vertex   1.619926e+00 2.862639e+01 -3.000000e+00
    endloop
  endfacet
  facet normal -9.914449e-01 1.305262e-01 0.000000e+00
    outer loop
      vertex   1.619926e+00 2.862639e+01 -3.000000e+00
      vertex   1.654000e+00 2.888521e+01 -4.000000e+00
      vertex   1.619926e+00 2.862639e+01 -4.000000e+00
    endloop
  endfacet
  facet normal -9.238795e-01 3.826834e-01 0.000000e+00
    outer loop
      vertex   1.619926e+00 2.862639e+01 -3.000000e+00
      vertex   1.619926e+00 2.862639e+01 -4.000000e+00
      vertex   1.520025e+00 2.838521e+01 -3.000000e+00
    endloop
  endfacet
  facet normal -9.238795e-01 3.826834e-01 -1.359565e-15
    outer loop
      vertex   1.520025e+00 2.838521e+01 -3.000000e+00
      vertex   1.619926e+00 2.862639e+01 -4.000000e+00
      vertex   1.520025e+00 2.838521e+01 -4.000000e+00
    endloop
  endfacet
  facet normal -7.933533e-01 6.087614e-01 -2.162755e-15
    outer loop
      vertex   1.520025e+00 2.838521e+01 -3.000000e+00
      vertex   1.520025e+00 2.838521e+01 -4.000000e+00
      vertex   1.361107e+00 2.817811e+01 -3.000000e+00
    endloop
  endfacet
  facet normal -7.933533e-01 6.087614e-01 0.000000e+00
    outer loop
      vertex   1.361107e+00 2.817811e+01 -3.000000e+00
      vertex   1.520025e+00 2.838521e+01 -4.000000e+00
      vertex   1.361107e+00 2.817811e+01 -4.000000e+00
    endloop
  endfacet
  facet normal -6.087614e-01 7.933533e-01 0.000000e+00
    outer loop
      vertex   1.361107e+00 2.817811e+01 -3.000000e+00
      vertex   1.361107e+00 2.817811e+01 -4.000000e+00
      vertex   1.154000e+00 2.801919e+01 -3.000000e+00
    endloop
  endfacet
  facet normal -6.087614e-01 7.933533e-01 2.703444e-16
    outer loop
      vertex   1.154000e+00 2.801919e+01 -3.000000e+00
      vertex   1.361107e+00 2.817811e+01 -4.000000e+00
      vertex   1.154000e+00 2.801919e+01 -4.000000e+00
    endloop
  endfacet
  facet normal -3.826834e-01 9.238795e-01 1.699456e-16
    outer loop
      vertex   1.154000e+00 2.801919e+01 -3.000000e+00
      vertex   1.154000e+00 2.801919e+01 -4.000000e+00
      vertex   9.128190e-01 2.791929e+01 -3.000000e+00
    endloop
  endfacet
  facet normal -3.826834e-01 9.238795e-01 -3.239793e-15
    outer loop
      vertex   9.128190e-01 2.791929e+01 -3.000000e+00
      vertex   1.154000e+00 2.801919e+01 -4.000000e+00
      vertex   9.128190e-01 2.791929e+01 -4.000000e+00
    endloop
  endfacet
  facet normal -1.305262e-01 9.914449e-01 -3.507828e-15
    outer loop
      vertex   9.128190e-01 2.791929e+01 -3.000000e+00
      vertex   9.128190e-01 2.791929e+01 -4.000000e+00
      vertex   6.540000e-01 2.788521e+01 -3.000000e+00
    endloop
  endfacet
  facet normal -1.305262e-01 9.914449e-01 0.000000e+00
    outer loop
      vertex   6.540000e-01 2.788521e+01 -3.000000e+00
      vertex   9.128190e-01 2.791929e+01 -4.000000e+00
      vertex   6.540000e-01 2.788521e+01 -4.000000e+00
    endloop
  endfacet
  facet normal 0.000000e+00 -1.000000e+00 0.000000e+00
    outer loop
      vertex   -7.434600e+01 4.588521e+01 -4.000000e+00
      vertex   6.540000e-01 4.588521e+01 -4.000000e+00
      vertex   -7.434600e+01 4.588521e+01 -3.000000e+00
    endloop
  endfacet
  facet normal 0.000000e+00 -1.000000e+00 0.000000e+00
    outer loop
      vertex   -7.434600e+01 4.588521e+01 -3.000000e+00
      vertex   6.540000e-01 4.588521e+01 -4.000000e+00
      vertex   6.540000e-01 4.588521e+01 -3.000000e+00
    endloop
  endfacet
  facet normal 1.305262e-01 9.914449e-01 0.000000e+00
    outer loop
      vertex   -7.434600e+01 4.388521e+01 -3.000000e+00
      vertex   -7.434600e+01 4.388521e+01 -4.000000e+00
      vertex   -7.460482e+01 4.391929e+01 -3.000000e+00
    endloop
  endfacet
  facet normal 1.305262e-01 9.914449e-01 0.000000e+00
    outer loop
      vertex   -7.460482e+01 4.391929e+01 -3.000000e+00
      vertex   -7.434600e+01 4.388521e+01 -4.000000e+00
      vertex   -7.460482e+01 4.391929e+01 -4.000000e+00
    endloop
  endfacet
  facet normal 3.826834e-01 9.238795e-01 0.000000e+00
    outer loop
      vertex   -7.460482e+01 4.391929e+01 -3.000000e+00
      vertex   -7.460482e+01 4.391929e+01 -4.000000e+00
      vertex   -7.484600e+01 4.401919e+01 -3.000000e+00
    endloop
  endfacet
  facet normal 3.826834e-01 9.238795e-01 0.000000e+00
    outer loop
      vertex   -7.484600e+01 4.401919e+01 -3.000000e+00
      vertex   -7.460482e+01 4.391929e+01 -4.000000e+00
      vertex   -7.484600e+01 4.401919e+01 -4.000000e+00
    endloop
  endfacet
  facet normal 6.087614e-01 7.933533e-01 0.000000e+00
    outer loop
      vertex   -7.484600e+01 4.401919e+01 -3.000000e+00
      vertex   -7.484600e+01 4.401919e+01 -4.000000e+00
      vertex   -7.505311e+01 4.417811e+01 -3.000000e+00
    endloop
  endfacet
  facet normal 6.087614e-01 7.933533e-01 0.000000e+00
    outer loop
      vertex   -7.505311e+01 4.417811e+01 -3.000000e+00
      vertex   -7.484600e+01 4.401919e+01 -4.000000e+00
      vertex   -7.505311e+01 4.417811e+01 -4.000000e+00
    endloop
  endfacet
  facet normal 7.933533e-01 6.087614e-01 0.000000e+00
    outer loop
      vertex   -7.505311e+01 4.417811e+01 -3.000000e+00
      vertex   -7.505311e+01 4.417811e+01 -4.000000e+00
      vertex   -7.521203e+01 4.438521e+01 -3.000000e+00
    endloop
  endfacet
  facet normal 7.933533e-01 6.087614e-01 0.000000e+00
    outer loop
      vertex   -7.521203e+01 4.438521e+01 -3.000000e+00
      vertex   -7.505311e+01 4.417811e+01 -4.000000e+00
      vertex   -7.521203e+01 4.438521e+01 -4.000000e+00
    endloop
  endfacet
  facet normal 9.238795e-01 3.826834e-01 0.000000e+00
    outer loop
      vertex   -7.521203e+01 4.438521e+01 -3.000000e+00
      vertex   -7.521203e+01 4.438521e+01 -4.000000e+00
      vertex   -7.531193e+01 4.462639e+01 -3.000000e+00
    endloop
  endfacet
  facet normal 9.238795e-01 3.826834e-01 0.000000e+00
    outer loop
      vertex   -7.531193e+01 4.462639e+01 -3.000000e+00
      vertex   -7.521203e+01 4.438521e+01 -4.000000e+00
      vertex   -7.531193e+01 4.462639e+01 -4.000000e+00
    endloop
  endfacet
  facet normal 9.914449e-01 1.305262e-01 0.000000e+00
    outer loop
      vertex   -7.531193e+01 4.462639e+01 -3.000000e+00
      vertex   -7.531193e+01 4.462639e+01 -4.000000e+00
      vertex   -7.534600e+01 4.488521e+01 -3.000000e+00
    endloop
  endfacet
  facet normal 9.914449e-01 1.305262e-01 0.000000e+00
    outer loop
      vertex   -7.534600e+01 4.488521e+01 -3.000000e+00
      vertex   -7.531193e+01 4.462639e+01 -4.000000e+00
      vertex   -7.534600e+01 4.488521e+01 -4.000000e+00
    endloop
  endfacet
  facet normal 9.914449e-01 -1.305262e-01 0.000000e+00
    outer loop
      vertex   -7.534600e+01 4.488521e+01 -3.000000e+00
      vertex   -7.534600e+01 4.488521e+01 -4.000000e+00
      vertex   -7.531193e+01 4.514403e+01 -3.000000e+00
    endloop
  endfacet
  facet normal 9.914449e-01 -1.305262e-01 0.000000e+00
    outer loop
      vertex   -7.531193e+01 4.514403e+01 -3.000000e+00
      vertex   -7.534600e+01 4.488521e+01 -4.000000e+00
      vertex   -7.531193e+01 4.514403e+01 -4.000000e+00
    endloop
  endfacet
  facet normal 9.238795e-01 -3.826834e-01 0.000000e+00
    outer loop
      vertex   -7.531193e+01 4.514403e+01 -3.000000e+00
      vertex   -7.531193e+01 4.514403e+01 -4.000000e+00
      vertex   -7.521203e+01 4.538521e+01 -3.000000e+00
    endloop
  endfacet
  facet normal 9.238795e-01 -3.826834e-01 0.000000e+00
    outer loop
      vertex   -7.521203e+01 4.538521e+01 -3.000000e+00
      vertex   -7.531193e+01 4.514403e+01 -4.000000e+00
      vertex   -7.521203e+01 4.538521e+01 -4.000000e+00
    endloop
  endfacet
  facet normal 7.933533e-01 -6.087614e-01 0.000000e+00
    outer loop
      vertex   -7.521203e+01 4.538521e+01 -3.000000e+00
      vertex   -7.521203e+01 4.538521e+01 -4.000000e+00
      vertex   -7.505311e+01 4.559232e+01 -3.000000e+00
    endloop
  endfacet
  facet normal 7.933533e-01 -6.087614e-01 0.000000e+00
    outer loop
      vertex   -7.505311e+01 4.559232e+01 -3.000000e+00
      vertex   -7.521203e+01 4.538521e+01 -4.000000e+00
      vertex   -7.505311e+01 4.559232e+01 -4.000000e+00
    endloop
  endfacet
  facet normal 6.087614e-01 -7.933533e-01 0.000000e+00
    outer loop
      vertex   -7.505311e+01 4.559232e+01 -3.000000e+00
      vertex   -7.505311e+01 4.559232e+01 -4.000000e+00
      vertex   -7.484600e+01 4.575124e+01 -3.000000e+00
    endloop
  endfacet
  facet normal 6.087614e-01 -7.933533e-01 0.000000e+00
    outer loop
      vertex   -7.484600e+01 4.575124e+01 -3.000000e+00
      vertex   -7.505311e+01 4.559232e+01 -4.000000e+00
      vertex   -7.484600e+01 4.575124e+01 -4.000000e+00
    endloop
  endfacet
  facet normal 3.826834e-01 -9.238795e-01 0.000000e+00
    outer loop
      vertex   -7.484600e+01 4.575124e+01 -3.000000e+00
      vertex   -7.484600e+01 4.575124e+01 -4.000000e+00
      vertex   -7.460482e+01 4.585114e+01 -3.000000e+00
    endloop
  endfacet
  facet normal 3.826834e-01 -9.238795e-01 0.000000e+00
    outer loop
      vertex   -7.460482e+01 4.585114e+01 -3.000000e+00
      vertex   -7.484600e+01 4.575124e+01 -4.000000e+00
      vertex   -7.460482e+01 4.585114e+01 -4.000000e+00
    endloop
  endfacet
  facet normal 1.305262e-01 -9.914449e-01 0.000000e+00
    outer loop
      vertex   -7.460482e+01 4.585114e+01 -3.000000e+00
      vertex   -7.460482e+01 4.585114e+01 -4.000000e+00
      vertex   -7.434600e+01 4.588521e+01 -3.000000e+00
    endloop
  endfacet
  facet normal 1.305262e-01 -9.914449e-01 0.000000e+00
    outer loop
      vertex   -7.434600e+01 4.588521e+01 -3.000000e+00
      vertex   -7.460482e+01 4.585114e+01 -4.000000e+00
      vertex   -7.434600e+01 4.588521e+01 -4.000000e+00
    endloop
  endfacet
  facet normal 0.000000e+00 1.000000e+00 -0.000000e+00
    outer loop
      vertex   6.540000e-01 4.388521e+01 -4.000000e+00
      vertex   -7.434600e+01 4.388521e+01 -4.000000e+00
      vertex   6.540000e-01 4.388521e+01 -3.000000e+00
    endloop
  endfacet
  facet normal 0.000000e+00 1.000000e+00 0.000000e+00
    outer loop
      vertex   6.540000e-01 4.388521e+01 -3.000000e+00
      vertex   -7.434600e+01 4.388521e+01 -4.000000e+00
      vertex   -7.434600e+01 4.388521e+01 -3.000000e+00
    endloop
  endfacet
  facet normal -1.305262e-01 -9.914449e-01 -0.000000e+00
    outer loop
      vertex   6.540000e-01 4.588521e+01 -3.000000e+00
      vertex   6.540000e-01 4.588521e+01 -4.000000e+00
      vertex   9.128190e-01 4.585114e+01 -3.000000e+00
    endloop
  endfacet
  facet normal -1.305262e-01 -9.914449e-01 -0.000000e+00
    outer loop
      vertex   9.128190e-01 4.585114e+01 -3.000000e+00
      vertex   6.540000e-01 4.588521e+01 -4.000000e+00
      vertex   9.128190e-01 4.585114e+01 -4.000000e+00
    endloop
  endfacet
  facet normal -3.826834e-01 -9.238795e-01 -0.000000e+00
    outer loop
      vertex   9.128190e-01 4.585114e+01 -3.000000e+00
      vertex   9.128190e-01 4.585114e+01 -4.000000e+00
      vertex   1.154000e+00 4.575124e+01 -3.000000e+00
    endloop
  endfacet
  facet normal -3.826834e-01 -9.238795e-01 -1.699456e-16
    outer loop
      vertex   1.154000e+00 4.575124e+01 -3.000000e+00
      vertex   9.128190e-01 4.585114e+01 -4.000000e+00
      vertex   1.154000e+00 4.575124e+01 -4.000000e+00
    endloop
  endfacet
  facet normal -6.087614e-01 -7.933533e-01 -2.703444e-16
    outer loop
      vertex   1.154000e+00 4.575124e+01 -3.000000e+00
      vertex   1.154000e+00 4.575124e+01 -4.000000e+00
      vertex   1.361107e+00 4.559232e+01 -3.000000e+00
    endloop
  endfacet
  facet normal -6.087614e-01 -7.933533e-01 -0.000000e+00
    outer loop
      vertex   1.361107e+00 4.559232e+01 -3.000000e+00
      vertex   1.154000e+00 4.575124e+01 -4.000000e+00
      vertex   1.361107e+00 4.559232e+01 -4.000000e+00
    endloop
  endfacet
  facet normal -7.933533e-01 -6.087614e-01 -0.000000e+00
    outer loop
      vertex   1.361107e+00 4.559232e+01 -3.000000e+00
      vertex   1.361107e+00 4.559232e+01 -4.000000e+00
      vertex   1.520025e+00 4.538521e+01 -3.000000e+00
    endloop
  endfacet
  facet normal -7.933533e-01 -6.087614e-01 -0.000000e+00
    outer loop
      vertex   1.520025e+00 4.538521e+01 -3.000000e+00
      vertex   1.361107e+00 4.559232e+01 -4.000000e+00
      vertex   1.520025e+00 4.538521e+01 -4.000000e+00
    endloop
  endfacet
  facet normal -9.238795e-01 -3.826834e-01 -0.000000e+00
    outer loop
      vertex   1.520025e+00 4.538521e+01 -3.000000e+00
      vertex   1.520025e+00 4.538521e+01 -4.000000e+00
      vertex   1.619926e+00 4.514403e+01 -3.000000e+00
    endloop
  endfacet
  facet normal -9.238795e-01 -3.826834e-01 -0.000000e+00
    outer loop
      vertex   1.619926e+00 4.514403e+01 -3.000000e+00
      vertex   1.520025e+00 4.538521e+01 -4.000000e+00
      vertex   1.619926e+00 4.514403e+01 -4.000000e+00
    endloop
  endfacet
  facet normal -9.914449e-01 -1.305262e-01 -0.000000e+00
    outer loop
      vertex   1.619926e+00 4.514403e+01 -3.000000e+00
      vertex   1.619926e+00 4.514403e+01 -4.000000e+00
      vertex   1.654000e+00 4.488521e+01 -3.000000e+00
    endloop
  endfacet
  facet normal -9.914449e-01 -1.305262e-01 -0.000000e+00
    outer loop
      vertex   1.654000e+00 4.488521e+01 -3.000000e+00
      vertex   1.619926e+00 4.514403e+01 -4.000000e+00
      vertex   1.654000e+00 4.488521e+01 -4.000000e+00
    endloop
  endfacet
  facet normal -9.914449e-01 1.305262e-01 0.000000e+00
    outer loop
      vertex   1.654000e+00 4.488521e+01 -3.000000e+00
      vertex   1.654000e+00 4.488521e+01 -4.000000e+00
      vertex   1.619926e+00 4.462639e+01 -3.000000e+00
    endloop
  endfacet
  facet normal -9.914449e-01 1.305262e-01 4.402900e-16
    outer loop
      vertex   1.619926e+00 4.462639e+01 -3.000000e+00
      vertex   1.654000e+00 4.488521e+01 -4.000000e+00
      vertex   1.619926e+00 4.462639e+01 -4.000000e+00
    endloop
  endfacet
  facet normal -9.238795e-01 3.826834e-01 4.102849e-16
    outer loop
      vertex   1.619926e+00 4.462639e+01 -3.000000e+00
      vertex   1.619926e+00 4.462639e+01 -4.000000e+00
      vertex   1.520025e+00 4.438521e+01 -3.000000e+00
    endloop
  endfacet
  facet normal -9.238795e-01 3.826834e-01 0.000000e+00
    outer loop
      vertex   1.520025e+00 4.438521e+01 -3.000000e+00
      vertex   1.619926e+00 4.462639e+01 -4.000000e+00
      vertex   1.520025e+00 4.438521e+01 -4.000000e+00
    endloop
  endfacet
  facet normal -7.933533e-01 6.087614e-01 0.000000e+00
    outer loop
      vertex   1.520025e+00 4.438521e+01 -3.000000e+00
      vertex   1.520025e+00 4.438521e+01 -4.000000e+00
      vertex   1.361107e+00 4.417811e+01 -3.000000e+00
    endloop
  endfacet
  facet normal -7.933533e-01 6.087614e-01 0.000000e+00
    outer loop
      vertex   1.361107e+00 4.417811e+01 -3.000000e+00
      vertex   1.520025e+00 4.438521e+01 -4.000000e+00
      vertex   1.361107e+00 4.417811e+01 -4.000000e+00
    endloop
  endfacet
  facet normal -6.087614e-01 7.933533e-01 0.000000e+00
    outer loop
      vertex   1.361107e+00 4.417811e+01 -3.000000e+00
      vertex   1.361107e+00 4.417811e+01 -4.000000e+00
      vertex   1.154000e+00 4.401919e+01 -3.000000e+00
    endloop
  endfacet
  facet normal -6.087614e-01 7.933533e-01 2.703444e-16
    outer loop
      vertex   1.154000e+00 4.401919e+01 -3.000000e+00
      vertex   1.361107e+00 4.417811e+01 -4.000000e+00
      vertex   1.154000e+00 4.401919e+01 -4.000000e+00
    endloop
  endfacet
  facet normal -3.826834e-01 9.238795e-01 1.699456e-16
    outer loop
      vertex   1.154000e+00 4.401919e+01 -3.000000e+00
      vertex   1.154000e+00 4.401919e+01 -4.000000e+00
      vertex   9.128190e-01 4.391929e+01 -3.000000e+00
    endloop
  endfacet
  facet normal -3.826834e-01 9.238795e-01 8.497279e-17
    outer loop
      vertex   9.128190e-01 4.391929e+01 -3.000000e+00
      vertex   1.154000e+00 4.401919e+01 -4.000000e+00
      vertex   9.128190e-01 4.391929e+01 -4.000000e+00
    endloop
  endfacet
  facet normal -1.305262e-01 9.914449e-01 2.898264e-17
    outer loop
      vertex   9.128190e-01 4.391929e+01 -3.000000e+00
      vertex   9.128190e-01 4.391929e+01 -4.000000e+00
      vertex   6.540000e-01 4.388521e+01 -3.000000e+00
    endloop
  endfacet
  facet normal -1.305262e-01 9.914449e-01 0.000000e+00
    outer loop
      vertex   6.540000e-01 4.388521e+01 -3.000000e+00
      vertex   9.128190e-01 4.391929e+01 -4.000000e+00
      vertex   6.540000e-01 4.388521e+01 -4.000000e+00
    endloop
  endfacet
  facet normal 0.000000e+00 0.000000e+00 1.000000e+00
    outer loop
      vertex   -3.639600e+01 5.688521e+01 0.000000e+00
      vertex   -1.579600e+01 5.688521e+01 0.000000e+00
      vertex   -3.639600e+01 5.788521e+01 0.000000e+00
    endloop
  endfacet
  facet normal -0.000000e+00 0.000000e+00 1.000000e+00
    outer loop
      vertex   -3.639600e+01 5.788521e+01 0.000000e+00
      vertex   -1.579600e+01 5.688521e+01 0.000000e+00
      vertex   -1.579600e+01 5.788521e+01 0.000000e+00
    endloop
  endfacet
  facet normal 1.000000e+00 -0.000000e+00 0.000000e+00
    outer loop
      vertex   -3.639600e+01 5.688521e+01 3.500000e+00
      vertex   -3.639600e+01 5.688521e+01 0.000000e+00
      vertex   -3.639600e+01 5.788521e+01 3.500000e+00
    endloop
  endfacet
  facet normal 1.000000e+00 0.000000e+00 0.000000e+00
    outer loop
      vertex   -3.639600e+01 5.788521e+01 3.500000e+00
      vertex   -3.639600e+01 5.688521e+01 0.000000e+00
      vertex   -3.639600e+01 5.788521e+01 0.000000e+00
    endloop
  endfacet
  facet normal 4.311546e-17 0.000000e+00 -1.000000e+00
    outer loop
      vertex   -1.579600e+01 5.688521e+01 3.500000e+00
      vertex   -3.639600e+01 5.688521e+01 3.500000e+00
      vertex   -1.579600e+01 5.788521e+01 3.500000e+00
    endloop
  endfacet
  facet normal 4.311546e-17 0.000000e+00 -1.000000e+00
    outer loop
      vertex   -1.579600e+01 5.788521e+01 3.500000e+00
      vertex   -3.639600e+01 5.688521e+01 3.500000e+00
      vertex   -3.639600e+01 5.788521e+01 3.500000e+00
    endloop
  endfacet
  facet normal -1.000000e+00 0.000000e+00 -5.075305e-16
    outer loop
      vertex   -1.579600e+01 5.688521e+01 0.000000e+00
      vertex   -1.579600e+01 5.688521e+01 3.500000e+00
      vertex   -1.579600e+01 5.788521e+01 0.000000e+00
    endloop
  endfacet
  facet normal -1.000000e+00 0.000000e+00 -5.075305e-16
    outer loop
      vertex   -1.579600e+01 5.788521e+01 0.000000e+00
      vertex   -1.579600e+01 5.688521e+01 3.500000e+00
      vertex   -1.579600e+01 5.788521e+01 3.500000e+00
    endloop
  endfacet
  facet normal -9.914449e-01 1.305262e-01 -5.796527e-17
    outer loop
      vertex   -5.351785e+01 2.029338e+00 -4.000000e+00
      vertex   -5.351785e+01 2.029338e+00 -3.000000e+00
      vertex   -5.347100e+01 2.385214e+00 -4.000000e+00
    endloop
  endfacet
  facet normal -9.914449e-01 1.305262e-01 0.000000e+00
    outer loop
      vertex   -5.347100e+01 2.385214e+00 -4.000000e+00
      vertex   -5.351785e+01 2.029338e+00 -3.000000e+00
      vertex   -5.347100e+01 2.385214e+00 -3.000000e+00
    endloop
  endfacet
  facet normal -9.914449e-01 -1.305262e-01 0.000000e+00
    outer loop
      vertex   -5.347100e+01 2.385214e+00 -4.000000e+00
      vertex   -5.347100e+01 2.385214e+00 -3.000000e+00
      vertex   -5.351785e+01 2.741090e+00 -4.000000e+00
    endloop
  endfacet
  facet normal -9.914449e-01 -1.305262e-01 1.159305e-16
    outer loop
      vertex   -5.351785e+01 2.741090e+00 -4.000000e+00
      vertex   -5.347100e+01 2.385214e+00 -3.000000e+00
      vertex   -5.351785e+01 2.741090e+00 -3.000000e+00
    endloop
  endfacet
  facet normal -9.238795e-01 -3.826834e-01 3.398912e-16
    outer loop
      vertex   -5.351785e+01 2.741090e+00 -4.000000e+00
      vertex   -5.351785e+01 2.741090e+00 -3.000000e+00
      vertex   -5.365522e+01 3.072714e+00 -4.000000e+00
    endloop
  endfacet
  facet normal -9.238795e-01 -3.826834e-01 1.699456e-16
    outer loop
      vertex   -5.365522e+01 3.072714e+00 -4.000000e+00
      vertex   -5.351785e+01 2.741090e+00 -3.000000e+00
      vertex   -5.365522e+01 3.072714e+00 -3.000000e+00
    endloop
  endfacet
  facet normal -7.933533e-01 -6.087614e-01 2.703444e-16
    outer loop
      vertex   -5.365522e+01 3.072714e+00 -4.000000e+00
      vertex   -5.365522e+01 3.072714e+00 -3.000000e+00
      vertex   -5.387373e+01 3.357486e+00 -4.000000e+00
    endloop
  endfacet
  facet normal -7.933533e-01 -6.087614e-01 0.000000e+00
    outer loop
      vertex   -5.387373e+01 3.357486e+00 -4.000000e+00
      vertex   -5.365522e+01 3.072714e+00 -3.000000e+00
      vertex   -5.387373e+01 3.357486e+00 -3.000000e+00
    endloop
  endfacet
  facet normal -6.087614e-01 -7.933533e-01 0.000000e+00
    outer loop
      vertex   -5.387373e+01 3.357486e+00 -4.000000e+00
      vertex   -5.387373e+01 3.357486e+00 -3.000000e+00
      vertex   -5.415850e+01 3.575999e+00 -4.000000e+00
    endloop
  endfacet
  facet normal -6.087614e-01 -7.933533e-01 -7.946381e-15
    outer loop
      vertex   -5.415850e+01 3.575999e+00 -4.000000e+00
      vertex   -5.387373e+01 3.357486e+00 -3.000000e+00
      vertex   -5.415850e+01 3.575999e+00 -3.000000e+00
    endloop
  endfacet
  facet normal -3.826834e-01 -9.238795e-01 -4.617689e-15
    outer loop
      vertex   -5.415850e+01 3.575999e+00 -4.000000e+00
      vertex   -5.415850e+01 3.575999e+00 -3.000000e+00
      vertex   -5.449012e+01 3.713362e+00 -4.000000e+00
    endloop
  endfacet
  facet normal -3.826834e-01 -9.238795e-01 -5.438259e-15
    outer loop
      vertex   -5.449012e+01 3.713362e+00 -4.000000e+00
      vertex   -5.415850e+01 3.575999e+00 -3.000000e+00
      vertex   -5.449012e+01 3.713362e+00 -3.000000e+00
    endloop
  endfacet
  facet normal -1.305262e-01 -9.914449e-01 -1.854889e-15
    outer loop
      vertex   -5.449012e+01 3.713362e+00 -4.000000e+00
      vertex   -5.449012e+01 3.713362e+00 -3.000000e+00
      vertex   -5.484600e+01 3.760214e+00 -4.000000e+00
    endloop
  endfacet
  facet normal -1.305262e-01 -9.914449e-01 0.000000e+00
    outer loop
      vertex   -5.484600e+01 3.760214e+00 -4.000000e+00
      vertex   -5.449012e+01 3.713362e+00 -3.000000e+00
      vertex   -5.484600e+01 3.760214e+00 -3.000000e+00
    endloop
  endfacet
  facet normal 1.305262e-01 -9.914449e-01 0.000000e+00
    outer loop
      vertex   -5.484600e+01 3.760214e+00 -4.000000e+00
      vertex   -5.484600e+01 3.760214e+00 -3.000000e+00
      vertex   -5.520188e+01 3.713362e+00 -4.000000e+00
    endloop
  endfacet
  facet normal 1.305262e-01 -9.914449e-01 4.686445e-17
    outer loop
      vertex   -5.520188e+01 3.713362e+00 -4.000000e+00
      vertex   -5.484600e+01 3.760214e+00 -3.000000e+00
      vertex   -5.520188e+01 3.713362e+00 -3.000000e+00
    endloop
  endfacet
  facet normal 3.826834e-01 -9.238795e-01 1.898559e-15
    outer loop
      vertex   -5.520188e+01 3.713362e+00 -4.000000e+00
      vertex   -5.520188e+01 3.713362e+00 -3.000000e+00
      vertex   -5.553350e+01 3.575999e+00 -4.000000e+00
    endloop
  endfacet
  facet normal 3.826834e-01 -9.238795e-01 2.719129e-15
    outer loop
      vertex   -5.553350e+01 3.575999e+00 -4.000000e+00
      vertex   -5.520188e+01 3.713362e+00 -3.000000e+00
      vertex   -5.553350e+01 3.575999e+00 -3.000000e+00
    endloop
  endfacet
  facet normal 6.087614e-01 -7.933533e-01 4.325510e-15
    outer loop
      vertex   -5.553350e+01 3.575999e+00 -4.000000e+00
      vertex   -5.553350e+01 3.575999e+00 -3.000000e+00
      vertex   -5.581827e+01 3.357486e+00 -4.000000e+00
    endloop
  endfacet
  facet normal 6.087614e-01 -7.933533e-01 -7.046393e-16
    outer loop
      vertex   -5.581827e+01 3.357486e+00 -4.000000e+00
      vertex   -5.553350e+01 3.575999e+00 -3.000000e+00
      vertex   -5.581827e+01 3.357486e+00 -3.000000e+00
    endloop
  endfacet
  facet normal 7.933533e-01 -6.087614e-01 -5.406888e-16
    outer loop
      vertex   -5.581827e+01 3.357486e+00 -4.000000e+00
      vertex   -5.581827e+01 3.357486e+00 -3.000000e+00
      vertex   -5.603678e+01 3.072714e+00 -4.000000e+00
    endloop
  endfacet
  facet normal 7.933533e-01 -6.087614e-01 0.000000e+00
    outer loop
      vertex   -5.603678e+01 3.072714e+00 -4.000000e+00
      vertex   -5.581827e+01 3.357486e+00 -3.000000e+00
      vertex   -5.603678e+01 3.072714e+00 -3.000000e+00
    endloop
  endfacet
  facet normal 9.238795e-01 -3.826834e-01 0.000000e+00
    outer loop
      vertex   -5.603678e+01 3.072714e+00 -4.000000e+00
      vertex   -5.603678e+01 3.072714e+00 -3.000000e+00
      vertex   -5.617415e+01 2.741090e+00 -4.000000e+00
    endloop
  endfacet
  facet normal 9.238795e-01 -3.826834e-01 -1.699456e-16
    outer loop
      vertex   -5.617415e+01 2.741090e+00 -4.000000e+00
      vertex   -5.603678e+01 3.072714e+00 -3.000000e+00
      vertex   -5.617415e+01 2.741090e+00 -3.000000e+00
    endloop
  endfacet
  facet normal 9.914449e-01 -1.305262e-01 -5.796527e-17
    outer loop
      vertex   -5.617415e+01 2.741090e+00 -4.000000e+00
      vertex   -5.617415e+01 2.741090e+00 -3.000000e+00
      vertex   -5.622100e+01 2.385214e+00 -4.000000e+00
    endloop
  endfacet
  facet normal 9.914449e-01 -1.305262e-01 0.000000e+00
    outer loop
      vertex   -5.622100e+01 2.385214e+00 -4.000000e+00
      vertex   -5.617415e+01 2.741090e+00 -3.000000e+00
      vertex   -5.622100e+01 2.385214e+00 -3.000000e+00
    endloop
  endfacet
  facet normal 9.914449e-01 1.305262e-01 -0.000000e+00
    outer loop
      vertex   -5.622100e+01 2.385214e+00 -4.000000e+00
      vertex   -5.622100e+01 2.385214e+00 -3.000000e+00
      vertex   -5.617415e+01 2.029338e+00 -4.000000e+00
    endloop
  endfacet
  facet normal 9.914449e-01 1.305262e-01 5.796527e-17
    outer loop
      vertex   -5.617415e+01 2.029338e+00 -4.000000e+00
      vertex   -5.622100e+01 2.385214e+00 -3.000000e+00
      vertex   -5.617415e+01 2.029338e+00 -3.000000e+00
    endloop
  endfacet
  facet normal 9.238795e-01 3.826834e-01 1.699456e-16
    outer loop
      vertex   -5.617415e+01 2.029338e+00 -4.000000e+00
      vertex   -5.617415e+01 2.029338e+00 -3.000000e+00
      vertex   -5.603678e+01 1.697714e+00 -4.000000e+00
    endloop
  endfacet
  facet normal 9.238795e-01 3.826834e-01 1.699456e-16
    outer loop
      vertex   -5.603678e+01 1.697714e+00 -4.000000e+00
      vertex   -5.617415e+01 2.029338e+00 -3.000000e+00
      vertex   -5.603678e+01 1.697714e+00 -3.000000e+00
    endloop
  endfacet
  facet normal 7.933533e-01 6.087614e-01 2.703444e-16
    outer loop
      vertex   -5.603678e+01 1.697714e+00 -4.000000e+00
      vertex   -5.603678e+01 1.697714e+00 -3.000000e+00
      vertex   -5.581827e+01 1.412942e+00 -4.000000e+00
    endloop
  endfacet
  facet normal 7.933533e-01 6.087614e-01 4.055166e-16
    outer loop
      vertex   -5.581827e+01 1.412942e+00 -4.000000e+00
      vertex   -5.603678e+01 1.697714e+00 -3.000000e+00
      vertex   -5.581827e+01 1.412942e+00 -3.000000e+00
    endloop
  endfacet
  facet normal 6.087614e-01 7.933533e-01 5.284795e-16
    outer loop
      vertex   -5.581827e+01 1.412942e+00 -4.000000e+00
      vertex   -5.581827e+01 1.412942e+00 -3.000000e+00
      vertex   -5.553350e+01 1.194429e+00 -4.000000e+00
    endloop
  endfacet
  facet normal 6.087614e-01 7.933533e-01 -4.149350e-15
    outer loop
      vertex   -5.553350e+01 1.194429e+00 -4.000000e+00
      vertex   -5.581827e+01 1.412942e+00 -3.000000e+00
      vertex   -5.553350e+01 1.194429e+00 -3.000000e+00
    endloop
  endfacet
  facet normal 3.826834e-01 9.238795e-01 -2.513987e-15
    outer loop
      vertex   -5.553350e+01 1.194429e+00 -4.000000e+00
      vertex   -5.553350e+01 1.194429e+00 -3.000000e+00
      vertex   -5.520188e+01 1.057066e+00 -4.000000e+00
    endloop
  endfacet
  facet normal 3.826834e-01 9.238795e-01 -2.308844e-15
    outer loop
      vertex   -5.520188e+01 1.057066e+00 -4.000000e+00
      vertex   -5.553350e+01 1.194429e+00 -3.000000e+00
      vertex   -5.520188e+01 1.057066e+00 -3.000000e+00
    endloop
  endfacet
  facet normal 1.305262e-01 9.914449e-01 -4.871544e-16
    outer loop
      vertex   -5.520188e+01 1.057066e+00 -4.000000e+00
      vertex   -5.520188e+01 1.057066e+00 -3.000000e+00
      vertex   -5.484600e+01 1.010214e+00 -4.000000e+00
    endloop
  endfacet
  facet normal 1.305262e-01 9.914449e-01 -0.000000e+00
    outer loop
      vertex   -5.484600e+01 1.010214e+00 -4.000000e+00
      vertex   -5.520188e+01 1.057066e+00 -3.000000e+00
      vertex   -5.484600e+01 1.010214e+00 -3.000000e+00
    endloop
  endfacet
  facet normal -1.305262e-01 9.914449e-01 0.000000e+00
    outer loop
      vertex   -5.484600e+01 1.010214e+00 -4.000000e+00
      vertex   -5.484600e+01 1.010214e+00 -3.000000e+00
      vertex   -5.449012e+01 1.057066e+00 -4.000000e+00
    endloop
  endfacet
  facet normal -1.305262e-01 9.914449e-01 1.634744e-15
    outer loop
      vertex   -5.449012e+01 1.057066e+00 -4.000000e+00
      vertex   -5.484600e+01 1.010214e+00 -3.000000e+00
      vertex   -5.449012e+01 1.057066e+00 -3.000000e+00
    endloop
  endfacet
  facet normal -3.826834e-01 9.238795e-01 5.233116e-15
    outer loop
      vertex   -5.449012e+01 1.057066e+00 -4.000000e+00
      vertex   -5.449012e+01 1.057066e+00 -3.000000e+00
      vertex   -5.415850e+01 1.194429e+00 -4.000000e+00
    endloop
  endfacet
  facet normal -3.826834e-01 9.238795e-01 4.822831e-15
    outer loop
      vertex   -5.415850e+01 1.194429e+00 -4.000000e+00
      vertex   -5.449012e+01 1.057066e+00 -3.000000e+00
      vertex   -5.415850e+01 1.194429e+00 -3.000000e+00
    endloop
  endfacet
  facet normal -6.087614e-01 7.933533e-01 8.122541e-15
    outer loop
      vertex   -5.415850e+01 1.194429e+00 -4.000000e+00
      vertex   -5.415850e+01 1.194429e+00 -3.000000e+00
      vertex   -5.387373e+01 1.412942e+00 -4.000000e+00
    endloop
  endfacet
  facet normal -6.087614e-01 7.933533e-01 0.000000e+00
    outer loop
      vertex   -5.387373e+01 1.412942e+00 -4.000000e+00
      vertex   -5.415850e+01 1.194429e+00 -3.000000e+00
      vertex   -5.387373e+01 1.412942e+00 -3.000000e+00
    endloop
  endfacet
  facet normal -7.933533e-01 6.087614e-01 0.000000e+00
    outer loop
      vertex   -5.387373e+01 1.412942e+00 -4.000000e+00
      vertex   -5.387373e+01 1.412942e+00 -3.000000e+00
      vertex   -5.365522e+01 1.697714e+00 -4.000000e+00
    endloop
  endfacet
  facet normal -7.933533e-01 6.087614e-01 -2.703444e-16
    outer loop
      vertex   -5.365522e+01 1.697714e+00 -4.000000e+00
      vertex   -5.387373e+01 1.412942e+00 -3.000000e+00
      vertex   -5.365522e+01 1.697714e+00 -3.000000e+00
    endloop
  endfacet
  facet normal -9.238795e-01 3.826834e-01 -1.699456e-16
    outer loop
      vertex   -5.365522e+01 1.697714e+00 -4.000000e+00
      vertex   -5.365522e+01 1.697714e+00 -3.000000e+00
      vertex   -5.351785e+01 2.029338e+00 -4.000000e+00
    endloop
  endfacet
  facet normal -9.238795e-01 3.826834e-01 -1.699456e-16
    outer loop
      vertex   -5.351785e+01 2.029338e+00 -4.000000e+00
      vertex   -5.365522e+01 1.697714e+00 -3.000000e+00
      vertex   -5.351785e+01 2.029338e+00 -3.000000e+00
    endloop
  endfacet
  facet normal -9.914449e-01 1.305262e-01 0.000000e+00
    outer loop
      vertex   -5.351785e+01 5.102934e+01 -4.000000e+00
      vertex   -5.351785e+01 5.102934e+01 -3.000000e+00
      vertex   -5.347100e+01 5.138521e+01 -4.000000e+00
    endloop
  endfacet
  facet normal -9.914449e-01 1.305262e-01 0.000000e+00
    outer loop
      vertex   -5.347100e+01 5.138521e+01 -4.000000e+00
      vertex   -5.351785e+01 5.102934e+01 -3.000000e+00
      vertex   -5.347100e+01 5.138521e+01 -3.000000e+00
    endloop
  endfacet
  facet normal -9.914449e-01 -1.305262e-01 0.000000e+00
    outer loop
      vertex   -5.347100e+01 5.138521e+01 -4.000000e+00
      vertex   -5.347100e+01 5.138521e+01 -3.000000e+00
      vertex   -5.351785e+01 5.174109e+01 -4.000000e+00
    endloop
  endfacet
  facet normal -9.914449e-01 -1.305262e-01 0.000000e+00
    outer loop
      vertex   -5.351785e+01 5.174109e+01 -4.000000e+00
      vertex   -5.347100e+01 5.138521e+01 -3.000000e+00
      vertex   -5.351785e+01 5.174109e+01 -3.000000e+00
    endloop
  endfacet
  facet normal -9.238795e-01 -3.826834e-01 0.000000e+00
    outer loop
      vertex   -5.351785e+01 5.174109e+01 -4.000000e+00
      vertex   -5.351785e+01 5.174109e+01 -3.000000e+00
      vertex   -5.365522e+01 5.207271e+01 -4.000000e+00
    endloop
  endfacet
  facet normal -9.238795e-01 -3.826834e-01 5.438259e-15
    outer loop
      vertex   -5.365522e+01 5.207271e+01 -4.000000e+00
      vertex   -5.351785e+01 5.174109e+01 -3.000000e+00
      vertex   -5.365522e+01 5.207271e+01 -3.000000e+00
    endloop
  endfacet
  facet normal -7.933533e-01 -6.087614e-01 8.651020e-15
    outer loop
      vertex   -5.365522e+01 5.207271e+01 -4.000000e+00
      vertex   -5.365522e+01 5.207271e+01 -3.000000e+00
      vertex   -5.387373e+01 5.235749e+01 -4.000000e+00
    endloop
  endfacet
  facet normal -7.933533e-01 -6.087614e-01 0.000000e+00
    outer loop
      vertex   -5.387373e+01 5.235749e+01 -4.000000e+00
      vertex   -5.365522e+01 5.207271e+01 -3.000000e+00
      vertex   -5.387373e+01 5.235749e+01 -3.000000e+00
    endloop
  endfacet
  facet normal -6.087614e-01 -7.933533e-01 0.000000e+00
    outer loop
      vertex   -5.387373e+01 5.235749e+01 -4.000000e+00
      vertex   -5.387373e+01 5.235749e+01 -3.000000e+00
      vertex   -5.415850e+01 5.257600e+01 -4.000000e+00
    endloop
  endfacet
  facet normal -6.087614e-01 -7.933533e-01 -8.651020e-15
    outer loop
      vertex   -5.415850e+01 5.257600e+01 -4.000000e+00
      vertex   -5.387373e+01 5.235749e+01 -3.000000e+00
      vertex   -5.415850e+01 5.257600e+01 -3.000000e+00
    endloop
  endfacet
  facet normal -3.826834e-01 -9.238795e-01 -5.438259e-15
    outer loop
      vertex   -5.415850e+01 5.257600e+01 -4.000000e+00
      vertex   -5.415850e+01 5.257600e+01 -3.000000e+00
      vertex   -5.449012e+01 5.271336e+01 -4.000000e+00
    endloop
  endfacet
  facet normal -3.826834e-01 -9.238795e-01 -5.438259e-15
    outer loop
      vertex   -5.449012e+01 5.271336e+01 -4.000000e+00
      vertex   -5.415850e+01 5.257600e+01 -3.000000e+00
      vertex   -5.449012e+01 5.271336e+01 -3.000000e+00
    endloop
  endfacet
  facet normal -1.305262e-01 -9.914449e-01 -1.854889e-15
    outer loop
      vertex   -5.449012e+01 5.271336e+01 -4.000000e+00
      vertex   -5.449012e+01 5.271336e+01 -3.000000e+00
      vertex   -5.484600e+01 5.276021e+01 -4.000000e+00
    endloop
  endfacet
  facet normal -1.305262e-01 -9.914449e-01 0.000000e+00
    outer loop
      vertex   -5.484600e+01 5.276021e+01 -4.000000e+00
      vertex   -5.449012e+01 5.271336e+01 -3.000000e+00
      vertex   -5.484600e+01 5.276021e+01 -3.000000e+00
    endloop
  endfacet
  facet normal 1.305262e-01 -9.914449e-01 0.000000e+00
    outer loop
      vertex   -5.484600e+01 5.276021e+01 -4.000000e+00
      vertex   -5.484600e+01 5.276021e+01 -3.000000e+00
      vertex   -5.520188e+01 5.271336e+01 -4.000000e+00
    endloop
  endfacet
  facet normal 1.305262e-01 -9.914449e-01 9.274444e-16
    outer loop
      vertex   -5.520188e+01 5.271336e+01 -4.000000e+00
      vertex   -5.484600e+01 5.276021e+01 -3.000000e+00
      vertex   -5.520188e+01 5.271336e+01 -3.000000e+00
    endloop
  endfacet
  facet normal 3.826834e-01 -9.238795e-01 2.719129e-15
    outer loop
      vertex   -5.520188e+01 5.271336e+01 -4.000000e+00
      vertex   -5.520188e+01 5.271336e+01 -3.000000e+00
      vertex   -5.553350e+01 5.257600e+01 -4.000000e+00
    endloop
  endfacet
  facet normal 3.826834e-01 -9.238795e-01 2.719129e-15
    outer loop
      vertex   -5.553350e+01 5.257600e+01 -4.000000e+00
      vertex   -5.520188e+01 5.271336e+01 -3.000000e+00
      vertex   -5.553350e+01 5.257600e+01 -3.000000e+00
    endloop
  endfacet
  facet normal 6.087614e-01 -7.933533e-01 4.325510e-15
    outer loop
      vertex   -5.553350e+01 5.257600e+01 -4.000000e+00
      vertex   -5.553350e+01 5.257600e+01 -3.000000e+00
      vertex   -5.581827e+01 5.235749e+01 -4.000000e+00
    endloop
  endfacet
  facet normal 6.087614e-01 -7.933533e-01 0.000000e+00
    outer loop
      vertex   -5.581827e+01 5.235749e+01 -4.000000e+00
      vertex   -5.553350e+01 5.257600e+01 -3.000000e+00
      vertex   -5.581827e+01 5.235749e+01 -3.000000e+00
    endloop
  endfacet
  facet normal 7.933533e-01 -6.087614e-01 0.000000e+00
    outer loop
      vertex   -5.581827e+01 5.235749e+01 -4.000000e+00
      vertex   -5.581827e+01 5.235749e+01 -3.000000e+00
      vertex   -5.603678e+01 5.207271e+01 -4.000000e+00
    endloop
  endfacet
  facet normal 7.933533e-01 -6.087614e-01 -8.651020e-15
    outer loop
      vertex   -5.603678e+01 5.207271e+01 -4.000000e+00
      vertex   -5.581827e+01 5.235749e+01 -3.000000e+00
      vertex   -5.603678e+01 5.207271e+01 -3.000000e+00
    endloop
  endfacet
  facet normal 9.238795e-01 -3.826834e-01 -5.438259e-15
    outer loop
      vertex   -5.603678e+01 5.207271e+01 -4.000000e+00
      vertex   -5.603678e+01 5.207271e+01 -3.000000e+00
      vertex   -5.617415e+01 5.174109e+01 -4.000000e+00
    endloop
  endfacet
  facet normal 9.238795e-01 -3.826834e-01 -5.438259e-15
    outer loop
      vertex   -5.617415e+01 5.174109e+01 -4.000000e+00
      vertex   -5.603678e+01 5.207271e+01 -3.000000e+00
      vertex   -5.617415e+01 5.174109e+01 -3.000000e+00
    endloop
  endfacet
  facet normal 9.914449e-01 -1.305262e-01 -1.854889e-15
    outer loop
      vertex   -5.617415e+01 5.174109e+01 -4.000000e+00
      vertex   -5.617415e+01 5.174109e+01 -3.000000e+00
      vertex   -5.622100e+01 5.138521e+01 -4.000000e+00
    endloop
  endfacet
  facet normal 9.914449e-01 -1.305262e-01 0.000000e+00
    outer loop
      vertex   -5.622100e+01 5.138521e+01 -4.000000e+00
      vertex   -5.617415e+01 5.174109e+01 -3.000000e+00
      vertex   -5.622100e+01 5.138521e+01 -3.000000e+00
    endloop
  endfacet
  facet normal 9.914449e-01 1.305262e-01 -0.000000e+00
    outer loop
      vertex   -5.622100e+01 5.138521e+01 -4.000000e+00
      vertex   -5.622100e+01 5.138521e+01 -3.000000e+00
      vertex   -5.617415e+01 5.102934e+01 -4.000000e+00
    endloop
  endfacet
  facet normal 9.914449e-01 1.305262e-01 9.274444e-16
    outer loop
      vertex   -5.617415e+01 5.102934e+01 -4.000000e+00
      vertex   -5.622100e+01 5.138521e+01 -3.000000e+00
      vertex   -5.617415e+01 5.102934e+01 -3.000000e+00
    endloop
  endfacet
  facet normal 9.238795e-01 3.826834e-01 2.719129e-15
    outer loop
      vertex   -5.617415e+01 5.102934e+01 -4.000000e+00
      vertex   -5.617415e+01 5.102934e+01 -3.000000e+00
      vertex   -5.603678e+01 5.069771e+01 -4.000000e+00
    endloop
  endfacet
  facet normal 9.238795e-01 3.826834e-01 2.719129e-15
    outer loop
      vertex   -5.603678e+01 5.069771e+01 -4.000000e+00
      vertex   -5.617415e+01 5.102934e+01 -3.000000e+00
      vertex   -5.603678e+01 5.069771e+01 -3.000000e+00
    endloop
  endfacet
  facet normal 7.933533e-01 6.087614e-01 4.325510e-15
    outer loop
      vertex   -5.603678e+01 5.069771e+01 -4.000000e+00
      vertex   -5.603678e+01 5.069771e+01 -3.000000e+00
      vertex   -5.581827e+01 5.041294e+01 -4.000000e+00
    endloop
  endfacet
  facet normal 7.933533e-01 6.087614e-01 -0.000000e+00
    outer loop
      vertex   -5.581827e+01 5.041294e+01 -4.000000e+00
      vertex   -5.603678e+01 5.069771e+01 -3.000000e+00
      vertex   -5.581827e+01 5.041294e+01 -3.000000e+00
    endloop
  endfacet
  facet normal 6.087614e-01 7.933533e-01 -0.000000e+00
    outer loop
      vertex   -5.581827e+01 5.041294e+01 -4.000000e+00
      vertex   -5.581827e+01 5.041294e+01 -3.000000e+00
      vertex   -5.553350e+01 5.019443e+01 -4.000000e+00
    endloop
  endfacet
  facet normal 6.087614e-01 7.933533e-01 -4.325510e-15
    outer loop
      vertex   -5.553350e+01 5.019443e+01 -4.000000e+00
      vertex   -5.581827e+01 5.041294e+01 -3.000000e+00
      vertex   -5.553350e+01 5.019443e+01 -3.000000e+00
    endloop
  endfacet
  facet normal 3.826834e-01 9.238795e-01 -2.719129e-15
    outer loop
      vertex   -5.553350e+01 5.019443e+01 -4.000000e+00
      vertex   -5.553350e+01 5.019443e+01 -3.000000e+00
      vertex   -5.520188e+01 5.005707e+01 -4.000000e+00
    endloop
  endfacet
  facet normal 3.826834e-01 9.238795e-01 -2.719129e-15
    outer loop
      vertex   -5.520188e+01 5.005707e+01 -4.000000e+00
      vertex   -5.553350e+01 5.019443e+01 -3.000000e+00
      vertex   -5.520188e+01 5.005707e+01 -3.000000e+00
    endloop
  endfacet
  facet normal 1.305262e-01 9.914449e-01 -9.274444e-16
    outer loop
      vertex   -5.520188e+01 5.005707e+01 -4.000000e+00
      vertex   -5.520188e+01 5.005707e+01 -3.000000e+00
      vertex   -5.484600e+01 5.001021e+01 -4.000000e+00
    endloop
  endfacet
  facet normal 1.305262e-01 9.914449e-01 -0.000000e+00
    outer loop
      vertex   -5.484600e+01 5.001021e+01 -4.000000e+00
      vertex   -5.520188e+01 5.005707e+01 -3.000000e+00
      vertex   -5.484600e+01 5.001021e+01 -3.000000e+00
    endloop
  endfacet
  facet normal -1.305262e-01 9.914449e-01 0.000000e+00
    outer loop
      vertex   -5.484600e+01 5.001021e+01 -4.000000e+00
      vertex   -5.484600e+01 5.001021e+01 -3.000000e+00
      vertex   -5.449012e+01 5.005707e+01 -4.000000e+00
    endloop
  endfacet
  facet normal -1.305262e-01 9.914449e-01 1.854889e-15
    outer loop
      vertex   -5.449012e+01 5.005707e+01 -4.000000e+00
      vertex   -5.484600e+01 5.001021e+01 -3.000000e+00
      vertex   -5.449012e+01 5.005707e+01 -3.000000e+00
    endloop
  endfacet
  facet normal -3.826834e-01 9.238795e-01 5.438259e-15
    outer loop
      vertex   -5.449012e+01 5.005707e+01 -4.000000e+00
      vertex   -5.449012e+01 5.005707e+01 -3.000000e+00
      vertex   -5.415850e+01 5.019443e+01 -4.000000e+00
    endloop
  endfacet
  facet normal -3.826834e-01 9.238795e-01 5.438259e-15
    outer loop
      vertex   -5.415850e+01 5.019443e+01 -4.000000e+00
      vertex   -5.449012e+01 5.005707e+01 -3.000000e+00
      vertex   -5.415850e+01 5.019443e+01 -3.000000e+00
    endloop
  endfacet
  facet normal -6.087614e-01 7.933533e-01 8.651020e-15
    outer loop
      vertex   -5.415850e+01 5.019443e+01 -4.000000e+00
      vertex   -5.415850e+01 5.019443e+01 -3.000000e+00
      vertex   -5.387373e+01 5.041294e+01 -4.000000e+00
    endloop
  endfacet
  facet normal -6.087614e-01 7.933533e-01 0.000000e+00
    outer loop
      vertex   -5.387373e+01 5.041294e+01 -4.000000e+00
      vertex   -5.415850e+01 5.019443e+01 -3.000000e+00
      vertex   -5.387373e+01 5.041294e+01 -3.000000e+00
    endloop
  endfacet
  facet normal -7.933533e-01 6.087614e-01 0.000000e+00
    outer loop
      vertex   -5.387373e+01 5.041294e+01 -4.000000e+00
      vertex   -5.387373e+01 5.041294e+01 -3.000000e+00
      vertex   -5.365522e+01 5.069771e+01 -4.000000e+00
    endloop
  endfacet
  facet normal -7.933533e-01 6.087614e-01 -4.325510e-15
    outer loop
      vertex   -5.365522e+01 5.069771e+01 -4.000000e+00
      vertex   -5.387373e+01 5.041294e+01 -3.000000e+00
      vertex   -5.365522e+01 5.069771e+01 -3.000000e+00
    endloop
  endfacet
  facet normal -9.238795e-01 3.826834e-01 -2.719129e-15
    outer loop
      vertex   -5.365522e+01 5.069771e+01 -4.000000e+00
      vertex   -5.365522e+01 5.069771e+01 -3.000000e+00
      vertex   -5.351785e+01 5.102934e+01 -4.000000e+00
    endloop
  endfacet
  facet normal -9.238795e-01 3.826834e-01 0.000000e+00
    outer loop
      vertex   -5.351785e+01 5.102934e+01 -4.000000e+00
      vertex   -5.365522e+01 5.069771e+01 -3.000000e+00
      vertex   -5.351785e+01 5.102934e+01 -3.000000e+00
    endloop
  endfacet
  facet normal -9.914449e-01 1.305262e-01 8.226147e-16
    outer loop
      vertex   4.482148e+00 2.029338e+00 -4.000000e+00
      vertex   4.482148e+00 2.029338e+00 -3.000000e+00
      vertex   4.529000e+00 2.385214e+00 -4.000000e+00
    endloop
  endfacet
  facet normal -9.914449e-01 1.305262e-01 0.000000e+00
    outer loop
      vertex   4.529000e+00 2.385214e+00 -4.000000e+00
      vertex   4.482148e+00 2.029338e+00 -3.000000e+00
      vertex   4.529000e+00 2.385214e+00 -3.000000e+00
    endloop
  endfacet
  facet normal -9.914449e-01 -1.305262e-01 0.000000e+00
    outer loop
      vertex   4.529000e+00 2.385214e+00 -4.000000e+00
      vertex   4.529000e+00 2.385214e+00 -3.000000e+00
      vertex   4.482148e+00 2.741090e+00 -4.000000e+00
    endloop
  endfacet
  facet normal -9.914449e-01 -1.305262e-01 -8.226147e-16
    outer loop
      vertex   4.482148e+00 2.741090e+00 -4.000000e+00
      vertex   4.529000e+00 2.385214e+00 -3.000000e+00
      vertex   4.482148e+00 2.741090e+00 -3.000000e+00
    endloop
  endfacet
  facet normal -9.238795e-01 -3.826834e-01 -6.506243e-16
    outer loop
      vertex   4.482148e+00 2.741090e+00 -4.000000e+00
      vertex   4.482148e+00 2.741090e+00 -3.000000e+00
      vertex   4.344785e+00 3.072714e+00 -4.000000e+00
    endloop
  endfacet
  facet normal -9.238795e-01 -3.826834e-01 -6.506243e-16
    outer loop
      vertex   4.344785e+00 3.072714e+00 -4.000000e+00
      vertex   4.482148e+00 2.741090e+00 -3.000000e+00
      vertex   4.344785e+00 3.072714e+00 -3.000000e+00
    endloop
  endfacet
  facet normal -7.933533e-01 -6.087614e-01 -4.342949e-16
    outer loop
      vertex   4.344785e+00 3.072714e+00 -4.000000e+00
      vertex   4.344785e+00 3.072714e+00 -3.000000e+00
      vertex   4.126272e+00 3.357486e+00 -4.000000e+00
    endloop
  endfacet
  facet normal -7.933533e-01 -6.087614e-01 0.000000e+00
    outer loop
      vertex   4.126272e+00 3.357486e+00 -4.000000e+00
      vertex   4.344785e+00 3.072714e+00 -3.000000e+00
      vertex   4.126272e+00 3.357486e+00 -3.000000e+00
    endloop
  endfacet
  facet normal -6.087614e-01 -7.933533e-01 0.000000e+00
    outer loop
      vertex   4.126272e+00 3.357486e+00 -4.000000e+00
      vertex   4.126272e+00 3.357486e+00 -3.000000e+00
      vertex   3.841500e+00 3.575999e+00 -4.000000e+00
    endloop
  endfacet
  facet normal -6.087614e-01 -7.933533e-01 -1.883691e-16
    outer loop
      vertex   3.841500e+00 3.575999e+00 -4.000000e+00
      vertex   4.126272e+00 3.357486e+00 -3.000000e+00
      vertex   3.841500e+00 3.575999e+00 -3.000000e+00
    endloop
  endfacet
  facet normal -3.826834e-01 -9.238795e-01 7.039377e-17
    outer loop
      vertex   3.841500e+00 3.575999e+00 -4.000000e+00
      vertex   3.841500e+00 3.575999e+00 -3.000000e+00
      vertex   3.509876e+00 3.713362e+00 -4.000000e+00
    endloop
  endfacet
  facet normal -3.826834e-01 -9.238795e-01 -1.699456e-16
    outer loop
      vertex   3.509876e+00 3.713362e+00 -4.000000e+00
      vertex   3.841500e+00 3.575999e+00 -3.000000e+00
      vertex   3.509876e+00 3.713362e+00 -3.000000e+00
    endloop
  endfacet
  facet normal -1.305262e-01 -9.914449e-01 -5.796527e-17
    outer loop
      vertex   3.509876e+00 3.713362e+00 -4.000000e+00
      vertex   3.509876e+00 3.713362e+00 -3.000000e+00
      vertex   3.154000e+00 3.760214e+00 -4.000000e+00
    endloop
  endfacet
  facet normal -1.305262e-01 -9.914449e-01 0.000000e+00
    outer loop
      vertex   3.154000e+00 3.760214e+00 -4.000000e+00
      vertex   3.509876e+00 3.713362e+00 -3.000000e+00
      vertex   3.154000e+00 3.760214e+00 -3.000000e+00
    endloop
  endfacet
  facet normal 1.305262e-01 -9.914449e-01 0.000000e+00
    outer loop
      vertex   3.154000e+00 3.760214e+00 -4.000000e+00
      vertex   3.154000e+00 3.760214e+00 -3.000000e+00
      vertex   2.798124e+00 3.713362e+00 -4.000000e+00
    endloop
  endfacet
  facet normal 1.305262e-01 -9.914449e-01 -7.646494e-16
    outer loop
      vertex   2.798124e+00 3.713362e+00 -4.000000e+00
      vertex   3.154000e+00 3.760214e+00 -3.000000e+00
      vertex   2.798124e+00 3.713362e+00 -3.000000e+00
    endloop
  endfacet
  facet normal 3.826834e-01 -9.238795e-01 -4.806787e-16
    outer loop
      vertex   2.798124e+00 3.713362e+00 -4.000000e+00
      vertex   2.798124e+00 3.713362e+00 -3.000000e+00
      vertex   2.466500e+00 3.575999e+00 -4.000000e+00
    endloop
  endfacet
  facet normal 3.826834e-01 -9.238795e-01 3.398912e-16
    outer loop
      vertex   2.466500e+00 3.575999e+00 -4.000000e+00
      vertex   2.798124e+00 3.713362e+00 -3.000000e+00
      vertex   2.466500e+00 3.575999e+00 -3.000000e+00
    endloop
  endfacet
  facet normal 6.087614e-01 -7.933533e-01 5.406888e-16
    outer loop
      vertex   2.466500e+00 3.575999e+00 -4.000000e+00
      vertex   2.466500e+00 3.575999e+00 -3.000000e+00
      vertex   2.181728e+00 3.357486e+00 -4.000000e+00
    endloop
  endfacet
  facet normal 6.087614e-01 -7.933533e-01 -3.523197e-16
    outer loop
      vertex   2.181728e+00 3.357486e+00 -4.000000e+00
      vertex   2.466500e+00 3.575999e+00 -3.000000e+00
      vertex   2.181728e+00 3.357486e+00 -3.000000e+00
    endloop
  endfacet
  facet normal 7.933533e-01 -6.087614e-01 -2.703444e-16
    outer loop
      vertex   2.181728e+00 3.357486e+00 -4.000000e+00
      vertex   2.181728e+00 3.357486e+00 -3.000000e+00
      vertex   1.963215e+00 3.072714e+00 -4.000000e+00
    endloop
  endfacet
  facet normal 7.933533e-01 -6.087614e-01 8.197528e-17
    outer loop
      vertex   1.963215e+00 3.072714e+00 -4.000000e+00
      vertex   2.181728e+00 3.357486e+00 -3.000000e+00
      vertex   1.963215e+00 3.072714e+00 -3.000000e+00
    endloop
  endfacet
  facet normal 9.238795e-01 -3.826834e-01 2.403393e-16
    outer loop
      vertex   1.963215e+00 3.072714e+00 -4.000000e+00
      vertex   1.963215e+00 3.072714e+00 -3.000000e+00
      vertex   1.825852e+00 2.741090e+00 -4.000000e+00
    endloop
  endfacet
  facet normal 9.238795e-01 -3.826834e-01 -1.347487e-16
    outer loop
      vertex   1.825852e+00 2.741090e+00 -4.000000e+00
      vertex   1.963215e+00 3.072714e+00 -3.000000e+00
      vertex   1.825852e+00 2.741090e+00 -3.000000e+00
    endloop
  endfacet
  facet normal 9.914449e-01 -1.305262e-01 1.042144e-16
    outer loop
      vertex   1.825852e+00 2.741090e+00 -4.000000e+00
      vertex   1.825852e+00 2.741090e+00 -3.000000e+00
      vertex   1.779000e+00 2.385214e+00 -4.000000e+00
    endloop
  endfacet
  facet normal 9.914449e-01 -1.305262e-01 0.000000e+00
    outer loop
      vertex   1.779000e+00 2.385214e+00 -4.000000e+00
      vertex   1.825852e+00 2.741090e+00 -3.000000e+00
      vertex   1.779000e+00 2.385214e+00 -3.000000e+00
    endloop
  endfacet
  facet normal 9.914449e-01 1.305262e-01 -0.000000e+00
    outer loop
      vertex   1.779000e+00 2.385214e+00 -4.000000e+00
      vertex   1.779000e+00 2.385214e+00 -3.000000e+00
      vertex   1.825852e+00 2.029338e+00 -4.000000e+00
    endloop
  endfacet
  facet normal 9.914449e-01 1.305262e-01 -1.621797e-16
    outer loop
      vertex   1.825852e+00 2.029338e+00 -4.000000e+00
      vertex   1.779000e+00 2.385214e+00 -3.000000e+00
      vertex   1.825852e+00 2.029338e+00 -3.000000e+00
    endloop
  endfacet
  facet normal 9.238795e-01 3.826834e-01 -3.519688e-17
    outer loop
      vertex   1.825852e+00 2.029338e+00 -4.000000e+00
      vertex   1.825852e+00 2.029338e+00 -3.000000e+00
      vertex   1.963215e+00 1.697714e+00 -4.000000e+00
    endloop
  endfacet
  facet normal 9.238795e-01 3.826834e-01 -1.553666e-16
    outer loop
      vertex   1.963215e+00 1.697714e+00 -4.000000e+00
      vertex   1.825852e+00 2.029338e+00 -3.000000e+00
      vertex   1.963215e+00 1.697714e+00 -3.000000e+00
    endloop
  endfacet
  facet normal 7.933533e-01 6.087614e-01 5.319691e-17
    outer loop
      vertex   1.963215e+00 1.697714e+00 -4.000000e+00
      vertex   1.963215e+00 1.697714e+00 -3.000000e+00
      vertex   2.181728e+00 1.412942e+00 -4.000000e+00
    endloop
  endfacet
  facet normal 7.933533e-01 6.087614e-01 2.703444e-16
    outer loop
      vertex   2.181728e+00 1.412942e+00 -4.000000e+00
      vertex   1.963215e+00 1.697714e+00 -3.000000e+00
      vertex   2.181728e+00 1.412942e+00 -3.000000e+00
    endloop
  endfacet
  facet normal 6.087614e-01 7.933533e-01 3.523197e-16
    outer loop
      vertex   2.181728e+00 1.412942e+00 -4.000000e+00
      vertex   2.181728e+00 1.412942e+00 -3.000000e+00
      vertex   2.466500e+00 1.194429e+00 -4.000000e+00
    endloop
  endfacet
  facet normal 6.087614e-01 7.933533e-01 -3.645289e-16
    outer loop
      vertex   2.466500e+00 1.194429e+00 -4.000000e+00
      vertex   2.181728e+00 1.412942e+00 -3.000000e+00
      vertex   2.466500e+00 1.194429e+00 -3.000000e+00
    endloop
  endfacet
  facet normal 3.826834e-01 9.238795e-01 -1.347487e-16
    outer loop
      vertex   2.466500e+00 1.194429e+00 -4.000000e+00
      vertex   2.466500e+00 1.194429e+00 -3.000000e+00
      vertex   2.798124e+00 1.057066e+00 -4.000000e+00
    endloop
  endfacet
  facet normal 3.826834e-01 9.238795e-01 2.755362e-16
    outer loop
      vertex   2.798124e+00 1.057066e+00 -4.000000e+00
      vertex   2.466500e+00 1.194429e+00 -3.000000e+00
      vertex   2.798124e+00 1.057066e+00 -3.000000e+00
    endloop
  endfacet
  facet normal 1.305262e-01 9.914449e-01 5.445044e-16
    outer loop
      vertex   2.798124e+00 1.057066e+00 -4.000000e+00
      vertex   2.798124e+00 1.057066e+00 -3.000000e+00
      vertex   3.154000e+00 1.010214e+00 -4.000000e+00
    endloop
  endfacet
  facet normal 1.305262e-01 9.914449e-01 -0.000000e+00
    outer loop
      vertex   3.154000e+00 1.010214e+00 -4.000000e+00
      vertex   2.798124e+00 1.057066e+00 -3.000000e+00
      vertex   3.154000e+00 1.010214e+00 -3.000000e+00
    endloop
  endfacet
  facet normal -1.305262e-01 9.914449e-01 0.000000e+00
    outer loop
      vertex   3.154000e+00 1.010214e+00 -4.000000e+00
      vertex   3.154000e+00 1.010214e+00 -3.000000e+00
      vertex   3.509876e+00 1.057066e+00 -4.000000e+00
    endloop
  endfacet
  facet normal -1.305262e-01 9.914449e-01 5.796527e-17
    outer loop
      vertex   3.509876e+00 1.057066e+00 -4.000000e+00
      vertex   3.154000e+00 1.010214e+00 -3.000000e+00
      vertex   3.509876e+00 1.057066e+00 -3.000000e+00
    endloop
  endfacet
  facet normal -3.826834e-01 9.238795e-01 1.699456e-16
    outer loop
      vertex   3.509876e+00 1.057066e+00 -4.000000e+00
      vertex   3.509876e+00 1.057066e+00 -3.000000e+00
      vertex   3.841500e+00 1.194429e+00 -4.000000e+00
    endloop
  endfacet
  facet normal -3.826834e-01 9.238795e-01 -2.755362e-16
    outer loop
      vertex   3.841500e+00 1.194429e+00 -4.000000e+00
      vertex   3.509876e+00 1.057066e+00 -3.000000e+00
      vertex   3.841500e+00 1.194429e+00 -3.000000e+00
    endloop
  endfacet
  facet normal -6.087614e-01 7.933533e-01 1.220928e-17
    outer loop
      vertex   3.841500e+00 1.194429e+00 -4.000000e+00
      vertex   3.841500e+00 1.194429e+00 -3.000000e+00
      vertex   4.126272e+00 1.412942e+00 -4.000000e+00
    endloop
  endfacet
  facet normal -6.087614e-01 7.933533e-01 0.000000e+00
    outer loop
      vertex   4.126272e+00 1.412942e+00 -4.000000e+00
      vertex   3.841500e+00 1.194429e+00 -3.000000e+00
      vertex   4.126272e+00 1.412942e+00 -3.000000e+00
    endloop
  endfacet
  facet normal -7.933533e-01 6.087614e-01 0.000000e+00
    outer loop
      vertex   4.126272e+00 1.412942e+00 -4.000000e+00
      vertex   4.126272e+00 1.412942e+00 -3.000000e+00
      vertex   4.344785e+00 1.697714e+00 -4.000000e+00
    endloop
  endfacet
  facet normal -7.933533e-01 6.087614e-01 2.991227e-16
    outer loop
      vertex   4.344785e+00 1.697714e+00 -4.000000e+00
      vertex   4.126272e+00 1.412942e+00 -3.000000e+00
      vertex   4.344785e+00 1.697714e+00 -3.000000e+00
    endloop
  endfacet
  facet normal -9.238795e-01 3.826834e-01 5.656515e-16
    outer loop
      vertex   4.344785e+00 1.697714e+00 -4.000000e+00
      vertex   4.344785e+00 1.697714e+00 -3.000000e+00
      vertex   4.482148e+00 2.029338e+00 -4.000000e+00
    endloop
  endfacet
  facet normal -9.238795e-01 3.826834e-01 6.506243e-16
    outer loop
      vertex   4.482148e+00 2.029338e+00 -4.000000e+00
      vertex   4.344785e+00 1.697714e+00 -3.000000e+00
      vertex   4.482148e+00 2.029338e+00 -3.000000e+00
    endloop
  endfacet
  facet normal -9.914449e-01 1.305262e-01 -4.686445e-17
    outer loop
      vertex   4.482148e+00 5.102934e+01 -4.000000e+00
      vertex   4.482148e+00 5.102934e+01 -3.000000e+00
      vertex   4.529000e+00 5.138521e+01 -4.000000e+00
    endloop
  endfacet
  facet normal -9.914449e-01 1.305262e-01 0.000000e+00
    outer loop
      vertex   4.529000e+00 5.138521e+01 -4.000000e+00
      vertex   4.482148e+00 5.102934e+01 -3.000000e+00
      vertex   4.529000e+00 5.138521e+01 -3.000000e+00
    endloop
  endfacet
  facet normal -9.914449e-01 -1.305262e-01 0.000000e+00
    outer loop
      vertex   4.529000e+00 5.138521e+01 -4.000000e+00
      vertex   4.529000e+00 5.138521e+01 -3.000000e+00
      vertex   4.482148e+00 5.174109e+01 -4.000000e+00
    endloop
  endfacet
  facet normal -9.914449e-01 -1.305262e-01 9.743088e-16
    outer loop
      vertex   4.482148e+00 5.174109e+01 -4.000000e+00
      vertex   4.529000e+00 5.138521e+01 -3.000000e+00
      vertex   4.482148e+00 5.174109e+01 -3.000000e+00
    endloop
  endfacet
  facet normal -9.238795e-01 -3.826834e-01 4.617689e-15
    outer loop
      vertex   4.482148e+00 5.174109e+01 -4.000000e+00
      vertex   4.482148e+00 5.174109e+01 -3.000000e+00
      vertex   4.344785e+00 5.207271e+01 -4.000000e+00
    endloop
  endfacet
  facet normal -9.238795e-01 -3.826834e-01 -8.205699e-16
    outer loop
      vertex   4.344785e+00 5.207271e+01 -4.000000e+00
      vertex   4.482148e+00 5.174109e+01 -3.000000e+00
      vertex   4.344785e+00 5.207271e+01 -3.000000e+00
    endloop
  endfacet
  facet normal -7.933533e-01 -6.087614e-01 -7.046393e-16
    outer loop
      vertex   4.344785e+00 5.207271e+01 -4.000000e+00
      vertex   4.344785e+00 5.207271e+01 -3.000000e+00
      vertex   4.126272e+00 5.235749e+01 -4.000000e+00
    endloop
  endfacet
  facet normal -7.933533e-01 -6.087614e-01 0.000000e+00
    outer loop
      vertex   4.126272e+00 5.235749e+01 -4.000000e+00
      vertex   4.344785e+00 5.207271e+01 -3.000000e+00
      vertex   4.126272e+00 5.235749e+01 -3.000000e+00
    endloop
  endfacet
  facet normal -6.087614e-01 -7.933533e-01 0.000000e+00
    outer loop
      vertex   4.126272e+00 5.235749e+01 -4.000000e+00
      vertex   4.126272e+00 5.235749e+01 -3.000000e+00
      vertex   3.841500e+00 5.257600e+01 -4.000000e+00
    endloop
  endfacet
  facet normal -6.087614e-01 -7.933533e-01 -5.406888e-16
    outer loop
      vertex   3.841500e+00 5.257600e+01 -4.000000e+00
      vertex   4.126272e+00 5.235749e+01 -3.000000e+00
      vertex   3.841500e+00 5.257600e+01 -3.000000e+00
    endloop
  endfacet
  facet normal -3.826834e-01 -9.238795e-01 -3.398912e-16
    outer loop
      vertex   3.841500e+00 5.257600e+01 -4.000000e+00
      vertex   3.841500e+00 5.257600e+01 -3.000000e+00
      vertex   3.509876e+00 5.271336e+01 -4.000000e+00
    endloop
  endfacet
  facet normal -3.826834e-01 -9.238795e-01 -1.699456e-16
    outer loop
      vertex   3.509876e+00 5.271336e+01 -4.000000e+00
      vertex   3.841500e+00 5.257600e+01 -3.000000e+00
      vertex   3.509876e+00 5.271336e+01 -3.000000e+00
    endloop
  endfacet
  facet normal -1.305262e-01 -9.914449e-01 -5.796527e-17
    outer loop
      vertex   3.509876e+00 5.271336e+01 -4.000000e+00
      vertex   3.509876e+00 5.271336e+01 -3.000000e+00
      vertex   3.154000e+00 5.276021e+01 -4.000000e+00
    endloop
  endfacet
  facet normal -1.305262e-01 -9.914449e-01 0.000000e+00
    outer loop
      vertex   3.154000e+00 5.276021e+01 -4.000000e+00
      vertex   3.509876e+00 5.271336e+01 -3.000000e+00
      vertex   3.154000e+00 5.276021e+01 -3.000000e+00
    endloop
  endfacet
  facet normal 1.305262e-01 -9.914449e-01 0.000000e+00
    outer loop
      vertex   3.154000e+00 5.276021e+01 -4.000000e+00
      vertex   3.154000e+00 5.276021e+01 -3.000000e+00
      vertex   2.798124e+00 5.271336e+01 -4.000000e+00
    endloop
  endfacet
  facet normal 1.305262e-01 -9.914449e-01 1.159305e-16
    outer loop
      vertex   2.798124e+00 5.271336e+01 -4.000000e+00
      vertex   3.154000e+00 5.276021e+01 -3.000000e+00
      vertex   2.798124e+00 5.271336e+01 -3.000000e+00
    endloop
  endfacet
  facet normal 3.826834e-01 -9.238795e-01 3.398912e-16
    outer loop
      vertex   2.798124e+00 5.271336e+01 -4.000000e+00
      vertex   2.798124e+00 5.271336e+01 -3.000000e+00
      vertex   2.466500e+00 5.257600e+01 -4.000000e+00
    endloop
  endfacet
  facet normal 3.826834e-01 -9.238795e-01 3.398912e-16
    outer loop
      vertex   2.466500e+00 5.257600e+01 -4.000000e+00
      vertex   2.798124e+00 5.271336e+01 -3.000000e+00
      vertex   2.466500e+00 5.257600e+01 -3.000000e+00
    endloop
  endfacet
  facet normal 6.087614e-01 -7.933533e-01 5.406888e-16
    outer loop
      vertex   2.466500e+00 5.257600e+01 -4.000000e+00
      vertex   2.466500e+00 5.257600e+01 -3.000000e+00
      vertex   2.181728e+00 5.235749e+01 -4.000000e+00
    endloop
  endfacet
  facet normal 6.087614e-01 -7.933533e-01 0.000000e+00
    outer loop
      vertex   2.181728e+00 5.235749e+01 -4.000000e+00
      vertex   2.466500e+00 5.257600e+01 -3.000000e+00
      vertex   2.181728e+00 5.235749e+01 -3.000000e+00
    endloop
  endfacet
  facet normal 7.933533e-01 -6.087614e-01 0.000000e+00
    outer loop
      vertex   2.181728e+00 5.235749e+01 -4.000000e+00
      vertex   2.181728e+00 5.235749e+01 -3.000000e+00
      vertex   1.963215e+00 5.207271e+01 -4.000000e+00
    endloop
  endfacet
  facet normal 7.933533e-01 -6.087614e-01 3.523197e-16
    outer loop
      vertex   1.963215e+00 5.207271e+01 -4.000000e+00
      vertex   2.181728e+00 5.235749e+01 -3.000000e+00
      vertex   1.963215e+00 5.207271e+01 -3.000000e+00
    endloop
  endfacet
  facet normal 9.238795e-01 -3.826834e-01 4.102849e-16
    outer loop
      vertex   1.963215e+00 5.207271e+01 -4.000000e+00
      vertex   1.963215e+00 5.207271e+01 -3.000000e+00
      vertex   1.825852e+00 5.174109e+01 -4.000000e+00
    endloop
  endfacet
  facet normal 9.238795e-01 -3.826834e-01 2.051425e-16
    outer loop
      vertex   1.825852e+00 5.174109e+01 -4.000000e+00
      vertex   1.963215e+00 5.207271e+01 -3.000000e+00
      vertex   1.825852e+00 5.174109e+01 -3.000000e+00
    endloop
  endfacet
  facet normal 9.914449e-01 -1.305262e-01 2.201450e-16
    outer loop
      vertex   1.825852e+00 5.174109e+01 -4.000000e+00
      vertex   1.825852e+00 5.174109e+01 -3.000000e+00
      vertex   1.779000e+00 5.138521e+01 -4.000000e+00
    endloop
  endfacet
  facet normal 9.914449e-01 -1.305262e-01 0.000000e+00
    outer loop
      vertex   1.779000e+00 5.138521e+01 -4.000000e+00
      vertex   1.825852e+00 5.174109e+01 -3.000000e+00
      vertex   1.779000e+00 5.138521e+01 -3.000000e+00
    endloop
  endfacet
  facet normal 9.914449e-01 1.305262e-01 -0.000000e+00
    outer loop
      vertex   1.779000e+00 5.138521e+01 -4.000000e+00
      vertex   1.779000e+00 5.138521e+01 -3.000000e+00
      vertex   1.825852e+00 5.102934e+01 -4.000000e+00
    endloop
  endfacet
  facet normal 9.914449e-01 1.305262e-01 -2.201450e-16
    outer loop
      vertex   1.825852e+00 5.102934e+01 -4.000000e+00
      vertex   1.779000e+00 5.138521e+01 -3.000000e+00
      vertex   1.825852e+00 5.102934e+01 -3.000000e+00
    endloop
  endfacet
  facet normal 9.238795e-01 3.826834e-01 -2.051425e-16
    outer loop
      vertex   1.825852e+00 5.102934e+01 -4.000000e+00
      vertex   1.825852e+00 5.102934e+01 -3.000000e+00
      vertex   1.963215e+00 5.069771e+01 -4.000000e+00
    endloop
  endfacet
  facet normal 9.238795e-01 3.826834e-01 -4.102849e-16
    outer loop
      vertex   1.963215e+00 5.069771e+01 -4.000000e+00
      vertex   1.825852e+00 5.102934e+01 -3.000000e+00
      vertex   1.963215e+00 5.069771e+01 -3.000000e+00
    endloop
  endfacet
  facet normal 7.933533e-01 6.087614e-01 -3.523197e-16
    outer loop
      vertex   1.963215e+00 5.069771e+01 -4.000000e+00
      vertex   1.963215e+00 5.069771e+01 -3.000000e+00
      vertex   2.181728e+00 5.041294e+01 -4.000000e+00
    endloop
  endfacet
  facet normal 7.933533e-01 6.087614e-01 -0.000000e+00
    outer loop
      vertex   2.181728e+00 5.041294e+01 -4.000000e+00
      vertex   1.963215e+00 5.069771e+01 -3.000000e+00
      vertex   2.181728e+00 5.041294e+01 -3.000000e+00
    endloop
  endfacet
  facet normal 6.087614e-01 7.933533e-01 -0.000000e+00
    outer loop
      vertex   2.181728e+00 5.041294e+01 -4.000000e+00
      vertex   2.181728e+00 5.041294e+01 -3.000000e+00
      vertex   2.466500e+00 5.019443e+01 -4.000000e+00
    endloop
  endfacet
  facet normal 6.087614e-01 7.933533e-01 -5.406888e-16
    outer loop
      vertex   2.466500e+00 5.019443e+01 -4.000000e+00
      vertex   2.181728e+00 5.041294e+01 -3.000000e+00
      vertex   2.466500e+00 5.019443e+01 -3.000000e+00
    endloop
  endfacet
  facet normal 3.826834e-01 9.238795e-01 -3.398912e-16
    outer loop
      vertex   2.466500e+00 5.019443e+01 -4.000000e+00
      vertex   2.466500e+00 5.019443e+01 -3.000000e+00
      vertex   2.798124e+00 5.005707e+01 -4.000000e+00
    endloop
  endfacet
  facet normal 3.826834e-01 9.238795e-01 -3.398912e-16
    outer loop
      vertex   2.798124e+00 5.005707e+01 -4.000000e+00
      vertex   2.466500e+00 5.019443e+01 -3.000000e+00
      vertex   2.798124e+00 5.005707e+01 -3.000000e+00
    endloop
  endfacet
  facet normal 1.305262e-01 9.914449e-01 -1.159305e-16
    outer loop
      vertex   2.798124e+00 5.005707e+01 -4.000000e+00
      vertex   2.798124e+00 5.005707e+01 -3.000000e+00
      vertex   3.154000e+00 5.001021e+01 -4.000000e+00
    endloop
  endfacet
  facet normal 1.305262e-01 9.914449e-01 -0.000000e+00
    outer loop
      vertex   3.154000e+00 5.001021e+01 -4.000000e+00
      vertex   2.798124e+00 5.005707e+01 -3.000000e+00
      vertex   3.154000e+00 5.001021e+01 -3.000000e+00
    endloop
  endfacet
  facet normal -1.305262e-01 9.914449e-01 0.000000e+00
    outer loop
      vertex   3.154000e+00 5.001021e+01 -4.000000e+00
      vertex   3.154000e+00 5.001021e+01 -3.000000e+00
      vertex   3.509876e+00 5.005707e+01 -4.000000e+00
    endloop
  endfacet
  facet normal -1.305262e-01 9.914449e-01 5.796527e-17
    outer loop
      vertex   3.509876e+00 5.005707e+01 -4.000000e+00
      vertex   3.154000e+00 5.001021e+01 -3.000000e+00
      vertex   3.509876e+00 5.005707e+01 -3.000000e+00
    endloop
  endfacet
  facet normal -3.826834e-01 9.238795e-01 1.699456e-16
    outer loop
      vertex   3.509876e+00 5.005707e+01 -4.000000e+00
      vertex   3.509876e+00 5.005707e+01 -3.000000e+00
      vertex   3.841500e+00 5.019443e+01 -4.000000e+00
    endloop
  endfacet
  facet normal -3.826834e-01 9.238795e-01 3.398912e-16
    outer loop
      vertex   3.841500e+00 5.019443e+01 -4.000000e+00
      vertex   3.509876e+00 5.005707e+01 -3.000000e+00
      vertex   3.841500e+00 5.019443e+01 -3.000000e+00
    endloop
  endfacet
  facet normal -6.087614e-01 7.933533e-01 5.406888e-16
    outer loop
      vertex   3.841500e+00 5.019443e+01 -4.000000e+00
      vertex   3.841500e+00 5.019443e+01 -3.000000e+00
      vertex   4.126272e+00 5.041294e+01 -4.000000e+00
    endloop
  endfacet
  facet normal -6.087614e-01 7.933533e-01 0.000000e+00
    outer loop
      vertex   4.126272e+00 5.041294e+01 -4.000000e+00
      vertex   3.841500e+00 5.019443e+01 -3.000000e+00
      vertex   4.126272e+00 5.041294e+01 -3.000000e+00
    endloop
  endfacet
  facet normal -7.933533e-01 6.087614e-01 0.000000e+00
    outer loop
      vertex   4.126272e+00 5.041294e+01 -4.000000e+00
      vertex   4.126272e+00 5.041294e+01 -3.000000e+00
      vertex   4.344785e+00 5.069771e+01 -4.000000e+00
    endloop
  endfacet
  facet normal -7.933533e-01 6.087614e-01 7.046393e-16
    outer loop
      vertex   4.344785e+00 5.069771e+01 -4.000000e+00
      vertex   4.126272e+00 5.041294e+01 -3.000000e+00
      vertex   4.344785e+00 5.069771e+01 -3.000000e+00
    endloop
  endfacet
  facet normal -9.238795e-01 3.826834e-01 8.205699e-16
    outer loop
      vertex   4.344785e+00 5.069771e+01 -4.000000e+00
      vertex   4.344785e+00 5.069771e+01 -3.000000e+00
      vertex   4.482148e+00 5.102934e+01 -4.000000e+00
    endloop
  endfacet
  facet normal -9.238795e-01 3.826834e-01 -1.898559e-15
    outer loop
      vertex   4.482148e+00 5.102934e+01 -4.000000e+00
      vertex   4.344785e+00 5.069771e+01 -3.000000e+00
      vertex   4.482148e+00 5.102934e+01 -3.000000e+00
    endloop
  endfacet
  facet normal 0.000000e+00 0.000000e+00 -1.000000e+00
    outer loop
      vertex   8.654000e+00 3.288521e+01 -1.250000e+00
      vertex   9.654000e+00 3.288521e+01 -1.250000e+00
      vertex   8.654000e+00 2.088521e+01 -1.250000e+00
    endloop
  endfacet
  facet normal 0.000000e+00 0.000000e+00 -1.000000e+00
    outer loop
      vertex   8.654000e+00 2.088521e+01 -1.250000e+00
      vertex   9.654000e+00 3.288521e+01 -1.250000e+00
      vertex   9.654000e+00 2.088521e+01 -1.250000e+00
    endloop
  endfacet
  facet normal -0.000000e+00 1.000000e+00 0.000000e+00
    outer loop
      vertex   8.654000e+00 2.088521e+01 -1.250000e+00
      vertex   9.654000e+00 2.088521e+01 -1.250000e+00
      vertex   8.654000e+00 2.088521e+01 -3.000000e+00
    endloop
  endfacet
  facet normal 0.000000e+00 1.000000e+00 0.000000e+00
    outer loop
      vertex   8.654000e+00 2.088521e+01 -3.000000e+00
      vertex   9.654000e+00 2.088521e+01 -1.250000e+00
      vertex   9.654000e+00 2.088521e+01 -3.000000e+00
    endloop
  endfacet
  facet normal 0.000000e+00 -1.000000e+00 0.000000e+00
    outer loop
      vertex   8.654000e+00 3.288521e+01 -3.000000e+00
      vertex   9.654000e+00 3.288521e+01 -3.000000e+00
      vertex   8.654000e+00 3.288521e+01 -1.250000e+00
    endloop
  endfacet
  facet normal 0.000000e+00 -1.000000e+00 0.000000e+00
    outer loop
      vertex   8.654000e+00 3.288521e+01 -1.250000e+00
      vertex   9.654000e+00 3.288521e+01 -3.000000e+00
      vertex   9.654000e+00 3.288521e+01 -1.250000e+00
    endloop
  endfacet
  facet normal -1.000000e+00 -6.661338e-16 0.000000e+00
    outer loop
      vertex   8.654000e+00 3.288521e+01 -3.000000e+00
      vertex   8.654000e+00 3.288521e+01 -1.250000e+00
      vertex   8.654000e+00 5.688521e+01 -3.000000e+00
    endloop
  endfacet
  facet normal -1.000000e+00 -7.382525e-16 -9.890561e-16
    outer loop
      vertex   8.654000e+00 5.688521e+01 -3.000000e+00
      vertex   8.654000e+00 3.288521e+01 -1.250000e+00
      vertex   8.654000e+00 4.083521e+01 0.000000e+00
    endloop
  endfacet
  facet normal -1.000000e+00 -4.332578e-16 6.426657e-16
    outer loop
      vertex   8.654000e+00 5.688521e+01 -3.000000e+00
      vertex   8.654000e+00 4.083521e+01 0.000000e+00
      vertex   8.654000e+00 4.903521e+01 0.000000e+00
    endloop
  endfacet
  facet normal -1.000000e+00 -8.937644e-16 0.000000e+00
    outer loop
      vertex   8.654000e+00 4.083521e+01 0.000000e+00
      vertex   8.654000e+00 3.288521e+01 -1.250000e+00
      vertex   8.654000e+00 4.083521e+01 3.000000e+00
    endloop
  endfacet
  facet normal -1.000000e+00 -5.921189e-16 -5.642545e-16
    outer loop
      vertex   8.654000e+00 4.083521e+01 3.000000e+00
      vertex   8.654000e+00 3.288521e+01 -1.250000e+00
      vertex   8.654000e+00 2.088521e+01 -1.250000e+00
    endloop
  endfacet
  facet normal -1.000000e+00 -7.442371e-16 1.498062e-16
    outer loop
      vertex   8.654000e+00 4.083521e+01 3.000000e+00
      vertex   8.654000e+00 2.088521e+01 -1.250000e+00
      vertex   8.654000e+00 -1.114786e+00 8.031000e+00
    endloop
  endfacet
  facet normal -1.000000e+00 -6.715669e-16 3.220663e-16
    outer loop
      vertex   8.654000e+00 -1.114786e+00 8.031000e+00
      vertex   8.654000e+00 2.088521e+01 -1.250000e+00
      vertex   8.654000e+00 -1.114786e+00 -3.000000e+00
    endloop
  endfacet
  facet normal -1.000000e+00 -6.459479e-16 0.000000e+00
    outer loop
      vertex   8.654000e+00 -1.114786e+00 -3.000000e+00
      vertex   8.654000e+00 2.088521e+01 -1.250000e+00
      vertex   8.654000e+00 2.088521e+01 -3.000000e+00
    endloop
  endfacet
  facet normal -1.000000e+00 -6.125368e-16 1.247963e-15
    outer loop
      vertex   8.654000e+00 -1.114786e+00 8.031000e+00
      vertex   8.654000e+00 5.688521e+01 8.031000e+00
      vertex   8.654000e+00 4.083521e+01 3.000000e+00
    endloop
  endfacet
  facet normal -1.000000e+00 -4.332578e-16 6.760233e-16
    outer loop
      vertex   8.654000e+00 4.083521e+01 3.000000e+00
      vertex   8.654000e+00 5.688521e+01 8.031000e+00
      vertex   8.654000e+00 4.903521e+01 3.000000e+00
    endloop
  endfacet
  facet normal -1.000000e+00 -3.096145e-16 4.830995e-16
    outer loop
      vertex   8.654000e+00 4.903521e+01 3.000000e+00
      vertex   8.654000e+00 5.688521e+01 8.031000e+00
      vertex   8.654000e+00 5.688521e+01 -3.000000e+00
    endloop
  endfacet
  facet normal -1.000000e+00 -6.788625e-16 -0.000000e+00
    outer loop
      vertex   8.654000e+00 4.903521e+01 3.000000e+00
      vertex   8.654000e+00 5.688521e+01 -3.000000e+00
      vertex   8.654000e+00 4.903521e+01 0.000000e+00
    endloop
  endfacet
  facet normal -0.000000e+00 -1.000000e+00 -0.000000e+00
    outer loop
      vertex   -8.034600e+01 1.743521e+01 8.031000e+00
      vertex   -8.134600e+01 1.743521e+01 8.031000e+00
      vertex   -8.034600e+01 1.743521e+01 0.000000e+00
    endloop
  endfacet
  facet normal 0.000000e+00 -1.000000e+00 0.000000e+00
    outer loop
      vertex   -8.034600e+01 1.743521e+01 0.000000e+00
      vertex   -8.134600e+01 1.743521e+01 8.031000e+00
      vertex   -8.134600e+01 1.743521e+01 0.000000e+00
    endloop
  endfacet
  facet normal -1.110223e-16 1.000000e+00 0.000000e+00
    outer loop
      vertex   -8.134600e+01 9.352140e-01 8.031000e+00
      vertex   -8.034600e+01 9.352140e-01 8.031000e+00
      vertex   -8.134600e+01 9.352140e-01 0.000000e+00
    endloop
  endfacet
  facet normal 0.000000e+00 1.000000e+00 -1.382422e-17
    outer loop
      vertex   -8.134600e+01 9.352140e-01 0.000000e+00
      vertex   -8.034600e+01 9.352140e-01 8.031000e+00
      vertex   -8.034600e+01 9.352140e-01 0.000000e+00
    endloop
  endfacet
  facet normal 0.000000e+00 0.000000e+00 1.000000e+00
    outer loop
      vertex   -8.034600e+01 1.743521e+01 0.000000e+00
      vertex   -8.134600e+01 1.743521e+01 0.000000e+00
      vertex   -8.034600e+01 9.352140e-01 0.000000e+00
    endloop
  endfacet
  facet normal 0.000000e+00 0.000000e+00 1.000000e+00
    outer loop
      vertex   -8.034600e+01 9.352140e-01 0.000000e+00
      vertex   -8.134600e+01 1.743521e+01 0.000000e+00
      vertex   -8.134600e+01 9.352140e-01 0.000000e+00
    endloop
  endfacet
  facet normal -1.000000e+00 -0.000000e+00 -0.000000e+00
    outer loop
      vertex   -8.134600e+01 9.352140e-01 8.031000e+00
      vertex   -8.134600e+01 9.352140e-01 0.000000e+00
      vertex   -8.134600e+01 -1.114786e+00 8.031000e+00
    endloop
  endfacet
  facet normal -1.000000e+00 0.000000e+00 0.000000e+00
    outer loop
      vertex   -8.134600e+01 -1.114786e+00 8.031000e+00
      vertex   -8.134600e+01 9.352140e-01 0.000000e+00
      vertex   -8.134600e+01 -1.114786e+00 -4.000000e+00
    endloop
  endfacet
  facet normal -1.000000e+00 0.000000e+00 0.000000e+00
    outer loop
      vertex   -8.134600e+01 -1.114786e+00 -4.000000e+00
      vertex   -8.134600e+01 9.352140e-01 0.000000e+00
      vertex   -8.134600e+01 1.743521e+01 0.000000e+00
    endloop
  endfacet
  facet normal -1.000000e+00 -4.817239e-15 2.233995e-14
    outer loop
      vertex   -8.134600e+01 -1.114786e+00 -4.000000e+00
      vertex   -8.134600e+01 1.743521e+01 0.000000e+00
      vertex   -8.134600e+01 2.038521e+01 0.000000e+00
    endloop
  endfacet
  facet normal -1.000000e+00 -4.817239e-15 0.000000e+00
    outer loop
      vertex   -8.134600e+01 2.038521e+01 0.000000e+00
      vertex   -8.134600e+01 1.743521e+01 0.000000e+00
      vertex   -8.134600e+01 2.038521e+01 8.031000e+00
    endloop
  endfacet
  facet normal -1.000000e+00 -4.817239e-15 0.000000e+00
    outer loop
      vertex   -8.134600e+01 2.038521e+01 8.031000e+00
      vertex   -8.134600e+01 1.743521e+01 0.000000e+00
      vertex   -8.134600e+01 1.743521e+01 8.031000e+00
    endloop
  endfacet
  facet normal -1.000000e+00 0.000000e+00 -3.552714e-15
    outer loop
      vertex   -8.134600e+01 2.038521e+01 0.000000e+00
      vertex   -8.134600e+01 3.538521e+01 0.000000e+00
      vertex   -8.134600e+01 -1.114786e+00 -4.000000e+00
    endloop
  endfacet
  facet normal -1.000000e+00 0.000000e+00 -3.552714e-15
    outer loop
      vertex   -8.134600e+01 -1.114786e+00 -4.000000e+00
      vertex   -8.134600e+01 3.538521e+01 0.000000e+00
      vertex   -8.134600e+01 5.788521e+01 -4.000000e+00
    endloop
  endfacet
  facet normal -1.000000e+00 -1.421085e-14 -8.348877e-14
    outer loop
      vertex   -8.134600e+01 5.788521e+01 -4.000000e+00
      vertex   -8.134600e+01 3.538521e+01 0.000000e+00
      vertex   -8.134600e+01 3.838521e+01 0.000000e+00
    endloop
  endfacet
  facet normal -1.000000e+00 2.842171e-15 -3.552714e-16
    outer loop
      vertex   -8.134600e+01 5.788521e+01 -4.000000e+00
      vertex   -8.134600e+01 3.838521e+01 0.000000e+00
      vertex   -8.134600e+01 5.338521e+01 0.000000e+00
    endloop
  endfacet
  facet normal -1.000000e+00 -1.421085e-14 -0.000000e+00
    outer loop
      vertex   -8.134600e+01 3.538521e+01 8.031000e+00
      vertex   -8.134600e+01 3.838521e+01 8.031000e+00
      vertex   -8.134600e+01 3.538521e+01 0.000000e+00
    endloop
  endfacet
  facet normal -1.000000e+00 -1.421085e-14 0.000000e+00
    outer loop
      vertex   -8.134600e+01 3.538521e+01 0.000000e+00
      vertex   -8.134600e+01 3.838521e+01 8.031000e+00
      vertex   -8.134600e+01 3.838521e+01 0.000000e+00
    endloop
  endfacet
  facet normal -1.000000e+00 3.157968e-15 0.000000e+00
    outer loop
      vertex   -8.134600e+01 5.338521e+01 8.031000e+00
      vertex   -8.134600e+01 5.788521e+01 8.031000e+00
      vertex   -8.134600e+01 5.338521e+01 0.000000e+00
    endloop
  endfacet
  facet normal -1.000000e+00 3.157968e-15 0.000000e+00
    outer loop
      vertex   -8.134600e+01 5.338521e+01 0.000000e+00
      vertex   -8.134600e+01 5.788521e+01 8.031000e+00
      vertex   -8.134600e+01 5.788521e+01 -4.000000e+00
    endloop
  endfacet
  facet normal 0.000000e+00 -0.000000e+00 1.000000e+00
    outer loop
      vertex   -8.134600e+01 1.743521e+01 8.031000e+00
      vertex   -8.034600e+01 1.743521e+01 8.031000e+00
      vertex   -8.134600e+01 2.038521e+01 8.031000e+00
    endloop
  endfacet
  facet normal -0.000000e+00 0.000000e+00 1.000000e+00
    outer loop
      vertex   -8.134600e+01 2.038521e+01 8.031000e+00
      vertex   -8.034600e+01 1.743521e+01 8.031000e+00
      vertex   -8.034600e+01 2.038521e+01 8.031000e+00
    endloop
  endfacet
  facet normal 0.000000e+00 0.000000e+00 1.000000e+00
    outer loop
      vertex   -8.034600e+01 9.352140e-01 8.031000e+00
      vertex   -8.134600e+01 9.352140e-01 8.031000e+00
      vertex   -8.034600e+01 -1.114786e+00 8.031000e+00
    endloop
  endfacet
  facet normal 0.000000e+00 0.000000e+00 1.000000e+00
    outer loop
      vertex   -8.034600e+01 -1.114786e+00 8.031000e+00
      vertex   -8.134600e+01 9.352140e-01 8.031000e+00
      vertex   -8.134600e+01 -1.114786e+00 8.031000e+00
    endloop
  endfacet
  facet normal 0.000000e+00 0.000000e+00 1.000000e+00
    outer loop
      vertex   -8.034600e+01 5.338521e+01 0.000000e+00
      vertex   -8.134600e+01 5.338521e+01 0.000000e+00
      vertex   -8.034600e+01 3.838521e+01 0.000000e+00
    endloop
  endfacet
  facet normal 0.000000e+00 0.000000e+00 1.000000e+00
    outer loop
      vertex   -8.034600e+01 3.838521e+01 0.000000e+00
      vertex   -8.134600e+01 5.338521e+01 0.000000e+00
      vertex   -8.134600e+01 3.838521e+01 0.000000e+00
    endloop
  endfacet
  facet normal -2.131628e-14 1.000000e+00 0.000000e+00
    outer loop
      vertex   -8.034600e+01 3.838521e+01 0.000000e+00
      vertex   -8.134600e+01 3.838521e+01 0.000000e+00
      vertex   -8.034600e+01 3.838521e+01 8.031000e+00
    endloop
  endfacet
  facet normal -2.131628e-14 1.000000e+00 0.000000e+00
    outer loop
      vertex   -8.034600e+01 3.838521e+01 8.031000e+00
      vertex   -8.134600e+01 3.838521e+01 0.000000e+00
      vertex   -8.134600e+01 3.838521e+01 8.031000e+00
    endloop
  endfacet
  facet normal -2.131628e-14 -1.000000e+00 -0.000000e+00
    outer loop
      vertex   -8.034600e+01 5.338521e+01 8.031000e+00
      vertex   -8.134600e+01 5.338521e+01 8.031000e+00
      vertex   -8.034600e+01 5.338521e+01 0.000000e+00
    endloop
  endfacet
  facet normal -2.131628e-14 -1.000000e+00 0.000000e+00
    outer loop
      vertex   -8.034600e+01 5.338521e+01 0.000000e+00
      vertex   -8.134600e+01 5.338521e+01 8.031000e+00
      vertex   -8.134600e+01 5.338521e+01 0.000000e+00
    endloop
  endfacet
  facet normal 0.000000e+00 0.000000e+00 1.000000e+00
    outer loop
      vertex   -8.034600e+01 3.538521e+01 0.000000e+00
      vertex   -8.134600e+01 3.538521e+01 0.000000e+00
      vertex   -8.034600e+01 2.038521e+01 0.000000e+00
    endloop
  endfacet
  facet normal 0.000000e+00 0.000000e+00 1.000000e+00
    outer loop
      vertex   -8.034600e+01 2.038521e+01 0.000000e+00
      vertex   -8.134600e+01 3.538521e+01 0.000000e+00
      vertex   -8.134600e+01 2.038521e+01 0.000000e+00
    endloop
  endfacet
  facet normal -3.552714e-15 1.000000e+00 0.000000e+00
    outer loop
      vertex   -8.034600e+01 2.038521e+01 0.000000e+00
      vertex   -8.134600e+01 2.038521e+01 0.000000e+00
      vertex   -8.034600e+01 2.038521e+01 8.031000e+00
    endloop
  endfacet
  facet normal -3.552714e-15 1.000000e+00 0.000000e+00
    outer loop
      vertex   -8.034600e+01 2.038521e+01 8.031000e+00
      vertex   -8.134600e+01 2.038521e+01 0.000000e+00
      vertex   -8.134600e+01 2.038521e+01 8.031000e+00
    endloop
  endfacet
  facet normal -0.000000e+00 -1.000000e+00 -0.000000e+00
    outer loop
      vertex   -8.034600e+01 3.538521e+01 8.031000e+00
      vertex   -8.134600e+01 3.538521e+01 8.031000e+00
      vertex   -8.034600e+01 3.538521e+01 0.000000e+00
    endloop
  endfacet
  facet normal 0.000000e+00 -1.000000e+00 0.000000e+00
    outer loop
      vertex   -8.034600e+01 3.538521e+01 0.000000e+00
      vertex   -8.134600e+01 3.538521e+01 8.031000e+00
      vertex   -8.134600e+01 3.538521e+01 0.000000e+00
    endloop
  endfacet
  facet normal 1.000000e+00 0.000000e+00 0.000000e+00
    outer loop
      vertex   -8.034600e+01 9.352140e-01 8.031000e+00
      vertex   -8.034600e+01 -1.114786e+00 8.031000e+00
      vertex   -8.034600e+01 9.352140e-01 0.000000e+00
    endloop
  endfacet
  facet normal 1.000000e+00 0.000000e+00 0.000000e+00
    outer loop
      vertex   -8.034600e+01 9.352140e-01 0.000000e+00
      vertex   -8.034600e+01 -1.114786e+00 8.031000e+00
      vertex   -8.034600e+01 -1.114786e+00 -3.000000e+00
    endloop
  endfacet
  facet normal 1.000000e+00 -0.000000e+00 0.000000e+00
    outer loop
      vertex   -8.034600e+01 9.352140e-01 0.000000e+00
      vertex   -8.034600e+01 -1.114786e+00 -3.000000e+00
      vertex   -8.034600e+01 1.743521e+01 0.000000e+00
    endloop
  endfacet
  facet normal 1.000000e+00 -0.000000e+00 0.000000e+00
    outer loop
      vertex   -8.034600e+01 1.743521e+01 0.000000e+00
      vertex   -8.034600e+01 -1.114786e+00 -3.000000e+00
      vertex   -8.034600e+01 2.038521e+01 0.000000e+00
    endloop
  endfacet
  facet normal 1.000000e+00 0.000000e+00 0.000000e+00
    outer loop
      vertex   -8.034600e+01 1.743521e+01 0.000000e+00
      vertex   -8.034600e+01 2.038521e+01 0.000000e+00
      vertex   -8.034600e+01 1.743521e+01 8.031000e+00
    endloop
  endfacet
  facet normal 1.000000e+00 -0.000000e+00 0.000000e+00
    outer loop
      vertex   -8.034600e+01 1.743521e+01 8.031000e+00
      vertex   -8.034600e+01 2.038521e+01 0.000000e+00
      vertex   -8.034600e+01 2.038521e+01 8.031000e+00
    endloop
  endfacet
  facet normal 1.000000e+00 0.000000e+00 0.000000e+00
    outer loop
      vertex   -8.034600e+01 -1.114786e+00 -3.000000e+00
      vertex   -8.034600e+01 5.688521e+01 -3.000000e+00
      vertex   -8.034600e+01 2.038521e+01 0.000000e+00
    endloop
  endfacet
  facet normal 1.000000e+00 -0.000000e+00 0.000000e+00
    outer loop
      vertex   -8.034600e+01 2.038521e+01 0.000000e+00
      vertex   -8.034600e+01 5.688521e+01 -3.000000e+00
      vertex   -8.034600e+01 3.538521e+01 0.000000e+00
    endloop
  endfacet
  facet normal 1.000000e+00 -0.000000e+00 0.000000e+00
    outer loop
      vertex   -8.034600e+01 3.538521e+01 0.000000e+00
      vertex   -8.034600e+01 5.688521e+01 -3.000000e+00
      vertex   -8.034600e+01 3.838521e+01 0.000000e+00
    endloop
  endfacet
  facet normal 1.000000e+00 0.000000e+00 0.000000e+00
    outer loop
      vertex   -8.034600e+01 3.538521e+01 0.000000e+00
      vertex   -8.034600e+01 3.838521e+01 0.000000e+00
      vertex   -8.034600e+01 3.538521e+01 8.031000e+00
    endloop
  endfacet
  facet normal 1.000000e+00 -0.000000e+00 0.000000e+00
    outer loop
      vertex   -8.034600e+01 3.538521e+01 8.031000e+00
      vertex   -8.034600e+01 3.838521e+01 0.000000e+00
      vertex   -8.034600e+01 3.838521e+01 8.031000e+00
    endloop
  endfacet
  facet normal 1.000000e+00 -0.000000e+00 0.000000e+00
    outer loop
      vertex   -8.034600e+01 3.838521e+01 0.000000e+00
      vertex   -8.034600e+01 5.688521e+01 -3.000000e+00
      vertex   -8.034600e+01 5.338521e+01 0.000000e+00
    endloop
  endfacet
  facet normal 1.000000e+00 -0.000000e+00 0.000000e+00
    outer loop
      vertex   -8.034600e+01 5.338521e+01 0.000000e+00
      vertex   -8.034600e+01 5.688521e+01 -3.000000e+00
      vertex   -8.034600e+01 5.688521e+01 8.031000e+00
    endloop
  endfacet
  facet normal 1.000000e+00 0.000000e+00 0.000000e+00
    outer loop
      vertex   -8.034600e+01 5.338521e+01 0.000000e+00
      vertex   -8.034600e+01 5.688521e+01 8.031000e+00
      vertex   -8.034600e+01 5.338521e+01 8.031000e+00
    endloop
  endfacet
  facet normal 0.000000e+00 0.000000e+00 1.000000e+00
    outer loop
      vertex   -8.034600e+01 3.838521e+01 8.031000e+00
      vertex   -8.134600e+01 3.838521e+01 8.031000e+00
      vertex   -8.034600e+01 3.538521e+01 8.031000e+00
    endloop
  endfacet
  facet normal 0.000000e+00 0.000000e+00 1.000000e+00
    outer loop
      vertex   -8.034600e+01 3.538521e+01 8.031000e+00
      vertex   -8.134600e+01 3.838521e+01 8.031000e+00
      vertex   -8.134600e+01 3.538521e+01 8.031000e+00
    endloop
  endfacet
  facet normal -1.000000e+00 0.000000e+00 0.000000e+00
    outer loop
      vertex   -4.364600e+01 5.688521e+01 6.500000e+00
      vertex   -4.364600e+01 5.788521e+01 6.500000e+00
      vertex   -4.364600e+01 5.688521e+01 0.000000e+00
    endloop
  endfacet
  facet normal -1.000000e+00 0.000000e+00 0.000000e+00
    outer loop
      vertex   -4.364600e+01 5.688521e+01 0.000000e+00
      vertex   -4.364600e+01 5.788521e+01 6.500000e+00
      vertex   -4.364600e+01 5.788521e+01 0.000000e+00
    endloop
  endfacet
  facet normal 0.000000e+00 0.000000e+00 1.000000e+00
    outer loop
      vertex   -5.104600e+01 5.688521e+01 0.000000e+00
      vertex   -4.364600e+01 5.688521e+01 0.000000e+00
      vertex   -5.104600e+01 5.788521e+01 0.000000e+00
    endloop
  endfacet
  facet normal -0.000000e+00 0.000000e+00 1.000000e+00
    outer loop
      vertex   -5.104600e+01 5.788521e+01 0.000000e+00
      vertex   -4.364600e+01 5.688521e+01 0.000000e+00
      vertex   -4.364600e+01 5.788521e+01 0.000000e+00
    endloop
  endfacet
  facet normal 1.000000e+00 0.000000e+00 0.000000e+00
    outer loop
      vertex   -5.104600e+01 5.688521e+01 0.000000e+00
      vertex   -5.104600e+01 5.788521e+01 0.000000e+00
      vertex   -5.104600e+01 5.688521e+01 6.500000e+00
    endloop
  endfacet
  facet normal 1.000000e+00 -0.000000e+00 0.000000e+00
    outer loop
      vertex   -5.104600e+01 5.688521e+01 6.500000e+00
      vertex   -5.104600e+01 5.788521e+01 0.000000e+00
      vertex   -5.104600e+01 5.788521e+01 6.500000e+00
    endloop
  endfacet
  facet normal 0.000000e+00 0.000000e+00 -1.000000e+00
    outer loop
      vertex   -4.364600e+01 5.688521e+01 6.500000e+00
      vertex   -5.104600e+01 5.688521e+01 6.500000e+00
      vertex   -4.364600e+01 5.788521e+01 6.500000e+00
    endloop
  endfacet
  facet normal -0.000000e+00 0.000000e+00 -1.000000e+00
    outer loop
      vertex   -4.364600e+01 5.788521e+01 6.500000e+00
      vertex   -5.104600e+01 5.688521e+01 6.500000e+00
      vertex   -5.104600e+01 5.788521e+01 6.500000e+00
    endloop
  endfacet
  facet normal -1.000000e+00 -1.443290e-15 -0.000000e+00
    outer loop
      vertex   4.040000e-01 5.688521e+01 3.500000e+00
      vertex   4.040000e-01 5.788521e+01 3.500000e+00
      vertex   4.040000e-01 5.688521e+01 0.000000e+00
    endloop
  endfacet
  facet normal -1.000000e+00 -9.992007e-16 -1.268826e-16
    outer loop
      vertex   4.040000e-01 5.688521e+01 0.000000e+00
      vertex   4.040000e-01 5.788521e+01 3.500000e+00
      vertex   4.040000e-01 5.788521e+01 0.000000e+00
    endloop
  endfacet
  facet normal 0.000000e+00 0.000000e+00 1.000000e+00
    outer loop
      vertex   -9.596000e+00 5.688521e+01 0.000000e+00
      vertex   4.040000e-01 5.688521e+01 0.000000e+00
      vertex   -9.596000e+00 5.788521e+01 0.000000e+00
    endloop
  endfacet
  facet normal -0.000000e+00 0.000000e+00 1.000000e+00
    outer loop
      vertex   -9.596000e+00 5.788521e+01 0.000000e+00
      vertex   4.040000e-01 5.688521e+01 0.000000e+00
      vertex   4.040000e-01 5.788521e+01 0.000000e+00
    endloop
  endfacet
  facet normal 1.000000e+00 0.000000e+00 0.000000e+00
    outer loop
      vertex   -9.596000e+00 5.688521e+01 0.000000e+00
      vertex   -9.596000e+00 5.788521e+01 0.000000e+00
      vertex   -9.596000e+00 5.688521e+01 3.500000e+00
    endloop
  endfacet
  facet normal 1.000000e+00 -0.000000e+00 0.000000e+00
    outer loop
      vertex   -9.596000e+00 5.688521e+01 3.500000e+00
      vertex   -9.596000e+00 5.788521e+01 0.000000e+00
      vertex   -9.596000e+00 5.788521e+01 3.500000e+00
    endloop
  endfacet
  facet normal 0.000000e+00 0.000000e+00 -1.000000e+00
    outer loop
      vertex   4.040000e-01 5.688521e+01 3.500000e+00
      vertex   -9.596000e+00 5.688521e+01 3.500000e+00
      vertex   4.040000e-01 5.788521e+01 3.500000e+00
    endloop
  endfacet
  facet normal -0.000000e+00 0.000000e+00 -1.000000e+00
    outer loop
      vertex   4.040000e-01 5.788521e+01 3.500000e+00
      vertex   -9.596000e+00 5.688521e+01 3.500000e+00
      vertex   -9.596000e+00 5.788521e+01 3.500000e+00
    endloop
  endfacet
  facet normal -0.000000e+00 1.000000e+00 0.000000e+00
    outer loop
      vertex   8.654000e+00 4.083521e+01 3.000000e+00
      vertex   9.654000e+00 4.083521e+01 3.000000e+00
      vertex   8.654000e+00 4.083521e+01 0.000000e+00
    endloop
  endfacet
  facet normal 0.000000e+00 1.000000e+00 0.000000e+00
    outer loop
      vertex   8.654000e+00 4.083521e+01 0.000000e+00
      vertex   9.654000e+00 4.083521e+01 3.000000e+00
      vertex   9.654000e+00 4.083521e+01 0.000000e+00
    endloop
  endfacet
  facet normal 0.000000e+00 -0.000000e+00 1.000000e+00
    outer loop
      vertex   8.654000e+00 4.083521e+01 0.000000e+00
      vertex   9.654000e+00 4.083521e+01 0.000000e+00
      vertex   8.654000e+00 4.903521e+01 0.000000e+00
    endloop
  endfacet
  facet normal -0.000000e+00 0.000000e+00 1.000000e+00
    outer loop
      vertex   8.654000e+00 4.903521e+01 0.000000e+00
      vertex   9.654000e+00 4.083521e+01 0.000000e+00
      vertex   9.654000e+00 4.903521e+01 0.000000e+00
    endloop
  endfacet
  facet normal 0.000000e+00 -1.000000e+00 0.000000e+00
    outer loop
      vertex   8.654000e+00 4.903521e+01 0.000000e+00
      vertex   9.654000e+00 4.903521e+01 0.000000e+00
      vertex   8.654000e+00 4.903521e+01 3.000000e+00
    endloop
  endfacet
  facet normal 0.000000e+00 -1.000000e+00 0.000000e+00
    outer loop
      vertex   8.654000e+00 4.903521e+01 3.000000e+00
      vertex   9.654000e+00 4.903521e+01 0.000000e+00
      vertex   9.654000e+00 4.903521e+01 3.000000e+00
    endloop
  endfacet
  facet normal 0.000000e+00 0.000000e+00 -1.000000e+00
    outer loop
      vertex   8.654000e+00 4.903521e+01 3.000000e+00
      vertex   9.654000e+00 4.903521e+01 3.000000e+00
      vertex   8.654000e+00 4.083521e+01 3.000000e+00
    endloop
  endfacet
  facet normal 0.000000e+00 0.000000e+00 -1.000000e+00
    outer loop
      vertex   8.654000e+00 4.083521e+01 3.000000e+00
      vertex   9.654000e+00 4.903521e+01 3.000000e+00
      vertex   9.654000e+00 4.083521e+01 3.000000e+00
    endloop
  endfacet
  facet normal 0.000000e+00 -0.000000e+00 1.000000e+00
    outer loop
      vertex   -8.034600e+01 5.338521e+01 8.031000e+00
      vertex   -8.034600e+01 5.688521e+01 8.031000e+00
      vertex   -8.134600e+01 5.338521e+01 8.031000e+00
    endloop
  endfacet
  facet normal 0.000000e+00 0.000000e+00 1.000000e+00
    outer loop
      vertex   -8.134600e+01 5.338521e+01 8.031000e+00
      vertex   -8.034600e+01 5.688521e+01 8.031000e+00
      vertex   -8.134600e+01 5.788521e+01 8.031000e+00
    endloop
  endfacet
  facet normal 0.000000e+00 0.000000e+00 1.000000e+00
    outer loop
      vertex   -8.134600e+01 5.788521e+01 8.031000e+00
      vertex   -8.034600e+01 5.688521e+01 8.031000e+00
      vertex   8.654000e+00 5.688521e+01 8.031000e+00
    endloop
  endfacet
  facet normal -0.000000e+00 0.000000e+00 1.000000e+00
    outer loop
      vertex   -8.134600e+01 5.788521e+01 8.031000e+00
      vertex   8.654000e+00 5.688521e+01 8.031000e+00
      vertex   9.654000e+00 5.788521e+01 8.031000e+00
    endloop
  endfacet
  facet normal 0.000000e+00 0.000000e+00 1.000000e+00
    outer loop
      vertex   9.654000e+00 5.788521e+01 8.031000e+00
      vertex   8.654000e+00 5.688521e+01 8.031000e+00
      vertex   9.654000e+00 -1.114786e+00 8.031000e+00
    endloop
  endfacet
  facet normal 0.000000e+00 0.000000e+00 1.000000e+00
    outer loop
      vertex   9.654000e+00 -1.114786e+00 8.031000e+00
      vertex   8.654000e+00 5.688521e+01 8.031000e+00
      vertex   8.654000e+00 -1.114786e+00 8.031000e+00
    endloop
  endfacet
  facet normal 0.000000e+00 -1.000000e+00 0.000000e+00
    outer loop
      vertex   -3.639600e+01 5.688521e+01 0.000000e+00
      vertex   8.654000e+00 5.688521e+01 -3.000000e+00
      vertex   -1.579600e+01 5.688521e+01 0.000000e+00
    endloop
  endfacet
  facet normal 0.000000e+00 -1.000000e+00 0.000000e+00
    outer loop
      vertex   -1.579600e+01 5.688521e+01 0.000000e+00
      vertex   8.654000e+00 5.688521e+01 -3.000000e+00
      vertex   -9.596000e+00 5.688521e+01 0.000000e+00
    endloop
  endfacet
  facet normal 0.000000e+00 -1.000000e+00 0.000000e+00
    outer loop
      vertex   -1.579600e+01 5.688521e+01 0.000000e+00
      vertex   -9.596000e+00 5.688521e+01 0.000000e+00
      vertex   -1.579600e+01 5.688521e+01 3.500000e+00
    endloop
  endfacet
  facet normal 0.000000e+00 -1.000000e+00 0.000000e+00
    outer loop
      vertex   -1.579600e+01 5.688521e+01 3.500000e+00
      vertex   -9.596000e+00 5.688521e+01 0.000000e+00
      vertex   -9.596000e+00 5.688521e+01 3.500000e+00
    endloop
  endfacet
  facet normal 0.000000e+00 -1.000000e+00 0.000000e+00
    outer loop
      vertex   -1.579600e+01 5.688521e+01 3.500000e+00
      vertex   -9.596000e+00 5.688521e+01 3.500000e+00
      vertex   8.654000e+00 5.688521e+01 8.031000e+00
    endloop
  endfacet
  facet normal 0.000000e+00 -1.000000e+00 0.000000e+00
    outer loop
      vertex   8.654000e+00 5.688521e+01 8.031000e+00
      vertex   -9.596000e+00 5.688521e+01 3.500000e+00
      vertex   4.040000e-01 5.688521e+01 3.500000e+00
    endloop
  endfacet
  facet normal 0.000000e+00 -1.000000e+00 0.000000e+00
    outer loop
      vertex   8.654000e+00 5.688521e+01 8.031000e+00
      vertex   4.040000e-01 5.688521e+01 3.500000e+00
      vertex   8.654000e+00 5.688521e+01 -3.000000e+00
    endloop
  endfacet
  facet normal 0.000000e+00 -1.000000e+00 0.000000e+00
    outer loop
      vertex   8.654000e+00 5.688521e+01 -3.000000e+00
      vertex   4.040000e-01 5.688521e+01 3.500000e+00
      vertex   4.040000e-01 5.688521e+01 0.000000e+00
    endloop
  endfacet
  facet normal 0.000000e+00 -1.000000e+00 0.000000e+00
    outer loop
      vertex   8.654000e+00 5.688521e+01 -3.000000e+00
      vertex   4.040000e-01 5.688521e+01 0.000000e+00
      vertex   -9.596000e+00 5.688521e+01 0.000000e+00
    endloop
  endfacet
  facet normal 0.000000e+00 -1.000000e+00 -0.000000e+00
    outer loop
      vertex   -3.639600e+01 5.688521e+01 3.500000e+00
      vertex   -4.364600e+01 5.688521e+01 0.000000e+00
      vertex   -3.639600e+01 5.688521e+01 0.000000e+00
    endloop
  endfacet
  facet normal -0.000000e+00 -1.000000e+00 0.000000e+00
    outer loop
      vertex   -3.639600e+01 5.688521e+01 0.000000e+00
      vertex   -4.364600e+01 5.688521e+01 0.000000e+00
      vertex   -8.034600e+01 5.688521e+01 -3.000000e+00
    endloop
  endfacet
  facet normal 0.000000e+00 -1.000000e+00 -0.000000e+00
    outer loop
      vertex   -3.639600e+01 5.688521e+01 0.000000e+00
      vertex   -8.034600e+01 5.688521e+01 -3.000000e+00
      vertex   8.654000e+00 5.688521e+01 -3.000000e+00
    endloop
  endfacet
  facet normal 0.000000e+00 -1.000000e+00 0.000000e+00
    outer loop
      vertex   -4.364600e+01 5.688521e+01 0.000000e+00
      vertex   -3.639600e+01 5.688521e+01 3.500000e+00
      vertex   -4.364600e+01 5.688521e+01 6.500000e+00
    endloop
  endfacet
  facet normal 0.000000e+00 -1.000000e+00 0.000000e+00
    outer loop
      vertex   -4.364600e+01 5.688521e+01 6.500000e+00
      vertex   -3.639600e+01 5.688521e+01 3.500000e+00
      vertex   -1.579600e+01 5.688521e+01 3.500000e+00
    endloop
  endfacet
  facet normal 0.000000e+00 -1.000000e+00 0.000000e+00
    outer loop
      vertex   -4.364600e+01 5.688521e+01 6.500000e+00
      vertex   -1.579600e+01 5.688521e+01 3.500000e+00
      vertex   8.654000e+00 5.688521e+01 8.031000e+00
    endloop
  endfacet
  facet normal -0.000000e+00 -1.000000e+00 -0.000000e+00
    outer loop
      vertex   -5.104600e+01 5.688521e+01 6.500000e+00
      vertex   -8.034600e+01 5.688521e+01 8.031000e+00
      vertex   -5.104600e+01 5.688521e+01 0.000000e+00
    endloop
  endfacet
  facet normal -0.000000e+00 -1.000000e+00 0.000000e+00
    outer loop
      vertex   -5.104600e+01 5.688521e+01 0.000000e+00
      vertex   -8.034600e+01 5.688521e+01 8.031000e+00
      vertex   -8.034600e+01 5.688521e+01 -3.000000e+00
    endloop
  endfacet
  facet normal 0.000000e+00 -1.000000e+00 -0.000000e+00
    outer loop
      vertex   -5.104600e+01 5.688521e+01 0.000000e+00
      vertex   -8.034600e+01 5.688521e+01 -3.000000e+00
      vertex   -4.364600e+01 5.688521e+01 0.000000e+00
    endloop
  endfacet
  facet normal 0.000000e+00 -1.000000e+00 0.000000e+00
    outer loop
      vertex   -5.104600e+01 5.688521e+01 6.500000e+00
      vertex   -4.364600e+01 5.688521e+01 6.500000e+00
      vertex   -8.034600e+01 5.688521e+01 8.031000e+00
    endloop
  endfacet
  facet normal 0.000000e+00 -1.000000e+00 0.000000e+00
    outer loop
      vertex   -8.034600e+01 5.688521e+01 8.031000e+00
      vertex   -4.364600e+01 5.688521e+01 6.500000e+00
      vertex   8.654000e+00 5.688521e+01 8.031000e+00
    endloop
  endfacet
  facet normal 0.000000e+00 0.000000e+00 1.000000e+00
    outer loop
      vertex   8.654000e+00 5.688521e+01 -3.000000e+00
      vertex   4.344785e+00 5.069771e+01 -3.000000e+00
      vertex   8.654000e+00 3.288521e+01 -3.000000e+00
    endloop
  endfacet
  facet normal 0.000000e+00 0.000000e+00 1.000000e+00
    outer loop
      vertex   8.654000e+00 3.288521e+01 -3.000000e+00
      vertex   4.344785e+00 5.069771e+01 -3.000000e+00
      vertex   4.126272e+00 5.041294e+01 -3.000000e+00
    endloop
  endfacet
  facet normal 0.000000e+00 0.000000e+00 1.000000e+00
    outer loop
      vertex   8.654000e+00 3.288521e+01 -3.000000e+00
      vertex   4.126272e+00 5.041294e+01 -3.000000e+00
      vertex   1.654000e+00 4.488521e+01 -3.000000e+00
    endloop
  endfacet
  facet normal 0.000000e+00 -0.000000e+00 1.000000e+00
    outer loop
      vertex   1.654000e+00 4.488521e+01 -3.000000e+00
      vertex   4.126272e+00 5.041294e+01 -3.000000e+00
      vertex   1.619926e+00 4.514403e+01 -3.000000e+00
    endloop
  endfacet
  facet normal 0.000000e+00 0.000000e+00 1.000000e+00
    outer loop
      vertex   1.619926e+00 4.514403e+01 -3.000000e+00
      vertex   4.126272e+00 5.041294e+01 -3.000000e+00
      vertex   3.841500e+00 5.019443e+01 -3.000000e+00
    endloop
  endfacet
  facet normal 0.000000e+00 -0.000000e+00 1.000000e+00
    outer loop
      vertex   1.619926e+00 4.514403e+01 -3.000000e+00
      vertex   3.841500e+00 5.019443e+01 -3.000000e+00
      vertex   1.520025e+00 4.538521e+01 -3.000000e+00
    endloop
  endfacet
  facet normal 0.000000e+00 0.000000e+00 1.000000e+00
    outer loop
      vertex   1.520025e+00 4.538521e+01 -3.000000e+00
      vertex   3.841500e+00 5.019443e+01 -3.000000e+00
      vertex   3.509876e+00 5.005707e+01 -3.000000e+00
    endloop
  endfacet
  facet normal 0.000000e+00 -0.000000e+00 1.000000e+00
    outer loop
      vertex   1.520025e+00 4.538521e+01 -3.000000e+00
      vertex   3.509876e+00 5.005707e+01 -3.000000e+00
      vertex   1.361107e+00 4.559232e+01 -3.000000e+00
    endloop
  endfacet
  facet normal 0.000000e+00 -0.000000e+00 1.000000e+00
    outer loop
      vertex   1.361107e+00 4.559232e+01 -3.000000e+00
      vertex   3.509876e+00 5.005707e+01 -3.000000e+00
      vertex   1.154000e+00 4.575124e+01 -3.000000e+00
    endloop
  endfacet
  facet normal 0.000000e+00 0.000000e+00 1.000000e+00
    outer loop
      vertex   1.154000e+00 4.575124e+01 -3.000000e+00
      vertex   3.509876e+00 5.005707e+01 -3.000000e+00
      vertex   3.154000e+00 5.001021e+01 -3.000000e+00
    endloop
  endfacet
  facet normal 0.000000e+00 -0.000000e+00 1.000000e+00
    outer loop
      vertex   1.154000e+00 4.575124e+01 -3.000000e+00
      vertex   3.154000e+00 5.001021e+01 -3.000000e+00
      vertex   9.128190e-01 4.585114e+01 -3.000000e+00
    endloop
  endfacet
  facet normal 0.000000e+00 0.000000e+00 1.000000e+00
    outer loop
      vertex   9.128190e-01 4.585114e+01 -3.000000e+00
      vertex   3.154000e+00 5.001021e+01 -3.000000e+00
      vertex   2.798124e+00 5.005707e+01 -3.000000e+00
    endloop
  endfacet
  facet normal 0.000000e+00 -0.000000e+00 1.000000e+00
    outer loop
      vertex   9.128190e-01 4.585114e+01 -3.000000e+00
      vertex   2.798124e+00 5.005707e+01 -3.000000e+00
      vertex   6.540000e-01 4.588521e+01 -3.000000e+00
    endloop
  endfacet
  facet normal 0.000000e+00 0.000000e+00 1.000000e+00
    outer loop
      vertex   6.540000e-01 4.588521e+01 -3.000000e+00
      vertex   2.798124e+00 5.005707e+01 -3.000000e+00
      vertex   2.466500e+00 5.019443e+01 -3.000000e+00
    endloop
  endfacet
  facet normal 0.000000e+00 0.000000e+00 1.000000e+00
    outer loop
      vertex   6.540000e-01 4.588521e+01 -3.000000e+00
      vertex   2.466500e+00 5.019443e+01 -3.000000e+00
      vertex   2.181728e+00 5.041294e+01 -3.000000e+00
    endloop
  endfacet
  facet normal -0.000000e+00 0.000000e+00 1.000000e+00
    outer loop
      vertex   -8.034600e+01 5.688521e+01 -3.000000e+00
      vertex   -5.484600e+01 5.276021e+01 -3.000000e+00
      vertex   8.654000e+00 5.688521e+01 -3.000000e+00
    endloop
  endfacet
  facet normal 0.000000e+00 0.000000e+00 1.000000e+00
    outer loop
      vertex   8.654000e+00 5.688521e+01 -3.000000e+00
      vertex   -5.484600e+01 5.276021e+01 -3.000000e+00
      vertex   -5.449012e+01 5.271336e+01 -3.000000e+00
    endloop
  endfacet
  facet normal 0.000000e+00 0.000000e+00 1.000000e+00
    outer loop
      vertex   8.654000e+00 5.688521e+01 -3.000000e+00
      vertex   -5.449012e+01 5.271336e+01 -3.000000e+00
      vertex   -5.415850e+01 5.257600e+01 -3.000000e+00
    endloop
  endfacet
  facet normal 0.000000e+00 0.000000e+00 1.000000e+00
    outer loop
      vertex   -8.034600e+01 -1.114786e+00 -3.000000e+00
      vertex   -7.534600e+01 2.888521e+01 -3.000000e+00
      vertex   -8.034600e+01 5.688521e+01 -3.000000e+00
    endloop
  endfacet
  facet normal 0.000000e+00 0.000000e+00 1.000000e+00
    outer loop
      vertex   -8.034600e+01 5.688521e+01 -3.000000e+00
      vertex   -7.534600e+01 2.888521e+01 -3.000000e+00
      vertex   -7.534600e+01 3.288521e+01 -3.000000e+00
    endloop
  endfacet
  facet normal 0.000000e+00 0.000000e+00 1.000000e+00
    outer loop
      vertex   -8.034600e+01 5.688521e+01 -3.000000e+00
      vertex   -7.534600e+01 3.288521e+01 -3.000000e+00
      vertex   -7.534600e+01 3.688521e+01 -3.000000e+00
    endloop
  endfacet
  facet normal 0.000000e+00 0.000000e+00 1.000000e+00
    outer loop
      vertex   -7.534600e+01 3.688521e+01 -3.000000e+00
      vertex   -7.534600e+01 3.288521e+01 -3.000000e+00
      vertex   -7.531193e+01 3.314403e+01 -3.000000e+00
    endloop
  endfacet
  facet normal 0.000000e+00 0.000000e+00 1.000000e+00
    outer loop
      vertex   -7.534600e+01 3.688521e+01 -3.000000e+00
      vertex   -7.531193e+01 3.314403e+01 -3.000000e+00
      vertex   -7.531193e+01 3.662639e+01 -3.000000e+00
    endloop
  endfacet
  facet normal 0.000000e+00 0.000000e+00 1.000000e+00
    outer loop
      vertex   -7.531193e+01 3.662639e+01 -3.000000e+00
      vertex   -7.531193e+01 3.314403e+01 -3.000000e+00
      vertex   -7.521203e+01 3.638521e+01 -3.000000e+00
    endloop
  endfacet
  facet normal 0.000000e+00 0.000000e+00 1.000000e+00
    outer loop
      vertex   -7.521203e+01 3.638521e+01 -3.000000e+00
      vertex   -7.531193e+01 3.314403e+01 -3.000000e+00
      vertex   -7.521203e+01 3.338521e+01 -3.000000e+00
    endloop
  endfacet
  facet normal 0.000000e+00 0.000000e+00 1.000000e+00
    outer loop
      vertex   -7.521203e+01 3.638521e+01 -3.000000e+00
      vertex   -7.521203e+01 3.338521e+01 -3.000000e+00
      vertex   -7.505311e+01 3.617811e+01 -3.000000e+00
    endloop
  endfacet
  facet normal 0.000000e+00 0.000000e+00 1.000000e+00
    outer loop
      vertex   -7.505311e+01 3.617811e+01 -3.000000e+00
      vertex   -7.521203e+01 3.338521e+01 -3.000000e+00
      vertex   -7.505311e+01 3.359232e+01 -3.000000e+00
    endloop
  endfacet
  facet normal 0.000000e+00 0.000000e+00 1.000000e+00
    outer loop
      vertex   -7.505311e+01 3.617811e+01 -3.000000e+00
      vertex   -7.505311e+01 3.359232e+01 -3.000000e+00
      vertex   -7.484600e+01 3.601919e+01 -3.000000e+00
    endloop
  endfacet
  facet normal 0.000000e+00 0.000000e+00 1.000000e+00
    outer loop
      vertex   -7.484600e+01 3.601919e+01 -3.000000e+00
      vertex   -7.505311e+01 3.359232e+01 -3.000000e+00
      vertex   -7.484600e+01 3.375124e+01 -3.000000e+00
    endloop
  endfacet
  facet normal 0.000000e+00 0.000000e+00 1.000000e+00
    outer loop
      vertex   -7.484600e+01 3.601919e+01 -3.000000e+00
      vertex   -7.484600e+01 3.375124e+01 -3.000000e+00
      vertex   -7.460482e+01 3.591929e+01 -3.000000e+00
    endloop
  endfacet
  facet normal 0.000000e+00 0.000000e+00 1.000000e+00
    outer loop
      vertex   -7.460482e+01 3.591929e+01 -3.000000e+00
      vertex   -7.484600e+01 3.375124e+01 -3.000000e+00
      vertex   -7.460482e+01 3.385114e+01 -3.000000e+00
    endloop
  endfacet
  facet normal 0.000000e+00 0.000000e+00 1.000000e+00
    outer loop
      vertex   -7.460482e+01 3.591929e+01 -3.000000e+00
      vertex   -7.460482e+01 3.385114e+01 -3.000000e+00
      vertex   -7.434600e+01 3.588521e+01 -3.000000e+00
    endloop
  endfacet
  facet normal 0.000000e+00 0.000000e+00 1.000000e+00
    outer loop
      vertex   -7.434600e+01 3.588521e+01 -3.000000e+00
      vertex   -7.460482e+01 3.385114e+01 -3.000000e+00
      vertex   -7.434600e+01 3.388521e+01 -3.000000e+00
    endloop
  endfacet
  facet normal 0.000000e+00 0.000000e+00 1.000000e+00
    outer loop
      vertex   -7.434600e+01 3.588521e+01 -3.000000e+00
      vertex   -7.434600e+01 3.388521e+01 -3.000000e+00
      vertex   6.540000e-01 3.388521e+01 -3.000000e+00
    endloop
  endfacet
  facet normal 0.000000e+00 0.000000e+00 1.000000e+00
    outer loop
      vertex   8.654000e+00 -1.114786e+00 -3.000000e+00
      vertex   -5.484600e+01 1.010214e+00 -3.000000e+00
      vertex   -8.034600e+01 -1.114786e+00 -3.000000e+00
    endloop
  endfacet
  facet normal 0.000000e+00 0.000000e+00 1.000000e+00
    outer loop
      vertex   -8.034600e+01 -1.114786e+00 -3.000000e+00
      vertex   -5.484600e+01 1.010214e+00 -3.000000e+00
      vertex   -5.520188e+01 1.057066e+00 -3.000000e+00
    endloop
  endfacet
  facet normal 0.000000e+00 0.000000e+00 1.000000e+00
    outer loop
      vertex   -8.034600e+01 -1.114786e+00 -3.000000e+00
      vertex   -5.520188e+01 1.057066e+00 -3.000000e+00
      vertex   -5.553350e+01 1.194429e+00 -3.000000e+00
    endloop
  endfacet
  facet normal 0.000000e+00 0.000000e+00 1.000000e+00
    outer loop
      vertex   8.654000e+00 2.088521e+01 -3.000000e+00
      vertex   4.344785e+00 3.072714e+00 -3.000000e+00
      vertex   8.654000e+00 -1.114786e+00 -3.000000e+00
    endloop
  endfacet
  facet normal 0.000000e+00 0.000000e+00 1.000000e+00
    outer loop
      vertex   8.654000e+00 -1.114786e+00 -3.000000e+00
      vertex   4.344785e+00 3.072714e+00 -3.000000e+00
      vertex   4.482148e+00 2.741090e+00 -3.000000e+00
    endloop
  endfacet
  facet normal 0.000000e+00 0.000000e+00 1.000000e+00
    outer loop
      vertex   8.654000e+00 -1.114786e+00 -3.000000e+00
      vertex   4.482148e+00 2.741090e+00 -3.000000e+00
      vertex   4.529000e+00 2.385214e+00 -3.000000e+00
    endloop
  endfacet
  facet normal 0.000000e+00 0.000000e+00 1.000000e+00
    outer loop
      vertex   9.654000e+00 2.088521e+01 -3.000000e+00
      vertex   1.619926e+00 2.514403e+01 -3.000000e+00
      vertex   8.654000e+00 2.088521e+01 -3.000000e+00
    endloop
  endfacet
  facet normal 0.000000e+00 0.000000e+00 1.000000e+00
    outer loop
      vertex   8.654000e+00 2.088521e+01 -3.000000e+00
      vertex   1.619926e+00 2.514403e+01 -3.000000e+00
      vertex   1.654000e+00 2.488521e+01 -3.000000e+00
    endloop
  endfacet
  facet normal 0.000000e+00 0.000000e+00 1.000000e+00
    outer loop
      vertex   8.654000e+00 2.088521e+01 -3.000000e+00
      vertex   1.654000e+00 2.488521e+01 -3.000000e+00
      vertex   1.619926e+00 2.462639e+01 -3.000000e+00
    endloop
  endfacet
  facet normal 0.000000e+00 0.000000e+00 1.000000e+00
    outer loop
      vertex   9.654000e+00 3.288521e+01 -3.000000e+00
      vertex   1.520025e+00 2.838521e+01 -3.000000e+00
      vertex   9.654000e+00 2.088521e+01 -3.000000e+00
    endloop
  endfacet
  facet normal 0.000000e+00 0.000000e+00 1.000000e+00
    outer loop
      vertex   9.654000e+00 2.088521e+01 -3.000000e+00
      vertex   1.520025e+00 2.838521e+01 -3.000000e+00
      vertex   1.520025e+00 2.538521e+01 -3.000000e+00
    endloop
  endfacet
  facet normal 0.000000e+00 0.000000e+00 1.000000e+00
    outer loop
      vertex   9.654000e+00 2.088521e+01 -3.000000e+00
      vertex   1.520025e+00 2.538521e+01 -3.000000e+00
      vertex   1.619926e+00 2.514403e+01 -3.000000e+00
    endloop
  endfacet
  facet normal 0.000000e+00 0.000000e+00 1.000000e+00
    outer loop
      vertex   1.520025e+00 2.838521e+01 -3.000000e+00
      vertex   9.654000e+00 3.288521e+01 -3.000000e+00
      vertex   1.619926e+00 2.862639e+01 -3.000000e+00
    endloop
  endfacet
  facet normal 0.000000e+00 0.000000e+00 1.000000e+00
    outer loop
      vertex   1.619926e+00 2.862639e+01 -3.000000e+00
      vertex   9.654000e+00 3.288521e+01 -3.000000e+00
      vertex   8.654000e+00 3.288521e+01 -3.000000e+00
    endloop
  endfacet
  facet normal 0.000000e+00 0.000000e+00 1.000000e+00
    outer loop
      vertex   1.619926e+00 2.862639e+01 -3.000000e+00
      vertex   8.654000e+00 3.288521e+01 -3.000000e+00
      vertex   1.654000e+00 2.888521e+01 -3.000000e+00
    endloop
  endfacet
  facet normal 0.000000e+00 -0.000000e+00 1.000000e+00
    outer loop
      vertex   1.654000e+00 2.888521e+01 -3.000000e+00
      vertex   8.654000e+00 3.288521e+01 -3.000000e+00
      vertex   1.619926e+00 2.914403e+01 -3.000000e+00
    endloop
  endfacet
  facet normal 0.000000e+00 -0.000000e+00 1.000000e+00
    outer loop
      vertex   1.619926e+00 2.914403e+01 -3.000000e+00
      vertex   8.654000e+00 3.288521e+01 -3.000000e+00
      vertex   1.520025e+00 2.938521e+01 -3.000000e+00
    endloop
  endfacet
  facet normal 0.000000e+00 -0.000000e+00 1.000000e+00
    outer loop
      vertex   1.520025e+00 2.938521e+01 -3.000000e+00
      vertex   8.654000e+00 3.288521e+01 -3.000000e+00
      vertex   1.361107e+00 2.959232e+01 -3.000000e+00
    endloop
  endfacet
  facet normal 0.000000e+00 0.000000e+00 1.000000e+00
    outer loop
      vertex   1.361107e+00 2.959232e+01 -3.000000e+00
      vertex   8.654000e+00 3.288521e+01 -3.000000e+00
      vertex   1.361107e+00 3.217811e+01 -3.000000e+00
    endloop
  endfacet
  facet normal 0.000000e+00 -0.000000e+00 1.000000e+00
    outer loop
      vertex   1.361107e+00 2.959232e+01 -3.000000e+00
      vertex   1.361107e+00 3.217811e+01 -3.000000e+00
      vertex   1.154000e+00 3.201919e+01 -3.000000e+00
    endloop
  endfacet
  facet normal -0.000000e+00 0.000000e+00 1.000000e+00
    outer loop
      vertex   4.482148e+00 5.174109e+01 -3.000000e+00
      vertex   4.529000e+00 5.138521e+01 -3.000000e+00
      vertex   8.654000e+00 5.688521e+01 -3.000000e+00
    endloop
  endfacet
  facet normal 0.000000e+00 0.000000e+00 1.000000e+00
    outer loop
      vertex   8.654000e+00 5.688521e+01 -3.000000e+00
      vertex   4.529000e+00 5.138521e+01 -3.000000e+00
      vertex   4.482148e+00 5.102934e+01 -3.000000e+00
    endloop
  endfacet
  facet normal 0.000000e+00 0.000000e+00 1.000000e+00
    outer loop
      vertex   8.654000e+00 5.688521e+01 -3.000000e+00
      vertex   4.482148e+00 5.102934e+01 -3.000000e+00
      vertex   4.344785e+00 5.069771e+01 -3.000000e+00
    endloop
  endfacet
  facet normal 0.000000e+00 0.000000e+00 1.000000e+00
    outer loop
      vertex   2.181728e+00 5.041294e+01 -3.000000e+00
      vertex   1.963215e+00 5.069771e+01 -3.000000e+00
      vertex   6.540000e-01 4.588521e+01 -3.000000e+00
    endloop
  endfacet
  facet normal 0.000000e+00 0.000000e+00 1.000000e+00
    outer loop
      vertex   6.540000e-01 4.588521e+01 -3.000000e+00
      vertex   1.963215e+00 5.069771e+01 -3.000000e+00
      vertex   1.825852e+00 5.102934e+01 -3.000000e+00
    endloop
  endfacet
  facet normal 0.000000e+00 0.000000e+00 1.000000e+00
    outer loop
      vertex   6.540000e-01 4.588521e+01 -3.000000e+00
      vertex   1.825852e+00 5.102934e+01 -3.000000e+00
      vertex   1.779000e+00 5.138521e+01 -3.000000e+00
    endloop
  endfacet
  facet normal 0.000000e+00 0.000000e+00 1.000000e+00
    outer loop
      vertex   1.825852e+00 5.174109e+01 -3.000000e+00
      vertex   -5.351785e+01 5.174109e+01 -3.000000e+00
      vertex   1.779000e+00 5.138521e+01 -3.000000e+00
    endloop
  endfacet
  facet normal 0.000000e+00 0.000000e+00 1.000000e+00
    outer loop
      vertex   1.779000e+00 5.138521e+01 -3.000000e+00
      vertex   -5.351785e+01 5.174109e+01 -3.000000e+00
      vertex   -5.347100e+01 5.138521e+01 -3.000000e+00
    endloop
  endfacet
  facet normal 0.000000e+00 0.000000e+00 1.000000e+00
    outer loop
      vertex   1.779000e+00 5.138521e+01 -3.000000e+00
      vertex   -5.347100e+01 5.138521e+01 -3.000000e+00
      vertex   6.540000e-01 4.588521e+01 -3.000000e+00
    endloop
  endfacet
  facet normal 0.000000e+00 0.000000e+00 1.000000e+00
    outer loop
      vertex   6.540000e-01 4.588521e+01 -3.000000e+00
      vertex   -5.347100e+01 5.138521e+01 -3.000000e+00
      vertex   -5.351785e+01 5.102934e+01 -3.000000e+00
    endloop
  endfacet
  facet normal 0.000000e+00 0.000000e+00 1.000000e+00
    outer loop
      vertex   6.540000e-01 4.588521e+01 -3.000000e+00
      vertex   -5.351785e+01 5.102934e+01 -3.000000e+00
      vertex   -5.365522e+01 5.069771e+01 -3.000000e+00
    endloop
  endfacet
  facet normal -0.000000e+00 -0.000000e+00 1.000000e+00
    outer loop
      vertex   -5.351785e+01 5.174109e+01 -3.000000e+00
      vertex   1.825852e+00 5.174109e+01 -3.000000e+00
      vertex   -5.365522e+01 5.207271e+01 -3.000000e+00
    endloop
  endfacet
  facet normal 0.000000e+00 0.000000e+00 1.000000e+00
    outer loop
      vertex   -5.365522e+01 5.207271e+01 -3.000000e+00
      vertex   1.825852e+00 5.174109e+01 -3.000000e+00
      vertex   1.963215e+00 5.207271e+01 -3.000000e+00
    endloop
  endfacet
  facet normal -0.000000e+00 -0.000000e+00 1.000000e+00
    outer loop
      vertex   -5.365522e+01 5.207271e+01 -3.000000e+00
      vertex   1.963215e+00 5.207271e+01 -3.000000e+00
      vertex   -5.387373e+01 5.235749e+01 -3.000000e+00
    endloop
  endfacet
  facet normal -0.000000e+00 0.000000e+00 1.000000e+00
    outer loop
      vertex   -5.387373e+01 5.235749e+01 -3.000000e+00
      vertex   1.963215e+00 5.207271e+01 -3.000000e+00
      vertex   2.181728e+00 5.235749e+01 -3.000000e+00
    endloop
  endfacet
  facet normal 0.000000e+00 -0.000000e+00 1.000000e+00
    outer loop
      vertex   -5.387373e+01 5.235749e+01 -3.000000e+00
      vertex   2.181728e+00 5.235749e+01 -3.000000e+00
      vertex   -5.415850e+01 5.257600e+01 -3.000000e+00
    endloop
  endfacet
  facet normal -0.000000e+00 0.000000e+00 1.000000e+00
    outer loop
      vertex   -5.415850e+01 5.257600e+01 -3.000000e+00
      vertex   2.181728e+00 5.235749e+01 -3.000000e+00
      vertex   2.466500e+00 5.257600e+01 -3.000000e+00
    endloop
  endfacet
  facet normal 0.000000e+00 0.000000e+00 1.000000e+00
    outer loop
      vertex   -5.415850e+01 5.257600e+01 -3.000000e+00
      vertex   2.466500e+00 5.257600e+01 -3.000000e+00
      vertex   8.654000e+00 5.688521e+01 -3.000000e+00
    endloop
  endfacet
  facet normal 0.000000e+00 0.000000e+00 1.000000e+00
    outer loop
      vertex   8.654000e+00 5.688521e+01 -3.000000e+00
      vertex   2.466500e+00 5.257600e+01 -3.000000e+00
      vertex   2.798124e+00 5.271336e+01 -3.000000e+00
    endloop
  endfacet
  facet normal 0.000000e+00 0.000000e+00 1.000000e+00
    outer loop
      vertex   8.654000e+00 5.688521e+01 -3.000000e+00
      vertex   2.798124e+00 5.271336e+01 -3.000000e+00
      vertex   3.154000e+00 5.276021e+01 -3.000000e+00
    endloop
  endfacet
  facet normal -0.000000e+00 0.000000e+00 1.000000e+00
    outer loop
      vertex   3.154000e+00 5.276021e+01 -3.000000e+00
      vertex   3.509876e+00 5.271336e+01 -3.000000e+00
      vertex   8.654000e+00 5.688521e+01 -3.000000e+00
    endloop
  endfacet
  facet normal 0.000000e+00 0.000000e+00 1.000000e+00
    outer loop
      vertex   8.654000e+00 5.688521e+01 -3.000000e+00
      vertex   3.509876e+00 5.271336e+01 -3.000000e+00
      vertex   3.841500e+00 5.257600e+01 -3.000000e+00
    endloop
  endfacet
  facet normal 0.000000e+00 0.000000e+00 1.000000e+00
    outer loop
      vertex   8.654000e+00 5.688521e+01 -3.000000e+00
      vertex   3.841500e+00 5.257600e+01 -3.000000e+00
      vertex   4.126272e+00 5.235749e+01 -3.000000e+00
    endloop
  endfacet
  facet normal -0.000000e+00 0.000000e+00 1.000000e+00
    outer loop
      vertex   4.126272e+00 5.235749e+01 -3.000000e+00
      vertex   4.344785e+00 5.207271e+01 -3.000000e+00
      vertex   8.654000e+00 5.688521e+01 -3.000000e+00
    endloop
  endfacet
  facet normal 0.000000e+00 0.000000e+00 1.000000e+00
    outer loop
      vertex   8.654000e+00 5.688521e+01 -3.000000e+00
      vertex   4.344785e+00 5.207271e+01 -3.000000e+00
      vertex   4.482148e+00 5.174109e+01 -3.000000e+00
    endloop
  endfacet
  facet normal 0.000000e+00 0.000000e+00 1.000000e+00
    outer loop
      vertex   4.529000e+00 2.385214e+00 -3.000000e+00
      vertex   4.482148e+00 2.029338e+00 -3.000000e+00
      vertex   8.654000e+00 -1.114786e+00 -3.000000e+00
    endloop
  endfacet
  facet normal 0.000000e+00 0.000000e+00 1.000000e+00
    outer loop
      vertex   8.654000e+00 -1.114786e+00 -3.000000e+00
      vertex   4.482148e+00 2.029338e+00 -3.000000e+00
      vertex   4.344785e+00 1.697714e+00 -3.000000e+00
    endloop
  endfacet
  facet normal 0.000000e+00 0.000000e+00 1.000000e+00
    outer loop
      vertex   8.654000e+00 -1.114786e+00 -3.000000e+00
      vertex   4.344785e+00 1.697714e+00 -3.000000e+00
      vertex   4.126272e+00 1.412942e+00 -3.000000e+00
    endloop
  endfacet
  facet normal 0.000000e+00 0.000000e+00 1.000000e+00
    outer loop
      vertex   4.126272e+00 1.412942e+00 -3.000000e+00
      vertex   3.841500e+00 1.194429e+00 -3.000000e+00
      vertex   8.654000e+00 -1.114786e+00 -3.000000e+00
    endloop
  endfacet
  facet normal 0.000000e+00 0.000000e+00 1.000000e+00
    outer loop
      vertex   8.654000e+00 -1.114786e+00 -3.000000e+00
      vertex   3.841500e+00 1.194429e+00 -3.000000e+00
      vertex   3.509876e+00 1.057066e+00 -3.000000e+00
    endloop
  endfacet
  facet normal 0.000000e+00 0.000000e+00 1.000000e+00
    outer loop
      vertex   8.654000e+00 -1.114786e+00 -3.000000e+00
      vertex   3.509876e+00 1.057066e+00 -3.000000e+00
      vertex   3.154000e+00 1.010214e+00 -3.000000e+00
    endloop
  endfacet
  facet normal 0.000000e+00 0.000000e+00 1.000000e+00
    outer loop
      vertex   3.154000e+00 1.010214e+00 -3.000000e+00
      vertex   2.798124e+00 1.057066e+00 -3.000000e+00
      vertex   8.654000e+00 -1.114786e+00 -3.000000e+00
    endloop
  endfacet
  facet normal 0.000000e+00 0.000000e+00 1.000000e+00
    outer loop
      vertex   8.654000e+00 -1.114786e+00 -3.000000e+00
      vertex   2.798124e+00 1.057066e+00 -3.000000e+00
      vertex   -5.449012e+01 1.057066e+00 -3.000000e+00
    endloop
  endfacet
  facet normal 0.000000e+00 0.000000e+00 1.000000e+00
    outer loop
      vertex   8.654000e+00 -1.114786e+00 -3.000000e+00
      vertex   -5.449012e+01 1.057066e+00 -3.000000e+00
      vertex   -5.484600e+01 1.010214e+00 -3.000000e+00
    endloop
  endfacet
  facet normal 0.000000e+00 0.000000e+00 1.000000e+00
    outer loop
      vertex   -5.449012e+01 1.057066e+00 -3.000000e+00
      vertex   2.798124e+00 1.057066e+00 -3.000000e+00
      vertex   -5.415850e+01 1.194429e+00 -3.000000e+00
    endloop
  endfacet
  facet normal -0.000000e+00 0.000000e+00 1.000000e+00
    outer loop
      vertex   -5.415850e+01 1.194429e+00 -3.000000e+00
      vertex   2.798124e+00 1.057066e+00 -3.000000e+00
      vertex   2.466500e+00 1.194429e+00 -3.000000e+00
    endloop
  endfacet
  facet normal 0.000000e+00 0.000000e+00 1.000000e+00
    outer loop
      vertex   -5.415850e+01 1.194429e+00 -3.000000e+00
      vertex   2.466500e+00 1.194429e+00 -3.000000e+00
      vertex   -5.387373e+01 1.412942e+00 -3.000000e+00
    endloop
  endfacet
  facet normal -0.000000e+00 0.000000e+00 1.000000e+00
    outer loop
      vertex   -5.387373e+01 1.412942e+00 -3.000000e+00
      vertex   2.466500e+00 1.194429e+00 -3.000000e+00
      vertex   2.181728e+00 1.412942e+00 -3.000000e+00
    endloop
  endfacet
  facet normal 0.000000e+00 0.000000e+00 1.000000e+00
    outer loop
      vertex   -5.387373e+01 1.412942e+00 -3.000000e+00
      vertex   2.181728e+00 1.412942e+00 -3.000000e+00
      vertex   -5.365522e+01 1.697714e+00 -3.000000e+00
    endloop
  endfacet
  facet normal -0.000000e+00 0.000000e+00 1.000000e+00
    outer loop
      vertex   -5.365522e+01 1.697714e+00 -3.000000e+00
      vertex   2.181728e+00 1.412942e+00 -3.000000e+00
      vertex   1.963215e+00 1.697714e+00 -3.000000e+00
    endloop
  endfacet
  facet normal 0.000000e+00 0.000000e+00 1.000000e+00
    outer loop
      vertex   -5.365522e+01 1.697714e+00 -3.000000e+00
      vertex   1.963215e+00 1.697714e+00 -3.000000e+00
      vertex   -5.351785e+01 2.029338e+00 -3.000000e+00
    endloop
  endfacet
  facet normal -0.000000e+00 0.000000e+00 1.000000e+00
    outer loop
      vertex   -5.351785e+01 2.029338e+00 -3.000000e+00
      vertex   1.963215e+00 1.697714e+00 -3.000000e+00
      vertex   1.825852e+00 2.029338e+00 -3.000000e+00
    endloop
  endfacet
  facet normal 0.000000e+00 0.000000e+00 1.000000e+00
    outer loop
      vertex   -5.351785e+01 2.029338e+00 -3.000000e+00
      vertex   1.825852e+00 2.029338e+00 -3.000000e+00
      vertex   -5.347100e+01 2.385214e+00 -3.000000e+00
    endloop
  endfacet
  facet normal 0.000000e+00 0.000000e+00 1.000000e+00
    outer loop
      vertex   -5.347100e+01 2.385214e+00 -3.000000e+00
      vertex   1.825852e+00 2.029338e+00 -3.000000e+00
      vertex   1.779000e+00 2.385214e+00 -3.000000e+00
    endloop
  endfacet
  facet normal -0.000000e+00 0.000000e+00 1.000000e+00
    outer loop
      vertex   -5.347100e+01 2.385214e+00 -3.000000e+00
      vertex   1.779000e+00 2.385214e+00 -3.000000e+00
      vertex   6.540000e-01 7.885214e+00 -3.000000e+00
    endloop
  endfacet
  facet normal 0.000000e+00 0.000000e+00 1.000000e+00
    outer loop
      vertex   6.540000e-01 7.885214e+00 -3.000000e+00
      vertex   1.779000e+00 2.385214e+00 -3.000000e+00
      vertex   1.825852e+00 2.741090e+00 -3.000000e+00
    endloop
  endfacet
  facet normal 0.000000e+00 0.000000e+00 1.000000e+00
    outer loop
      vertex   6.540000e-01 7.885214e+00 -3.000000e+00
      vertex   1.825852e+00 2.741090e+00 -3.000000e+00
      vertex   1.963215e+00 3.072714e+00 -3.000000e+00
    endloop
  endfacet
  facet normal 0.000000e+00 -0.000000e+00 1.000000e+00
    outer loop
      vertex   1.963215e+00 3.072714e+00 -3.000000e+00
      vertex   2.181728e+00 3.357486e+00 -3.000000e+00
      vertex   6.540000e-01 7.885214e+00 -3.000000e+00
    endloop
  endfacet
  facet normal 0.000000e+00 0.000000e+00 1.000000e+00
    outer loop
      vertex   6.540000e-01 7.885214e+00 -3.000000e+00
      vertex   2.181728e+00 3.357486e+00 -3.000000e+00
      vertex   2.466500e+00 3.575999e+00 -3.000000e+00
    endloop
  endfacet
  facet normal 0.000000e+00 0.000000e+00 1.000000e+00
    outer loop
      vertex   6.540000e-01 7.885214e+00 -3.000000e+00
      vertex   2.466500e+00 3.575999e+00 -3.000000e+00
      vertex   2.798124e+00 3.713362e+00 -3.000000e+00
    endloop
  endfacet
  facet normal -0.000000e+00 0.000000e+00 1.000000e+00
    outer loop
      vertex   6.540000e-01 7.885214e+00 -3.000000e+00
      vertex   2.798124e+00 3.713362e+00 -3.000000e+00
      vertex   9.128190e-01 7.919288e+00 -3.000000e+00
    endloop
  endfacet
  facet normal 0.000000e+00 0.000000e+00 1.000000e+00
    outer loop
      vertex   9.128190e-01 7.919288e+00 -3.000000e+00
      vertex   2.798124e+00 3.713362e+00 -3.000000e+00
      vertex   3.154000e+00 3.760214e+00 -3.000000e+00
    endloop
  endfacet
  facet normal -0.000000e+00 0.000000e+00 1.000000e+00
    outer loop
      vertex   9.128190e-01 7.919288e+00 -3.000000e+00
      vertex   3.154000e+00 3.760214e+00 -3.000000e+00
      vertex   1.154000e+00 8.019189e+00 -3.000000e+00
    endloop
  endfacet
  facet normal 0.000000e+00 0.000000e+00 1.000000e+00
    outer loop
      vertex   1.154000e+00 8.019189e+00 -3.000000e+00
      vertex   3.154000e+00 3.760214e+00 -3.000000e+00
      vertex   3.509876e+00 3.713362e+00 -3.000000e+00
    endloop
  endfacet
  facet normal -0.000000e+00 0.000000e+00 1.000000e+00
    outer loop
      vertex   1.154000e+00 8.019189e+00 -3.000000e+00
      vertex   3.509876e+00 3.713362e+00 -3.000000e+00
      vertex   1.361107e+00 8.178107e+00 -3.000000e+00
    endloop
  endfacet
  facet normal -0.000000e+00 0.000000e+00 1.000000e+00
    outer loop
      vertex   1.361107e+00 8.178107e+00 -3.000000e+00
      vertex   3.509876e+00 3.713362e+00 -3.000000e+00
      vertex   1.520025e+00 8.385214e+00 -3.000000e+00
    endloop
  endfacet
  facet normal 0.000000e+00 0.000000e+00 1.000000e+00
    outer loop
      vertex   1.520025e+00 8.385214e+00 -3.000000e+00
      vertex   3.509876e+00 3.713362e+00 -3.000000e+00
      vertex   3.841500e+00 3.575999e+00 -3.000000e+00
    endloop
  endfacet
  facet normal -0.000000e+00 0.000000e+00 1.000000e+00
    outer loop
      vertex   1.520025e+00 8.385214e+00 -3.000000e+00
      vertex   3.841500e+00 3.575999e+00 -3.000000e+00
      vertex   1.619926e+00 8.626395e+00 -3.000000e+00
    endloop
  endfacet
  facet normal 0.000000e+00 0.000000e+00 1.000000e+00
    outer loop
      vertex   1.619926e+00 8.626395e+00 -3.000000e+00
      vertex   3.841500e+00 3.575999e+00 -3.000000e+00
      vertex   4.126272e+00 3.357486e+00 -3.000000e+00
    endloop
  endfacet
  facet normal -0.000000e+00 0.000000e+00 1.000000e+00
    outer loop
      vertex   1.619926e+00 8.626395e+00 -3.000000e+00
      vertex   4.126272e+00 3.357486e+00 -3.000000e+00
      vertex   1.654000e+00 8.885214e+00 -3.000000e+00
    endloop
  endfacet
  facet normal -0.000000e+00 0.000000e+00 1.000000e+00
    outer loop
      vertex   1.654000e+00 8.885214e+00 -3.000000e+00
      vertex   4.126272e+00 3.357486e+00 -3.000000e+00
      vertex   8.654000e+00 2.088521e+01 -3.000000e+00
    endloop
  endfacet
  facet normal 0.000000e+00 -0.000000e+00 1.000000e+00
    outer loop
      vertex   1.654000e+00 8.885214e+00 -3.000000e+00
      vertex   8.654000e+00 2.088521e+01 -3.000000e+00
      vertex   1.619926e+00 9.144033e+00 -3.000000e+00
    endloop
  endfacet
  facet normal 0.000000e+00 0.000000e+00 1.000000e+00
    outer loop
      vertex   1.619926e+00 9.144033e+00 -3.000000e+00
      vertex   8.654000e+00 2.088521e+01 -3.000000e+00
      vertex   1.619926e+00 1.262639e+01 -3.000000e+00
    endloop
  endfacet
  facet normal 0.000000e+00 -0.000000e+00 1.000000e+00
    outer loop
      vertex   1.619926e+00 9.144033e+00 -3.000000e+00
      vertex   1.619926e+00 1.262639e+01 -3.000000e+00
      vertex   1.520025e+00 9.385214e+00 -3.000000e+00
    endloop
  endfacet
  facet normal 0.000000e+00 0.000000e+00 1.000000e+00
    outer loop
      vertex   1.520025e+00 9.385214e+00 -3.000000e+00
      vertex   1.619926e+00 1.262639e+01 -3.000000e+00
      vertex   1.520025e+00 1.238521e+01 -3.000000e+00
    endloop
  endfacet
  facet normal 0.000000e+00 -0.000000e+00 1.000000e+00
    outer loop
      vertex   1.520025e+00 9.385214e+00 -3.000000e+00
      vertex   1.520025e+00 1.238521e+01 -3.000000e+00
      vertex   1.361107e+00 1.217811e+01 -3.000000e+00
    endloop
  endfacet
  facet normal -0.000000e+00 0.000000e+00 1.000000e+00
    outer loop
      vertex   4.126272e+00 3.357486e+00 -3.000000e+00
      vertex   4.344785e+00 3.072714e+00 -3.000000e+00
      vertex   8.654000e+00 2.088521e+01 -3.000000e+00
    endloop
  endfacet
  facet normal 0.000000e+00 0.000000e+00 1.000000e+00
    outer loop
      vertex   -5.365522e+01 5.069771e+01 -3.000000e+00
      vertex   -5.387373e+01 5.041294e+01 -3.000000e+00
      vertex   6.540000e-01 4.588521e+01 -3.000000e+00
    endloop
  endfacet
  facet normal 0.000000e+00 0.000000e+00 1.000000e+00
    outer loop
      vertex   6.540000e-01 4.588521e+01 -3.000000e+00
      vertex   -5.387373e+01 5.041294e+01 -3.000000e+00
      vertex   -5.415850e+01 5.019443e+01 -3.000000e+00
    endloop
  endfacet
  facet normal 0.000000e+00 0.000000e+00 1.000000e+00
    outer loop
      vertex   6.540000e-01 4.588521e+01 -3.000000e+00
      vertex   -5.415850e+01 5.019443e+01 -3.000000e+00
      vertex   -5.449012e+01 5.005707e+01 -3.000000e+00
    endloop
  endfacet
  facet normal 0.000000e+00 0.000000e+00 1.000000e+00
    outer loop
      vertex   -5.449012e+01 5.005707e+01 -3.000000e+00
      vertex   -5.484600e+01 5.001021e+01 -3.000000e+00
      vertex   6.540000e-01 4.588521e+01 -3.000000e+00
    endloop
  endfacet
  facet normal 0.000000e+00 0.000000e+00 1.000000e+00
    outer loop
      vertex   6.540000e-01 4.588521e+01 -3.000000e+00
      vertex   -5.484600e+01 5.001021e+01 -3.000000e+00
      vertex   -7.434600e+01 4.588521e+01 -3.000000e+00
    endloop
  endfacet
  facet normal 0.000000e+00 0.000000e+00 1.000000e+00
    outer loop
      vertex   -7.434600e+01 4.588521e+01 -3.000000e+00
      vertex   -5.484600e+01 5.001021e+01 -3.000000e+00
      vertex   -5.520188e+01 5.005707e+01 -3.000000e+00
    endloop
  endfacet
  facet normal 0.000000e+00 0.000000e+00 1.000000e+00
    outer loop
      vertex   -7.434600e+01 4.588521e+01 -3.000000e+00
      vertex   -5.520188e+01 5.005707e+01 -3.000000e+00
      vertex   -5.553350e+01 5.019443e+01 -3.000000e+00
    endloop
  endfacet
  facet normal 0.000000e+00 0.000000e+00 1.000000e+00
    outer loop
      vertex   -5.553350e+01 5.019443e+01 -3.000000e+00
      vertex   -5.581827e+01 5.041294e+01 -3.000000e+00
      vertex   -7.434600e+01 4.588521e+01 -3.000000e+00
    endloop
  endfacet
  facet normal 0.000000e+00 0.000000e+00 1.000000e+00
    outer loop
      vertex   -7.434600e+01 4.588521e+01 -3.000000e+00
      vertex   -5.581827e+01 5.041294e+01 -3.000000e+00
      vertex   -5.603678e+01 5.069771e+01 -3.000000e+00
    endloop
  endfacet
  facet normal 0.000000e+00 0.000000e+00 1.000000e+00
    outer loop
      vertex   -7.434600e+01 4.588521e+01 -3.000000e+00
      vertex   -5.603678e+01 5.069771e+01 -3.000000e+00
      vertex   -5.617415e+01 5.102934e+01 -3.000000e+00
    endloop
  endfacet
  facet normal 0.000000e+00 0.000000e+00 1.000000e+00
    outer loop
      vertex   -5.617415e+01 5.102934e+01 -3.000000e+00
      vertex   -5.622100e+01 5.138521e+01 -3.000000e+00
      vertex   -7.434600e+01 4.588521e+01 -3.000000e+00
    endloop
  endfacet
  facet normal 0.000000e+00 0.000000e+00 1.000000e+00
    outer loop
      vertex   -7.434600e+01 4.588521e+01 -3.000000e+00
      vertex   -5.622100e+01 5.138521e+01 -3.000000e+00
      vertex   -5.617415e+01 5.174109e+01 -3.000000e+00
    endloop
  endfacet
  facet normal 0.000000e+00 -0.000000e+00 1.000000e+00
    outer loop
      vertex   -7.434600e+01 4.588521e+01 -3.000000e+00
      vertex   -5.617415e+01 5.174109e+01 -3.000000e+00
      vertex   -8.034600e+01 5.688521e+01 -3.000000e+00
    endloop
  endfacet
  facet normal 0.000000e+00 0.000000e+00 1.000000e+00
    outer loop
      vertex   -8.034600e+01 5.688521e+01 -3.000000e+00
      vertex   -5.617415e+01 5.174109e+01 -3.000000e+00
      vertex   -5.603678e+01 5.207271e+01 -3.000000e+00
    endloop
  endfacet
  facet normal 0.000000e+00 0.000000e+00 1.000000e+00
    outer loop
      vertex   -8.034600e+01 5.688521e+01 -3.000000e+00
      vertex   -5.603678e+01 5.207271e+01 -3.000000e+00
      vertex   -5.581827e+01 5.235749e+01 -3.000000e+00
    endloop
  endfacet
  facet normal 0.000000e+00 -0.000000e+00 1.000000e+00
    outer loop
      vertex   -5.581827e+01 5.235749e+01 -3.000000e+00
      vertex   -5.553350e+01 5.257600e+01 -3.000000e+00
      vertex   -8.034600e+01 5.688521e+01 -3.000000e+00
    endloop
  endfacet
  facet normal 0.000000e+00 0.000000e+00 1.000000e+00
    outer loop
      vertex   -8.034600e+01 5.688521e+01 -3.000000e+00
      vertex   -5.553350e+01 5.257600e+01 -3.000000e+00
      vertex   -5.520188e+01 5.271336e+01 -3.000000e+00
    endloop
  endfacet
  facet normal 0.000000e+00 0.000000e+00 1.000000e+00
    outer loop
      vertex   -8.034600e+01 5.688521e+01 -3.000000e+00
      vertex   -5.520188e+01 5.271336e+01 -3.000000e+00
      vertex   -5.484600e+01 5.276021e+01 -3.000000e+00
    endloop
  endfacet
  facet normal 0.000000e+00 0.000000e+00 1.000000e+00
    outer loop
      vertex   -5.553350e+01 1.194429e+00 -3.000000e+00
      vertex   -5.581827e+01 1.412942e+00 -3.000000e+00
      vertex   -8.034600e+01 -1.114786e+00 -3.000000e+00
    endloop
  endfacet
  facet normal 0.000000e+00 0.000000e+00 1.000000e+00
    outer loop
      vertex   -8.034600e+01 -1.114786e+00 -3.000000e+00
      vertex   -5.581827e+01 1.412942e+00 -3.000000e+00
      vertex   -5.603678e+01 1.697714e+00 -3.000000e+00
    endloop
  endfacet
  facet normal 0.000000e+00 0.000000e+00 1.000000e+00
    outer loop
      vertex   -8.034600e+01 -1.114786e+00 -3.000000e+00
      vertex   -5.603678e+01 1.697714e+00 -3.000000e+00
      vertex   -5.617415e+01 2.029338e+00 -3.000000e+00
    endloop
  endfacet
  facet normal 0.000000e+00 0.000000e+00 1.000000e+00
    outer loop
      vertex   -8.034600e+01 -1.114786e+00 -3.000000e+00
      vertex   -5.617415e+01 2.029338e+00 -3.000000e+00
      vertex   -7.434600e+01 7.885214e+00 -3.000000e+00
    endloop
  endfacet
  facet normal 0.000000e+00 0.000000e+00 1.000000e+00
    outer loop
      vertex   -7.434600e+01 7.885214e+00 -3.000000e+00
      vertex   -5.617415e+01 2.029338e+00 -3.000000e+00
      vertex   -5.622100e+01 2.385214e+00 -3.000000e+00
    endloop
  endfacet
  facet normal 0.000000e+00 0.000000e+00 1.000000e+00
    outer loop
      vertex   -7.434600e+01 7.885214e+00 -3.000000e+00
      vertex   -5.622100e+01 2.385214e+00 -3.000000e+00
      vertex   -5.617415e+01 2.741090e+00 -3.000000e+00
    endloop
  endfacet
  facet normal 0.000000e+00 -0.000000e+00 1.000000e+00
    outer loop
      vertex   -5.617415e+01 2.741090e+00 -3.000000e+00
      vertex   -5.603678e+01 3.072714e+00 -3.000000e+00
      vertex   -7.434600e+01 7.885214e+00 -3.000000e+00
    endloop
  endfacet
  facet normal 0.000000e+00 0.000000e+00 1.000000e+00
    outer loop
      vertex   -7.434600e+01 7.885214e+00 -3.000000e+00
      vertex   -5.603678e+01 3.072714e+00 -3.000000e+00
      vertex   -5.581827e+01 3.357486e+00 -3.000000e+00
    endloop
  endfacet
  facet normal 0.000000e+00 0.000000e+00 1.000000e+00
    outer loop
      vertex   -7.434600e+01 7.885214e+00 -3.000000e+00
      vertex   -5.581827e+01 3.357486e+00 -3.000000e+00
      vertex   -5.553350e+01 3.575999e+00 -3.000000e+00
    endloop
  endfacet
  facet normal 0.000000e+00 -0.000000e+00 1.000000e+00
    outer loop
      vertex   -5.553350e+01 3.575999e+00 -3.000000e+00
      vertex   -5.520188e+01 3.713362e+00 -3.000000e+00
      vertex   -7.434600e+01 7.885214e+00 -3.000000e+00
    endloop
  endfacet
  facet normal 0.000000e+00 0.000000e+00 1.000000e+00
    outer loop
      vertex   -7.434600e+01 7.885214e+00 -3.000000e+00
      vertex   -5.520188e+01 3.713362e+00 -3.000000e+00
      vertex   -5.484600e+01 3.760214e+00 -3.000000e+00
    endloop
  endfacet
  facet normal -0.000000e+00 0.000000e+00 1.000000e+00
    outer loop
      vertex   -7.434600e+01 7.885214e+00 -3.000000e+00
      vertex   -5.484600e+01 3.760214e+00 -3.000000e+00
      vertex   6.540000e-01 7.885214e+00 -3.000000e+00
    endloop
  endfacet
  facet normal 0.000000e+00 0.000000e+00 1.000000e+00
    outer loop
      vertex   6.540000e-01 7.885214e+00 -3.000000e+00
      vertex   -5.484600e+01 3.760214e+00 -3.000000e+00
      vertex   -5.449012e+01 3.713362e+00 -3.000000e+00
    endloop
  endfacet
  facet normal 0.000000e+00 0.000000e+00 1.000000e+00
    outer loop
      vertex   6.540000e-01 7.885214e+00 -3.000000e+00
      vertex   -5.449012e+01 3.713362e+00 -3.000000e+00
      vertex   -5.415850e+01 3.575999e+00 -3.000000e+00
    endloop
  endfacet
  facet normal -0.000000e+00 0.000000e+00 1.000000e+00
    outer loop
      vertex   -5.415850e+01 3.575999e+00 -3.000000e+00
      vertex   -5.387373e+01 3.357486e+00 -3.000000e+00
      vertex   6.540000e-01 7.885214e+00 -3.000000e+00
    endloop
  endfacet
  facet normal 0.000000e+00 0.000000e+00 1.000000e+00
    outer loop
      vertex   6.540000e-01 7.885214e+00 -3.000000e+00
      vertex   -5.387373e+01 3.357486e+00 -3.000000e+00
      vertex   -5.365522e+01 3.072714e+00 -3.000000e+00
    endloop
  endfacet
  facet normal 0.000000e+00 0.000000e+00 1.000000e+00
    outer loop
      vertex   6.540000e-01 7.885214e+00 -3.000000e+00
      vertex   -5.365522e+01 3.072714e+00 -3.000000e+00
      vertex   -5.351785e+01 2.741090e+00 -3.000000e+00
    endloop
  endfacet
  facet normal -0.000000e+00 0.000000e+00 1.000000e+00
    outer loop
      vertex   -5.351785e+01 2.741090e+00 -3.000000e+00
      vertex   -5.347100e+01 2.385214e+00 -3.000000e+00
      vertex   6.540000e-01 7.885214e+00 -3.000000e+00
    endloop
  endfacet
  facet normal -0.000000e+00 0.000000e+00 1.000000e+00
    outer loop
      vertex   -7.434600e+01 4.388521e+01 -3.000000e+00
      vertex   6.540000e-01 4.188521e+01 -3.000000e+00
      vertex   6.540000e-01 4.388521e+01 -3.000000e+00
    endloop
  endfacet
  facet normal 0.000000e+00 0.000000e+00 1.000000e+00
    outer loop
      vertex   6.540000e-01 4.388521e+01 -3.000000e+00
      vertex   6.540000e-01 4.188521e+01 -3.000000e+00
      vertex   9.128190e-01 4.185114e+01 -3.000000e+00
    endloop
  endfacet
  facet normal -0.000000e+00 0.000000e+00 1.000000e+00
    outer loop
      vertex   6.540000e-01 4.388521e+01 -3.000000e+00
      vertex   9.128190e-01 4.185114e+01 -3.000000e+00
      vertex   9.128190e-01 4.391929e+01 -3.000000e+00
    endloop
  endfacet
  facet normal 0.000000e+00 0.000000e+00 1.000000e+00
    outer loop
      vertex   9.128190e-01 4.391929e+01 -3.000000e+00
      vertex   9.128190e-01 4.185114e+01 -3.000000e+00
      vertex   1.154000e+00 4.175124e+01 -3.000000e+00
    endloop
  endfacet
  facet normal -0.000000e+00 0.000000e+00 1.000000e+00
    outer loop
      vertex   9.128190e-01 4.391929e+01 -3.000000e+00
      vertex   1.154000e+00 4.175124e+01 -3.000000e+00
      vertex   1.154000e+00 4.401919e+01 -3.000000e+00
    endloop
  endfacet
  facet normal 0.000000e+00 0.000000e+00 1.000000e+00
    outer loop
      vertex   1.154000e+00 4.401919e+01 -3.000000e+00
      vertex   1.154000e+00 4.175124e+01 -3.000000e+00
      vertex   1.361107e+00 4.159232e+01 -3.000000e+00
    endloop
  endfacet
  facet normal -0.000000e+00 0.000000e+00 1.000000e+00
    outer loop
      vertex   1.154000e+00 4.401919e+01 -3.000000e+00
      vertex   1.361107e+00 4.159232e+01 -3.000000e+00
      vertex   1.361107e+00 4.417811e+01 -3.000000e+00
    endloop
  endfacet
  facet normal -0.000000e+00 0.000000e+00 1.000000e+00
    outer loop
      vertex   1.361107e+00 4.417811e+01 -3.000000e+00
      vertex   1.361107e+00 4.159232e+01 -3.000000e+00
      vertex   1.520025e+00 4.438521e+01 -3.000000e+00
    endloop
  endfacet
  facet normal 0.000000e+00 0.000000e+00 1.000000e+00
    outer loop
      vertex   1.520025e+00 4.438521e+01 -3.000000e+00
      vertex   1.361107e+00 4.159232e+01 -3.000000e+00
      vertex   1.520025e+00 4.138521e+01 -3.000000e+00
    endloop
  endfacet
  facet normal -0.000000e+00 0.000000e+00 1.000000e+00
    outer loop
      vertex   1.520025e+00 4.438521e+01 -3.000000e+00
      vertex   1.520025e+00 4.138521e+01 -3.000000e+00
      vertex   1.619926e+00 4.462639e+01 -3.000000e+00
    endloop
  endfacet
  facet normal 0.000000e+00 0.000000e+00 1.000000e+00
    outer loop
      vertex   1.619926e+00 4.462639e+01 -3.000000e+00
      vertex   1.520025e+00 4.138521e+01 -3.000000e+00
      vertex   1.619926e+00 4.114403e+01 -3.000000e+00
    endloop
  endfacet
  facet normal 0.000000e+00 0.000000e+00 1.000000e+00
    outer loop
      vertex   1.619926e+00 4.462639e+01 -3.000000e+00
      vertex   1.619926e+00 4.114403e+01 -3.000000e+00
      vertex   8.654000e+00 3.288521e+01 -3.000000e+00
    endloop
  endfacet
  facet normal 0.000000e+00 0.000000e+00 1.000000e+00
    outer loop
      vertex   8.654000e+00 3.288521e+01 -3.000000e+00
      vertex   1.619926e+00 4.114403e+01 -3.000000e+00
      vertex   1.654000e+00 4.088521e+01 -3.000000e+00
    endloop
  endfacet
  facet normal 0.000000e+00 0.000000e+00 1.000000e+00
    outer loop
      vertex   8.654000e+00 3.288521e+01 -3.000000e+00
      vertex   1.654000e+00 4.088521e+01 -3.000000e+00
      vertex   1.619926e+00 4.062639e+01 -3.000000e+00
    endloop
  endfacet
  facet normal 0.000000e+00 0.000000e+00 1.000000e+00
    outer loop
      vertex   -7.460482e+01 4.391929e+01 -3.000000e+00
      vertex   -7.460482e+01 4.185114e+01 -3.000000e+00
      vertex   -7.434600e+01 4.388521e+01 -3.000000e+00
    endloop
  endfacet
  facet normal 0.000000e+00 0.000000e+00 1.000000e+00
    outer loop
      vertex   -7.434600e+01 4.388521e+01 -3.000000e+00
      vertex   -7.460482e+01 4.185114e+01 -3.000000e+00
      vertex   -7.434600e+01 4.188521e+01 -3.000000e+00
    endloop
  endfacet
  facet normal 0.000000e+00 0.000000e+00 1.000000e+00
    outer loop
      vertex   -7.434600e+01 4.388521e+01 -3.000000e+00
      vertex   -7.434600e+01 4.188521e+01 -3.000000e+00
      vertex   6.540000e-01 4.188521e+01 -3.000000e+00
    endloop
  endfacet
  facet normal 0.000000e+00 -0.000000e+00 1.000000e+00
    outer loop
      vertex   -7.460482e+01 4.185114e+01 -3.000000e+00
      vertex   -7.460482e+01 4.391929e+01 -3.000000e+00
      vertex   -7.484600e+01 4.175124e+01 -3.000000e+00
    endloop
  endfacet
  facet normal 0.000000e+00 0.000000e+00 1.000000e+00
    outer loop
      vertex   -7.484600e+01 4.175124e+01 -3.000000e+00
      vertex   -7.460482e+01 4.391929e+01 -3.000000e+00
      vertex   -7.484600e+01 4.401919e+01 -3.000000e+00
    endloop
  endfacet
  facet normal 0.000000e+00 -0.000000e+00 1.000000e+00
    outer loop
      vertex   -7.484600e+01 4.175124e+01 -3.000000e+00
      vertex   -7.484600e+01 4.401919e+01 -3.000000e+00
      vertex   -7.505311e+01 4.159232e+01 -3.000000e+00
    endloop
  endfacet
  facet normal 0.000000e+00 0.000000e+00 1.000000e+00
    outer loop
      vertex   -7.505311e+01 4.159232e+01 -3.000000e+00
      vertex   -7.484600e+01 4.401919e+01 -3.000000e+00
      vertex   -7.505311e+01 4.417811e+01 -3.000000e+00
    endloop
  endfacet
  facet normal 0.000000e+00 -0.000000e+00 1.000000e+00
    outer loop
      vertex   -7.505311e+01 4.159232e+01 -3.000000e+00
      vertex   -7.505311e+01 4.417811e+01 -3.000000e+00
      vertex   -7.521203e+01 4.138521e+01 -3.000000e+00
    endloop
  endfacet
  facet normal 0.000000e+00 0.000000e+00 1.000000e+00
    outer loop
      vertex   -7.521203e+01 4.138521e+01 -3.000000e+00
      vertex   -7.505311e+01 4.417811e+01 -3.000000e+00
      vertex   -7.521203e+01 4.438521e+01 -3.000000e+00
    endloop
  endfacet
  facet normal 0.000000e+00 -0.000000e+00 1.000000e+00
    outer loop
      vertex   -7.521203e+01 4.138521e+01 -3.000000e+00
      vertex   -7.521203e+01 4.438521e+01 -3.000000e+00
      vertex   -7.531193e+01 4.114403e+01 -3.000000e+00
    endloop
  endfacet
  facet normal 0.000000e+00 0.000000e+00 1.000000e+00
    outer loop
      vertex   -7.531193e+01 4.114403e+01 -3.000000e+00
      vertex   -7.521203e+01 4.438521e+01 -3.000000e+00
      vertex   -7.531193e+01 4.462639e+01 -3.000000e+00
    endloop
  endfacet
  facet normal 0.000000e+00 -0.000000e+00 1.000000e+00
    outer loop
      vertex   -7.531193e+01 4.114403e+01 -3.000000e+00
      vertex   -7.531193e+01 4.462639e+01 -3.000000e+00
      vertex   -7.534600e+01 4.088521e+01 -3.000000e+00
    endloop
  endfacet
  facet normal 0.000000e+00 0.000000e+00 1.000000e+00
    outer loop
      vertex   -7.534600e+01 4.088521e+01 -3.000000e+00
      vertex   -7.531193e+01 4.462639e+01 -3.000000e+00
      vertex   -7.534600e+01 4.488521e+01 -3.000000e+00
    endloop
  endfacet
  facet normal 0.000000e+00 -0.000000e+00 1.000000e+00
    outer loop
      vertex   -7.534600e+01 4.088521e+01 -3.000000e+00
      vertex   -7.534600e+01 4.488521e+01 -3.000000e+00
      vertex   -8.034600e+01 5.688521e+01 -3.000000e+00
    endloop
  endfacet
  facet normal 0.000000e+00 0.000000e+00 1.000000e+00
    outer loop
      vertex   -8.034600e+01 5.688521e+01 -3.000000e+00
      vertex   -7.534600e+01 4.488521e+01 -3.000000e+00
      vertex   -7.531193e+01 4.514403e+01 -3.000000e+00
    endloop
  endfacet
  facet normal 0.000000e+00 0.000000e+00 1.000000e+00
    outer loop
      vertex   -8.034600e+01 5.688521e+01 -3.000000e+00
      vertex   -7.531193e+01 4.514403e+01 -3.000000e+00
      vertex   -7.521203e+01 4.538521e+01 -3.000000e+00
    endloop
  endfacet
  facet normal 0.000000e+00 -0.000000e+00 1.000000e+00
    outer loop
      vertex   -7.521203e+01 4.538521e+01 -3.000000e+00
      vertex   -7.505311e+01 4.559232e+01 -3.000000e+00
      vertex   -8.034600e+01 5.688521e+01 -3.000000e+00
    endloop
  endfacet
  facet normal 0.000000e+00 0.000000e+00 1.000000e+00
    outer loop
      vertex   -8.034600e+01 5.688521e+01 -3.000000e+00
      vertex   -7.505311e+01 4.559232e+01 -3.000000e+00
      vertex   -7.484600e+01 4.575124e+01 -3.000000e+00
    endloop
  endfacet
  facet normal 0.000000e+00 0.000000e+00 1.000000e+00
    outer loop
      vertex   -8.034600e+01 5.688521e+01 -3.000000e+00
      vertex   -7.484600e+01 4.575124e+01 -3.000000e+00
      vertex   -7.460482e+01 4.585114e+01 -3.000000e+00
    endloop
  endfacet
  facet normal 0.000000e+00 -0.000000e+00 1.000000e+00
    outer loop
      vertex   -7.460482e+01 4.585114e+01 -3.000000e+00
      vertex   -7.434600e+01 4.588521e+01 -3.000000e+00
      vertex   -8.034600e+01 5.688521e+01 -3.000000e+00
    endloop
  endfacet
  facet normal 0.000000e+00 0.000000e+00 1.000000e+00
    outer loop
      vertex   1.654000e+00 4.488521e+01 -3.000000e+00
      vertex   1.619926e+00 4.462639e+01 -3.000000e+00
      vertex   8.654000e+00 3.288521e+01 -3.000000e+00
    endloop
  endfacet
  facet normal -0.000000e+00 0.000000e+00 1.000000e+00
    outer loop
      vertex   -7.434600e+01 2.788521e+01 -3.000000e+00
      vertex   6.540000e-01 2.588521e+01 -3.000000e+00
      vertex   6.540000e-01 2.788521e+01 -3.000000e+00
    endloop
  endfacet
  facet normal 0.000000e+00 0.000000e+00 1.000000e+00
    outer loop
      vertex   6.540000e-01 2.788521e+01 -3.000000e+00
      vertex   6.540000e-01 2.588521e+01 -3.000000e+00
      vertex   9.128190e-01 2.585114e+01 -3.000000e+00
    endloop
  endfacet
  facet normal -0.000000e+00 0.000000e+00 1.000000e+00
    outer loop
      vertex   6.540000e-01 2.788521e+01 -3.000000e+00
      vertex   9.128190e-01 2.585114e+01 -3.000000e+00
      vertex   9.128190e-01 2.791929e+01 -3.000000e+00
    endloop
  endfacet
  facet normal 0.000000e+00 0.000000e+00 1.000000e+00
    outer loop
      vertex   9.128190e-01 2.791929e+01 -3.000000e+00
      vertex   9.128190e-01 2.585114e+01 -3.000000e+00
      vertex   1.154000e+00 2.575124e+01 -3.000000e+00
    endloop
  endfacet
  facet normal -0.000000e+00 0.000000e+00 1.000000e+00
    outer loop
      vertex   9.128190e-01 2.791929e+01 -3.000000e+00
      vertex   1.154000e+00 2.575124e+01 -3.000000e+00
      vertex   1.154000e+00 2.801919e+01 -3.000000e+00
    endloop
  endfacet
  facet normal -0.000000e+00 0.000000e+00 1.000000e+00
    outer loop
      vertex   1.154000e+00 2.801919e+01 -3.000000e+00
      vertex   1.154000e+00 2.575124e+01 -3.000000e+00
      vertex   1.361107e+00 2.817811e+01 -3.000000e+00
    endloop
  endfacet
  facet normal 0.000000e+00 0.000000e+00 1.000000e+00
    outer loop
      vertex   1.361107e+00 2.817811e+01 -3.000000e+00
      vertex   1.154000e+00 2.575124e+01 -3.000000e+00
      vertex   1.361107e+00 2.559232e+01 -3.000000e+00
    endloop
  endfacet
  facet normal -0.000000e+00 0.000000e+00 1.000000e+00
    outer loop
      vertex   1.361107e+00 2.817811e+01 -3.000000e+00
      vertex   1.361107e+00 2.559232e+01 -3.000000e+00
      vertex   1.520025e+00 2.838521e+01 -3.000000e+00
    endloop
  endfacet
  facet normal 0.000000e+00 0.000000e+00 1.000000e+00
    outer loop
      vertex   1.520025e+00 2.838521e+01 -3.000000e+00
      vertex   1.361107e+00 2.559232e+01 -3.000000e+00
      vertex   1.520025e+00 2.538521e+01 -3.000000e+00
    endloop
  endfacet
  facet normal 0.000000e+00 0.000000e+00 1.000000e+00
    outer loop
      vertex   -7.460482e+01 2.791929e+01 -3.000000e+00
      vertex   -7.460482e+01 2.585114e+01 -3.000000e+00
      vertex   -7.434600e+01 2.788521e+01 -3.000000e+00
    endloop
  endfacet
  facet normal 0.000000e+00 0.000000e+00 1.000000e+00
    outer loop
      vertex   -7.434600e+01 2.788521e+01 -3.000000e+00
      vertex   -7.460482e+01 2.585114e+01 -3.000000e+00
      vertex   -7.434600e+01 2.588521e+01 -3.000000e+00
    endloop
  endfacet
  facet normal 0.000000e+00 0.000000e+00 1.000000e+00
    outer loop
      vertex   -7.434600e+01 2.788521e+01 -3.000000e+00
      vertex   -7.434600e+01 2.588521e+01 -3.000000e+00
      vertex   6.540000e-01 2.588521e+01 -3.000000e+00
    endloop
  endfacet
  facet normal 0.000000e+00 -0.000000e+00 1.000000e+00
    outer loop
      vertex   -7.460482e+01 2.585114e+01 -3.000000e+00
      vertex   -7.460482e+01 2.791929e+01 -3.000000e+00
      vertex   -7.484600e+01 2.575124e+01 -3.000000e+00
    endloop
  endfacet
  facet normal 0.000000e+00 0.000000e+00 1.000000e+00
    outer loop
      vertex   -7.484600e+01 2.575124e+01 -3.000000e+00
      vertex   -7.460482e+01 2.791929e+01 -3.000000e+00
      vertex   -7.484600e+01 2.801919e+01 -3.000000e+00
    endloop
  endfacet
  facet normal 0.000000e+00 -0.000000e+00 1.000000e+00
    outer loop
      vertex   -7.484600e+01 2.575124e+01 -3.000000e+00
      vertex   -7.484600e+01 2.801919e+01 -3.000000e+00
      vertex   -7.505311e+01 2.559232e+01 -3.000000e+00
    endloop
  endfacet
  facet normal 0.000000e+00 0.000000e+00 1.000000e+00
    outer loop
      vertex   -7.505311e+01 2.559232e+01 -3.000000e+00
      vertex   -7.484600e+01 2.801919e+01 -3.000000e+00
      vertex   -7.505311e+01 2.817811e+01 -3.000000e+00
    endloop
  endfacet
  facet normal 0.000000e+00 -0.000000e+00 1.000000e+00
    outer loop
      vertex   -7.505311e+01 2.559232e+01 -3.000000e+00
      vertex   -7.505311e+01 2.817811e+01 -3.000000e+00
      vertex   -7.521203e+01 2.538521e+01 -3.000000e+00
    endloop
  endfacet
  facet normal 0.000000e+00 0.000000e+00 1.000000e+00
    outer loop
      vertex   -7.521203e+01 2.538521e+01 -3.000000e+00
      vertex   -7.505311e+01 2.817811e+01 -3.000000e+00
      vertex   -7.521203e+01 2.838521e+01 -3.000000e+00
    endloop
  endfacet
  facet normal 0.000000e+00 -0.000000e+00 1.000000e+00
    outer loop
      vertex   -7.521203e+01 2.538521e+01 -3.000000e+00
      vertex   -7.521203e+01 2.838521e+01 -3.000000e+00
      vertex   -7.531193e+01 2.514403e+01 -3.000000e+00
    endloop
  endfacet
  facet normal 0.000000e+00 0.000000e+00 1.000000e+00
    outer loop
      vertex   -7.531193e+01 2.514403e+01 -3.000000e+00
      vertex   -7.521203e+01 2.838521e+01 -3.000000e+00
      vertex   -7.531193e+01 2.862639e+01 -3.000000e+00
    endloop
  endfacet
  facet normal 0.000000e+00 -0.000000e+00 1.000000e+00
    outer loop
      vertex   -7.531193e+01 2.514403e+01 -3.000000e+00
      vertex   -7.531193e+01 2.862639e+01 -3.000000e+00
      vertex   -7.534600e+01 2.888521e+01 -3.000000e+00
    endloop
  endfacet
  facet normal 0.000000e+00 0.000000e+00 1.000000e+00
    outer loop
      vertex   -7.534600e+01 2.888521e+01 -3.000000e+00
      vertex   -7.531193e+01 2.914403e+01 -3.000000e+00
      vertex   -7.534600e+01 3.288521e+01 -3.000000e+00
    endloop
  endfacet
  facet normal 0.000000e+00 0.000000e+00 1.000000e+00
    outer loop
      vertex   -7.534600e+01 3.288521e+01 -3.000000e+00
      vertex   -7.531193e+01 2.914403e+01 -3.000000e+00
      vertex   -7.531193e+01 3.262639e+01 -3.000000e+00
    endloop
  endfacet
  facet normal 0.000000e+00 0.000000e+00 1.000000e+00
    outer loop
      vertex   -7.531193e+01 3.262639e+01 -3.000000e+00
      vertex   -7.531193e+01 2.914403e+01 -3.000000e+00
      vertex   -7.521203e+01 3.238521e+01 -3.000000e+00
    endloop
  endfacet
  facet normal 0.000000e+00 0.000000e+00 1.000000e+00
    outer loop
      vertex   -7.521203e+01 3.238521e+01 -3.000000e+00
      vertex   -7.531193e+01 2.914403e+01 -3.000000e+00
      vertex   -7.521203e+01 2.938521e+01 -3.000000e+00
    endloop
  endfacet
  facet normal 0.000000e+00 0.000000e+00 1.000000e+00
    outer loop
      vertex   -7.521203e+01 3.238521e+01 -3.000000e+00
      vertex   -7.521203e+01 2.938521e+01 -3.000000e+00
      vertex   -7.505311e+01 3.217811e+01 -3.000000e+00
    endloop
  endfacet
  facet normal 0.000000e+00 0.000000e+00 1.000000e+00
    outer loop
      vertex   -7.505311e+01 3.217811e+01 -3.000000e+00
      vertex   -7.521203e+01 2.938521e+01 -3.000000e+00
      vertex   -7.505311e+01 2.959232e+01 -3.000000e+00
    endloop
  endfacet
  facet normal 0.000000e+00 0.000000e+00 1.000000e+00
    outer loop
      vertex   -7.505311e+01 3.217811e+01 -3.000000e+00
      vertex   -7.505311e+01 2.959232e+01 -3.000000e+00
      vertex   -7.484600e+01 3.201919e+01 -3.000000e+00
    endloop
  endfacet
  facet normal 0.000000e+00 0.000000e+00 1.000000e+00
    outer loop
      vertex   -7.484600e+01 3.201919e+01 -3.000000e+00
      vertex   -7.505311e+01 2.959232e+01 -3.000000e+00
      vertex   -7.484600e+01 2.975124e+01 -3.000000e+00
    endloop
  endfacet
  facet normal 0.000000e+00 0.000000e+00 1.000000e+00
    outer loop
      vertex   -7.484600e+01 3.201919e+01 -3.000000e+00
      vertex   -7.484600e+01 2.975124e+01 -3.000000e+00
      vertex   -7.460482e+01 3.191929e+01 -3.000000e+00
    endloop
  endfacet
  facet normal 0.000000e+00 0.000000e+00 1.000000e+00
    outer loop
      vertex   -7.460482e+01 3.191929e+01 -3.000000e+00
      vertex   -7.484600e+01 2.975124e+01 -3.000000e+00
      vertex   -7.460482e+01 2.985114e+01 -3.000000e+00
    endloop
  endfacet
  facet normal 0.000000e+00 0.000000e+00 1.000000e+00
    outer loop
      vertex   -7.460482e+01 3.191929e+01 -3.000000e+00
      vertex   -7.460482e+01 2.985114e+01 -3.000000e+00
      vertex   -7.434600e+01 3.188521e+01 -3.000000e+00
    endloop
  endfacet
  facet normal 0.000000e+00 0.000000e+00 1.000000e+00
    outer loop
      vertex   -7.434600e+01 3.188521e+01 -3.000000e+00
      vertex   -7.460482e+01 2.985114e+01 -3.000000e+00
      vertex   -7.434600e+01 2.988521e+01 -3.000000e+00
    endloop
  endfacet
  facet normal 0.000000e+00 0.000000e+00 1.000000e+00
    outer loop
      vertex   -7.434600e+01 3.188521e+01 -3.000000e+00
      vertex   -7.434600e+01 2.988521e+01 -3.000000e+00
      vertex   6.540000e-01 2.988521e+01 -3.000000e+00
    endloop
  endfacet
  facet normal -0.000000e+00 0.000000e+00 1.000000e+00
    outer loop
      vertex   -7.434600e+01 3.188521e+01 -3.000000e+00
      vertex   6.540000e-01 2.988521e+01 -3.000000e+00
      vertex   6.540000e-01 3.188521e+01 -3.000000e+00
    endloop
  endfacet
  facet normal 0.000000e+00 0.000000e+00 1.000000e+00
    outer loop
      vertex   6.540000e-01 3.188521e+01 -3.000000e+00
      vertex   6.540000e-01 2.988521e+01 -3.000000e+00
      vertex   9.128190e-01 2.985114e+01 -3.000000e+00
    endloop
  endfacet
  facet normal -0.000000e+00 0.000000e+00 1.000000e+00
    outer loop
      vertex   6.540000e-01 3.188521e+01 -3.000000e+00
      vertex   9.128190e-01 2.985114e+01 -3.000000e+00
      vertex   9.128190e-01 3.191929e+01 -3.000000e+00
    endloop
  endfacet
  facet normal 0.000000e+00 0.000000e+00 1.000000e+00
    outer loop
      vertex   9.128190e-01 3.191929e+01 -3.000000e+00
      vertex   9.128190e-01 2.985114e+01 -3.000000e+00
      vertex   1.154000e+00 2.975124e+01 -3.000000e+00
    endloop
  endfacet
  facet normal -0.000000e+00 0.000000e+00 1.000000e+00
    outer loop
      vertex   9.128190e-01 3.191929e+01 -3.000000e+00
      vertex   1.154000e+00 2.975124e+01 -3.000000e+00
      vertex   1.154000e+00 3.201919e+01 -3.000000e+00
    endloop
  endfacet
  facet normal 0.000000e+00 0.000000e+00 1.000000e+00
    outer loop
      vertex   1.154000e+00 3.201919e+01 -3.000000e+00
      vertex   1.154000e+00 2.975124e+01 -3.000000e+00
      vertex   1.361107e+00 2.959232e+01 -3.000000e+00
    endloop
  endfacet
  facet normal -0.000000e+00 0.000000e+00 1.000000e+00
    outer loop
      vertex   -7.434600e+01 1.188521e+01 -3.000000e+00
      vertex   6.540000e-01 9.885214e+00 -3.000000e+00
      vertex   6.540000e-01 1.188521e+01 -3.000000e+00
    endloop
  endfacet
  facet normal 0.000000e+00 0.000000e+00 1.000000e+00
    outer loop
      vertex   6.540000e-01 1.188521e+01 -3.000000e+00
      vertex   6.540000e-01 9.885214e+00 -3.000000e+00
      vertex   9.128190e-01 9.851140e+00 -3.000000e+00
    endloop
  endfacet
  facet normal -0.000000e+00 0.000000e+00 1.000000e+00
    outer loop
      vertex   6.540000e-01 1.188521e+01 -3.000000e+00
      vertex   9.128190e-01 9.851140e+00 -3.000000e+00
      vertex   9.128190e-01 1.191929e+01 -3.000000e+00
    endloop
  endfacet
  facet normal 0.000000e+00 0.000000e+00 1.000000e+00
    outer loop
      vertex   9.128190e-01 1.191929e+01 -3.000000e+00
      vertex   9.128190e-01 9.851140e+00 -3.000000e+00
      vertex   1.154000e+00 9.751239e+00 -3.000000e+00
    endloop
  endfacet
  facet normal -0.000000e+00 0.000000e+00 1.000000e+00
    outer loop
      vertex   9.128190e-01 1.191929e+01 -3.000000e+00
      vertex   1.154000e+00 9.751239e+00 -3.000000e+00
      vertex   1.154000e+00 1.201919e+01 -3.000000e+00
    endloop
  endfacet
  facet normal 0.000000e+00 0.000000e+00 1.000000e+00
    outer loop
      vertex   1.154000e+00 1.201919e+01 -3.000000e+00
      vertex   1.154000e+00 9.751239e+00 -3.000000e+00
      vertex   1.361107e+00 9.592321e+00 -3.000000e+00
    endloop
  endfacet
  facet normal -0.000000e+00 0.000000e+00 1.000000e+00
    outer loop
      vertex   1.154000e+00 1.201919e+01 -3.000000e+00
      vertex   1.361107e+00 9.592321e+00 -3.000000e+00
      vertex   1.361107e+00 1.217811e+01 -3.000000e+00
    endloop
  endfacet
  facet normal 0.000000e+00 0.000000e+00 1.000000e+00
    outer loop
      vertex   1.361107e+00 1.217811e+01 -3.000000e+00
      vertex   1.361107e+00 9.592321e+00 -3.000000e+00
      vertex   1.520025e+00 9.385214e+00 -3.000000e+00
    endloop
  endfacet
  facet normal 0.000000e+00 0.000000e+00 1.000000e+00
    outer loop
      vertex   -7.460482e+01 1.191929e+01 -3.000000e+00
      vertex   -7.460482e+01 9.851140e+00 -3.000000e+00
      vertex   -7.434600e+01 1.188521e+01 -3.000000e+00
    endloop
  endfacet
  facet normal 0.000000e+00 0.000000e+00 1.000000e+00
    outer loop
      vertex   -7.434600e+01 1.188521e+01 -3.000000e+00
      vertex   -7.460482e+01 9.851140e+00 -3.000000e+00
      vertex   -7.434600e+01 9.885214e+00 -3.000000e+00
    endloop
  endfacet
  facet normal 0.000000e+00 0.000000e+00 1.000000e+00
    outer loop
      vertex   -7.434600e+01 1.188521e+01 -3.000000e+00
      vertex   -7.434600e+01 9.885214e+00 -3.000000e+00
      vertex   6.540000e-01 9.885214e+00 -3.000000e+00
    endloop
  endfacet
  facet normal 0.000000e+00 -0.000000e+00 1.000000e+00
    outer loop
      vertex   -7.460482e+01 9.851140e+00 -3.000000e+00
      vertex   -7.460482e+01 1.191929e+01 -3.000000e+00
      vertex   -7.484600e+01 9.751239e+00 -3.000000e+00
    endloop
  endfacet
  facet normal 0.000000e+00 0.000000e+00 1.000000e+00
    outer loop
      vertex   -7.484600e+01 9.751239e+00 -3.000000e+00
      vertex   -7.460482e+01 1.191929e+01 -3.000000e+00
      vertex   -7.484600e+01 1.201919e+01 -3.000000e+00
    endloop
  endfacet
  facet normal 0.000000e+00 -0.000000e+00 1.000000e+00
    outer loop
      vertex   -7.484600e+01 9.751239e+00 -3.000000e+00
      vertex   -7.484600e+01 1.201919e+01 -3.000000e+00
      vertex   -7.505311e+01 9.592321e+00 -3.000000e+00
    endloop
  endfacet
  facet normal 0.000000e+00 0.000000e+00 1.000000e+00
    outer loop
      vertex   -7.505311e+01 9.592321e+00 -3.000000e+00
      vertex   -7.484600e+01 1.201919e+01 -3.000000e+00
      vertex   -7.505311e+01 1.217811e+01 -3.000000e+00
    endloop
  endfacet
  facet normal 0.000000e+00 -0.000000e+00 1.000000e+00
    outer loop
      vertex   -7.505311e+01 9.592321e+00 -3.000000e+00
      vertex   -7.505311e+01 1.217811e+01 -3.000000e+00
      vertex   -7.521203e+01 9.385214e+00 -3.000000e+00
    endloop
  endfacet
  facet normal 0.000000e+00 0.000000e+00 1.000000e+00
    outer loop
      vertex   -7.521203e+01 9.385214e+00 -3.000000e+00
      vertex   -7.505311e+01 1.217811e+01 -3.000000e+00
      vertex   -7.521203e+01 1.238521e+01 -3.000000e+00
    endloop
  endfacet
  facet normal 0.000000e+00 -0.000000e+00 1.000000e+00
    outer loop
      vertex   -7.521203e+01 9.385214e+00 -3.000000e+00
      vertex   -7.521203e+01 1.238521e+01 -3.000000e+00
      vertex   -7.531193e+01 1.262639e+01 -3.000000e+00
    endloop
  endfacet
  facet normal 0.000000e+00 0.000000e+00 1.000000e+00
    outer loop
      vertex   -7.521203e+01 9.385214e+00 -3.000000e+00
      vertex   -7.531193e+01 1.262639e+01 -3.000000e+00
      vertex   -7.531193e+01 9.144033e+00 -3.000000e+00
    endloop
  endfacet
  facet normal 0.000000e+00 -0.000000e+00 1.000000e+00
    outer loop
      vertex   -7.531193e+01 9.144033e+00 -3.000000e+00
      vertex   -7.531193e+01 1.262639e+01 -3.000000e+00
      vertex   -7.534600e+01 1.288521e+01 -3.000000e+00
    endloop
  endfacet
  facet normal 0.000000e+00 0.000000e+00 1.000000e+00
    outer loop
      vertex   -7.531193e+01 9.144033e+00 -3.000000e+00
      vertex   -7.534600e+01 1.288521e+01 -3.000000e+00
      vertex   -7.534600e+01 8.885214e+00 -3.000000e+00
    endloop
  endfacet
  facet normal 0.000000e+00 -0.000000e+00 1.000000e+00
    outer loop
      vertex   -7.534600e+01 8.885214e+00 -3.000000e+00
      vertex   -7.534600e+01 1.288521e+01 -3.000000e+00
      vertex   -8.034600e+01 -1.114786e+00 -3.000000e+00
    endloop
  endfacet
  facet normal 0.000000e+00 0.000000e+00 1.000000e+00
    outer loop
      vertex   -7.534600e+01 8.885214e+00 -3.000000e+00
      vertex   -8.034600e+01 -1.114786e+00 -3.000000e+00
      vertex   -7.531193e+01 8.626395e+00 -3.000000e+00
    endloop
  endfacet
  facet normal 0.000000e+00 0.000000e+00 1.000000e+00
    outer loop
      vertex   -7.531193e+01 8.626395e+00 -3.000000e+00
      vertex   -8.034600e+01 -1.114786e+00 -3.000000e+00
      vertex   -7.521203e+01 8.385214e+00 -3.000000e+00
    endloop
  endfacet
  facet normal 0.000000e+00 0.000000e+00 1.000000e+00
    outer loop
      vertex   -7.521203e+01 8.385214e+00 -3.000000e+00
      vertex   -8.034600e+01 -1.114786e+00 -3.000000e+00
      vertex   -7.505311e+01 8.178107e+00 -3.000000e+00
    endloop
  endfacet
  facet normal 0.000000e+00 0.000000e+00 1.000000e+00
    outer loop
      vertex   -7.505311e+01 8.178107e+00 -3.000000e+00
      vertex   -8.034600e+01 -1.114786e+00 -3.000000e+00
      vertex   -7.484600e+01 8.019189e+00 -3.000000e+00
    endloop
  endfacet
  facet normal 0.000000e+00 0.000000e+00 1.000000e+00
    outer loop
      vertex   -7.484600e+01 8.019189e+00 -3.000000e+00
      vertex   -8.034600e+01 -1.114786e+00 -3.000000e+00
      vertex   -7.460482e+01 7.919288e+00 -3.000000e+00
    endloop
  endfacet
  facet normal 0.000000e+00 0.000000e+00 1.000000e+00
    outer loop
      vertex   -7.460482e+01 7.919288e+00 -3.000000e+00
      vertex   -8.034600e+01 -1.114786e+00 -3.000000e+00
      vertex   -7.434600e+01 7.885214e+00 -3.000000e+00
    endloop
  endfacet
  facet normal 0.000000e+00 0.000000e+00 1.000000e+00
    outer loop
      vertex   -8.034600e+01 -1.114786e+00 -3.000000e+00
      vertex   -7.534600e+01 1.288521e+01 -3.000000e+00
      vertex   -7.534600e+01 1.688521e+01 -3.000000e+00
    endloop
  endfacet
  facet normal 0.000000e+00 0.000000e+00 1.000000e+00
    outer loop
      vertex   -7.534600e+01 1.688521e+01 -3.000000e+00
      vertex   -7.534600e+01 1.288521e+01 -3.000000e+00
      vertex   -7.531193e+01 1.314403e+01 -3.000000e+00
    endloop
  endfacet
  facet normal 0.000000e+00 0.000000e+00 1.000000e+00
    outer loop
      vertex   -7.534600e+01 1.688521e+01 -3.000000e+00
      vertex   -7.531193e+01 1.314403e+01 -3.000000e+00
      vertex   -7.531193e+01 1.662639e+01 -3.000000e+00
    endloop
  endfacet
  facet normal 0.000000e+00 0.000000e+00 1.000000e+00
    outer loop
      vertex   -7.531193e+01 1.662639e+01 -3.000000e+00
      vertex   -7.531193e+01 1.314403e+01 -3.000000e+00
      vertex   -7.521203e+01 1.638521e+01 -3.000000e+00
    endloop
  endfacet
  facet normal 0.000000e+00 0.000000e+00 1.000000e+00
    outer loop
      vertex   -7.521203e+01 1.638521e+01 -3.000000e+00
      vertex   -7.531193e+01 1.314403e+01 -3.000000e+00
      vertex   -7.521203e+01 1.338521e+01 -3.000000e+00
    endloop
  endfacet
  facet normal 0.000000e+00 0.000000e+00 1.000000e+00
    outer loop
      vertex   -7.521203e+01 1.638521e+01 -3.000000e+00
      vertex   -7.521203e+01 1.338521e+01 -3.000000e+00
      vertex   -7.505311e+01 1.617811e+01 -3.000000e+00
    endloop
  endfacet
  facet normal 0.000000e+00 0.000000e+00 1.000000e+00
    outer loop
      vertex   -7.505311e+01 1.617811e+01 -3.000000e+00
      vertex   -7.521203e+01 1.338521e+01 -3.000000e+00
      vertex   -7.505311e+01 1.359232e+01 -3.000000e+00
    endloop
  endfacet
  facet normal 0.000000e+00 0.000000e+00 1.000000e+00
    outer loop
      vertex   -7.505311e+01 1.617811e+01 -3.000000e+00
      vertex   -7.505311e+01 1.359232e+01 -3.000000e+00
      vertex   -7.484600e+01 1.601919e+01 -3.000000e+00
    endloop
  endfacet
  facet normal 0.000000e+00 0.000000e+00 1.000000e+00
    outer loop
      vertex   -7.484600e+01 1.601919e+01 -3.000000e+00
      vertex   -7.505311e+01 1.359232e+01 -3.000000e+00
      vertex   -7.484600e+01 1.375124e+01 -3.000000e+00
    endloop
  endfacet
  facet normal 0.000000e+00 0.000000e+00 1.000000e+00
    outer loop
      vertex   -7.484600e+01 1.601919e+01 -3.000000e+00
      vertex   -7.484600e+01 1.375124e+01 -3.000000e+00
      vertex   -7.460482e+01 1.591929e+01 -3.000000e+00
    endloop
  endfacet
  facet normal 0.000000e+00 0.000000e+00 1.000000e+00
    outer loop
      vertex   -7.460482e+01 1.591929e+01 -3.000000e+00
      vertex   -7.484600e+01 1.375124e+01 -3.000000e+00
      vertex   -7.460482e+01 1.385114e+01 -3.000000e+00
    endloop
  endfacet
  facet normal 0.000000e+00 0.000000e+00 1.000000e+00
    outer loop
      vertex   -7.460482e+01 1.591929e+01 -3.000000e+00
      vertex   -7.460482e+01 1.385114e+01 -3.000000e+00
      vertex   -7.434600e+01 1.588521e+01 -3.000000e+00
    endloop
  endfacet
  facet normal 0.000000e+00 0.000000e+00 1.000000e+00
    outer loop
      vertex   -7.434600e+01 1.588521e+01 -3.000000e+00
      vertex   -7.460482e+01 1.385114e+01 -3.000000e+00
      vertex   -7.434600e+01 1.388521e+01 -3.000000e+00
    endloop
  endfacet
  facet normal 0.000000e+00 0.000000e+00 1.000000e+00
    outer loop
      vertex   -7.434600e+01 1.588521e+01 -3.000000e+00
      vertex   -7.434600e+01 1.388521e+01 -3.000000e+00
      vertex   6.540000e-01 1.388521e+01 -3.000000e+00
    endloop
  endfacet
  facet normal -0.000000e+00 0.000000e+00 1.000000e+00
    outer loop
      vertex   -7.434600e+01 1.588521e+01 -3.000000e+00
      vertex   6.540000e-01 1.388521e+01 -3.000000e+00
      vertex   6.540000e-01 1.588521e+01 -3.000000e+00
    endloop
  endfacet
  facet normal 0.000000e+00 0.000000e+00 1.000000e+00
    outer loop
      vertex   6.540000e-01 1.588521e+01 -3.000000e+00
      vertex   6.540000e-01 1.388521e+01 -3.000000e+00
      vertex   9.128190e-01 1.385114e+01 -3.000000e+00
    endloop
  endfacet
  facet normal -0.000000e+00 0.000000e+00 1.000000e+00
    outer loop
      vertex   6.540000e-01 1.588521e+01 -3.000000e+00
      vertex   9.128190e-01 1.385114e+01 -3.000000e+00
      vertex   9.128190e-01 1.591929e+01 -3.000000e+00
    endloop
  endfacet
  facet normal 0.000000e+00 0.000000e+00 1.000000e+00
    outer loop
      vertex   9.128190e-01 1.591929e+01 -3.000000e+00
      vertex   9.128190e-01 1.385114e+01 -3.000000e+00
      vertex   1.154000e+00 1.375124e+01 -3.000000e+00
    endloop
  endfacet
  facet normal -0.000000e+00 0.000000e+00 1.000000e+00
    outer loop
      vertex   9.128190e-01 1.591929e+01 -3.000000e+00
      vertex   1.154000e+00 1.375124e+01 -3.000000e+00
      vertex   1.154000e+00 1.601919e+01 -3.000000e+00
    endloop
  endfacet
  facet normal 0.000000e+00 0.000000e+00 1.000000e+00
    outer loop
      vertex   1.154000e+00 1.601919e+01 -3.000000e+00
      vertex   1.154000e+00 1.375124e+01 -3.000000e+00
      vertex   1.361107e+00 1.359232e+01 -3.000000e+00
    endloop
  endfacet
  facet normal -0.000000e+00 0.000000e+00 1.000000e+00
    outer loop
      vertex   1.154000e+00 1.601919e+01 -3.000000e+00
      vertex   1.361107e+00 1.359232e+01 -3.000000e+00
      vertex   1.361107e+00 1.617811e+01 -3.000000e+00
    endloop
  endfacet
  facet normal 0.000000e+00 0.000000e+00 1.000000e+00
    outer loop
      vertex   1.361107e+00 1.617811e+01 -3.000000e+00
      vertex   1.361107e+00 1.359232e+01 -3.000000e+00
      vertex   1.520025e+00 1.338521e+01 -3.000000e+00
    endloop
  endfacet
  facet normal -0.000000e+00 0.000000e+00 1.000000e+00
    outer loop
      vertex   1.361107e+00 1.617811e+01 -3.000000e+00
      vertex   1.520025e+00 1.338521e+01 -3.000000e+00
      vertex   1.520025e+00 1.638521e+01 -3.000000e+00
    endloop
  endfacet
  facet normal -0.000000e+00 0.000000e+00 1.000000e+00
    outer loop
      vertex   1.520025e+00 1.638521e+01 -3.000000e+00
      vertex   1.520025e+00 1.338521e+01 -3.000000e+00
      vertex   8.654000e+00 2.088521e+01 -3.000000e+00
    endloop
  endfacet
  facet normal 0.000000e+00 0.000000e+00 1.000000e+00
    outer loop
      vertex   1.520025e+00 1.638521e+01 -3.000000e+00
      vertex   8.654000e+00 2.088521e+01 -3.000000e+00
      vertex   1.619926e+00 1.662639e+01 -3.000000e+00
    endloop
  endfacet
  facet normal 0.000000e+00 0.000000e+00 1.000000e+00
    outer loop
      vertex   1.619926e+00 1.662639e+01 -3.000000e+00
      vertex   8.654000e+00 2.088521e+01 -3.000000e+00
      vertex   1.654000e+00 1.688521e+01 -3.000000e+00
    endloop
  endfacet
  facet normal 0.000000e+00 -0.000000e+00 1.000000e+00
    outer loop
      vertex   1.654000e+00 1.688521e+01 -3.000000e+00
      vertex   8.654000e+00 2.088521e+01 -3.000000e+00
      vertex   1.619926e+00 1.714403e+01 -3.000000e+00
    endloop
  endfacet
  facet normal 0.000000e+00 -0.000000e+00 1.000000e+00
    outer loop
      vertex   1.619926e+00 1.714403e+01 -3.000000e+00
      vertex   8.654000e+00 2.088521e+01 -3.000000e+00
      vertex   1.520025e+00 1.738521e+01 -3.000000e+00
    endloop
  endfacet
  facet normal 0.000000e+00 -0.000000e+00 1.000000e+00
    outer loop
      vertex   1.520025e+00 1.738521e+01 -3.000000e+00
      vertex   8.654000e+00 2.088521e+01 -3.000000e+00
      vertex   1.361107e+00 1.759232e+01 -3.000000e+00
    endloop
  endfacet
  facet normal 0.000000e+00 0.000000e+00 1.000000e+00
    outer loop
      vertex   1.361107e+00 1.759232e+01 -3.000000e+00
      vertex   8.654000e+00 2.088521e+01 -3.000000e+00
      vertex   1.361107e+00 2.017811e+01 -3.000000e+00
    endloop
  endfacet
  facet normal 0.000000e+00 -0.000000e+00 1.000000e+00
    outer loop
      vertex   1.361107e+00 1.759232e+01 -3.000000e+00
      vertex   1.361107e+00 2.017811e+01 -3.000000e+00
      vertex   1.154000e+00 2.001919e+01 -3.000000e+00
    endloop
  endfacet
  facet normal -0.000000e+00 0.000000e+00 1.000000e+00
    outer loop
      vertex   1.520025e+00 1.338521e+01 -3.000000e+00
      vertex   1.619926e+00 1.314403e+01 -3.000000e+00
      vertex   8.654000e+00 2.088521e+01 -3.000000e+00
    endloop
  endfacet
  facet normal 0.000000e+00 0.000000e+00 1.000000e+00
    outer loop
      vertex   8.654000e+00 2.088521e+01 -3.000000e+00
      vertex   1.619926e+00 1.314403e+01 -3.000000e+00
      vertex   1.654000e+00 1.288521e+01 -3.000000e+00
    endloop
  endfacet
  facet normal 0.000000e+00 0.000000e+00 1.000000e+00
    outer loop
      vertex   8.654000e+00 2.088521e+01 -3.000000e+00
      vertex   1.654000e+00 1.288521e+01 -3.000000e+00
      vertex   1.619926e+00 1.262639e+01 -3.000000e+00
    endloop
  endfacet
  facet normal 0.000000e+00 0.000000e+00 1.000000e+00
    outer loop
      vertex   -8.034600e+01 -1.114786e+00 -3.000000e+00
      vertex   -7.534600e+01 1.688521e+01 -3.000000e+00
      vertex   -7.534600e+01 2.088521e+01 -3.000000e+00
    endloop
  endfacet
  facet normal 0.000000e+00 0.000000e+00 1.000000e+00
    outer loop
      vertex   -7.534600e+01 2.088521e+01 -3.000000e+00
      vertex   -7.534600e+01 1.688521e+01 -3.000000e+00
      vertex   -7.531193e+01 1.714403e+01 -3.000000e+00
    endloop
  endfacet
  facet normal 0.000000e+00 0.000000e+00 1.000000e+00
    outer loop
      vertex   -7.534600e+01 2.088521e+01 -3.000000e+00
      vertex   -7.531193e+01 1.714403e+01 -3.000000e+00
      vertex   -7.531193e+01 2.062639e+01 -3.000000e+00
    endloop
  endfacet
  facet normal 0.000000e+00 0.000000e+00 1.000000e+00
    outer loop
      vertex   -7.531193e+01 2.062639e+01 -3.000000e+00
      vertex   -7.531193e+01 1.714403e+01 -3.000000e+00
      vertex   -7.521203e+01 2.038521e+01 -3.000000e+00
    endloop
  endfacet
  facet normal 0.000000e+00 0.000000e+00 1.000000e+00
    outer loop
      vertex   -7.521203e+01 2.038521e+01 -3.000000e+00
      vertex   -7.531193e+01 1.714403e+01 -3.000000e+00
      vertex   -7.521203e+01 1.738521e+01 -3.000000e+00
    endloop
  endfacet
  facet normal 0.000000e+00 0.000000e+00 1.000000e+00
    outer loop
      vertex   -7.521203e+01 2.038521e+01 -3.000000e+00
      vertex   -7.521203e+01 1.738521e+01 -3.000000e+00
      vertex   -7.505311e+01 2.017811e+01 -3.000000e+00
    endloop
  endfacet
  facet normal 0.000000e+00 0.000000e+00 1.000000e+00
    outer loop
      vertex   -7.505311e+01 2.017811e+01 -3.000000e+00
      vertex   -7.521203e+01 1.738521e+01 -3.000000e+00
      vertex   -7.505311e+01 1.759232e+01 -3.000000e+00
    endloop
  endfacet
  facet normal 0.000000e+00 0.000000e+00 1.000000e+00
    outer loop
      vertex   -7.505311e+01 2.017811e+01 -3.000000e+00
      vertex   -7.505311e+01 1.759232e+01 -3.000000e+00
      vertex   -7.484600e+01 2.001919e+01 -3.000000e+00
    endloop
  endfacet
  facet normal 0.000000e+00 0.000000e+00 1.000000e+00
    outer loop
      vertex   -7.484600e+01 2.001919e+01 -3.000000e+00
      vertex   -7.505311e+01 1.759232e+01 -3.000000e+00
      vertex   -7.484600e+01 1.775124e+01 -3.000000e+00
    endloop
  endfacet
  facet normal 0.000000e+00 0.000000e+00 1.000000e+00
    outer loop
      vertex   -7.484600e+01 2.001919e+01 -3.000000e+00
      vertex   -7.484600e+01 1.775124e+01 -3.000000e+00
      vertex   -7.460482e+01 1.991929e+01 -3.000000e+00
    endloop
  endfacet
  facet normal 0.000000e+00 0.000000e+00 1.000000e+00
    outer loop
      vertex   -7.460482e+01 1.991929e+01 -3.000000e+00
      vertex   -7.484600e+01 1.775124e+01 -3.000000e+00
      vertex   -7.460482e+01 1.785114e+01 -3.000000e+00
    endloop
  endfacet
  facet normal 0.000000e+00 0.000000e+00 1.000000e+00
    outer loop
      vertex   -7.460482e+01 1.991929e+01 -3.000000e+00
      vertex   -7.460482e+01 1.785114e+01 -3.000000e+00
      vertex   -7.434600e+01 1.988521e+01 -3.000000e+00
    endloop
  endfacet
  facet normal 0.000000e+00 0.000000e+00 1.000000e+00
    outer loop
      vertex   -7.434600e+01 1.988521e+01 -3.000000e+00
      vertex   -7.460482e+01 1.785114e+01 -3.000000e+00
      vertex   -7.434600e+01 1.788521e+01 -3.000000e+00
    endloop
  endfacet
  facet normal 0.000000e+00 0.000000e+00 1.000000e+00
    outer loop
      vertex   -7.434600e+01 1.988521e+01 -3.000000e+00
      vertex   -7.434600e+01 1.788521e+01 -3.000000e+00
      vertex   6.540000e-01 1.788521e+01 -3.000000e+00
    endloop
  endfacet
  facet normal -0.000000e+00 0.000000e+00 1.000000e+00
    outer loop
      vertex   -7.434600e+01 1.988521e+01 -3.000000e+00
      vertex   6.540000e-01 1.788521e+01 -3.000000e+00
      vertex   6.540000e-01 1.988521e+01 -3.000000e+00
    endloop
  endfacet
  facet normal 0.000000e+00 0.000000e+00 1.000000e+00
    outer loop
      vertex   6.540000e-01 1.988521e+01 -3.000000e+00
      vertex   6.540000e-01 1.788521e+01 -3.000000e+00
      vertex   9.128190e-01 1.785114e+01 -3.000000e+00
    endloop
  endfacet
  facet normal -0.000000e+00 0.000000e+00 1.000000e+00
    outer loop
      vertex   6.540000e-01 1.988521e+01 -3.000000e+00
      vertex   9.128190e-01 1.785114e+01 -3.000000e+00
      vertex   9.128190e-01 1.991929e+01 -3.000000e+00
    endloop
  endfacet
  facet normal 0.000000e+00 0.000000e+00 1.000000e+00
    outer loop
      vertex   9.128190e-01 1.991929e+01 -3.000000e+00
      vertex   9.128190e-01 1.785114e+01 -3.000000e+00
      vertex   1.154000e+00 1.775124e+01 -3.000000e+00
    endloop
  endfacet
  facet normal -0.000000e+00 0.000000e+00 1.000000e+00
    outer loop
      vertex   9.128190e-01 1.991929e+01 -3.000000e+00
      vertex   1.154000e+00 1.775124e+01 -3.000000e+00
      vertex   1.154000e+00 2.001919e+01 -3.000000e+00
    endloop
  endfacet
  facet normal 0.000000e+00 0.000000e+00 1.000000e+00
    outer loop
      vertex   1.154000e+00 2.001919e+01 -3.000000e+00
      vertex   1.154000e+00 1.775124e+01 -3.000000e+00
      vertex   1.361107e+00 1.759232e+01 -3.000000e+00
    endloop
  endfacet
  facet normal 0.000000e+00 0.000000e+00 1.000000e+00
    outer loop
      vertex   9.128190e-01 3.385114e+01 -3.000000e+00
      vertex   9.128190e-01 3.591929e+01 -3.000000e+00
      vertex   6.540000e-01 3.388521e+01 -3.000000e+00
    endloop
  endfacet
  facet normal 0.000000e+00 -0.000000e+00 1.000000e+00
    outer loop
      vertex   6.540000e-01 3.388521e+01 -3.000000e+00
      vertex   9.128190e-01 3.591929e+01 -3.000000e+00
      vertex   6.540000e-01 3.588521e+01 -3.000000e+00
    endloop
  endfacet
  facet normal 0.000000e+00 0.000000e+00 1.000000e+00
    outer loop
      vertex   6.540000e-01 3.388521e+01 -3.000000e+00
      vertex   6.540000e-01 3.588521e+01 -3.000000e+00
      vertex   -7.434600e+01 3.588521e+01 -3.000000e+00
    endloop
  endfacet
  facet normal -0.000000e+00 0.000000e+00 1.000000e+00
    outer loop
      vertex   9.128190e-01 3.591929e+01 -3.000000e+00
      vertex   9.128190e-01 3.385114e+01 -3.000000e+00
      vertex   1.154000e+00 3.601919e+01 -3.000000e+00
    endloop
  endfacet
  facet normal 0.000000e+00 0.000000e+00 1.000000e+00
    outer loop
      vertex   1.154000e+00 3.601919e+01 -3.000000e+00
      vertex   9.128190e-01 3.385114e+01 -3.000000e+00
      vertex   1.154000e+00 3.375124e+01 -3.000000e+00
    endloop
  endfacet
  facet normal -0.000000e+00 0.000000e+00 1.000000e+00
    outer loop
      vertex   1.154000e+00 3.601919e+01 -3.000000e+00
      vertex   1.154000e+00 3.375124e+01 -3.000000e+00
      vertex   1.361107e+00 3.617811e+01 -3.000000e+00
    endloop
  endfacet
  facet normal 0.000000e+00 0.000000e+00 1.000000e+00
    outer loop
      vertex   1.361107e+00 3.617811e+01 -3.000000e+00
      vertex   1.154000e+00 3.375124e+01 -3.000000e+00
      vertex   1.361107e+00 3.359232e+01 -3.000000e+00
    endloop
  endfacet
  facet normal 0.000000e+00 0.000000e+00 1.000000e+00
    outer loop
      vertex   1.361107e+00 3.617811e+01 -3.000000e+00
      vertex   1.361107e+00 3.359232e+01 -3.000000e+00
      vertex   8.654000e+00 3.288521e+01 -3.000000e+00
    endloop
  endfacet
  facet normal 0.000000e+00 0.000000e+00 1.000000e+00
    outer loop
      vertex   8.654000e+00 3.288521e+01 -3.000000e+00
      vertex   1.361107e+00 3.359232e+01 -3.000000e+00
      vertex   1.520025e+00 3.338521e+01 -3.000000e+00
    endloop
  endfacet
  facet normal 0.000000e+00 0.000000e+00 1.000000e+00
    outer loop
      vertex   8.654000e+00 3.288521e+01 -3.000000e+00
      vertex   1.520025e+00 3.338521e+01 -3.000000e+00
      vertex   1.619926e+00 3.314403e+01 -3.000000e+00
    endloop
  endfacet
  facet normal 0.000000e+00 0.000000e+00 1.000000e+00
    outer loop
      vertex   1.619926e+00 3.314403e+01 -3.000000e+00
      vertex   1.654000e+00 3.288521e+01 -3.000000e+00
      vertex   8.654000e+00 3.288521e+01 -3.000000e+00
    endloop
  endfacet
  facet normal 0.000000e+00 0.000000e+00 1.000000e+00
    outer loop
      vertex   8.654000e+00 3.288521e+01 -3.000000e+00
      vertex   1.654000e+00 3.288521e+01 -3.000000e+00
      vertex   1.619926e+00 3.262639e+01 -3.000000e+00
    endloop
  endfacet
  facet normal 0.000000e+00 0.000000e+00 1.000000e+00
    outer loop
      vertex   8.654000e+00 3.288521e+01 -3.000000e+00
      vertex   1.619926e+00 3.262639e+01 -3.000000e+00
      vertex   1.520025e+00 3.238521e+01 -3.000000e+00
    endloop
  endfacet
  facet normal -0.000000e+00 0.000000e+00 1.000000e+00
    outer loop
      vertex   1.520025e+00 3.238521e+01 -3.000000e+00
      vertex   1.361107e+00 3.217811e+01 -3.000000e+00
      vertex   8.654000e+00 3.288521e+01 -3.000000e+00
    endloop
  endfacet
  facet normal -0.000000e+00 0.000000e+00 1.000000e+00
    outer loop
      vertex   -7.434600e+01 3.988521e+01 -3.000000e+00
      vertex   6.540000e-01 3.788521e+01 -3.000000e+00
      vertex   6.540000e-01 3.988521e+01 -3.000000e+00
    endloop
  endfacet
  facet normal 0.000000e+00 0.000000e+00 1.000000e+00
    outer loop
      vertex   6.540000e-01 3.988521e+01 -3.000000e+00
      vertex   6.540000e-01 3.788521e+01 -3.000000e+00
      vertex   9.128190e-01 3.785114e+01 -3.000000e+00
    endloop
  endfacet
  facet normal -0.000000e+00 0.000000e+00 1.000000e+00
    outer loop
      vertex   6.540000e-01 3.988521e+01 -3.000000e+00
      vertex   9.128190e-01 3.785114e+01 -3.000000e+00
      vertex   9.128190e-01 3.991929e+01 -3.000000e+00
    endloop
  endfacet
  facet normal 0.000000e+00 0.000000e+00 1.000000e+00
    outer loop
      vertex   9.128190e-01 3.991929e+01 -3.000000e+00
      vertex   9.128190e-01 3.785114e+01 -3.000000e+00
      vertex   1.154000e+00 3.775124e+01 -3.000000e+00
    endloop
  endfacet
  facet normal -0.000000e+00 0.000000e+00 1.000000e+00
    outer loop
      vertex   9.128190e-01 3.991929e+01 -3.000000e+00
      vertex   1.154000e+00 3.775124e+01 -3.000000e+00
      vertex   1.154000e+00 4.001919e+01 -3.000000e+00
    endloop
  endfacet
  facet normal -0.000000e+00 0.000000e+00 1.000000e+00
    outer loop
      vertex   1.154000e+00 4.001919e+01 -3.000000e+00
      vertex   1.154000e+00 3.775124e+01 -3.000000e+00
      vertex   1.361107e+00 4.017811e+01 -3.000000e+00
    endloop
  endfacet
  facet normal 0.000000e+00 0.000000e+00 1.000000e+00
    outer loop
      vertex   1.361107e+00 4.017811e+01 -3.000000e+00
      vertex   1.154000e+00 3.775124e+01 -3.000000e+00
      vertex   1.361107e+00 3.759232e+01 -3.000000e+00
    endloop
  endfacet
  facet normal -0.000000e+00 0.000000e+00 1.000000e+00
    outer loop
      vertex   1.361107e+00 4.017811e+01 -3.000000e+00
      vertex   1.361107e+00 3.759232e+01 -3.000000e+00
      vertex   1.520025e+00 4.038521e+01 -3.000000e+00
    endloop
  endfacet
  facet normal 0.000000e+00 0.000000e+00 1.000000e+00
    outer loop
      vertex   1.520025e+00 4.038521e+01 -3.000000e+00
      vertex   1.361107e+00 3.759232e+01 -3.000000e+00
      vertex   1.520025e+00 3.738521e+01 -3.000000e+00
    endloop
  endfacet
  facet normal 0.000000e+00 0.000000e+00 1.000000e+00
    outer loop
      vertex   1.520025e+00 4.038521e+01 -3.000000e+00
      vertex   1.520025e+00 3.738521e+01 -3.000000e+00
      vertex   8.654000e+00 3.288521e+01 -3.000000e+00
    endloop
  endfacet
  facet normal 0.000000e+00 0.000000e+00 1.000000e+00
    outer loop
      vertex   8.654000e+00 3.288521e+01 -3.000000e+00
      vertex   1.520025e+00 3.738521e+01 -3.000000e+00
      vertex   1.619926e+00 3.714403e+01 -3.000000e+00
    endloop
  endfacet
  facet normal 0.000000e+00 0.000000e+00 1.000000e+00
    outer loop
      vertex   8.654000e+00 3.288521e+01 -3.000000e+00
      vertex   1.619926e+00 3.714403e+01 -3.000000e+00
      vertex   1.654000e+00 3.688521e+01 -3.000000e+00
    endloop
  endfacet
  facet normal 0.000000e+00 0.000000e+00 1.000000e+00
    outer loop
      vertex   -7.460482e+01 3.991929e+01 -3.000000e+00
      vertex   -7.460482e+01 3.785114e+01 -3.000000e+00
      vertex   -7.434600e+01 3.988521e+01 -3.000000e+00
    endloop
  endfacet
  facet normal 0.000000e+00 0.000000e+00 1.000000e+00
    outer loop
      vertex   -7.434600e+01 3.988521e+01 -3.000000e+00
      vertex   -7.460482e+01 3.785114e+01 -3.000000e+00
      vertex   -7.434600e+01 3.788521e+01 -3.000000e+00
    endloop
  endfacet
  facet normal 0.000000e+00 0.000000e+00 1.000000e+00
    outer loop
      vertex   -7.434600e+01 3.988521e+01 -3.000000e+00
      vertex   -7.434600e+01 3.788521e+01 -3.000000e+00
      vertex   6.540000e-01 3.788521e+01 -3.000000e+00
    endloop
  endfacet
  facet normal 0.000000e+00 -0.000000e+00 1.000000e+00
    outer loop
      vertex   -7.460482e+01 3.785114e+01 -3.000000e+00
      vertex   -7.460482e+01 3.991929e+01 -3.000000e+00
      vertex   -7.484600e+01 3.775124e+01 -3.000000e+00
    endloop
  endfacet
  facet normal 0.000000e+00 0.000000e+00 1.000000e+00
    outer loop
      vertex   -7.484600e+01 3.775124e+01 -3.000000e+00
      vertex   -7.460482e+01 3.991929e+01 -3.000000e+00
      vertex   -7.484600e+01 4.001919e+01 -3.000000e+00
    endloop
  endfacet
  facet normal 0.000000e+00 -0.000000e+00 1.000000e+00
    outer loop
      vertex   -7.484600e+01 3.775124e+01 -3.000000e+00
      vertex   -7.484600e+01 4.001919e+01 -3.000000e+00
      vertex   -7.505311e+01 3.759232e+01 -3.000000e+00
    endloop
  endfacet
  facet normal 0.000000e+00 0.000000e+00 1.000000e+00
    outer loop
      vertex   -7.505311e+01 3.759232e+01 -3.000000e+00
      vertex   -7.484600e+01 4.001919e+01 -3.000000e+00
      vertex   -7.505311e+01 4.017811e+01 -3.000000e+00
    endloop
  endfacet
  facet normal 0.000000e+00 -0.000000e+00 1.000000e+00
    outer loop
      vertex   -7.505311e+01 3.759232e+01 -3.000000e+00
      vertex   -7.505311e+01 4.017811e+01 -3.000000e+00
      vertex   -7.521203e+01 3.738521e+01 -3.000000e+00
    endloop
  endfacet
  facet normal 0.000000e+00 0.000000e+00 1.000000e+00
    outer loop
      vertex   -7.521203e+01 3.738521e+01 -3.000000e+00
      vertex   -7.505311e+01 4.017811e+01 -3.000000e+00
      vertex   -7.521203e+01 4.038521e+01 -3.000000e+00
    endloop
  endfacet
  facet normal 0.000000e+00 -0.000000e+00 1.000000e+00
    outer loop
      vertex   -7.521203e+01 3.738521e+01 -3.000000e+00
      vertex   -7.521203e+01 4.038521e+01 -3.000000e+00
      vertex   -7.531193e+01 3.714403e+01 -3.000000e+00
    endloop
  endfacet
  facet normal 0.000000e+00 0.000000e+00 1.000000e+00
    outer loop
      vertex   -7.531193e+01 3.714403e+01 -3.000000e+00
      vertex   -7.521203e+01 4.038521e+01 -3.000000e+00
      vertex   -7.531193e+01 4.062639e+01 -3.000000e+00
    endloop
  endfacet
  facet normal 0.000000e+00 -0.000000e+00 1.000000e+00
    outer loop
      vertex   -7.531193e+01 3.714403e+01 -3.000000e+00
      vertex   -7.531193e+01 4.062639e+01 -3.000000e+00
      vertex   -7.534600e+01 3.688521e+01 -3.000000e+00
    endloop
  endfacet
  facet normal 0.000000e+00 0.000000e+00 1.000000e+00
    outer loop
      vertex   -7.534600e+01 3.688521e+01 -3.000000e+00
      vertex   -7.531193e+01 4.062639e+01 -3.000000e+00
      vertex   -7.534600e+01 4.088521e+01 -3.000000e+00
    endloop
  endfacet
  facet normal 0.000000e+00 -0.000000e+00 1.000000e+00
    outer loop
      vertex   -7.534600e+01 3.688521e+01 -3.000000e+00
      vertex   -7.534600e+01 4.088521e+01 -3.000000e+00
      vertex   -8.034600e+01 5.688521e+01 -3.000000e+00
    endloop
  endfacet
  facet normal 0.000000e+00 0.000000e+00 1.000000e+00
    outer loop
      vertex   1.619926e+00 4.062639e+01 -3.000000e+00
      vertex   1.520025e+00 4.038521e+01 -3.000000e+00
      vertex   8.654000e+00 3.288521e+01 -3.000000e+00
    endloop
  endfacet
  facet normal 0.000000e+00 0.000000e+00 1.000000e+00
    outer loop
      vertex   9.128190e-01 2.391929e+01 -3.000000e+00
      vertex   6.540000e-01 2.388521e+01 -3.000000e+00
      vertex   6.540000e-01 2.188521e+01 -3.000000e+00
    endloop
  endfacet
  facet normal 0.000000e+00 0.000000e+00 1.000000e+00
    outer loop
      vertex   6.540000e-01 2.188521e+01 -3.000000e+00
      vertex   6.540000e-01 2.388521e+01 -3.000000e+00
      vertex   -7.434600e+01 2.388521e+01 -3.000000e+00
    endloop
  endfacet
  facet normal 0.000000e+00 0.000000e+00 1.000000e+00
    outer loop
      vertex   6.540000e-01 2.188521e+01 -3.000000e+00
      vertex   -7.434600e+01 2.388521e+01 -3.000000e+00
      vertex   -7.434600e+01 2.188521e+01 -3.000000e+00
    endloop
  endfacet
  facet normal 0.000000e+00 -0.000000e+00 1.000000e+00
    outer loop
      vertex   -7.434600e+01 2.188521e+01 -3.000000e+00
      vertex   -7.434600e+01 2.388521e+01 -3.000000e+00
      vertex   -7.460482e+01 2.185114e+01 -3.000000e+00
    endloop
  endfacet
  facet normal 0.000000e+00 0.000000e+00 1.000000e+00
    outer loop
      vertex   -7.460482e+01 2.185114e+01 -3.000000e+00
      vertex   -7.434600e+01 2.388521e+01 -3.000000e+00
      vertex   -7.460482e+01 2.391929e+01 -3.000000e+00
    endloop
  endfacet
  facet normal 0.000000e+00 -0.000000e+00 1.000000e+00
    outer loop
      vertex   -7.460482e+01 2.185114e+01 -3.000000e+00
      vertex   -7.460482e+01 2.391929e+01 -3.000000e+00
      vertex   -7.484600e+01 2.175124e+01 -3.000000e+00
    endloop
  endfacet
  facet normal 0.000000e+00 0.000000e+00 1.000000e+00
    outer loop
      vertex   -7.484600e+01 2.175124e+01 -3.000000e+00
      vertex   -7.460482e+01 2.391929e+01 -3.000000e+00
      vertex   -7.484600e+01 2.401919e+01 -3.000000e+00
    endloop
  endfacet
  facet normal 0.000000e+00 -0.000000e+00 1.000000e+00
    outer loop
      vertex   -7.484600e+01 2.175124e+01 -3.000000e+00
      vertex   -7.484600e+01 2.401919e+01 -3.000000e+00
      vertex   -7.505311e+01 2.159232e+01 -3.000000e+00
    endloop
  endfacet
  facet normal 0.000000e+00 0.000000e+00 1.000000e+00
    outer loop
      vertex   -7.505311e+01 2.159232e+01 -3.000000e+00
      vertex   -7.484600e+01 2.401919e+01 -3.000000e+00
      vertex   -7.505311e+01 2.417811e+01 -3.000000e+00
    endloop
  endfacet
  facet normal 0.000000e+00 -0.000000e+00 1.000000e+00
    outer loop
      vertex   -7.505311e+01 2.159232e+01 -3.000000e+00
      vertex   -7.505311e+01 2.417811e+01 -3.000000e+00
      vertex   -7.521203e+01 2.138521e+01 -3.000000e+00
    endloop
  endfacet
  facet normal 0.000000e+00 0.000000e+00 1.000000e+00
    outer loop
      vertex   -7.521203e+01 2.138521e+01 -3.000000e+00
      vertex   -7.505311e+01 2.417811e+01 -3.000000e+00
      vertex   -7.521203e+01 2.438521e+01 -3.000000e+00
    endloop
  endfacet
  facet normal 0.000000e+00 -0.000000e+00 1.000000e+00
    outer loop
      vertex   -7.521203e+01 2.138521e+01 -3.000000e+00
      vertex   -7.521203e+01 2.438521e+01 -3.000000e+00
      vertex   -7.531193e+01 2.114403e+01 -3.000000e+00
    endloop
  endfacet
  facet normal 0.000000e+00 0.000000e+00 1.000000e+00
    outer loop
      vertex   -7.531193e+01 2.114403e+01 -3.000000e+00
      vertex   -7.521203e+01 2.438521e+01 -3.000000e+00
      vertex   -7.531193e+01 2.462639e+01 -3.000000e+00
    endloop
  endfacet
  facet normal 0.000000e+00 -0.000000e+00 1.000000e+00
    outer loop
      vertex   -7.531193e+01 2.114403e+01 -3.000000e+00
      vertex   -7.531193e+01 2.462639e+01 -3.000000e+00
      vertex   -7.534600e+01 2.488521e+01 -3.000000e+00
    endloop
  endfacet
  facet normal 0.000000e+00 0.000000e+00 1.000000e+00
    outer loop
      vertex   -7.531193e+01 2.514403e+01 -3.000000e+00
      vertex   -7.534600e+01 2.888521e+01 -3.000000e+00
      vertex   -7.534600e+01 2.488521e+01 -3.000000e+00
    endloop
  endfacet
  facet normal 0.000000e+00 -0.000000e+00 1.000000e+00
    outer loop
      vertex   -7.534600e+01 2.488521e+01 -3.000000e+00
      vertex   -7.534600e+01 2.888521e+01 -3.000000e+00
      vertex   -8.034600e+01 -1.114786e+00 -3.000000e+00
    endloop
  endfacet
  facet normal 0.000000e+00 0.000000e+00 1.000000e+00
    outer loop
      vertex   -7.534600e+01 2.488521e+01 -3.000000e+00
      vertex   -8.034600e+01 -1.114786e+00 -3.000000e+00
      vertex   -7.534600e+01 2.088521e+01 -3.000000e+00
    endloop
  endfacet
  facet normal 0.000000e+00 0.000000e+00 1.000000e+00
    outer loop
      vertex   1.619926e+00 2.462639e+01 -3.000000e+00
      vertex   1.520025e+00 2.438521e+01 -3.000000e+00
      vertex   8.654000e+00 2.088521e+01 -3.000000e+00
    endloop
  endfacet
  facet normal 0.000000e+00 0.000000e+00 1.000000e+00
    outer loop
      vertex   8.654000e+00 2.088521e+01 -3.000000e+00
      vertex   1.520025e+00 2.438521e+01 -3.000000e+00
      vertex   1.361107e+00 2.417811e+01 -3.000000e+00
    endloop
  endfacet
  facet normal 0.000000e+00 0.000000e+00 1.000000e+00
    outer loop
      vertex   8.654000e+00 2.088521e+01 -3.000000e+00
      vertex   1.361107e+00 2.417811e+01 -3.000000e+00
      vertex   1.361107e+00 2.159232e+01 -3.000000e+00
    endloop
  endfacet
  facet normal 0.000000e+00 -0.000000e+00 1.000000e+00
    outer loop
      vertex   1.361107e+00 2.159232e+01 -3.000000e+00
      vertex   1.361107e+00 2.417811e+01 -3.000000e+00
      vertex   1.154000e+00 2.175124e+01 -3.000000e+00
    endloop
  endfacet
  facet normal 0.000000e+00 0.000000e+00 1.000000e+00
    outer loop
      vertex   1.154000e+00 2.175124e+01 -3.000000e+00
      vertex   1.361107e+00 2.417811e+01 -3.000000e+00
      vertex   1.154000e+00 2.401919e+01 -3.000000e+00
    endloop
  endfacet
  facet normal 0.000000e+00 -0.000000e+00 1.000000e+00
    outer loop
      vertex   1.154000e+00 2.175124e+01 -3.000000e+00
      vertex   1.154000e+00 2.401919e+01 -3.000000e+00
      vertex   9.128190e-01 2.185114e+01 -3.000000e+00
    endloop
  endfacet
  facet normal 0.000000e+00 -0.000000e+00 1.000000e+00
    outer loop
      vertex   9.128190e-01 2.185114e+01 -3.000000e+00
      vertex   1.154000e+00 2.401919e+01 -3.000000e+00
      vertex   9.128190e-01 2.391929e+01 -3.000000e+00
    endloop
  endfacet
  facet normal 0.000000e+00 0.000000e+00 1.000000e+00
    outer loop
      vertex   9.128190e-01 2.185114e+01 -3.000000e+00
      vertex   9.128190e-01 2.391929e+01 -3.000000e+00
      vertex   6.540000e-01 2.188521e+01 -3.000000e+00
    endloop
  endfacet
  facet normal 0.000000e+00 0.000000e+00 1.000000e+00
    outer loop
      vertex   -7.534600e+01 2.088521e+01 -3.000000e+00
      vertex   -7.531193e+01 2.114403e+01 -3.000000e+00
      vertex   -7.534600e+01 2.488521e+01 -3.000000e+00
    endloop
  endfacet
  facet normal 0.000000e+00 0.000000e+00 1.000000e+00
    outer loop
      vertex   1.361107e+00 2.159232e+01 -3.000000e+00
      vertex   1.520025e+00 2.138521e+01 -3.000000e+00
      vertex   8.654000e+00 2.088521e+01 -3.000000e+00
    endloop
  endfacet
  facet normal 0.000000e+00 0.000000e+00 1.000000e+00
    outer loop
      vertex   8.654000e+00 2.088521e+01 -3.000000e+00
      vertex   1.520025e+00 2.138521e+01 -3.000000e+00
      vertex   1.619926e+00 2.114403e+01 -3.000000e+00
    endloop
  endfacet
  facet normal 0.000000e+00 0.000000e+00 1.000000e+00
    outer loop
      vertex   8.654000e+00 2.088521e+01 -3.000000e+00
      vertex   1.619926e+00 2.114403e+01 -3.000000e+00
      vertex   1.654000e+00 2.088521e+01 -3.000000e+00
    endloop
  endfacet
  facet normal 0.000000e+00 0.000000e+00 1.000000e+00
    outer loop
      vertex   1.654000e+00 2.088521e+01 -3.000000e+00
      vertex   1.619926e+00 2.062639e+01 -3.000000e+00
      vertex   8.654000e+00 2.088521e+01 -3.000000e+00
    endloop
  endfacet
  facet normal 0.000000e+00 0.000000e+00 1.000000e+00
    outer loop
      vertex   8.654000e+00 2.088521e+01 -3.000000e+00
      vertex   1.619926e+00 2.062639e+01 -3.000000e+00
      vertex   1.520025e+00 2.038521e+01 -3.000000e+00
    endloop
  endfacet
  facet normal 0.000000e+00 0.000000e+00 1.000000e+00
    outer loop
      vertex   8.654000e+00 2.088521e+01 -3.000000e+00
      vertex   1.520025e+00 2.038521e+01 -3.000000e+00
      vertex   1.361107e+00 2.017811e+01 -3.000000e+00
    endloop
  endfacet
  facet normal 0.000000e+00 0.000000e+00 1.000000e+00
    outer loop
      vertex   1.654000e+00 3.688521e+01 -3.000000e+00
      vertex   1.619926e+00 3.662639e+01 -3.000000e+00
      vertex   8.654000e+00 3.288521e+01 -3.000000e+00
    endloop
  endfacet
  facet normal 0.000000e+00 0.000000e+00 1.000000e+00
    outer loop
      vertex   8.654000e+00 3.288521e+01 -3.000000e+00
      vertex   1.619926e+00 3.662639e+01 -3.000000e+00
      vertex   1.520025e+00 3.638521e+01 -3.000000e+00
    endloop
  endfacet
  facet normal 0.000000e+00 0.000000e+00 1.000000e+00
    outer loop
      vertex   8.654000e+00 3.288521e+01 -3.000000e+00
      vertex   1.520025e+00 3.638521e+01 -3.000000e+00
      vertex   1.361107e+00 3.617811e+01 -3.000000e+00
    endloop
  endfacet
  facet normal 0.000000e+00 -1.000000e+00 -0.000000e+00
    outer loop
      vertex   8.654000e+00 -1.114786e+00 8.031000e+00
      vertex   8.654000e+00 -1.114786e+00 -3.000000e+00
      vertex   9.654000e+00 -1.114786e+00 8.031000e+00
    endloop
  endfacet
  facet normal 0.000000e+00 -1.000000e+00 -0.000000e+00
    outer loop
      vertex   9.654000e+00 -1.114786e+00 8.031000e+00
      vertex   8.654000e+00 -1.114786e+00 -3.000000e+00
      vertex   9.654000e+00 -1.114786e+00 -4.000000e+00
    endloop
  endfacet
  facet normal 9.979533e-17 -1.000000e+00 9.979533e-17
    outer loop
      vertex   9.654000e+00 -1.114786e+00 -4.000000e+00
      vertex   8.654000e+00 -1.114786e+00 -3.000000e+00
      vertex   -8.034600e+01 -1.114786e+00 -3.000000e+00
    endloop
  endfacet
  facet normal 9.760202e-17 -1.000000e+00 -9.760202e-17
    outer loop
      vertex   9.654000e+00 -1.114786e+00 -4.000000e+00
      vertex   -8.034600e+01 -1.114786e+00 -3.000000e+00
      vertex   -8.134600e+01 -1.114786e+00 -4.000000e+00
    endloop
  endfacet
  facet normal 0.000000e+00 -1.000000e+00 0.000000e+00
    outer loop
      vertex   -8.134600e+01 -1.114786e+00 -4.000000e+00
      vertex   -8.034600e+01 -1.114786e+00 -3.000000e+00
      vertex   -8.134600e+01 -1.114786e+00 8.031000e+00
    endloop
  endfacet
  facet normal 0.000000e+00 -1.000000e+00 0.000000e+00
    outer loop
      vertex   -8.134600e+01 -1.114786e+00 8.031000e+00
      vertex   -8.034600e+01 -1.114786e+00 -3.000000e+00
      vertex   -8.034600e+01 -1.114786e+00 8.031000e+00
    endloop
  endfacet
  facet normal 1.000000e+00 0.000000e+00 -8.359326e-16
    outer loop
      vertex   9.654000e+00 3.288521e+01 -1.250000e+00
      vertex   9.654000e+00 4.083521e+01 3.000000e+00
      vertex   9.654000e+00 2.088521e+01 -1.250000e+00
    endloop
  endfacet
  facet normal 1.000000e+00 -2.266982e-16 2.282154e-16
    outer loop
      vertex   9.654000e+00 2.088521e+01 -1.250000e+00
      vertex   9.654000e+00 4.083521e+01 3.000000e+00
      vertex   9.654000e+00 -1.114786e+00 8.031000e+00
    endloop
  endfacet
  facet normal 1.000000e+00 -3.229740e-16 0.000000e+00
    outer loop
      vertex   9.654000e+00 2.088521e+01 -1.250000e+00
      vertex   9.654000e+00 -1.114786e+00 8.031000e+00
      vertex   9.654000e+00 -1.114786e+00 -4.000000e+00
    endloop
  endfacet
  facet normal 1.000000e+00 -4.468822e-16 0.000000e+00
    outer loop
      vertex   9.654000e+00 4.083521e+01 3.000000e+00
      vertex   9.654000e+00 3.288521e+01 -1.250000e+00
      vertex   9.654000e+00 4.083521e+01 0.000000e+00
    endloop
  endfacet
  facet normal 1.000000e+00 -4.468822e-16 0.000000e+00
    outer loop
      vertex   9.654000e+00 4.083521e+01 0.000000e+00
      vertex   9.654000e+00 3.288521e+01 -1.250000e+00
      vertex   9.654000e+00 3.288521e+01 -3.000000e+00
    endloop
  endfacet
  facet normal 1.000000e+00 0.000000e+00 -1.184238e-15
    outer loop
      vertex   9.654000e+00 4.083521e+01 0.000000e+00
      vertex   9.654000e+00 3.288521e+01 -3.000000e+00
      vertex   9.654000e+00 4.903521e+01 0.000000e+00
    endloop
  endfacet
  facet normal 1.000000e+00 -3.897656e-16 9.140004e-16
    outer loop
      vertex   9.654000e+00 4.903521e+01 0.000000e+00
      vertex   9.654000e+00 3.288521e+01 -3.000000e+00
      vertex   9.654000e+00 5.788521e+01 -4.000000e+00
    endloop
  endfacet
  facet normal 1.000000e+00 -8.028731e-16 0.000000e+00
    outer loop
      vertex   9.654000e+00 4.903521e+01 0.000000e+00
      vertex   9.654000e+00 5.788521e+01 -4.000000e+00
      vertex   9.654000e+00 4.903521e+01 3.000000e+00
    endloop
  endfacet
  facet normal 1.000000e+00 -8.028731e-16 0.000000e+00
    outer loop
      vertex   9.654000e+00 4.903521e+01 3.000000e+00
      vertex   9.654000e+00 5.788521e+01 -4.000000e+00
      vertex   9.654000e+00 5.788521e+01 8.031000e+00
    endloop
  endfacet
  facet normal 1.000000e+00 0.000000e+00 -1.412329e-15
    outer loop
      vertex   9.654000e+00 4.903521e+01 3.000000e+00
      vertex   9.654000e+00 5.788521e+01 8.031000e+00
      vertex   9.654000e+00 4.083521e+01 3.000000e+00
    endloop
  endfacet
  facet normal 1.000000e+00 -3.010774e-16 -3.919812e-16
    outer loop
      vertex   9.654000e+00 4.083521e+01 3.000000e+00
      vertex   9.654000e+00 5.788521e+01 8.031000e+00
      vertex   9.654000e+00 -1.114786e+00 8.031000e+00
    endloop
  endfacet
  facet normal 1.000000e+00 -3.010774e-16 3.131205e-15
    outer loop
      vertex   9.654000e+00 5.788521e+01 -4.000000e+00
      vertex   9.654000e+00 3.288521e+01 -3.000000e+00
      vertex   9.654000e+00 -1.114786e+00 -4.000000e+00
    endloop
  endfacet
  facet normal 1.000000e+00 0.000000e+00 -7.105427e-15
    outer loop
      vertex   9.654000e+00 -1.114786e+00 -4.000000e+00
      vertex   9.654000e+00 3.288521e+01 -3.000000e+00
      vertex   9.654000e+00 2.088521e+01 -3.000000e+00
    endloop
  endfacet
  facet normal 1.000000e+00 -3.229740e-16 0.000000e+00
    outer loop
      vertex   9.654000e+00 -1.114786e+00 -4.000000e+00
      vertex   9.654000e+00 2.088521e+01 -3.000000e+00
      vertex   9.654000e+00 2.088521e+01 -1.250000e+00
    endloop
  endfacet
  facet normal 0.000000e+00 1.000000e+00 0.000000e+00
    outer loop
      vertex   -1.579600e+01 5.788521e+01 0.000000e+00
      vertex   9.654000e+00 5.788521e+01 -4.000000e+00
      vertex   -3.639600e+01 5.788521e+01 0.000000e+00
    endloop
  endfacet
  facet normal 0.000000e+00 1.000000e+00 0.000000e+00
    outer loop
      vertex   -3.639600e+01 5.788521e+01 0.000000e+00
      vertex   9.654000e+00 5.788521e+01 -4.000000e+00
      vertex   -8.134600e+01 5.788521e+01 -4.000000e+00
    endloop
  endfacet
  facet normal 0.000000e+00 1.000000e+00 0.000000e+00
    outer loop
      vertex   -3.639600e+01 5.788521e+01 0.000000e+00
      vertex   -8.134600e+01 5.788521e+01 -4.000000e+00
      vertex   -4.364600e+01 5.788521e+01 0.000000e+00
    endloop
  endfacet
  facet normal 0.000000e+00 1.000000e+00 0.000000e+00
    outer loop
      vertex   -4.364600e+01 5.788521e+01 0.000000e+00
      vertex   -8.134600e+01 5.788521e+01 -4.000000e+00
      vertex   -5.104600e+01 5.788521e+01 0.000000e+00
    endloop
  endfacet
  facet normal 0.000000e+00 1.000000e+00 0.000000e+00
    outer loop
      vertex   -5.104600e+01 5.788521e+01 0.000000e+00
      vertex   -8.134600e+01 5.788521e+01 -4.000000e+00
      vertex   -8.134600e+01 5.788521e+01 8.031000e+00
    endloop
  endfacet
  facet normal 0.000000e+00 1.000000e+00 -0.000000e+00
    outer loop
      vertex   -5.104600e+01 5.788521e+01 0.000000e+00
      vertex   -8.134600e+01 5.788521e+01 8.031000e+00
      vertex   -5.104600e+01 5.788521e+01 6.500000e+00
    endloop
  endfacet
  facet normal 0.000000e+00 1.000000e+00 -0.000000e+00
    outer loop
      vertex   -5.104600e+01 5.788521e+01 6.500000e+00
      vertex   -8.134600e+01 5.788521e+01 8.031000e+00
      vertex   -4.364600e+01 5.788521e+01 6.500000e+00
    endloop
  endfacet
  facet normal 0.000000e+00 1.000000e+00 -0.000000e+00
    outer loop
      vertex   -4.364600e+01 5.788521e+01 6.500000e+00
      vertex   -8.134600e+01 5.788521e+01 8.031000e+00
      vertex   9.654000e+00 5.788521e+01 8.031000e+00
    endloop
  endfacet
  facet normal -0.000000e+00 1.000000e+00 0.000000e+00
    outer loop
      vertex   -4.364600e+01 5.788521e+01 6.500000e+00
      vertex   9.654000e+00 5.788521e+01 8.031000e+00
      vertex   -1.579600e+01 5.788521e+01 3.500000e+00
    endloop
  endfacet
  facet normal 0.000000e+00 1.000000e+00 0.000000e+00
    outer loop
      vertex   -1.579600e+01 5.788521e+01 3.500000e+00
      vertex   9.654000e+00 5.788521e+01 8.031000e+00
      vertex   -9.596000e+00 5.788521e+01 3.500000e+00
    endloop
  endfacet
  facet normal -0.000000e+00 1.000000e+00 0.000000e+00
    outer loop
      vertex   -1.579600e+01 5.788521e+01 3.500000e+00
      vertex   -9.596000e+00 5.788521e+01 3.500000e+00
      vertex   -1.579600e+01 5.788521e+01 0.000000e+00
    endloop
  endfacet
  facet normal 0.000000e+00 1.000000e+00 0.000000e+00
    outer loop
      vertex   -1.579600e+01 5.788521e+01 0.000000e+00
      vertex   -9.596000e+00 5.788521e+01 3.500000e+00
      vertex   -9.596000e+00 5.788521e+01 0.000000e+00
    endloop
  endfacet
  facet normal -0.000000e+00 1.000000e+00 0.000000e+00
    outer loop
      vertex   -1.579600e+01 5.788521e+01 0.000000e+00
      vertex   -9.596000e+00 5.788521e+01 0.000000e+00
      vertex   9.654000e+00 5.788521e+01 -4.000000e+00
    endloop
  endfacet
  facet normal 0.000000e+00 1.000000e+00 0.000000e+00
    outer loop
      vertex   9.654000e+00 5.788521e+01 -4.000000e+00
      vertex   -9.596000e+00 5.788521e+01 0.000000e+00
      vertex   4.040000e-01 5.788521e+01 0.000000e+00
    endloop
  endfacet
  facet normal 0.000000e+00 1.000000e+00 0.000000e+00
    outer loop
      vertex   9.654000e+00 5.788521e+01 -4.000000e+00
      vertex   4.040000e-01 5.788521e+01 0.000000e+00
      vertex   4.040000e-01 5.788521e+01 3.500000e+00
    endloop
  endfacet
  facet normal 0.000000e+00 1.000000e+00 0.000000e+00
    outer loop
      vertex   -1.579600e+01 5.788521e+01 3.500000e+00
      vertex   -3.639600e+01 5.788521e+01 3.500000e+00
      vertex   -4.364600e+01 5.788521e+01 6.500000e+00
    endloop
  endfacet
  facet normal 0.000000e+00 1.000000e+00 0.000000e+00
    outer loop
      vertex   -4.364600e+01 5.788521e+01 6.500000e+00
      vertex   -3.639600e+01 5.788521e+01 3.500000e+00
      vertex   -4.364600e+01 5.788521e+01 0.000000e+00
    endloop
  endfacet
  facet normal 0.000000e+00 1.000000e+00 0.000000e+00
    outer loop
      vertex   -4.364600e+01 5.788521e+01 0.000000e+00
      vertex   -3.639600e+01 5.788521e+01 3.500000e+00
      vertex   -3.639600e+01 5.788521e+01 0.000000e+00
    endloop
  endfacet
  facet normal 0.000000e+00 1.000000e+00 -0.000000e+00
    outer loop
      vertex   9.654000e+00 5.788521e+01 -4.000000e+00
      vertex   4.040000e-01 5.788521e+01 3.500000e+00
      vertex   9.654000e+00 5.788521e+01 8.031000e+00
    endloop
  endfacet
  facet normal 0.000000e+00 1.000000e+00 0.000000e+00
    outer loop
      vertex   9.654000e+00 5.788521e+01 8.031000e+00
      vertex   4.040000e-01 5.788521e+01 3.500000e+00
      vertex   -9.596000e+00 5.788521e+01 3.500000e+00
    endloop
  endfacet
  facet normal -0.000000e+00 0.000000e+00 -1.000000e+00
    outer loop
      vertex   9.654000e+00 5.788521e+01 -4.000000e+00
      vertex   -5.484600e+01 5.276021e+01 -4.000000e+00
      vertex   -8.134600e+01 5.788521e+01 -4.000000e+00
    endloop
  endfacet
  facet normal 0.000000e+00 0.000000e+00 -1.000000e+00
    outer loop
      vertex   -8.134600e+01 5.788521e+01 -4.000000e+00
      vertex   -5.484600e+01 5.276021e+01 -4.000000e+00
      vertex   -5.520188e+01 5.271336e+01 -4.000000e+00
    endloop
  endfacet
  facet normal 0.000000e+00 0.000000e+00 -1.000000e+00
    outer loop
      vertex   -8.134600e+01 5.788521e+01 -4.000000e+00
      vertex   -5.520188e+01 5.271336e+01 -4.000000e+00
      vertex   -5.553350e+01 5.257600e+01 -4.000000e+00
    endloop
  endfacet
  facet normal 0.000000e+00 0.000000e+00 -1.000000e+00
    outer loop
      vertex   9.654000e+00 -1.114786e+00 -4.000000e+00
      vertex   1.654000e+00 2.888521e+01 -4.000000e+00
      vertex   9.654000e+00 5.788521e+01 -4.000000e+00
    endloop
  endfacet
  facet normal 0.000000e+00 0.000000e+00 -1.000000e+00
    outer loop
      vertex   9.654000e+00 5.788521e+01 -4.000000e+00
      vertex   1.654000e+00 2.888521e+01 -4.000000e+00
      vertex   1.654000e+00 3.288521e+01 -4.000000e+00
    endloop
  endfacet
  facet normal 0.000000e+00 0.000000e+00 -1.000000e+00
    outer loop
      vertex   9.654000e+00 5.788521e+01 -4.000000e+00
      vertex   1.654000e+00 3.288521e+01 -4.000000e+00
      vertex   1.654000e+00 3.688521e+01 -4.000000e+00
    endloop
  endfacet
  facet normal 0.000000e+00 -0.000000e+00 -1.000000e+00
    outer loop
      vertex   1.654000e+00 3.688521e+01 -4.000000e+00
      vertex   1.654000e+00 3.288521e+01 -4.000000e+00
      vertex   1.619926e+00 3.314403e+01 -4.000000e+00
    endloop
  endfacet
  facet normal 0.000000e+00 0.000000e+00 -1.000000e+00
    outer loop
      vertex   1.654000e+00 3.688521e+01 -4.000000e+00
      vertex   1.619926e+00 3.314403e+01 -4.000000e+00
      vertex   1.619926e+00 3.662639e+01 -4.000000e+00
    endloop
  endfacet
  facet normal 0.000000e+00 -0.000000e+00 -1.000000e+00
    outer loop
      vertex   1.619926e+00 3.662639e+01 -4.000000e+00
      vertex   1.619926e+00 3.314403e+01 -4.000000e+00
      vertex   1.520025e+00 3.638521e+01 -4.000000e+00
    endloop
  endfacet
  facet normal 0.000000e+00 0.000000e+00 -1.000000e+00
    outer loop
      vertex   1.520025e+00 3.638521e+01 -4.000000e+00
      vertex   1.619926e+00 3.314403e+01 -4.000000e+00
      vertex   1.520025e+00 3.338521e+01 -4.000000e+00
    endloop
  endfacet
  facet normal 0.000000e+00 -0.000000e+00 -1.000000e+00
    outer loop
      vertex   1.520025e+00 3.638521e+01 -4.000000e+00
      vertex   1.520025e+00 3.338521e+01 -4.000000e+00
      vertex   1.361107e+00 3.617811e+01 -4.000000e+00
    endloop
  endfacet
  facet normal 0.000000e+00 0.000000e+00 -1.000000e+00
    outer loop
      vertex   1.361107e+00 3.617811e+01 -4.000000e+00
      vertex   1.520025e+00 3.338521e+01 -4.000000e+00
      vertex   1.361107e+00 3.359232e+01 -4.000000e+00
    endloop
  endfacet
  facet normal 0.000000e+00 -0.000000e+00 -1.000000e+00
    outer loop
      vertex   1.361107e+00 3.617811e+01 -4.000000e+00
      vertex   1.361107e+00 3.359232e+01 -4.000000e+00
      vertex   1.154000e+00 3.601919e+01 -4.000000e+00
    endloop
  endfacet
  facet normal 0.000000e+00 0.000000e+00 -1.000000e+00
    outer loop
      vertex   1.154000e+00 3.601919e+01 -4.000000e+00
      vertex   1.361107e+00 3.359232e+01 -4.000000e+00
      vertex   1.154000e+00 3.375124e+01 -4.000000e+00
    endloop
  endfacet
  facet normal 0.000000e+00 -0.000000e+00 -1.000000e+00
    outer loop
      vertex   1.154000e+00 3.601919e+01 -4.000000e+00
      vertex   1.154000e+00 3.375124e+01 -4.000000e+00
      vertex   9.128190e-01 3.591929e+01 -4.000000e+00
    endloop
  endfacet
  facet normal 0.000000e+00 0.000000e+00 -1.000000e+00
    outer loop
      vertex   9.128190e-01 3.591929e+01 -4.000000e+00
      vertex   1.154000e+00 3.375124e+01 -4.000000e+00
      vertex   9.128190e-01 3.385114e+01 -4.000000e+00
    endloop
  endfacet
  facet normal 0.000000e+00 -0.000000e+00 -1.000000e+00
    outer loop
      vertex   9.128190e-01 3.591929e+01 -4.000000e+00
      vertex   9.128190e-01 3.385114e+01 -4.000000e+00
      vertex   6.540000e-01 3.588521e+01 -4.000000e+00
    endloop
  endfacet
  facet normal 0.000000e+00 0.000000e+00 -1.000000e+00
    outer loop
      vertex   6.540000e-01 3.588521e+01 -4.000000e+00
      vertex   9.128190e-01 3.385114e+01 -4.000000e+00
      vertex   6.540000e-01 3.388521e+01 -4.000000e+00
    endloop
  endfacet
  facet normal 0.000000e+00 -0.000000e+00 -1.000000e+00
    outer loop
      vertex   6.540000e-01 3.588521e+01 -4.000000e+00
      vertex   6.540000e-01 3.388521e+01 -4.000000e+00
      vertex   -7.434600e+01 3.388521e+01 -4.000000e+00
    endloop
  endfacet
  facet normal 0.000000e+00 0.000000e+00 -1.000000e+00
    outer loop
      vertex   -8.134600e+01 -1.114786e+00 -4.000000e+00
      vertex   -5.484600e+01 1.010214e+00 -4.000000e+00
      vertex   9.654000e+00 -1.114786e+00 -4.000000e+00
    endloop
  endfacet
  facet normal 0.000000e+00 0.000000e+00 -1.000000e+00
    outer loop
      vertex   9.654000e+00 -1.114786e+00 -4.000000e+00
      vertex   -5.484600e+01 1.010214e+00 -4.000000e+00
      vertex   -5.449012e+01 1.057066e+00 -4.000000e+00
    endloop
  endfacet
  facet normal 0.000000e+00 0.000000e+00 -1.000000e+00
    outer loop
      vertex   9.654000e+00 -1.114786e+00 -4.000000e+00
      vertex   -5.449012e+01 1.057066e+00 -4.000000e+00
      vertex   2.798124e+00 1.057066e+00 -4.000000e+00
    endloop
  endfacet
  facet normal -0.000000e+00 0.000000e+00 -1.000000e+00
    outer loop
      vertex   2.798124e+00 1.057066e+00 -4.000000e+00
      vertex   -5.449012e+01 1.057066e+00 -4.000000e+00
      vertex   2.466500e+00 1.194429e+00 -4.000000e+00
    endloop
  endfacet
  facet normal 0.000000e+00 0.000000e+00 -1.000000e+00
    outer loop
      vertex   2.466500e+00 1.194429e+00 -4.000000e+00
      vertex   -5.449012e+01 1.057066e+00 -4.000000e+00
      vertex   -5.415850e+01 1.194429e+00 -4.000000e+00
    endloop
  endfacet
  facet normal -0.000000e+00 0.000000e+00 -1.000000e+00
    outer loop
      vertex   2.466500e+00 1.194429e+00 -4.000000e+00
      vertex   -5.415850e+01 1.194429e+00 -4.000000e+00
      vertex   2.181728e+00 1.412942e+00 -4.000000e+00
    endloop
  endfacet
  facet normal 0.000000e+00 0.000000e+00 -1.000000e+00
    outer loop
      vertex   2.181728e+00 1.412942e+00 -4.000000e+00
      vertex   -5.415850e+01 1.194429e+00 -4.000000e+00
      vertex   -5.387373e+01 1.412942e+00 -4.000000e+00
    endloop
  endfacet
  facet normal -0.000000e+00 0.000000e+00 -1.000000e+00
    outer loop
      vertex   2.181728e+00 1.412942e+00 -4.000000e+00
      vertex   -5.387373e+01 1.412942e+00 -4.000000e+00
      vertex   1.963215e+00 1.697714e+00 -4.000000e+00
    endloop
  endfacet
  facet normal 0.000000e+00 0.000000e+00 -1.000000e+00
    outer loop
      vertex   1.963215e+00 1.697714e+00 -4.000000e+00
      vertex   -5.387373e+01 1.412942e+00 -4.000000e+00
      vertex   -5.365522e+01 1.697714e+00 -4.000000e+00
    endloop
  endfacet
  facet normal -0.000000e+00 0.000000e+00 -1.000000e+00
    outer loop
      vertex   1.963215e+00 1.697714e+00 -4.000000e+00
      vertex   -5.365522e+01 1.697714e+00 -4.000000e+00
      vertex   1.825852e+00 2.029338e+00 -4.000000e+00
    endloop
  endfacet
  facet normal 0.000000e+00 0.000000e+00 -1.000000e+00
    outer loop
      vertex   1.825852e+00 2.029338e+00 -4.000000e+00
      vertex   -5.365522e+01 1.697714e+00 -4.000000e+00
      vertex   -5.351785e+01 2.029338e+00 -4.000000e+00
    endloop
  endfacet
  facet normal -0.000000e+00 0.000000e+00 -1.000000e+00
    outer loop
      vertex   1.825852e+00 2.029338e+00 -4.000000e+00
      vertex   -5.351785e+01 2.029338e+00 -4.000000e+00
      vertex   1.779000e+00 2.385214e+00 -4.000000e+00
    endloop
  endfacet
  facet normal -0.000000e+00 0.000000e+00 -1.000000e+00
    outer loop
      vertex   1.779000e+00 2.385214e+00 -4.000000e+00
      vertex   -5.351785e+01 2.029338e+00 -4.000000e+00
      vertex   -5.347100e+01 2.385214e+00 -4.000000e+00
    endloop
  endfacet
  facet normal 0.000000e+00 0.000000e+00 -1.000000e+00
    outer loop
      vertex   1.779000e+00 2.385214e+00 -4.000000e+00
      vertex   -5.347100e+01 2.385214e+00 -4.000000e+00
      vertex   6.540000e-01 7.885214e+00 -4.000000e+00
    endloop
  endfacet
  facet normal 0.000000e+00 0.000000e+00 -1.000000e+00
    outer loop
      vertex   6.540000e-01 7.885214e+00 -4.000000e+00
      vertex   -5.347100e+01 2.385214e+00 -4.000000e+00
      vertex   -5.351785e+01 2.741090e+00 -4.000000e+00
    endloop
  endfacet
  facet normal 0.000000e+00 0.000000e+00 -1.000000e+00
    outer loop
      vertex   6.540000e-01 7.885214e+00 -4.000000e+00
      vertex   -5.351785e+01 2.741090e+00 -4.000000e+00
      vertex   -5.365522e+01 3.072714e+00 -4.000000e+00
    endloop
  endfacet
  facet normal 0.000000e+00 0.000000e+00 -1.000000e+00
    outer loop
      vertex   -8.134600e+01 5.788521e+01 -4.000000e+00
      vertex   -7.534600e+01 2.888521e+01 -4.000000e+00
      vertex   -8.134600e+01 -1.114786e+00 -4.000000e+00
    endloop
  endfacet
  facet normal 0.000000e+00 0.000000e+00 -1.000000e+00
    outer loop
      vertex   -8.134600e+01 -1.114786e+00 -4.000000e+00
      vertex   -7.534600e+01 2.888521e+01 -4.000000e+00
      vertex   -7.534600e+01 2.488521e+01 -4.000000e+00
    endloop
  endfacet
  facet normal 0.000000e+00 0.000000e+00 -1.000000e+00
    outer loop
      vertex   -8.134600e+01 -1.114786e+00 -4.000000e+00
      vertex   -7.534600e+01 2.488521e+01 -4.000000e+00
      vertex   -7.534600e+01 2.088521e+01 -4.000000e+00
    endloop
  endfacet
  facet normal 0.000000e+00 0.000000e+00 -1.000000e+00
    outer loop
      vertex   -7.534600e+01 2.088521e+01 -4.000000e+00
      vertex   -7.534600e+01 2.488521e+01 -4.000000e+00
      vertex   -7.531193e+01 2.114403e+01 -4.000000e+00
    endloop
  endfacet
  facet normal 0.000000e+00 0.000000e+00 -1.000000e+00
    outer loop
      vertex   -7.531193e+01 2.114403e+01 -4.000000e+00
      vertex   -7.534600e+01 2.488521e+01 -4.000000e+00
      vertex   -7.531193e+01 2.462639e+01 -4.000000e+00
    endloop
  endfacet
  facet normal 0.000000e+00 0.000000e+00 -1.000000e+00
    outer loop
      vertex   -7.531193e+01 2.114403e+01 -4.000000e+00
      vertex   -7.531193e+01 2.462639e+01 -4.000000e+00
      vertex   -7.521203e+01 2.438521e+01 -4.000000e+00
    endloop
  endfacet
  facet normal 0.000000e+00 0.000000e+00 -1.000000e+00
    outer loop
      vertex   4.482148e+00 5.102934e+01 -4.000000e+00
      vertex   4.529000e+00 5.138521e+01 -4.000000e+00
      vertex   9.654000e+00 5.788521e+01 -4.000000e+00
    endloop
  endfacet
  facet normal 0.000000e+00 0.000000e+00 -1.000000e+00
    outer loop
      vertex   9.654000e+00 5.788521e+01 -4.000000e+00
      vertex   4.529000e+00 5.138521e+01 -4.000000e+00
      vertex   4.482148e+00 5.174109e+01 -4.000000e+00
    endloop
  endfacet
  facet normal 0.000000e+00 0.000000e+00 -1.000000e+00
    outer loop
      vertex   9.654000e+00 5.788521e+01 -4.000000e+00
      vertex   4.482148e+00 5.174109e+01 -4.000000e+00
      vertex   4.344785e+00 5.207271e+01 -4.000000e+00
    endloop
  endfacet
  facet normal 0.000000e+00 0.000000e+00 -1.000000e+00
    outer loop
      vertex   4.344785e+00 5.207271e+01 -4.000000e+00
      vertex   4.126272e+00 5.235749e+01 -4.000000e+00
      vertex   9.654000e+00 5.788521e+01 -4.000000e+00
    endloop
  endfacet
  facet normal 0.000000e+00 0.000000e+00 -1.000000e+00
    outer loop
      vertex   9.654000e+00 5.788521e+01 -4.000000e+00
      vertex   4.126272e+00 5.235749e+01 -4.000000e+00
      vertex   3.841500e+00 5.257600e+01 -4.000000e+00
    endloop
  endfacet
  facet normal 0.000000e+00 0.000000e+00 -1.000000e+00
    outer loop
      vertex   9.654000e+00 5.788521e+01 -4.000000e+00
      vertex   3.841500e+00 5.257600e+01 -4.000000e+00
      vertex   3.509876e+00 5.271336e+01 -4.000000e+00
    endloop
  endfacet
  facet normal 0.000000e+00 0.000000e+00 -1.000000e+00
    outer loop
      vertex   3.509876e+00 5.271336e+01 -4.000000e+00
      vertex   3.154000e+00 5.276021e+01 -4.000000e+00
      vertex   9.654000e+00 5.788521e+01 -4.000000e+00
    endloop
  endfacet
  facet normal 0.000000e+00 0.000000e+00 -1.000000e+00
    outer loop
      vertex   9.654000e+00 5.788521e+01 -4.000000e+00
      vertex   3.154000e+00 5.276021e+01 -4.000000e+00
      vertex   2.798124e+00 5.271336e+01 -4.000000e+00
    endloop
  endfacet
  facet normal 0.000000e+00 0.000000e+00 -1.000000e+00
    outer loop
      vertex   9.654000e+00 5.788521e+01 -4.000000e+00
      vertex   2.798124e+00 5.271336e+01 -4.000000e+00
      vertex   2.466500e+00 5.257600e+01 -4.000000e+00
    endloop
  endfacet
  facet normal 0.000000e+00 0.000000e+00 -1.000000e+00
    outer loop
      vertex   2.181728e+00 5.235749e+01 -4.000000e+00
      vertex   -5.387373e+01 5.235749e+01 -4.000000e+00
      vertex   2.466500e+00 5.257600e+01 -4.000000e+00
    endloop
  endfacet
  facet normal -0.000000e+00 0.000000e+00 -1.000000e+00
    outer loop
      vertex   2.466500e+00 5.257600e+01 -4.000000e+00
      vertex   -5.387373e+01 5.235749e+01 -4.000000e+00
      vertex   -5.415850e+01 5.257600e+01 -4.000000e+00
    endloop
  endfacet
  facet normal 0.000000e+00 0.000000e+00 -1.000000e+00
    outer loop
      vertex   2.466500e+00 5.257600e+01 -4.000000e+00
      vertex   -5.415850e+01 5.257600e+01 -4.000000e+00
      vertex   9.654000e+00 5.788521e+01 -4.000000e+00
    endloop
  endfacet
  facet normal 0.000000e+00 0.000000e+00 -1.000000e+00
    outer loop
      vertex   9.654000e+00 5.788521e+01 -4.000000e+00
      vertex   -5.415850e+01 5.257600e+01 -4.000000e+00
      vertex   -5.449012e+01 5.271336e+01 -4.000000e+00
    endloop
  endfacet
  facet normal 0.000000e+00 0.000000e+00 -1.000000e+00
    outer loop
      vertex   9.654000e+00 5.788521e+01 -4.000000e+00
      vertex   -5.449012e+01 5.271336e+01 -4.000000e+00
      vertex   -5.484600e+01 5.276021e+01 -4.000000e+00
    endloop
  endfacet
  facet normal 0.000000e+00 0.000000e+00 -1.000000e+00
    outer loop
      vertex   -5.387373e+01 5.235749e+01 -4.000000e+00
      vertex   2.181728e+00 5.235749e+01 -4.000000e+00
      vertex   -5.365522e+01 5.207271e+01 -4.000000e+00
    endloop
  endfacet
  facet normal 0.000000e+00 0.000000e+00 -1.000000e+00
    outer loop
      vertex   -5.365522e+01 5.207271e+01 -4.000000e+00
      vertex   2.181728e+00 5.235749e+01 -4.000000e+00
      vertex   1.963215e+00 5.207271e+01 -4.000000e+00
    endloop
  endfacet
  facet normal 0.000000e+00 0.000000e+00 -1.000000e+00
    outer loop
      vertex   -5.365522e+01 5.207271e+01 -4.000000e+00
      vertex   1.963215e+00 5.207271e+01 -4.000000e+00
      vertex   -5.351785e+01 5.174109e+01 -4.000000e+00
    endloop
  endfacet
  facet normal 0.000000e+00 0.000000e+00 -1.000000e+00
    outer loop
      vertex   -5.351785e+01 5.174109e+01 -4.000000e+00
      vertex   1.963215e+00 5.207271e+01 -4.000000e+00
      vertex   1.825852e+00 5.174109e+01 -4.000000e+00
    endloop
  endfacet
  facet normal 0.000000e+00 0.000000e+00 -1.000000e+00
    outer loop
      vertex   -5.351785e+01 5.174109e+01 -4.000000e+00
      vertex   1.825852e+00 5.174109e+01 -4.000000e+00
      vertex   -5.347100e+01 5.138521e+01 -4.000000e+00
    endloop
  endfacet
  facet normal 0.000000e+00 0.000000e+00 -1.000000e+00
    outer loop
      vertex   -5.347100e+01 5.138521e+01 -4.000000e+00
      vertex   1.825852e+00 5.174109e+01 -4.000000e+00
      vertex   1.779000e+00 5.138521e+01 -4.000000e+00
    endloop
  endfacet
  facet normal 0.000000e+00 0.000000e+00 -1.000000e+00
    outer loop
      vertex   -5.347100e+01 5.138521e+01 -4.000000e+00
      vertex   1.779000e+00 5.138521e+01 -4.000000e+00
      vertex   6.540000e-01 4.588521e+01 -4.000000e+00
    endloop
  endfacet
  facet normal 0.000000e+00 0.000000e+00 -1.000000e+00
    outer loop
      vertex   6.540000e-01 4.588521e+01 -4.000000e+00
      vertex   1.779000e+00 5.138521e+01 -4.000000e+00
      vertex   1.825852e+00 5.102934e+01 -4.000000e+00
    endloop
  endfacet
  facet normal 0.000000e+00 0.000000e+00 -1.000000e+00
    outer loop
      vertex   6.540000e-01 4.588521e+01 -4.000000e+00
      vertex   1.825852e+00 5.102934e+01 -4.000000e+00
      vertex   1.963215e+00 5.069771e+01 -4.000000e+00
    endloop
  endfacet
  facet normal 0.000000e+00 -0.000000e+00 -1.000000e+00
    outer loop
      vertex   1.963215e+00 5.069771e+01 -4.000000e+00
      vertex   2.181728e+00 5.041294e+01 -4.000000e+00
      vertex   6.540000e-01 4.588521e+01 -4.000000e+00
    endloop
  endfacet
  facet normal 0.000000e+00 0.000000e+00 -1.000000e+00
    outer loop
      vertex   6.540000e-01 4.588521e+01 -4.000000e+00
      vertex   2.181728e+00 5.041294e+01 -4.000000e+00
      vertex   2.466500e+00 5.019443e+01 -4.000000e+00
    endloop
  endfacet
  facet normal 0.000000e+00 0.000000e+00 -1.000000e+00
    outer loop
      vertex   6.540000e-01 4.588521e+01 -4.000000e+00
      vertex   2.466500e+00 5.019443e+01 -4.000000e+00
      vertex   2.798124e+00 5.005707e+01 -4.000000e+00
    endloop
  endfacet
  facet normal 0.000000e+00 0.000000e+00 -1.000000e+00
    outer loop
      vertex   6.540000e-01 4.588521e+01 -4.000000e+00
      vertex   2.798124e+00 5.005707e+01 -4.000000e+00
      vertex   9.128190e-01 4.585114e+01 -4.000000e+00
    endloop
  endfacet
  facet normal 0.000000e+00 0.000000e+00 -1.000000e+00
    outer loop
      vertex   9.128190e-01 4.585114e+01 -4.000000e+00
      vertex   2.798124e+00 5.005707e+01 -4.000000e+00
      vertex   3.154000e+00 5.001021e+01 -4.000000e+00
    endloop
  endfacet
  facet normal 0.000000e+00 0.000000e+00 -1.000000e+00
    outer loop
      vertex   9.128190e-01 4.585114e+01 -4.000000e+00
      vertex   3.154000e+00 5.001021e+01 -4.000000e+00
      vertex   1.154000e+00 4.575124e+01 -4.000000e+00
    endloop
  endfacet
  facet normal 0.000000e+00 0.000000e+00 -1.000000e+00
    outer loop
      vertex   1.154000e+00 4.575124e+01 -4.000000e+00
      vertex   3.154000e+00 5.001021e+01 -4.000000e+00
      vertex   3.509876e+00 5.005707e+01 -4.000000e+00
    endloop
  endfacet
  facet normal 0.000000e+00 0.000000e+00 -1.000000e+00
    outer loop
      vertex   1.154000e+00 4.575124e+01 -4.000000e+00
      vertex   3.509876e+00 5.005707e+01 -4.000000e+00
      vertex   1.361107e+00 4.559232e+01 -4.000000e+00
    endloop
  endfacet
  facet normal 0.000000e+00 0.000000e+00 -1.000000e+00
    outer loop
      vertex   1.361107e+00 4.559232e+01 -4.000000e+00
      vertex   3.509876e+00 5.005707e+01 -4.000000e+00
      vertex   1.520025e+00 4.538521e+01 -4.000000e+00
    endloop
  endfacet
  facet normal 0.000000e+00 0.000000e+00 -1.000000e+00
    outer loop
      vertex   1.520025e+00 4.538521e+01 -4.000000e+00
      vertex   3.509876e+00 5.005707e+01 -4.000000e+00
      vertex   3.841500e+00 5.019443e+01 -4.000000e+00
    endloop
  endfacet
  facet normal 0.000000e+00 0.000000e+00 -1.000000e+00
    outer loop
      vertex   1.520025e+00 4.538521e+01 -4.000000e+00
      vertex   3.841500e+00 5.019443e+01 -4.000000e+00
      vertex   1.619926e+00 4.514403e+01 -4.000000e+00
    endloop
  endfacet
  facet normal 0.000000e+00 0.000000e+00 -1.000000e+00
    outer loop
      vertex   1.619926e+00 4.514403e+01 -4.000000e+00
      vertex   3.841500e+00 5.019443e+01 -4.000000e+00
      vertex   4.126272e+00 5.041294e+01 -4.000000e+00
    endloop
  endfacet
  facet normal 0.000000e+00 0.000000e+00 -1.000000e+00
    outer loop
      vertex   1.619926e+00 4.514403e+01 -4.000000e+00
      vertex   4.126272e+00 5.041294e+01 -4.000000e+00
      vertex   1.654000e+00 4.488521e+01 -4.000000e+00
    endloop
  endfacet
  facet normal 0.000000e+00 -0.000000e+00 -1.000000e+00
    outer loop
      vertex   1.654000e+00 4.488521e+01 -4.000000e+00
      vertex   4.126272e+00 5.041294e+01 -4.000000e+00
      vertex   1.619926e+00 4.462639e+01 -4.000000e+00
    endloop
  endfacet
  facet normal 0.000000e+00 0.000000e+00 -1.000000e+00
    outer loop
      vertex   1.619926e+00 4.462639e+01 -4.000000e+00
      vertex   4.126272e+00 5.041294e+01 -4.000000e+00
      vertex   4.344785e+00 5.069771e+01 -4.000000e+00
    endloop
  endfacet
  facet normal 0.000000e+00 0.000000e+00 -1.000000e+00
    outer loop
      vertex   1.619926e+00 4.462639e+01 -4.000000e+00
      vertex   4.344785e+00 5.069771e+01 -4.000000e+00
      vertex   1.619926e+00 4.114403e+01 -4.000000e+00
    endloop
  endfacet
  facet normal 0.000000e+00 0.000000e+00 -1.000000e+00
    outer loop
      vertex   1.619926e+00 4.114403e+01 -4.000000e+00
      vertex   4.344785e+00 5.069771e+01 -4.000000e+00
      vertex   1.654000e+00 4.088521e+01 -4.000000e+00
    endloop
  endfacet
  facet normal 0.000000e+00 0.000000e+00 -1.000000e+00
    outer loop
      vertex   1.654000e+00 4.088521e+01 -4.000000e+00
      vertex   4.344785e+00 5.069771e+01 -4.000000e+00
      vertex   9.654000e+00 5.788521e+01 -4.000000e+00
    endloop
  endfacet
  facet normal 0.000000e+00 0.000000e+00 -1.000000e+00
    outer loop
      vertex   1.654000e+00 4.088521e+01 -4.000000e+00
      vertex   9.654000e+00 5.788521e+01 -4.000000e+00
      vertex   1.654000e+00 3.688521e+01 -4.000000e+00
    endloop
  endfacet
  facet normal 0.000000e+00 0.000000e+00 -1.000000e+00
    outer loop
      vertex   4.344785e+00 5.069771e+01 -4.000000e+00
      vertex   4.482148e+00 5.102934e+01 -4.000000e+00
      vertex   9.654000e+00 5.788521e+01 -4.000000e+00
    endloop
  endfacet
  facet normal 0.000000e+00 0.000000e+00 -1.000000e+00
    outer loop
      vertex   4.482148e+00 2.029338e+00 -4.000000e+00
      vertex   4.529000e+00 2.385214e+00 -4.000000e+00
      vertex   9.654000e+00 -1.114786e+00 -4.000000e+00
    endloop
  endfacet
  facet normal 0.000000e+00 0.000000e+00 -1.000000e+00
    outer loop
      vertex   9.654000e+00 -1.114786e+00 -4.000000e+00
      vertex   4.529000e+00 2.385214e+00 -4.000000e+00
      vertex   4.482148e+00 2.741090e+00 -4.000000e+00
    endloop
  endfacet
  facet normal 0.000000e+00 0.000000e+00 -1.000000e+00
    outer loop
      vertex   9.654000e+00 -1.114786e+00 -4.000000e+00
      vertex   4.482148e+00 2.741090e+00 -4.000000e+00
      vertex   4.344785e+00 3.072714e+00 -4.000000e+00
    endloop
  endfacet
  facet normal 0.000000e+00 0.000000e+00 -1.000000e+00
    outer loop
      vertex   4.344785e+00 3.072714e+00 -4.000000e+00
      vertex   4.126272e+00 3.357486e+00 -4.000000e+00
      vertex   9.654000e+00 -1.114786e+00 -4.000000e+00
    endloop
  endfacet
  facet normal 0.000000e+00 0.000000e+00 -1.000000e+00
    outer loop
      vertex   9.654000e+00 -1.114786e+00 -4.000000e+00
      vertex   4.126272e+00 3.357486e+00 -4.000000e+00
      vertex   1.654000e+00 8.885214e+00 -4.000000e+00
    endloop
  endfacet
  facet normal 0.000000e+00 0.000000e+00 -1.000000e+00
    outer loop
      vertex   9.654000e+00 -1.114786e+00 -4.000000e+00
      vertex   1.654000e+00 8.885214e+00 -4.000000e+00
      vertex   1.619926e+00 9.144033e+00 -4.000000e+00
    endloop
  endfacet
  facet normal 0.000000e+00 -0.000000e+00 -1.000000e+00
    outer loop
      vertex   1.654000e+00 8.885214e+00 -4.000000e+00
      vertex   4.126272e+00 3.357486e+00 -4.000000e+00
      vertex   1.619926e+00 8.626395e+00 -4.000000e+00
    endloop
  endfacet
  facet normal 0.000000e+00 0.000000e+00 -1.000000e+00
    outer loop
      vertex   1.619926e+00 8.626395e+00 -4.000000e+00
      vertex   4.126272e+00 3.357486e+00 -4.000000e+00
      vertex   3.841500e+00 3.575999e+00 -4.000000e+00
    endloop
  endfacet
  facet normal 0.000000e+00 -0.000000e+00 -1.000000e+00
    outer loop
      vertex   1.619926e+00 8.626395e+00 -4.000000e+00
      vertex   3.841500e+00 3.575999e+00 -4.000000e+00
      vertex   1.520025e+00 8.385214e+00 -4.000000e+00
    endloop
  endfacet
  facet normal 0.000000e+00 0.000000e+00 -1.000000e+00
    outer loop
      vertex   1.520025e+00 8.385214e+00 -4.000000e+00
      vertex   3.841500e+00 3.575999e+00 -4.000000e+00
      vertex   3.509876e+00 3.713362e+00 -4.000000e+00
    endloop
  endfacet
  facet normal 0.000000e+00 -0.000000e+00 -1.000000e+00
    outer loop
      vertex   1.520025e+00 8.385214e+00 -4.000000e+00
      vertex   3.509876e+00 3.713362e+00 -4.000000e+00
      vertex   1.361107e+00 8.178107e+00 -4.000000e+00
    endloop
  endfacet
  facet normal 0.000000e+00 -0.000000e+00 -1.000000e+00
    outer loop
      vertex   1.361107e+00 8.178107e+00 -4.000000e+00
      vertex   3.509876e+00 3.713362e+00 -4.000000e+00
      vertex   1.154000e+00 8.019189e+00 -4.000000e+00
    endloop
  endfacet
  facet normal 0.000000e+00 0.000000e+00 -1.000000e+00
    outer loop
      vertex   1.154000e+00 8.019189e+00 -4.000000e+00
      vertex   3.509876e+00 3.713362e+00 -4.000000e+00
      vertex   3.154000e+00 3.760214e+00 -4.000000e+00
    endloop
  endfacet
  facet normal 0.000000e+00 -0.000000e+00 -1.000000e+00
    outer loop
      vertex   1.154000e+00 8.019189e+00 -4.000000e+00
      vertex   3.154000e+00 3.760214e+00 -4.000000e+00
      vertex   9.128190e-01 7.919288e+00 -4.000000e+00
    endloop
  endfacet
  facet normal 0.000000e+00 0.000000e+00 -1.000000e+00
    outer loop
      vertex   9.128190e-01 7.919288e+00 -4.000000e+00
      vertex   3.154000e+00 3.760214e+00 -4.000000e+00
      vertex   2.798124e+00 3.713362e+00 -4.000000e+00
    endloop
  endfacet
  facet normal 0.000000e+00 -0.000000e+00 -1.000000e+00
    outer loop
      vertex   9.128190e-01 7.919288e+00 -4.000000e+00
      vertex   2.798124e+00 3.713362e+00 -4.000000e+00
      vertex   6.540000e-01 7.885214e+00 -4.000000e+00
    endloop
  endfacet
  facet normal 0.000000e+00 0.000000e+00 -1.000000e+00
    outer loop
      vertex   6.540000e-01 7.885214e+00 -4.000000e+00
      vertex   2.798124e+00 3.713362e+00 -4.000000e+00
      vertex   2.466500e+00 3.575999e+00 -4.000000e+00
    endloop
  endfacet
  facet normal 0.000000e+00 0.000000e+00 -1.000000e+00
    outer loop
      vertex   6.540000e-01 7.885214e+00 -4.000000e+00
      vertex   2.466500e+00 3.575999e+00 -4.000000e+00
      vertex   2.181728e+00 3.357486e+00 -4.000000e+00
    endloop
  endfacet
  facet normal -0.000000e+00 0.000000e+00 -1.000000e+00
    outer loop
      vertex   2.181728e+00 3.357486e+00 -4.000000e+00
      vertex   1.963215e+00 3.072714e+00 -4.000000e+00
      vertex   6.540000e-01 7.885214e+00 -4.000000e+00
    endloop
  endfacet
  facet normal 0.000000e+00 0.000000e+00 -1.000000e+00
    outer loop
      vertex   6.540000e-01 7.885214e+00 -4.000000e+00
      vertex   1.963215e+00 3.072714e+00 -4.000000e+00
      vertex   1.825852e+00 2.741090e+00 -4.000000e+00
    endloop
  endfacet
  facet normal 0.000000e+00 0.000000e+00 -1.000000e+00
    outer loop
      vertex   6.540000e-01 7.885214e+00 -4.000000e+00
      vertex   1.825852e+00 2.741090e+00 -4.000000e+00
      vertex   1.779000e+00 2.385214e+00 -4.000000e+00
    endloop
  endfacet
  facet normal 0.000000e+00 0.000000e+00 -1.000000e+00
    outer loop
      vertex   2.798124e+00 1.057066e+00 -4.000000e+00
      vertex   3.154000e+00 1.010214e+00 -4.000000e+00
      vertex   9.654000e+00 -1.114786e+00 -4.000000e+00
    endloop
  endfacet
  facet normal 0.000000e+00 0.000000e+00 -1.000000e+00
    outer loop
      vertex   9.654000e+00 -1.114786e+00 -4.000000e+00
      vertex   3.154000e+00 1.010214e+00 -4.000000e+00
      vertex   3.509876e+00 1.057066e+00 -4.000000e+00
    endloop
  endfacet
  facet normal 0.000000e+00 0.000000e+00 -1.000000e+00
    outer loop
      vertex   9.654000e+00 -1.114786e+00 -4.000000e+00
      vertex   3.509876e+00 1.057066e+00 -4.000000e+00
      vertex   3.841500e+00 1.194429e+00 -4.000000e+00
    endloop
  endfacet
  facet normal 0.000000e+00 0.000000e+00 -1.000000e+00
    outer loop
      vertex   3.841500e+00 1.194429e+00 -4.000000e+00
      vertex   4.126272e+00 1.412942e+00 -4.000000e+00
      vertex   9.654000e+00 -1.114786e+00 -4.000000e+00
    endloop
  endfacet
  facet normal 0.000000e+00 0.000000e+00 -1.000000e+00
    outer loop
      vertex   9.654000e+00 -1.114786e+00 -4.000000e+00
      vertex   4.126272e+00 1.412942e+00 -4.000000e+00
      vertex   4.344785e+00 1.697714e+00 -4.000000e+00
    endloop
  endfacet
  facet normal 0.000000e+00 0.000000e+00 -1.000000e+00
    outer loop
      vertex   9.654000e+00 -1.114786e+00 -4.000000e+00
      vertex   4.344785e+00 1.697714e+00 -4.000000e+00
      vertex   4.482148e+00 2.029338e+00 -4.000000e+00
    endloop
  endfacet
  facet normal -0.000000e+00 0.000000e+00 -1.000000e+00
    outer loop
      vertex   -5.553350e+01 5.257600e+01 -4.000000e+00
      vertex   -5.581827e+01 5.235749e+01 -4.000000e+00
      vertex   -8.134600e+01 5.788521e+01 -4.000000e+00
    endloop
  endfacet
  facet normal 0.000000e+00 0.000000e+00 -1.000000e+00
    outer loop
      vertex   -8.134600e+01 5.788521e+01 -4.000000e+00
      vertex   -5.581827e+01 5.235749e+01 -4.000000e+00
      vertex   -5.603678e+01 5.207271e+01 -4.000000e+00
    endloop
  endfacet
  facet normal 0.000000e+00 0.000000e+00 -1.000000e+00
    outer loop
      vertex   -8.134600e+01 5.788521e+01 -4.000000e+00
      vertex   -5.603678e+01 5.207271e+01 -4.000000e+00
      vertex   -5.617415e+01 5.174109e+01 -4.000000e+00
    endloop
  endfacet
  facet normal 0.000000e+00 0.000000e+00 -1.000000e+00
    outer loop
      vertex   -8.134600e+01 5.788521e+01 -4.000000e+00
      vertex   -5.617415e+01 5.174109e+01 -4.000000e+00
      vertex   -7.434600e+01 4.588521e+01 -4.000000e+00
    endloop
  endfacet
  facet normal 0.000000e+00 0.000000e+00 -1.000000e+00
    outer loop
      vertex   -7.434600e+01 4.588521e+01 -4.000000e+00
      vertex   -5.617415e+01 5.174109e+01 -4.000000e+00
      vertex   -5.622100e+01 5.138521e+01 -4.000000e+00
    endloop
  endfacet
  facet normal 0.000000e+00 0.000000e+00 -1.000000e+00
    outer loop
      vertex   -7.434600e+01 4.588521e+01 -4.000000e+00
      vertex   -5.622100e+01 5.138521e+01 -4.000000e+00
      vertex   -5.617415e+01 5.102934e+01 -4.000000e+00
    endloop
  endfacet
  facet normal 0.000000e+00 -0.000000e+00 -1.000000e+00
    outer loop
      vertex   -5.617415e+01 5.102934e+01 -4.000000e+00
      vertex   -5.603678e+01 5.069771e+01 -4.000000e+00
      vertex   -7.434600e+01 4.588521e+01 -4.000000e+00
    endloop
  endfacet
  facet normal 0.000000e+00 0.000000e+00 -1.000000e+00
    outer loop
      vertex   -7.434600e+01 4.588521e+01 -4.000000e+00
      vertex   -5.603678e+01 5.069771e+01 -4.000000e+00
      vertex   -5.581827e+01 5.041294e+01 -4.000000e+00
    endloop
  endfacet
  facet normal 0.000000e+00 0.000000e+00 -1.000000e+00
    outer loop
      vertex   -7.434600e+01 4.588521e+01 -4.000000e+00
      vertex   -5.581827e+01 5.041294e+01 -4.000000e+00
      vertex   -5.553350e+01 5.019443e+01 -4.000000e+00
    endloop
  endfacet
  facet normal 0.000000e+00 -0.000000e+00 -1.000000e+00
    outer loop
      vertex   -5.553350e+01 5.019443e+01 -4.000000e+00
      vertex   -5.520188e+01 5.005707e+01 -4.000000e+00
      vertex   -7.434600e+01 4.588521e+01 -4.000000e+00
    endloop
  endfacet
  facet normal 0.000000e+00 0.000000e+00 -1.000000e+00
    outer loop
      vertex   -7.434600e+01 4.588521e+01 -4.000000e+00
      vertex   -5.520188e+01 5.005707e+01 -4.000000e+00
      vertex   -5.484600e+01 5.001021e+01 -4.000000e+00
    endloop
  endfacet
  facet normal 0.000000e+00 0.000000e+00 -1.000000e+00
    outer loop
      vertex   -7.434600e+01 4.588521e+01 -4.000000e+00
      vertex   -5.484600e+01 5.001021e+01 -4.000000e+00
      vertex   6.540000e-01 4.588521e+01 -4.000000e+00
    endloop
  endfacet
  facet normal 0.000000e+00 0.000000e+00 -1.000000e+00
    outer loop
      vertex   6.540000e-01 4.588521e+01 -4.000000e+00
      vertex   -5.484600e+01 5.001021e+01 -4.000000e+00
      vertex   -5.449012e+01 5.005707e+01 -4.000000e+00
    endloop
  endfacet
  facet normal 0.000000e+00 0.000000e+00 -1.000000e+00
    outer loop
      vertex   6.540000e-01 4.588521e+01 -4.000000e+00
      vertex   -5.449012e+01 5.005707e+01 -4.000000e+00
      vertex   -5.415850e+01 5.019443e+01 -4.000000e+00
    endloop
  endfacet
  facet normal 0.000000e+00 0.000000e+00 -1.000000e+00
    outer loop
      vertex   -5.415850e+01 5.019443e+01 -4.000000e+00
      vertex   -5.387373e+01 5.041294e+01 -4.000000e+00
      vertex   6.540000e-01 4.588521e+01 -4.000000e+00
    endloop
  endfacet
  facet normal 0.000000e+00 0.000000e+00 -1.000000e+00
    outer loop
      vertex   6.540000e-01 4.588521e+01 -4.000000e+00
      vertex   -5.387373e+01 5.041294e+01 -4.000000e+00
      vertex   -5.365522e+01 5.069771e+01 -4.000000e+00
    endloop
  endfacet
  facet normal 0.000000e+00 0.000000e+00 -1.000000e+00
    outer loop
      vertex   6.540000e-01 4.588521e+01 -4.000000e+00
      vertex   -5.365522e+01 5.069771e+01 -4.000000e+00
      vertex   -5.351785e+01 5.102934e+01 -4.000000e+00
    endloop
  endfacet
  facet normal 0.000000e+00 0.000000e+00 -1.000000e+00
    outer loop
      vertex   -5.351785e+01 5.102934e+01 -4.000000e+00
      vertex   -5.347100e+01 5.138521e+01 -4.000000e+00
      vertex   6.540000e-01 4.588521e+01 -4.000000e+00
    endloop
  endfacet
  facet normal 0.000000e+00 0.000000e+00 -1.000000e+00
    outer loop
      vertex   -5.365522e+01 3.072714e+00 -4.000000e+00
      vertex   -5.387373e+01 3.357486e+00 -4.000000e+00
      vertex   6.540000e-01 7.885214e+00 -4.000000e+00
    endloop
  endfacet
  facet normal 0.000000e+00 0.000000e+00 -1.000000e+00
    outer loop
      vertex   6.540000e-01 7.885214e+00 -4.000000e+00
      vertex   -5.387373e+01 3.357486e+00 -4.000000e+00
      vertex   -5.415850e+01 3.575999e+00 -4.000000e+00
    endloop
  endfacet
  facet normal 0.000000e+00 0.000000e+00 -1.000000e+00
    outer loop
      vertex   6.540000e-01 7.885214e+00 -4.000000e+00
      vertex   -5.415850e+01 3.575999e+00 -4.000000e+00
      vertex   -5.449012e+01 3.713362e+00 -4.000000e+00
    endloop
  endfacet
  facet normal 0.000000e+00 0.000000e+00 -1.000000e+00
    outer loop
      vertex   -5.449012e+01 3.713362e+00 -4.000000e+00
      vertex   -5.484600e+01 3.760214e+00 -4.000000e+00
      vertex   6.540000e-01 7.885214e+00 -4.000000e+00
    endloop
  endfacet
  facet normal 0.000000e+00 0.000000e+00 -1.000000e+00
    outer loop
      vertex   6.540000e-01 7.885214e+00 -4.000000e+00
      vertex   -5.484600e+01 3.760214e+00 -4.000000e+00
      vertex   -7.434600e+01 7.885214e+00 -4.000000e+00
    endloop
  endfacet
  facet normal 0.000000e+00 0.000000e+00 -1.000000e+00
    outer loop
      vertex   -7.434600e+01 7.885214e+00 -4.000000e+00
      vertex   -5.484600e+01 3.760214e+00 -4.000000e+00
      vertex   -5.520188e+01 3.713362e+00 -4.000000e+00
    endloop
  endfacet
  facet normal 0.000000e+00 0.000000e+00 -1.000000e+00
    outer loop
      vertex   -7.434600e+01 7.885214e+00 -4.000000e+00
      vertex   -5.520188e+01 3.713362e+00 -4.000000e+00
      vertex   -5.553350e+01 3.575999e+00 -4.000000e+00
    endloop
  endfacet
  facet normal -0.000000e+00 0.000000e+00 -1.000000e+00
    outer loop
      vertex   -5.553350e+01 3.575999e+00 -4.000000e+00
      vertex   -5.581827e+01 3.357486e+00 -4.000000e+00
      vertex   -7.434600e+01 7.885214e+00 -4.000000e+00
    endloop
  endfacet
  facet normal 0.000000e+00 0.000000e+00 -1.000000e+00
    outer loop
      vertex   -7.434600e+01 7.885214e+00 -4.000000e+00
      vertex   -5.581827e+01 3.357486e+00 -4.000000e+00
      vertex   -5.603678e+01 3.072714e+00 -4.000000e+00
    endloop
  endfacet
  facet normal 0.000000e+00 0.000000e+00 -1.000000e+00
    outer loop
      vertex   -7.434600e+01 7.885214e+00 -4.000000e+00
      vertex   -5.603678e+01 3.072714e+00 -4.000000e+00
      vertex   -5.617415e+01 2.741090e+00 -4.000000e+00
    endloop
  endfacet
  facet normal -0.000000e+00 0.000000e+00 -1.000000e+00
    outer loop
      vertex   -5.617415e+01 2.741090e+00 -4.000000e+00
      vertex   -5.622100e+01 2.385214e+00 -4.000000e+00
      vertex   -7.434600e+01 7.885214e+00 -4.000000e+00
    endloop
  endfacet
  facet normal 0.000000e+00 0.000000e+00 -1.000000e+00
    outer loop
      vertex   -7.434600e+01 7.885214e+00 -4.000000e+00
      vertex   -5.622100e+01 2.385214e+00 -4.000000e+00
      vertex   -5.617415e+01 2.029338e+00 -4.000000e+00
    endloop
  endfacet
  facet normal 0.000000e+00 -0.000000e+00 -1.000000e+00
    outer loop
      vertex   -7.434600e+01 7.885214e+00 -4.000000e+00
      vertex   -5.617415e+01 2.029338e+00 -4.000000e+00
      vertex   -8.134600e+01 -1.114786e+00 -4.000000e+00
    endloop
  endfacet
  facet normal 0.000000e+00 0.000000e+00 -1.000000e+00
    outer loop
      vertex   -8.134600e+01 -1.114786e+00 -4.000000e+00
      vertex   -5.617415e+01 2.029338e+00 -4.000000e+00
      vertex   -5.603678e+01 1.697714e+00 -4.000000e+00
    endloop
  endfacet
  facet normal 0.000000e+00 0.000000e+00 -1.000000e+00
    outer loop
      vertex   -8.134600e+01 -1.114786e+00 -4.000000e+00
      vertex   -5.603678e+01 1.697714e+00 -4.000000e+00
      vertex   -5.581827e+01 1.412942e+00 -4.000000e+00
    endloop
  endfacet
  facet normal 0.000000e+00 -0.000000e+00 -1.000000e+00
    outer loop
      vertex   -5.581827e+01 1.412942e+00 -4.000000e+00
      vertex   -5.553350e+01 1.194429e+00 -4.000000e+00
      vertex   -8.134600e+01 -1.114786e+00 -4.000000e+00
    endloop
  endfacet
  facet normal 0.000000e+00 0.000000e+00 -1.000000e+00
    outer loop
      vertex   -8.134600e+01 -1.114786e+00 -4.000000e+00
      vertex   -5.553350e+01 1.194429e+00 -4.000000e+00
      vertex   -5.520188e+01 1.057066e+00 -4.000000e+00
    endloop
  endfacet
  facet normal 0.000000e+00 0.000000e+00 -1.000000e+00
    outer loop
      vertex   -8.134600e+01 -1.114786e+00 -4.000000e+00
      vertex   -5.520188e+01 1.057066e+00 -4.000000e+00
      vertex   -5.484600e+01 1.010214e+00 -4.000000e+00
    endloop
  endfacet
  facet normal -0.000000e+00 0.000000e+00 -1.000000e+00
    outer loop
      vertex   6.540000e-01 4.388521e+01 -4.000000e+00
      vertex   -7.434600e+01 4.188521e+01 -4.000000e+00
      vertex   -7.434600e+01 4.388521e+01 -4.000000e+00
    endloop
  endfacet
  facet normal 0.000000e+00 -0.000000e+00 -1.000000e+00
    outer loop
      vertex   -7.434600e+01 4.388521e+01 -4.000000e+00
      vertex   -7.434600e+01 4.188521e+01 -4.000000e+00
      vertex   -7.460482e+01 4.185114e+01 -4.000000e+00
    endloop
  endfacet
  facet normal -0.000000e+00 0.000000e+00 -1.000000e+00
    outer loop
      vertex   -7.434600e+01 4.388521e+01 -4.000000e+00
      vertex   -7.460482e+01 4.185114e+01 -4.000000e+00
      vertex   -7.460482e+01 4.391929e+01 -4.000000e+00
    endloop
  endfacet
  facet normal 0.000000e+00 -0.000000e+00 -1.000000e+00
    outer loop
      vertex   -7.460482e+01 4.391929e+01 -4.000000e+00
      vertex   -7.460482e+01 4.185114e+01 -4.000000e+00
      vertex   -7.484600e+01 4.175124e+01 -4.000000e+00
    endloop
  endfacet
  facet normal -0.000000e+00 0.000000e+00 -1.000000e+00
    outer loop
      vertex   -7.460482e+01 4.391929e+01 -4.000000e+00
      vertex   -7.484600e+01 4.175124e+01 -4.000000e+00
      vertex   -7.484600e+01 4.401919e+01 -4.000000e+00
    endloop
  endfacet
  facet normal 0.000000e+00 -0.000000e+00 -1.000000e+00
    outer loop
      vertex   -7.484600e+01 4.401919e+01 -4.000000e+00
      vertex   -7.484600e+01 4.175124e+01 -4.000000e+00
      vertex   -7.505311e+01 4.159232e+01 -4.000000e+00
    endloop
  endfacet
  facet normal -0.000000e+00 0.000000e+00 -1.000000e+00
    outer loop
      vertex   -7.484600e+01 4.401919e+01 -4.000000e+00
      vertex   -7.505311e+01 4.159232e+01 -4.000000e+00
      vertex   -7.505311e+01 4.417811e+01 -4.000000e+00
    endloop
  endfacet
  facet normal 0.000000e+00 -0.000000e+00 -1.000000e+00
    outer loop
      vertex   -7.505311e+01 4.417811e+01 -4.000000e+00
      vertex   -7.505311e+01 4.159232e+01 -4.000000e+00
      vertex   -7.521203e+01 4.138521e+01 -4.000000e+00
    endloop
  endfacet
  facet normal -0.000000e+00 0.000000e+00 -1.000000e+00
    outer loop
      vertex   -7.505311e+01 4.417811e+01 -4.000000e+00
      vertex   -7.521203e+01 4.138521e+01 -4.000000e+00
      vertex   -7.521203e+01 4.438521e+01 -4.000000e+00
    endloop
  endfacet
  facet normal 0.000000e+00 -0.000000e+00 -1.000000e+00
    outer loop
      vertex   -7.521203e+01 4.438521e+01 -4.000000e+00
      vertex   -7.521203e+01 4.138521e+01 -4.000000e+00
      vertex   -7.531193e+01 4.114403e+01 -4.000000e+00
    endloop
  endfacet
  facet normal -0.000000e+00 0.000000e+00 -1.000000e+00
    outer loop
      vertex   -7.521203e+01 4.438521e+01 -4.000000e+00
      vertex   -7.531193e+01 4.114403e+01 -4.000000e+00
      vertex   -7.531193e+01 4.462639e+01 -4.000000e+00
    endloop
  endfacet
  facet normal -0.000000e+00 -0.000000e+00 -1.000000e+00
    outer loop
      vertex   -7.531193e+01 4.462639e+01 -4.000000e+00
      vertex   -7.531193e+01 4.114403e+01 -4.000000e+00
      vertex   -7.534600e+01 4.488521e+01 -4.000000e+00
    endloop
  endfacet
  facet normal 0.000000e+00 0.000000e+00 -1.000000e+00
    outer loop
      vertex   -7.534600e+01 4.488521e+01 -4.000000e+00
      vertex   -7.531193e+01 4.114403e+01 -4.000000e+00
      vertex   -7.534600e+01 4.088521e+01 -4.000000e+00
    endloop
  endfacet
  facet normal -0.000000e+00 -0.000000e+00 -1.000000e+00
    outer loop
      vertex   -7.534600e+01 4.488521e+01 -4.000000e+00
      vertex   -7.534600e+01 4.088521e+01 -4.000000e+00
      vertex   -8.134600e+01 5.788521e+01 -4.000000e+00
    endloop
  endfacet
  facet normal 0.000000e+00 0.000000e+00 -1.000000e+00
    outer loop
      vertex   -8.134600e+01 5.788521e+01 -4.000000e+00
      vertex   -7.534600e+01 4.088521e+01 -4.000000e+00
      vertex   -7.534600e+01 3.688521e+01 -4.000000e+00
    endloop
  endfacet
  facet normal 0.000000e+00 0.000000e+00 -1.000000e+00
    outer loop
      vertex   -8.134600e+01 5.788521e+01 -4.000000e+00
      vertex   -7.534600e+01 3.688521e+01 -4.000000e+00
      vertex   -7.534600e+01 3.288521e+01 -4.000000e+00
    endloop
  endfacet
  facet normal 0.000000e+00 0.000000e+00 -1.000000e+00
    outer loop
      vertex   -7.534600e+01 3.288521e+01 -4.000000e+00
      vertex   -7.534600e+01 3.688521e+01 -4.000000e+00
      vertex   -7.531193e+01 3.314403e+01 -4.000000e+00
    endloop
  endfacet
  facet normal 0.000000e+00 0.000000e+00 -1.000000e+00
    outer loop
      vertex   -7.531193e+01 3.314403e+01 -4.000000e+00
      vertex   -7.534600e+01 3.688521e+01 -4.000000e+00
      vertex   -7.531193e+01 3.662639e+01 -4.000000e+00
    endloop
  endfacet
  facet normal 0.000000e+00 0.000000e+00 -1.000000e+00
    outer loop
      vertex   -7.531193e+01 3.314403e+01 -4.000000e+00
      vertex   -7.531193e+01 3.662639e+01 -4.000000e+00
      vertex   -7.521203e+01 3.638521e+01 -4.000000e+00
    endloop
  endfacet
  facet normal 0.000000e+00 -0.000000e+00 -1.000000e+00
    outer loop
      vertex   9.128190e-01 4.391929e+01 -4.000000e+00
      vertex   9.128190e-01 4.185114e+01 -4.000000e+00
      vertex   6.540000e-01 4.388521e+01 -4.000000e+00
    endloop
  endfacet
  facet normal 0.000000e+00 0.000000e+00 -1.000000e+00
    outer loop
      vertex   6.540000e-01 4.388521e+01 -4.000000e+00
      vertex   9.128190e-01 4.185114e+01 -4.000000e+00
      vertex   6.540000e-01 4.188521e+01 -4.000000e+00
    endloop
  endfacet
  facet normal 0.000000e+00 -0.000000e+00 -1.000000e+00
    outer loop
      vertex   6.540000e-01 4.388521e+01 -4.000000e+00
      vertex   6.540000e-01 4.188521e+01 -4.000000e+00
      vertex   -7.434600e+01 4.188521e+01 -4.000000e+00
    endloop
  endfacet
  facet normal 0.000000e+00 0.000000e+00 -1.000000e+00
    outer loop
      vertex   9.128190e-01 4.185114e+01 -4.000000e+00
      vertex   9.128190e-01 4.391929e+01 -4.000000e+00
      vertex   1.154000e+00 4.175124e+01 -4.000000e+00
    endloop
  endfacet
  facet normal 0.000000e+00 0.000000e+00 -1.000000e+00
    outer loop
      vertex   1.154000e+00 4.175124e+01 -4.000000e+00
      vertex   9.128190e-01 4.391929e+01 -4.000000e+00
      vertex   1.154000e+00 4.401919e+01 -4.000000e+00
    endloop
  endfacet
  facet normal 0.000000e+00 0.000000e+00 -1.000000e+00
    outer loop
      vertex   1.154000e+00 4.175124e+01 -4.000000e+00
      vertex   1.154000e+00 4.401919e+01 -4.000000e+00
      vertex   1.361107e+00 4.159232e+01 -4.000000e+00
    endloop
  endfacet
  facet normal 0.000000e+00 0.000000e+00 -1.000000e+00
    outer loop
      vertex   1.361107e+00 4.159232e+01 -4.000000e+00
      vertex   1.154000e+00 4.401919e+01 -4.000000e+00
      vertex   1.361107e+00 4.417811e+01 -4.000000e+00
    endloop
  endfacet
  facet normal 0.000000e+00 0.000000e+00 -1.000000e+00
    outer loop
      vertex   1.361107e+00 4.159232e+01 -4.000000e+00
      vertex   1.361107e+00 4.417811e+01 -4.000000e+00
      vertex   1.520025e+00 4.138521e+01 -4.000000e+00
    endloop
  endfacet
  facet normal 0.000000e+00 0.000000e+00 -1.000000e+00
    outer loop
      vertex   1.520025e+00 4.138521e+01 -4.000000e+00
      vertex   1.361107e+00 4.417811e+01 -4.000000e+00
      vertex   1.520025e+00 4.438521e+01 -4.000000e+00
    endloop
  endfacet
  facet normal 0.000000e+00 0.000000e+00 -1.000000e+00
    outer loop
      vertex   1.520025e+00 4.138521e+01 -4.000000e+00
      vertex   1.520025e+00 4.438521e+01 -4.000000e+00
      vertex   1.619926e+00 4.114403e+01 -4.000000e+00
    endloop
  endfacet
  facet normal 0.000000e+00 0.000000e+00 -1.000000e+00
    outer loop
      vertex   1.619926e+00 4.114403e+01 -4.000000e+00
      vertex   1.520025e+00 4.438521e+01 -4.000000e+00
      vertex   1.619926e+00 4.462639e+01 -4.000000e+00
    endloop
  endfacet
  facet normal -0.000000e+00 0.000000e+00 -1.000000e+00
    outer loop
      vertex   -7.434600e+01 4.588521e+01 -4.000000e+00
      vertex   -7.460482e+01 4.585114e+01 -4.000000e+00
      vertex   -8.134600e+01 5.788521e+01 -4.000000e+00
    endloop
  endfacet
  facet normal 0.000000e+00 0.000000e+00 -1.000000e+00
    outer loop
      vertex   -8.134600e+01 5.788521e+01 -4.000000e+00
      vertex   -7.460482e+01 4.585114e+01 -4.000000e+00
      vertex   -7.484600e+01 4.575124e+01 -4.000000e+00
    endloop
  endfacet
  facet normal 0.000000e+00 0.000000e+00 -1.000000e+00
    outer loop
      vertex   -8.134600e+01 5.788521e+01 -4.000000e+00
      vertex   -7.484600e+01 4.575124e+01 -4.000000e+00
      vertex   -7.505311e+01 4.559232e+01 -4.000000e+00
    endloop
  endfacet
  facet normal -0.000000e+00 0.000000e+00 -1.000000e+00
    outer loop
      vertex   -7.505311e+01 4.559232e+01 -4.000000e+00
      vertex   -7.521203e+01 4.538521e+01 -4.000000e+00
      vertex   -8.134600e+01 5.788521e+01 -4.000000e+00
    endloop
  endfacet
  facet normal 0.000000e+00 0.000000e+00 -1.000000e+00
    outer loop
      vertex   -8.134600e+01 5.788521e+01 -4.000000e+00
      vertex   -7.521203e+01 4.538521e+01 -4.000000e+00
      vertex   -7.531193e+01 4.514403e+01 -4.000000e+00
    endloop
  endfacet
  facet normal 0.000000e+00 0.000000e+00 -1.000000e+00
    outer loop
      vertex   -8.134600e+01 5.788521e+01 -4.000000e+00
      vertex   -7.531193e+01 4.514403e+01 -4.000000e+00
      vertex   -7.534600e+01 4.488521e+01 -4.000000e+00
    endloop
  endfacet
  facet normal 0.000000e+00 0.000000e+00 -1.000000e+00
    outer loop
      vertex   6.540000e-01 2.788521e+01 -4.000000e+00
      vertex   -7.434600e+01 2.588521e+01 -4.000000e+00
      vertex   -7.434600e+01 2.788521e+01 -4.000000e+00
    endloop
  endfacet
  facet normal 0.000000e+00 -0.000000e+00 -1.000000e+00
    outer loop
      vertex   -7.434600e+01 2.788521e+01 -4.000000e+00
      vertex   -7.434600e+01 2.588521e+01 -4.000000e+00
      vertex   -7.460482e+01 2.585114e+01 -4.000000e+00
    endloop
  endfacet
  facet normal -0.000000e+00 0.000000e+00 -1.000000e+00
    outer loop
      vertex   -7.434600e+01 2.788521e+01 -4.000000e+00
      vertex   -7.460482e+01 2.585114e+01 -4.000000e+00
      vertex   -7.460482e+01 2.791929e+01 -4.000000e+00
    endloop
  endfacet
  facet normal 0.000000e+00 -0.000000e+00 -1.000000e+00
    outer loop
      vertex   -7.460482e+01 2.791929e+01 -4.000000e+00
      vertex   -7.460482e+01 2.585114e+01 -4.000000e+00
      vertex   -7.484600e+01 2.575124e+01 -4.000000e+00
    endloop
  endfacet
  facet normal -0.000000e+00 0.000000e+00 -1.000000e+00
    outer loop
      vertex   -7.460482e+01 2.791929e+01 -4.000000e+00
      vertex   -7.484600e+01 2.575124e+01 -4.000000e+00
      vertex   -7.484600e+01 2.801919e+01 -4.000000e+00
    endloop
  endfacet
  facet normal 0.000000e+00 -0.000000e+00 -1.000000e+00
    outer loop
      vertex   -7.484600e+01 2.801919e+01 -4.000000e+00
      vertex   -7.484600e+01 2.575124e+01 -4.000000e+00
      vertex   -7.505311e+01 2.559232e+01 -4.000000e+00
    endloop
  endfacet
  facet normal -0.000000e+00 0.000000e+00 -1.000000e+00
    outer loop
      vertex   -7.484600e+01 2.801919e+01 -4.000000e+00
      vertex   -7.505311e+01 2.559232e+01 -4.000000e+00
      vertex   -7.505311e+01 2.817811e+01 -4.000000e+00
    endloop
  endfacet
  facet normal 0.000000e+00 -0.000000e+00 -1.000000e+00
    outer loop
      vertex   -7.505311e+01 2.817811e+01 -4.000000e+00
      vertex   -7.505311e+01 2.559232e+01 -4.000000e+00
      vertex   -7.521203e+01 2.538521e+01 -4.000000e+00
    endloop
  endfacet
  facet normal -0.000000e+00 0.000000e+00 -1.000000e+00
    outer loop
      vertex   -7.505311e+01 2.817811e+01 -4.000000e+00
      vertex   -7.521203e+01 2.538521e+01 -4.000000e+00
      vertex   -7.521203e+01 2.838521e+01 -4.000000e+00
    endloop
  endfacet
  facet normal 0.000000e+00 -0.000000e+00 -1.000000e+00
    outer loop
      vertex   -7.521203e+01 2.838521e+01 -4.000000e+00
      vertex   -7.521203e+01 2.538521e+01 -4.000000e+00
      vertex   -7.531193e+01 2.514403e+01 -4.000000e+00
    endloop
  endfacet
  facet normal -0.000000e+00 0.000000e+00 -1.000000e+00
    outer loop
      vertex   -7.521203e+01 2.838521e+01 -4.000000e+00
      vertex   -7.531193e+01 2.514403e+01 -4.000000e+00
      vertex   -7.531193e+01 2.862639e+01 -4.000000e+00
    endloop
  endfacet
  facet normal -0.000000e+00 -0.000000e+00 -1.000000e+00
    outer loop
      vertex   -7.531193e+01 2.862639e+01 -4.000000e+00
      vertex   -7.531193e+01 2.514403e+01 -4.000000e+00
      vertex   -7.534600e+01 2.888521e+01 -4.000000e+00
    endloop
  endfacet
  facet normal 0.000000e+00 0.000000e+00 -1.000000e+00
    outer loop
      vertex   -7.534600e+01 2.888521e+01 -4.000000e+00
      vertex   -7.531193e+01 2.514403e+01 -4.000000e+00
      vertex   -7.534600e+01 2.488521e+01 -4.000000e+00
    endloop
  endfacet
  facet normal 0.000000e+00 -0.000000e+00 -1.000000e+00
    outer loop
      vertex   9.128190e-01 2.791929e+01 -4.000000e+00
      vertex   9.128190e-01 2.585114e+01 -4.000000e+00
      vertex   6.540000e-01 2.788521e+01 -4.000000e+00
    endloop
  endfacet
  facet normal 0.000000e+00 0.000000e+00 -1.000000e+00
    outer loop
      vertex   6.540000e-01 2.788521e+01 -4.000000e+00
      vertex   9.128190e-01 2.585114e+01 -4.000000e+00
      vertex   6.540000e-01 2.588521e+01 -4.000000e+00
    endloop
  endfacet
  facet normal 0.000000e+00 -0.000000e+00 -1.000000e+00
    outer loop
      vertex   6.540000e-01 2.788521e+01 -4.000000e+00
      vertex   6.540000e-01 2.588521e+01 -4.000000e+00
      vertex   -7.434600e+01 2.588521e+01 -4.000000e+00
    endloop
  endfacet
  facet normal 0.000000e+00 0.000000e+00 -1.000000e+00
    outer loop
      vertex   9.128190e-01 2.585114e+01 -4.000000e+00
      vertex   9.128190e-01 2.791929e+01 -4.000000e+00
      vertex   1.154000e+00 2.575124e+01 -4.000000e+00
    endloop
  endfacet
  facet normal 0.000000e+00 0.000000e+00 -1.000000e+00
    outer loop
      vertex   1.154000e+00 2.575124e+01 -4.000000e+00
      vertex   9.128190e-01 2.791929e+01 -4.000000e+00
      vertex   1.154000e+00 2.801919e+01 -4.000000e+00
    endloop
  endfacet
  facet normal 0.000000e+00 0.000000e+00 -1.000000e+00
    outer loop
      vertex   1.154000e+00 2.575124e+01 -4.000000e+00
      vertex   1.154000e+00 2.801919e+01 -4.000000e+00
      vertex   1.361107e+00 2.559232e+01 -4.000000e+00
    endloop
  endfacet
  facet normal 0.000000e+00 0.000000e+00 -1.000000e+00
    outer loop
      vertex   1.361107e+00 2.559232e+01 -4.000000e+00
      vertex   1.154000e+00 2.801919e+01 -4.000000e+00
      vertex   1.361107e+00 2.817811e+01 -4.000000e+00
    endloop
  endfacet
  facet normal 0.000000e+00 0.000000e+00 -1.000000e+00
    outer loop
      vertex   1.361107e+00 2.559232e+01 -4.000000e+00
      vertex   1.361107e+00 2.817811e+01 -4.000000e+00
      vertex   1.520025e+00 2.538521e+01 -4.000000e+00
    endloop
  endfacet
  facet normal 0.000000e+00 0.000000e+00 -1.000000e+00
    outer loop
      vertex   1.520025e+00 2.538521e+01 -4.000000e+00
      vertex   1.361107e+00 2.817811e+01 -4.000000e+00
      vertex   1.520025e+00 2.838521e+01 -4.000000e+00
    endloop
  endfacet
  facet normal 0.000000e+00 0.000000e+00 -1.000000e+00
    outer loop
      vertex   1.520025e+00 2.538521e+01 -4.000000e+00
      vertex   1.520025e+00 2.838521e+01 -4.000000e+00
      vertex   1.619926e+00 2.514403e+01 -4.000000e+00
    endloop
  endfacet
  facet normal 0.000000e+00 0.000000e+00 -1.000000e+00
    outer loop
      vertex   1.619926e+00 2.514403e+01 -4.000000e+00
      vertex   1.520025e+00 2.838521e+01 -4.000000e+00
      vertex   1.619926e+00 2.862639e+01 -4.000000e+00
    endloop
  endfacet
  facet normal 0.000000e+00 0.000000e+00 -1.000000e+00
    outer loop
      vertex   1.619926e+00 2.514403e+01 -4.000000e+00
      vertex   1.619926e+00 2.862639e+01 -4.000000e+00
      vertex   1.654000e+00 2.888521e+01 -4.000000e+00
    endloop
  endfacet
  facet normal 0.000000e+00 0.000000e+00 -1.000000e+00
    outer loop
      vertex   1.654000e+00 2.888521e+01 -4.000000e+00
      vertex   1.619926e+00 2.914403e+01 -4.000000e+00
      vertex   1.654000e+00 3.288521e+01 -4.000000e+00
    endloop
  endfacet
  facet normal 0.000000e+00 0.000000e+00 -1.000000e+00
    outer loop
      vertex   1.654000e+00 3.288521e+01 -4.000000e+00
      vertex   1.619926e+00 2.914403e+01 -4.000000e+00
      vertex   1.619926e+00 3.262639e+01 -4.000000e+00
    endloop
  endfacet
  facet normal 0.000000e+00 -0.000000e+00 -1.000000e+00
    outer loop
      vertex   1.619926e+00 3.262639e+01 -4.000000e+00
      vertex   1.619926e+00 2.914403e+01 -4.000000e+00
      vertex   1.520025e+00 3.238521e+01 -4.000000e+00
    endloop
  endfacet
  facet normal 0.000000e+00 0.000000e+00 -1.000000e+00
    outer loop
      vertex   1.520025e+00 3.238521e+01 -4.000000e+00
      vertex   1.619926e+00 2.914403e+01 -4.000000e+00
      vertex   1.520025e+00 2.938521e+01 -4.000000e+00
    endloop
  endfacet
  facet normal 0.000000e+00 -0.000000e+00 -1.000000e+00
    outer loop
      vertex   1.520025e+00 3.238521e+01 -4.000000e+00
      vertex   1.520025e+00 2.938521e+01 -4.000000e+00
      vertex   1.361107e+00 3.217811e+01 -4.000000e+00
    endloop
  endfacet
  facet normal 0.000000e+00 0.000000e+00 -1.000000e+00
    outer loop
      vertex   1.361107e+00 3.217811e+01 -4.000000e+00
      vertex   1.520025e+00 2.938521e+01 -4.000000e+00
      vertex   1.361107e+00 2.959232e+01 -4.000000e+00
    endloop
  endfacet
  facet normal 0.000000e+00 -0.000000e+00 -1.000000e+00
    outer loop
      vertex   1.361107e+00 3.217811e+01 -4.000000e+00
      vertex   1.361107e+00 2.959232e+01 -4.000000e+00
      vertex   1.154000e+00 3.201919e+01 -4.000000e+00
    endloop
  endfacet
  facet normal 0.000000e+00 0.000000e+00 -1.000000e+00
    outer loop
      vertex   1.154000e+00 3.201919e+01 -4.000000e+00
      vertex   1.361107e+00 2.959232e+01 -4.000000e+00
      vertex   1.154000e+00 2.975124e+01 -4.000000e+00
    endloop
  endfacet
  facet normal 0.000000e+00 -0.000000e+00 -1.000000e+00
    outer loop
      vertex   1.154000e+00 3.201919e+01 -4.000000e+00
      vertex   1.154000e+00 2.975124e+01 -4.000000e+00
      vertex   9.128190e-01 3.191929e+01 -4.000000e+00
    endloop
  endfacet
  facet normal 0.000000e+00 0.000000e+00 -1.000000e+00
    outer loop
      vertex   9.128190e-01 3.191929e+01 -4.000000e+00
      vertex   1.154000e+00 2.975124e+01 -4.000000e+00
      vertex   9.128190e-01 2.985114e+01 -4.000000e+00
    endloop
  endfacet
  facet normal 0.000000e+00 -0.000000e+00 -1.000000e+00
    outer loop
      vertex   9.128190e-01 3.191929e+01 -4.000000e+00
      vertex   9.128190e-01 2.985114e+01 -4.000000e+00
      vertex   6.540000e-01 3.188521e+01 -4.000000e+00
    endloop
  endfacet
  facet normal 0.000000e+00 0.000000e+00 -1.000000e+00
    outer loop
      vertex   6.540000e-01 3.188521e+01 -4.000000e+00
      vertex   9.128190e-01 2.985114e+01 -4.000000e+00
      vertex   6.540000e-01 2.988521e+01 -4.000000e+00
    endloop
  endfacet
  facet normal 0.000000e+00 -0.000000e+00 -1.000000e+00
    outer loop
      vertex   6.540000e-01 3.188521e+01 -4.000000e+00
      vertex   6.540000e-01 2.988521e+01 -4.000000e+00
      vertex   -7.434600e+01 2.988521e+01 -4.000000e+00
    endloop
  endfacet
  facet normal 0.000000e+00 0.000000e+00 -1.000000e+00
    outer loop
      vertex   6.540000e-01 3.188521e+01 -4.000000e+00
      vertex   -7.434600e+01 2.988521e+01 -4.000000e+00
      vertex   -7.434600e+01 3.188521e+01 -4.000000e+00
    endloop
  endfacet
  facet normal 0.000000e+00 -0.000000e+00 -1.000000e+00
    outer loop
      vertex   -7.434600e+01 3.188521e+01 -4.000000e+00
      vertex   -7.434600e+01 2.988521e+01 -4.000000e+00
      vertex   -7.460482e+01 2.985114e+01 -4.000000e+00
    endloop
  endfacet
  facet normal -0.000000e+00 0.000000e+00 -1.000000e+00
    outer loop
      vertex   -7.434600e+01 3.188521e+01 -4.000000e+00
      vertex   -7.460482e+01 2.985114e+01 -4.000000e+00
      vertex   -7.460482e+01 3.191929e+01 -4.000000e+00
    endloop
  endfacet
  facet normal 0.000000e+00 -0.000000e+00 -1.000000e+00
    outer loop
      vertex   -7.460482e+01 3.191929e+01 -4.000000e+00
      vertex   -7.460482e+01 2.985114e+01 -4.000000e+00
      vertex   -7.484600e+01 2.975124e+01 -4.000000e+00
    endloop
  endfacet
  facet normal -0.000000e+00 0.000000e+00 -1.000000e+00
    outer loop
      vertex   -7.460482e+01 3.191929e+01 -4.000000e+00
      vertex   -7.484600e+01 2.975124e+01 -4.000000e+00
      vertex   -7.484600e+01 3.201919e+01 -4.000000e+00
    endloop
  endfacet
  facet normal 0.000000e+00 -0.000000e+00 -1.000000e+00
    outer loop
      vertex   -7.484600e+01 3.201919e+01 -4.000000e+00
      vertex   -7.484600e+01 2.975124e+01 -4.000000e+00
      vertex   -7.505311e+01 2.959232e+01 -4.000000e+00
    endloop
  endfacet
  facet normal -0.000000e+00 0.000000e+00 -1.000000e+00
    outer loop
      vertex   -7.484600e+01 3.201919e+01 -4.000000e+00
      vertex   -7.505311e+01 2.959232e+01 -4.000000e+00
      vertex   -7.505311e+01 3.217811e+01 -4.000000e+00
    endloop
  endfacet
  facet normal 0.000000e+00 -0.000000e+00 -1.000000e+00
    outer loop
      vertex   -7.505311e+01 3.217811e+01 -4.000000e+00
      vertex   -7.505311e+01 2.959232e+01 -4.000000e+00
      vertex   -7.521203e+01 2.938521e+01 -4.000000e+00
    endloop
  endfacet
  facet normal -0.000000e+00 0.000000e+00 -1.000000e+00
    outer loop
      vertex   -7.505311e+01 3.217811e+01 -4.000000e+00
      vertex   -7.521203e+01 2.938521e+01 -4.000000e+00
      vertex   -7.521203e+01 3.238521e+01 -4.000000e+00
    endloop
  endfacet
  facet normal 0.000000e+00 -0.000000e+00 -1.000000e+00
    outer loop
      vertex   -7.521203e+01 3.238521e+01 -4.000000e+00
      vertex   -7.521203e+01 2.938521e+01 -4.000000e+00
      vertex   -7.531193e+01 2.914403e+01 -4.000000e+00
    endloop
  endfacet
  facet normal -0.000000e+00 0.000000e+00 -1.000000e+00
    outer loop
      vertex   -7.521203e+01 3.238521e+01 -4.000000e+00
      vertex   -7.531193e+01 2.914403e+01 -4.000000e+00
      vertex   -7.531193e+01 3.262639e+01 -4.000000e+00
    endloop
  endfacet
  facet normal -0.000000e+00 -0.000000e+00 -1.000000e+00
    outer loop
      vertex   -7.531193e+01 3.262639e+01 -4.000000e+00
      vertex   -7.531193e+01 2.914403e+01 -4.000000e+00
      vertex   -7.534600e+01 3.288521e+01 -4.000000e+00
    endloop
  endfacet
  facet normal 0.000000e+00 0.000000e+00 -1.000000e+00
    outer loop
      vertex   -7.534600e+01 3.288521e+01 -4.000000e+00
      vertex   -7.531193e+01 2.914403e+01 -4.000000e+00
      vertex   -7.534600e+01 2.888521e+01 -4.000000e+00
    endloop
  endfacet
  facet normal -0.000000e+00 -0.000000e+00 -1.000000e+00
    outer loop
      vertex   -7.534600e+01 3.288521e+01 -4.000000e+00
      vertex   -7.534600e+01 2.888521e+01 -4.000000e+00
      vertex   -8.134600e+01 5.788521e+01 -4.000000e+00
    endloop
  endfacet
  facet normal -0.000000e+00 0.000000e+00 -1.000000e+00
    outer loop
      vertex   6.540000e-01 1.188521e+01 -4.000000e+00
      vertex   -7.434600e+01 9.885214e+00 -4.000000e+00
      vertex   -7.434600e+01 1.188521e+01 -4.000000e+00
    endloop
  endfacet
  facet normal 0.000000e+00 -0.000000e+00 -1.000000e+00
    outer loop
      vertex   -7.434600e+01 1.188521e+01 -4.000000e+00
      vertex   -7.434600e+01 9.885214e+00 -4.000000e+00
      vertex   -7.460482e+01 9.851140e+00 -4.000000e+00
    endloop
  endfacet
  facet normal -0.000000e+00 0.000000e+00 -1.000000e+00
    outer loop
      vertex   -7.434600e+01 1.188521e+01 -4.000000e+00
      vertex   -7.460482e+01 9.851140e+00 -4.000000e+00
      vertex   -7.460482e+01 1.191929e+01 -4.000000e+00
    endloop
  endfacet
  facet normal 0.000000e+00 -0.000000e+00 -1.000000e+00
    outer loop
      vertex   -7.460482e+01 1.191929e+01 -4.000000e+00
      vertex   -7.460482e+01 9.851140e+00 -4.000000e+00
      vertex   -7.484600e+01 9.751239e+00 -4.000000e+00
    endloop
  endfacet
  facet normal -0.000000e+00 0.000000e+00 -1.000000e+00
    outer loop
      vertex   -7.460482e+01 1.191929e+01 -4.000000e+00
      vertex   -7.484600e+01 9.751239e+00 -4.000000e+00
      vertex   -7.484600e+01 1.201919e+01 -4.000000e+00
    endloop
  endfacet
  facet normal 0.000000e+00 -0.000000e+00 -1.000000e+00
    outer loop
      vertex   -7.484600e+01 1.201919e+01 -4.000000e+00
      vertex   -7.484600e+01 9.751239e+00 -4.000000e+00
      vertex   -7.505311e+01 9.592321e+00 -4.000000e+00
    endloop
  endfacet
  facet normal -0.000000e+00 0.000000e+00 -1.000000e+00
    outer loop
      vertex   -7.484600e+01 1.201919e+01 -4.000000e+00
      vertex   -7.505311e+01 9.592321e+00 -4.000000e+00
      vertex   -7.505311e+01 1.217811e+01 -4.000000e+00
    endloop
  endfacet
  facet normal 0.000000e+00 -0.000000e+00 -1.000000e+00
    outer loop
      vertex   -7.505311e+01 1.217811e+01 -4.000000e+00
      vertex   -7.505311e+01 9.592321e+00 -4.000000e+00
      vertex   -7.521203e+01 9.385214e+00 -4.000000e+00
    endloop
  endfacet
  facet normal -0.000000e+00 0.000000e+00 -1.000000e+00
    outer loop
      vertex   -7.505311e+01 1.217811e+01 -4.000000e+00
      vertex   -7.521203e+01 9.385214e+00 -4.000000e+00
      vertex   -7.521203e+01 1.238521e+01 -4.000000e+00
    endloop
  endfacet
  facet normal -0.000000e+00 0.000000e+00 -1.000000e+00
    outer loop
      vertex   -7.521203e+01 1.238521e+01 -4.000000e+00
      vertex   -7.521203e+01 9.385214e+00 -4.000000e+00
      vertex   -7.531193e+01 1.262639e+01 -4.000000e+00
    endloop
  endfacet
  facet normal 0.000000e+00 0.000000e+00 -1.000000e+00
    outer loop
      vertex   -7.531193e+01 1.262639e+01 -4.000000e+00
      vertex   -7.521203e+01 9.385214e+00 -4.000000e+00
      vertex   -7.531193e+01 9.144033e+00 -4.000000e+00
    endloop
  endfacet
  facet normal 0.000000e+00 -0.000000e+00 -1.000000e+00
    outer loop
      vertex   -7.531193e+01 1.262639e+01 -4.000000e+00
      vertex   -7.531193e+01 9.144033e+00 -4.000000e+00
      vertex   -8.134600e+01 -1.114786e+00 -4.000000e+00
    endloop
  endfacet
  facet normal 0.000000e+00 0.000000e+00 -1.000000e+00
    outer loop
      vertex   -8.134600e+01 -1.114786e+00 -4.000000e+00
      vertex   -7.531193e+01 9.144033e+00 -4.000000e+00
      vertex   -7.534600e+01 8.885214e+00 -4.000000e+00
    endloop
  endfacet
  facet normal 0.000000e+00 0.000000e+00 -1.000000e+00
    outer loop
      vertex   -8.134600e+01 -1.114786e+00 -4.000000e+00
      vertex   -7.534600e+01 8.885214e+00 -4.000000e+00
      vertex   -7.531193e+01 8.626395e+00 -4.000000e+00
    endloop
  endfacet
  facet normal 0.000000e+00 -0.000000e+00 -1.000000e+00
    outer loop
      vertex   9.128190e-01 1.191929e+01 -4.000000e+00
      vertex   9.128190e-01 9.851140e+00 -4.000000e+00
      vertex   6.540000e-01 1.188521e+01 -4.000000e+00
    endloop
  endfacet
  facet normal 0.000000e+00 0.000000e+00 -1.000000e+00
    outer loop
      vertex   6.540000e-01 1.188521e+01 -4.000000e+00
      vertex   9.128190e-01 9.851140e+00 -4.000000e+00
      vertex   6.540000e-01 9.885214e+00 -4.000000e+00
    endloop
  endfacet
  facet normal 0.000000e+00 -0.000000e+00 -1.000000e+00
    outer loop
      vertex   6.540000e-01 1.188521e+01 -4.000000e+00
      vertex   6.540000e-01 9.885214e+00 -4.000000e+00
      vertex   -7.434600e+01 9.885214e+00 -4.000000e+00
    endloop
  endfacet
  facet normal 0.000000e+00 0.000000e+00 -1.000000e+00
    outer loop
      vertex   9.128190e-01 9.851140e+00 -4.000000e+00
      vertex   9.128190e-01 1.191929e+01 -4.000000e+00
      vertex   1.154000e+00 9.751239e+00 -4.000000e+00
    endloop
  endfacet
  facet normal 0.000000e+00 0.000000e+00 -1.000000e+00
    outer loop
      vertex   1.154000e+00 9.751239e+00 -4.000000e+00
      vertex   9.128190e-01 1.191929e+01 -4.000000e+00
      vertex   1.154000e+00 1.201919e+01 -4.000000e+00
    endloop
  endfacet
  facet normal 0.000000e+00 0.000000e+00 -1.000000e+00
    outer loop
      vertex   1.154000e+00 9.751239e+00 -4.000000e+00
      vertex   1.154000e+00 1.201919e+01 -4.000000e+00
      vertex   1.361107e+00 9.592321e+00 -4.000000e+00
    endloop
  endfacet
  facet normal 0.000000e+00 0.000000e+00 -1.000000e+00
    outer loop
      vertex   1.361107e+00 9.592321e+00 -4.000000e+00
      vertex   1.154000e+00 1.201919e+01 -4.000000e+00
      vertex   1.361107e+00 1.217811e+01 -4.000000e+00
    endloop
  endfacet
  facet normal 0.000000e+00 0.000000e+00 -1.000000e+00
    outer loop
      vertex   1.361107e+00 9.592321e+00 -4.000000e+00
      vertex   1.361107e+00 1.217811e+01 -4.000000e+00
      vertex   1.520025e+00 1.238521e+01 -4.000000e+00
    endloop
  endfacet
  facet normal 0.000000e+00 0.000000e+00 -1.000000e+00
    outer loop
      vertex   1.361107e+00 9.592321e+00 -4.000000e+00
      vertex   1.520025e+00 1.238521e+01 -4.000000e+00
      vertex   1.520025e+00 9.385214e+00 -4.000000e+00
    endloop
  endfacet
  facet normal 0.000000e+00 0.000000e+00 -1.000000e+00
    outer loop
      vertex   1.520025e+00 9.385214e+00 -4.000000e+00
      vertex   1.520025e+00 1.238521e+01 -4.000000e+00
      vertex   1.619926e+00 1.262639e+01 -4.000000e+00
    endloop
  endfacet
  facet normal 0.000000e+00 0.000000e+00 -1.000000e+00
    outer loop
      vertex   1.520025e+00 9.385214e+00 -4.000000e+00
      vertex   1.619926e+00 1.262639e+01 -4.000000e+00
      vertex   1.619926e+00 9.144033e+00 -4.000000e+00
    endloop
  endfacet
  facet normal 0.000000e+00 0.000000e+00 -1.000000e+00
    outer loop
      vertex   1.619926e+00 9.144033e+00 -4.000000e+00
      vertex   1.619926e+00 1.262639e+01 -4.000000e+00
      vertex   9.654000e+00 -1.114786e+00 -4.000000e+00
    endloop
  endfacet
  facet normal 0.000000e+00 0.000000e+00 -1.000000e+00
    outer loop
      vertex   1.619926e+00 1.262639e+01 -4.000000e+00
      vertex   1.654000e+00 1.288521e+01 -4.000000e+00
      vertex   9.654000e+00 -1.114786e+00 -4.000000e+00
    endloop
  endfacet
  facet normal 0.000000e+00 0.000000e+00 -1.000000e+00
    outer loop
      vertex   9.654000e+00 -1.114786e+00 -4.000000e+00
      vertex   1.654000e+00 1.288521e+01 -4.000000e+00
      vertex   1.654000e+00 1.688521e+01 -4.000000e+00
    endloop
  endfacet
  facet normal 0.000000e+00 0.000000e+00 -1.000000e+00
    outer loop
      vertex   9.654000e+00 -1.114786e+00 -4.000000e+00
      vertex   1.654000e+00 1.688521e+01 -4.000000e+00
      vertex   1.654000e+00 2.088521e+01 -4.000000e+00
    endloop
  endfacet
  facet normal 0.000000e+00 0.000000e+00 -1.000000e+00
    outer loop
      vertex   1.654000e+00 2.088521e+01 -4.000000e+00
      vertex   1.654000e+00 1.688521e+01 -4.000000e+00
      vertex   1.619926e+00 1.714403e+01 -4.000000e+00
    endloop
  endfacet
  facet normal 0.000000e+00 0.000000e+00 -1.000000e+00
    outer loop
      vertex   1.654000e+00 2.088521e+01 -4.000000e+00
      vertex   1.619926e+00 1.714403e+01 -4.000000e+00
      vertex   1.619926e+00 2.062639e+01 -4.000000e+00
    endloop
  endfacet
  facet normal 0.000000e+00 0.000000e+00 -1.000000e+00
    outer loop
      vertex   1.619926e+00 2.062639e+01 -4.000000e+00
      vertex   1.619926e+00 1.714403e+01 -4.000000e+00
      vertex   1.520025e+00 1.738521e+01 -4.000000e+00
    endloop
  endfacet
  facet normal 0.000000e+00 0.000000e+00 -1.000000e+00
    outer loop
      vertex   1.619926e+00 2.062639e+01 -4.000000e+00
      vertex   1.520025e+00 1.738521e+01 -4.000000e+00
      vertex   1.520025e+00 2.038521e+01 -4.000000e+00
    endloop
  endfacet
  facet normal 0.000000e+00 0.000000e+00 -1.000000e+00
    outer loop
      vertex   1.520025e+00 2.038521e+01 -4.000000e+00
      vertex   1.520025e+00 1.738521e+01 -4.000000e+00
      vertex   1.361107e+00 2.017811e+01 -4.000000e+00
    endloop
  endfacet
  facet normal 0.000000e+00 -0.000000e+00 -1.000000e+00
    outer loop
      vertex   1.361107e+00 2.017811e+01 -4.000000e+00
      vertex   1.520025e+00 1.738521e+01 -4.000000e+00
      vertex   1.361107e+00 1.759232e+01 -4.000000e+00
    endloop
  endfacet
  facet normal 0.000000e+00 0.000000e+00 -1.000000e+00
    outer loop
      vertex   1.361107e+00 2.017811e+01 -4.000000e+00
      vertex   1.361107e+00 1.759232e+01 -4.000000e+00
      vertex   1.154000e+00 2.001919e+01 -4.000000e+00
    endloop
  endfacet
  facet normal 0.000000e+00 -0.000000e+00 -1.000000e+00
    outer loop
      vertex   1.154000e+00 2.001919e+01 -4.000000e+00
      vertex   1.361107e+00 1.759232e+01 -4.000000e+00
      vertex   1.154000e+00 1.775124e+01 -4.000000e+00
    endloop
  endfacet
  facet normal 0.000000e+00 0.000000e+00 -1.000000e+00
    outer loop
      vertex   1.154000e+00 2.001919e+01 -4.000000e+00
      vertex   1.154000e+00 1.775124e+01 -4.000000e+00
      vertex   9.128190e-01 1.991929e+01 -4.000000e+00
    endloop
  endfacet
  facet normal 0.000000e+00 -0.000000e+00 -1.000000e+00
    outer loop
      vertex   9.128190e-01 1.991929e+01 -4.000000e+00
      vertex   1.154000e+00 1.775124e+01 -4.000000e+00
      vertex   9.128190e-01 1.785114e+01 -4.000000e+00
    endloop
  endfacet
  facet normal 0.000000e+00 0.000000e+00 -1.000000e+00
    outer loop
      vertex   9.128190e-01 1.991929e+01 -4.000000e+00
      vertex   9.128190e-01 1.785114e+01 -4.000000e+00
      vertex   6.540000e-01 1.988521e+01 -4.000000e+00
    endloop
  endfacet
  facet normal 0.000000e+00 0.000000e+00 -1.000000e+00
    outer loop
      vertex   6.540000e-01 1.988521e+01 -4.000000e+00
      vertex   9.128190e-01 1.785114e+01 -4.000000e+00
      vertex   6.540000e-01 1.788521e+01 -4.000000e+00
    endloop
  endfacet
  facet normal 0.000000e+00 -0.000000e+00 -1.000000e+00
    outer loop
      vertex   6.540000e-01 1.988521e+01 -4.000000e+00
      vertex   6.540000e-01 1.788521e+01 -4.000000e+00
      vertex   -7.434600e+01 1.788521e+01 -4.000000e+00
    endloop
  endfacet
  facet normal 0.000000e+00 0.000000e+00 -1.000000e+00
    outer loop
      vertex   1.654000e+00 1.288521e+01 -4.000000e+00
      vertex   1.619926e+00 1.314403e+01 -4.000000e+00
      vertex   1.654000e+00 1.688521e+01 -4.000000e+00
    endloop
  endfacet
  facet normal 0.000000e+00 0.000000e+00 -1.000000e+00
    outer loop
      vertex   1.654000e+00 1.688521e+01 -4.000000e+00
      vertex   1.619926e+00 1.314403e+01 -4.000000e+00
      vertex   1.619926e+00 1.662639e+01 -4.000000e+00
    endloop
  endfacet
  facet normal 0.000000e+00 -0.000000e+00 -1.000000e+00
    outer loop
      vertex   1.619926e+00 1.662639e+01 -4.000000e+00
      vertex   1.619926e+00 1.314403e+01 -4.000000e+00
      vertex   1.520025e+00 1.338521e+01 -4.000000e+00
    endloop
  endfacet
  facet normal 0.000000e+00 0.000000e+00 -1.000000e+00
    outer loop
      vertex   1.619926e+00 1.662639e+01 -4.000000e+00
      vertex   1.520025e+00 1.338521e+01 -4.000000e+00
      vertex   1.520025e+00 1.638521e+01 -4.000000e+00
    endloop
  endfacet
  facet normal 0.000000e+00 -0.000000e+00 -1.000000e+00
    outer loop
      vertex   1.520025e+00 1.638521e+01 -4.000000e+00
      vertex   1.520025e+00 1.338521e+01 -4.000000e+00
      vertex   1.361107e+00 1.617811e+01 -4.000000e+00
    endloop
  endfacet
  facet normal 0.000000e+00 0.000000e+00 -1.000000e+00
    outer loop
      vertex   1.361107e+00 1.617811e+01 -4.000000e+00
      vertex   1.520025e+00 1.338521e+01 -4.000000e+00
      vertex   1.361107e+00 1.359232e+01 -4.000000e+00
    endloop
  endfacet
  facet normal 0.000000e+00 -0.000000e+00 -1.000000e+00
    outer loop
      vertex   1.361107e+00 1.617811e+01 -4.000000e+00
      vertex   1.361107e+00 1.359232e+01 -4.000000e+00
      vertex   1.154000e+00 1.601919e+01 -4.000000e+00
    endloop
  endfacet
  facet normal 0.000000e+00 0.000000e+00 -1.000000e+00
    outer loop
      vertex   1.154000e+00 1.601919e+01 -4.000000e+00
      vertex   1.361107e+00 1.359232e+01 -4.000000e+00
      vertex   1.154000e+00 1.375124e+01 -4.000000e+00
    endloop
  endfacet
  facet normal 0.000000e+00 -0.000000e+00 -1.000000e+00
    outer loop
      vertex   1.154000e+00 1.601919e+01 -4.000000e+00
      vertex   1.154000e+00 1.375124e+01 -4.000000e+00
      vertex   9.128190e-01 1.591929e+01 -4.000000e+00
    endloop
  endfacet
  facet normal 0.000000e+00 0.000000e+00 -1.000000e+00
    outer loop
      vertex   9.128190e-01 1.591929e+01 -4.000000e+00
      vertex   1.154000e+00 1.375124e+01 -4.000000e+00
      vertex   9.128190e-01 1.385114e+01 -4.000000e+00
    endloop
  endfacet
  facet normal 0.000000e+00 -0.000000e+00 -1.000000e+00
    outer loop
      vertex   9.128190e-01 1.591929e+01 -4.000000e+00
      vertex   9.128190e-01 1.385114e+01 -4.000000e+00
      vertex   6.540000e-01 1.588521e+01 -4.000000e+00
    endloop
  endfacet
  facet normal 0.000000e+00 0.000000e+00 -1.000000e+00
    outer loop
      vertex   6.540000e-01 1.588521e+01 -4.000000e+00
      vertex   9.128190e-01 1.385114e+01 -4.000000e+00
      vertex   6.540000e-01 1.388521e+01 -4.000000e+00
    endloop
  endfacet
  facet normal 0.000000e+00 -0.000000e+00 -1.000000e+00
    outer loop
      vertex   6.540000e-01 1.588521e+01 -4.000000e+00
      vertex   6.540000e-01 1.388521e+01 -4.000000e+00
      vertex   -7.434600e+01 1.388521e+01 -4.000000e+00
    endloop
  endfacet
  facet normal -0.000000e+00 0.000000e+00 -1.000000e+00
    outer loop
      vertex   6.540000e-01 1.588521e+01 -4.000000e+00
      vertex   -7.434600e+01 1.388521e+01 -4.000000e+00
      vertex   -7.434600e+01 1.588521e+01 -4.000000e+00
    endloop
  endfacet
  facet normal 0.000000e+00 -0.000000e+00 -1.000000e+00
    outer loop
      vertex   -7.434600e+01 1.588521e+01 -4.000000e+00
      vertex   -7.434600e+01 1.388521e+01 -4.000000e+00
      vertex   -7.460482e+01 1.385114e+01 -4.000000e+00
    endloop
  endfacet
  facet normal -0.000000e+00 0.000000e+00 -1.000000e+00
    outer loop
      vertex   -7.434600e+01 1.588521e+01 -4.000000e+00
      vertex   -7.460482e+01 1.385114e+01 -4.000000e+00
      vertex   -7.460482e+01 1.591929e+01 -4.000000e+00
    endloop
  endfacet
  facet normal 0.000000e+00 -0.000000e+00 -1.000000e+00
    outer loop
      vertex   -7.460482e+01 1.591929e+01 -4.000000e+00
      vertex   -7.460482e+01 1.385114e+01 -4.000000e+00
      vertex   -7.484600e+01 1.375124e+01 -4.000000e+00
    endloop
  endfacet
  facet normal -0.000000e+00 0.000000e+00 -1.000000e+00
    outer loop
      vertex   -7.460482e+01 1.591929e+01 -4.000000e+00
      vertex   -7.484600e+01 1.375124e+01 -4.000000e+00
      vertex   -7.484600e+01 1.601919e+01 -4.000000e+00
    endloop
  endfacet
  facet normal 0.000000e+00 -0.000000e+00 -1.000000e+00
    outer loop
      vertex   -7.484600e+01 1.601919e+01 -4.000000e+00
      vertex   -7.484600e+01 1.375124e+01 -4.000000e+00
      vertex   -7.505311e+01 1.359232e+01 -4.000000e+00
    endloop
  endfacet
  facet normal -0.000000e+00 0.000000e+00 -1.000000e+00
    outer loop
      vertex   -7.484600e+01 1.601919e+01 -4.000000e+00
      vertex   -7.505311e+01 1.359232e+01 -4.000000e+00
      vertex   -7.505311e+01 1.617811e+01 -4.000000e+00
    endloop
  endfacet
  facet normal 0.000000e+00 -0.000000e+00 -1.000000e+00
    outer loop
      vertex   -7.505311e+01 1.617811e+01 -4.000000e+00
      vertex   -7.505311e+01 1.359232e+01 -4.000000e+00
      vertex   -7.521203e+01 1.338521e+01 -4.000000e+00
    endloop
  endfacet
  facet normal -0.000000e+00 0.000000e+00 -1.000000e+00
    outer loop
      vertex   -7.505311e+01 1.617811e+01 -4.000000e+00
      vertex   -7.521203e+01 1.338521e+01 -4.000000e+00
      vertex   -7.521203e+01 1.638521e+01 -4.000000e+00
    endloop
  endfacet
  facet normal -0.000000e+00 -0.000000e+00 -1.000000e+00
    outer loop
      vertex   -7.521203e+01 1.638521e+01 -4.000000e+00
      vertex   -7.521203e+01 1.338521e+01 -4.000000e+00
      vertex   -7.531193e+01 1.662639e+01 -4.000000e+00
    endloop
  endfacet
  facet normal 0.000000e+00 0.000000e+00 -1.000000e+00
    outer loop
      vertex   -7.531193e+01 1.662639e+01 -4.000000e+00
      vertex   -7.521203e+01 1.338521e+01 -4.000000e+00
      vertex   -7.531193e+01 1.314403e+01 -4.000000e+00
    endloop
  endfacet
  facet normal -0.000000e+00 -0.000000e+00 -1.000000e+00
    outer loop
      vertex   -7.531193e+01 1.662639e+01 -4.000000e+00
      vertex   -7.531193e+01 1.314403e+01 -4.000000e+00
      vertex   -7.534600e+01 1.688521e+01 -4.000000e+00
    endloop
  endfacet
  facet normal 0.000000e+00 0.000000e+00 -1.000000e+00
    outer loop
      vertex   -7.534600e+01 1.688521e+01 -4.000000e+00
      vertex   -7.531193e+01 1.314403e+01 -4.000000e+00
      vertex   -7.534600e+01 1.288521e+01 -4.000000e+00
    endloop
  endfacet
  facet normal 0.000000e+00 -0.000000e+00 -1.000000e+00
    outer loop
      vertex   -7.534600e+01 1.688521e+01 -4.000000e+00
      vertex   -7.534600e+01 1.288521e+01 -4.000000e+00
      vertex   -8.134600e+01 -1.114786e+00 -4.000000e+00
    endloop
  endfacet
  facet normal 0.000000e+00 0.000000e+00 -1.000000e+00
    outer loop
      vertex   -8.134600e+01 -1.114786e+00 -4.000000e+00
      vertex   -7.534600e+01 1.288521e+01 -4.000000e+00
      vertex   -7.531193e+01 1.262639e+01 -4.000000e+00
    endloop
  endfacet
  facet normal 0.000000e+00 0.000000e+00 -1.000000e+00
    outer loop
      vertex   6.540000e-01 1.988521e+01 -4.000000e+00
      vertex   -7.434600e+01 1.788521e+01 -4.000000e+00
      vertex   -7.434600e+01 1.988521e+01 -4.000000e+00
    endloop
  endfacet
  facet normal 0.000000e+00 -0.000000e+00 -1.000000e+00
    outer loop
      vertex   -7.434600e+01 1.988521e+01 -4.000000e+00
      vertex   -7.434600e+01 1.788521e+01 -4.000000e+00
      vertex   -7.460482e+01 1.785114e+01 -4.000000e+00
    endloop
  endfacet
  facet normal -0.000000e+00 0.000000e+00 -1.000000e+00
    outer loop
      vertex   -7.434600e+01 1.988521e+01 -4.000000e+00
      vertex   -7.460482e+01 1.785114e+01 -4.000000e+00
      vertex   -7.460482e+01 1.991929e+01 -4.000000e+00
    endloop
  endfacet
  facet normal 0.000000e+00 -0.000000e+00 -1.000000e+00
    outer loop
      vertex   -7.460482e+01 1.991929e+01 -4.000000e+00
      vertex   -7.460482e+01 1.785114e+01 -4.000000e+00
      vertex   -7.484600e+01 1.775124e+01 -4.000000e+00
    endloop
  endfacet
  facet normal -0.000000e+00 0.000000e+00 -1.000000e+00
    outer loop
      vertex   -7.460482e+01 1.991929e+01 -4.000000e+00
      vertex   -7.484600e+01 1.775124e+01 -4.000000e+00
      vertex   -7.484600e+01 2.001919e+01 -4.000000e+00
    endloop
  endfacet
  facet normal 0.000000e+00 -0.000000e+00 -1.000000e+00
    outer loop
      vertex   -7.484600e+01 2.001919e+01 -4.000000e+00
      vertex   -7.484600e+01 1.775124e+01 -4.000000e+00
      vertex   -7.505311e+01 1.759232e+01 -4.000000e+00
    endloop
  endfacet
  facet normal -0.000000e+00 0.000000e+00 -1.000000e+00
    outer loop
      vertex   -7.484600e+01 2.001919e+01 -4.000000e+00
      vertex   -7.505311e+01 1.759232e+01 -4.000000e+00
      vertex   -7.505311e+01 2.017811e+01 -4.000000e+00
    endloop
  endfacet
  facet normal 0.000000e+00 -0.000000e+00 -1.000000e+00
    outer loop
      vertex   -7.505311e+01 2.017811e+01 -4.000000e+00
      vertex   -7.505311e+01 1.759232e+01 -4.000000e+00
      vertex   -7.521203e+01 1.738521e+01 -4.000000e+00
    endloop
  endfacet
  facet normal -0.000000e+00 0.000000e+00 -1.000000e+00
    outer loop
      vertex   -7.505311e+01 2.017811e+01 -4.000000e+00
      vertex   -7.521203e+01 1.738521e+01 -4.000000e+00
      vertex   -7.521203e+01 2.038521e+01 -4.000000e+00
    endloop
  endfacet
  facet normal 0.000000e+00 -0.000000e+00 -1.000000e+00
    outer loop
      vertex   -7.521203e+01 2.038521e+01 -4.000000e+00
      vertex   -7.521203e+01 1.738521e+01 -4.000000e+00
      vertex   -7.531193e+01 1.714403e+01 -4.000000e+00
    endloop
  endfacet
  facet normal -0.000000e+00 0.000000e+00 -1.000000e+00
    outer loop
      vertex   -7.521203e+01 2.038521e+01 -4.000000e+00
      vertex   -7.531193e+01 1.714403e+01 -4.000000e+00
      vertex   -7.531193e+01 2.062639e+01 -4.000000e+00
    endloop
  endfacet
  facet normal -0.000000e+00 -0.000000e+00 -1.000000e+00
    outer loop
      vertex   -7.531193e+01 2.062639e+01 -4.000000e+00
      vertex   -7.531193e+01 1.714403e+01 -4.000000e+00
      vertex   -7.534600e+01 2.088521e+01 -4.000000e+00
    endloop
  endfacet
  facet normal 0.000000e+00 0.000000e+00 -1.000000e+00
    outer loop
      vertex   -7.534600e+01 2.088521e+01 -4.000000e+00
      vertex   -7.531193e+01 1.714403e+01 -4.000000e+00
      vertex   -7.534600e+01 1.688521e+01 -4.000000e+00
    endloop
  endfacet
  facet normal 0.000000e+00 -0.000000e+00 -1.000000e+00
    outer loop
      vertex   -7.534600e+01 2.088521e+01 -4.000000e+00
      vertex   -7.534600e+01 1.688521e+01 -4.000000e+00
      vertex   -8.134600e+01 -1.114786e+00 -4.000000e+00
    endloop
  endfacet
  facet normal 0.000000e+00 0.000000e+00 -1.000000e+00
    outer loop
      vertex   6.540000e-01 3.588521e+01 -4.000000e+00
      vertex   -7.434600e+01 3.388521e+01 -4.000000e+00
      vertex   -7.434600e+01 3.588521e+01 -4.000000e+00
    endloop
  endfacet
  facet normal 0.000000e+00 -0.000000e+00 -1.000000e+00
    outer loop
      vertex   -7.434600e+01 3.588521e+01 -4.000000e+00
      vertex   -7.434600e+01 3.388521e+01 -4.000000e+00
      vertex   -7.460482e+01 3.385114e+01 -4.000000e+00
    endloop
  endfacet
  facet normal -0.000000e+00 0.000000e+00 -1.000000e+00
    outer loop
      vertex   -7.434600e+01 3.588521e+01 -4.000000e+00
      vertex   -7.460482e+01 3.385114e+01 -4.000000e+00
      vertex   -7.460482e+01 3.591929e+01 -4.000000e+00
    endloop
  endfacet
  facet normal 0.000000e+00 -0.000000e+00 -1.000000e+00
    outer loop
      vertex   -7.460482e+01 3.591929e+01 -4.000000e+00
      vertex   -7.460482e+01 3.385114e+01 -4.000000e+00
      vertex   -7.484600e+01 3.375124e+01 -4.000000e+00
    endloop
  endfacet
  facet normal -0.000000e+00 0.000000e+00 -1.000000e+00
    outer loop
      vertex   -7.460482e+01 3.591929e+01 -4.000000e+00
      vertex   -7.484600e+01 3.375124e+01 -4.000000e+00
      vertex   -7.484600e+01 3.601919e+01 -4.000000e+00
    endloop
  endfacet
  facet normal 0.000000e+00 -0.000000e+00 -1.000000e+00
    outer loop
      vertex   -7.484600e+01 3.601919e+01 -4.000000e+00
      vertex   -7.484600e+01 3.375124e+01 -4.000000e+00
      vertex   -7.505311e+01 3.359232e+01 -4.000000e+00
    endloop
  endfacet
  facet normal -0.000000e+00 0.000000e+00 -1.000000e+00
    outer loop
      vertex   -7.484600e+01 3.601919e+01 -4.000000e+00
      vertex   -7.505311e+01 3.359232e+01 -4.000000e+00
      vertex   -7.505311e+01 3.617811e+01 -4.000000e+00
    endloop
  endfacet
  facet normal 0.000000e+00 -0.000000e+00 -1.000000e+00
    outer loop
      vertex   -7.505311e+01 3.617811e+01 -4.000000e+00
      vertex   -7.505311e+01 3.359232e+01 -4.000000e+00
      vertex   -7.521203e+01 3.338521e+01 -4.000000e+00
    endloop
  endfacet
  facet normal -0.000000e+00 0.000000e+00 -1.000000e+00
    outer loop
      vertex   -7.505311e+01 3.617811e+01 -4.000000e+00
      vertex   -7.521203e+01 3.338521e+01 -4.000000e+00
      vertex   -7.521203e+01 3.638521e+01 -4.000000e+00
    endloop
  endfacet
  facet normal 0.000000e+00 -0.000000e+00 -1.000000e+00
    outer loop
      vertex   -7.521203e+01 3.638521e+01 -4.000000e+00
      vertex   -7.521203e+01 3.338521e+01 -4.000000e+00
      vertex   -7.531193e+01 3.314403e+01 -4.000000e+00
    endloop
  endfacet
  facet normal -0.000000e+00 0.000000e+00 -1.000000e+00
    outer loop
      vertex   6.540000e-01 3.988521e+01 -4.000000e+00
      vertex   -7.434600e+01 3.788521e+01 -4.000000e+00
      vertex   -7.434600e+01 3.988521e+01 -4.000000e+00
    endloop
  endfacet
  facet normal 0.000000e+00 -0.000000e+00 -1.000000e+00
    outer loop
      vertex   -7.434600e+01 3.988521e+01 -4.000000e+00
      vertex   -7.434600e+01 3.788521e+01 -4.000000e+00
      vertex   -7.460482e+01 3.785114e+01 -4.000000e+00
    endloop
  endfacet
  facet normal -0.000000e+00 0.000000e+00 -1.000000e+00
    outer loop
      vertex   -7.434600e+01 3.988521e+01 -4.000000e+00
      vertex   -7.460482e+01 3.785114e+01 -4.000000e+00
      vertex   -7.460482e+01 3.991929e+01 -4.000000e+00
    endloop
  endfacet
  facet normal 0.000000e+00 0.000000e+00 -1.000000e+00
    outer loop
      vertex   -7.460482e+01 3.991929e+01 -4.000000e+00
      vertex   -7.460482e+01 3.785114e+01 -4.000000e+00
      vertex   -7.484600e+01 3.775124e+01 -4.000000e+00
    endloop
  endfacet
  facet normal -0.000000e+00 0.000000e+00 -1.000000e+00
    outer loop
      vertex   -7.460482e+01 3.991929e+01 -4.000000e+00
      vertex   -7.484600e+01 3.775124e+01 -4.000000e+00
      vertex   -7.484600e+01 4.001919e+01 -4.000000e+00
    endloop
  endfacet
  facet normal 0.000000e+00 -0.000000e+00 -1.000000e+00
    outer loop
      vertex   -7.484600e+01 4.001919e+01 -4.000000e+00
      vertex   -7.484600e+01 3.775124e+01 -4.000000e+00
      vertex   -7.505311e+01 3.759232e+01 -4.000000e+00
    endloop
  endfacet
  facet normal -0.000000e+00 0.000000e+00 -1.000000e+00
    outer loop
      vertex   -7.484600e+01 4.001919e+01 -4.000000e+00
      vertex   -7.505311e+01 3.759232e+01 -4.000000e+00
      vertex   -7.505311e+01 4.017811e+01 -4.000000e+00
    endloop
  endfacet
  facet normal 0.000000e+00 -0.000000e+00 -1.000000e+00
    outer loop
      vertex   -7.505311e+01 4.017811e+01 -4.000000e+00
      vertex   -7.505311e+01 3.759232e+01 -4.000000e+00
      vertex   -7.521203e+01 3.738521e+01 -4.000000e+00
    endloop
  endfacet
  facet normal -0.000000e+00 0.000000e+00 -1.000000e+00
    outer loop
      vertex   -7.505311e+01 4.017811e+01 -4.000000e+00
      vertex   -7.521203e+01 3.738521e+01 -4.000000e+00
      vertex   -7.521203e+01 4.038521e+01 -4.000000e+00
    endloop
  endfacet
  facet normal 0.000000e+00 0.000000e+00 -1.000000e+00
    outer loop
      vertex   -7.521203e+01 4.038521e+01 -4.000000e+00
      vertex   -7.521203e+01 3.738521e+01 -4.000000e+00
      vertex   -7.531193e+01 3.714403e+01 -4.000000e+00
    endloop
  endfacet
  facet normal -0.000000e+00 0.000000e+00 -1.000000e+00
    outer loop
      vertex   -7.521203e+01 4.038521e+01 -4.000000e+00
      vertex   -7.531193e+01 3.714403e+01 -4.000000e+00
      vertex   -7.531193e+01 4.062639e+01 -4.000000e+00
    endloop
  endfacet
  facet normal -0.000000e+00 -0.000000e+00 -1.000000e+00
    outer loop
      vertex   -7.531193e+01 4.062639e+01 -4.000000e+00
      vertex   -7.531193e+01 3.714403e+01 -4.000000e+00
      vertex   -7.534600e+01 4.088521e+01 -4.000000e+00
    endloop
  endfacet
  facet normal 0.000000e+00 0.000000e+00 -1.000000e+00
    outer loop
      vertex   -7.534600e+01 4.088521e+01 -4.000000e+00
      vertex   -7.531193e+01 3.714403e+01 -4.000000e+00
      vertex   -7.534600e+01 3.688521e+01 -4.000000e+00
    endloop
  endfacet
  facet normal 0.000000e+00 -0.000000e+00 -1.000000e+00
    outer loop
      vertex   9.128190e-01 3.991929e+01 -4.000000e+00
      vertex   9.128190e-01 3.785114e+01 -4.000000e+00
      vertex   6.540000e-01 3.988521e+01 -4.000000e+00
    endloop
  endfacet
  facet normal 0.000000e+00 0.000000e+00 -1.000000e+00
    outer loop
      vertex   6.540000e-01 3.988521e+01 -4.000000e+00
      vertex   9.128190e-01 3.785114e+01 -4.000000e+00
      vertex   6.540000e-01 3.788521e+01 -4.000000e+00
    endloop
  endfacet
  facet normal 0.000000e+00 -0.000000e+00 -1.000000e+00
    outer loop
      vertex   6.540000e-01 3.988521e+01 -4.000000e+00
      vertex   6.540000e-01 3.788521e+01 -4.000000e+00
      vertex   -7.434600e+01 3.788521e+01 -4.000000e+00
    endloop
  endfacet
  facet normal 0.000000e+00 0.000000e+00 -1.000000e+00
    outer loop
      vertex   9.128190e-01 3.785114e+01 -4.000000e+00
      vertex   9.128190e-01 3.991929e+01 -4.000000e+00
      vertex   1.154000e+00 3.775124e+01 -4.000000e+00
    endloop
  endfacet
  facet normal 0.000000e+00 0.000000e+00 -1.000000e+00
    outer loop
      vertex   1.154000e+00 3.775124e+01 -4.000000e+00
      vertex   9.128190e-01 3.991929e+01 -4.000000e+00
      vertex   1.154000e+00 4.001919e+01 -4.000000e+00
    endloop
  endfacet
  facet normal 0.000000e+00 0.000000e+00 -1.000000e+00
    outer loop
      vertex   1.154000e+00 3.775124e+01 -4.000000e+00
      vertex   1.154000e+00 4.001919e+01 -4.000000e+00
      vertex   1.361107e+00 3.759232e+01 -4.000000e+00
    endloop
  endfacet
  facet normal 0.000000e+00 0.000000e+00 -1.000000e+00
    outer loop
      vertex   1.361107e+00 3.759232e+01 -4.000000e+00
      vertex   1.154000e+00 4.001919e+01 -4.000000e+00
      vertex   1.361107e+00 4.017811e+01 -4.000000e+00
    endloop
  endfacet
  facet normal 0.000000e+00 0.000000e+00 -1.000000e+00
    outer loop
      vertex   1.361107e+00 3.759232e+01 -4.000000e+00
      vertex   1.361107e+00 4.017811e+01 -4.000000e+00
      vertex   1.520025e+00 3.738521e+01 -4.000000e+00
    endloop
  endfacet
  facet normal 0.000000e+00 0.000000e+00 -1.000000e+00
    outer loop
      vertex   1.520025e+00 3.738521e+01 -4.000000e+00
      vertex   1.361107e+00 4.017811e+01 -4.000000e+00
      vertex   1.520025e+00 4.038521e+01 -4.000000e+00
    endloop
  endfacet
  facet normal 0.000000e+00 0.000000e+00 -1.000000e+00
    outer loop
      vertex   1.520025e+00 3.738521e+01 -4.000000e+00
      vertex   1.520025e+00 4.038521e+01 -4.000000e+00
      vertex   1.619926e+00 3.714403e+01 -4.000000e+00
    endloop
  endfacet
  facet normal 0.000000e+00 0.000000e+00 -1.000000e+00
    outer loop
      vertex   1.619926e+00 3.714403e+01 -4.000000e+00
      vertex   1.520025e+00 4.038521e+01 -4.000000e+00
      vertex   1.619926e+00 4.062639e+01 -4.000000e+00
    endloop
  endfacet
  facet normal 0.000000e+00 0.000000e+00 -1.000000e+00
    outer loop
      vertex   1.619926e+00 3.714403e+01 -4.000000e+00
      vertex   1.619926e+00 4.062639e+01 -4.000000e+00
      vertex   1.654000e+00 4.088521e+01 -4.000000e+00
    endloop
  endfacet
  facet normal 0.000000e+00 0.000000e+00 -1.000000e+00
    outer loop
      vertex   6.540000e-01 2.388521e+01 -4.000000e+00
      vertex   -7.434600e+01 2.188521e+01 -4.000000e+00
      vertex   -7.434600e+01 2.388521e+01 -4.000000e+00
    endloop
  endfacet
  facet normal 0.000000e+00 -0.000000e+00 -1.000000e+00
    outer loop
      vertex   -7.434600e+01 2.388521e+01 -4.000000e+00
      vertex   -7.434600e+01 2.188521e+01 -4.000000e+00
      vertex   -7.460482e+01 2.185114e+01 -4.000000e+00
    endloop
  endfacet
  facet normal -0.000000e+00 0.000000e+00 -1.000000e+00
    outer loop
      vertex   -7.434600e+01 2.388521e+01 -4.000000e+00
      vertex   -7.460482e+01 2.185114e+01 -4.000000e+00
      vertex   -7.460482e+01 2.391929e+01 -4.000000e+00
    endloop
  endfacet
  facet normal 0.000000e+00 -0.000000e+00 -1.000000e+00
    outer loop
      vertex   -7.460482e+01 2.391929e+01 -4.000000e+00
      vertex   -7.460482e+01 2.185114e+01 -4.000000e+00
      vertex   -7.484600e+01 2.175124e+01 -4.000000e+00
    endloop
  endfacet
  facet normal -0.000000e+00 0.000000e+00 -1.000000e+00
    outer loop
      vertex   -7.460482e+01 2.391929e+01 -4.000000e+00
      vertex   -7.484600e+01 2.175124e+01 -4.000000e+00
      vertex   -7.484600e+01 2.401919e+01 -4.000000e+00
    endloop
  endfacet
  facet normal 0.000000e+00 -0.000000e+00 -1.000000e+00
    outer loop
      vertex   -7.484600e+01 2.401919e+01 -4.000000e+00
      vertex   -7.484600e+01 2.175124e+01 -4.000000e+00
      vertex   -7.505311e+01 2.159232e+01 -4.000000e+00
    endloop
  endfacet
  facet normal -0.000000e+00 0.000000e+00 -1.000000e+00
    outer loop
      vertex   -7.484600e+01 2.401919e+01 -4.000000e+00
      vertex   -7.505311e+01 2.159232e+01 -4.000000e+00
      vertex   -7.505311e+01 2.417811e+01 -4.000000e+00
    endloop
  endfacet
  facet normal 0.000000e+00 -0.000000e+00 -1.000000e+00
    outer loop
      vertex   -7.505311e+01 2.417811e+01 -4.000000e+00
      vertex   -7.505311e+01 2.159232e+01 -4.000000e+00
      vertex   -7.521203e+01 2.138521e+01 -4.000000e+00
    endloop
  endfacet
  facet normal -0.000000e+00 0.000000e+00 -1.000000e+00
    outer loop
      vertex   -7.505311e+01 2.417811e+01 -4.000000e+00
      vertex   -7.521203e+01 2.138521e+01 -4.000000e+00
      vertex   -7.521203e+01 2.438521e+01 -4.000000e+00
    endloop
  endfacet
  facet normal 0.000000e+00 -0.000000e+00 -1.000000e+00
    outer loop
      vertex   -7.521203e+01 2.438521e+01 -4.000000e+00
      vertex   -7.521203e+01 2.138521e+01 -4.000000e+00
      vertex   -7.531193e+01 2.114403e+01 -4.000000e+00
    endloop
  endfacet
  facet normal 0.000000e+00 -0.000000e+00 -1.000000e+00
    outer loop
      vertex   9.128190e-01 2.391929e+01 -4.000000e+00
      vertex   9.128190e-01 2.185114e+01 -4.000000e+00
      vertex   6.540000e-01 2.388521e+01 -4.000000e+00
    endloop
  endfacet
  facet normal 0.000000e+00 0.000000e+00 -1.000000e+00
    outer loop
      vertex   6.540000e-01 2.388521e+01 -4.000000e+00
      vertex   9.128190e-01 2.185114e+01 -4.000000e+00
      vertex   6.540000e-01 2.188521e+01 -4.000000e+00
    endloop
  endfacet
  facet normal 0.000000e+00 -0.000000e+00 -1.000000e+00
    outer loop
      vertex   6.540000e-01 2.388521e+01 -4.000000e+00
      vertex   6.540000e-01 2.188521e+01 -4.000000e+00
      vertex   -7.434600e+01 2.188521e+01 -4.000000e+00
    endloop
  endfacet
  facet normal 0.000000e+00 0.000000e+00 -1.000000e+00
    outer loop
      vertex   9.128190e-01 2.185114e+01 -4.000000e+00
      vertex   9.128190e-01 2.391929e+01 -4.000000e+00
      vertex   1.154000e+00 2.175124e+01 -4.000000e+00
    endloop
  endfacet
  facet normal 0.000000e+00 0.000000e+00 -1.000000e+00
    outer loop
      vertex   1.154000e+00 2.175124e+01 -4.000000e+00
      vertex   9.128190e-01 2.391929e+01 -4.000000e+00
      vertex   1.154000e+00 2.401919e+01 -4.000000e+00
    endloop
  endfacet
  facet normal 0.000000e+00 0.000000e+00 -1.000000e+00
    outer loop
      vertex   1.154000e+00 2.175124e+01 -4.000000e+00
      vertex   1.154000e+00 2.401919e+01 -4.000000e+00
      vertex   1.361107e+00 2.159232e+01 -4.000000e+00
    endloop
  endfacet
  facet normal 0.000000e+00 0.000000e+00 -1.000000e+00
    outer loop
      vertex   1.361107e+00 2.159232e+01 -4.000000e+00
      vertex   1.154000e+00 2.401919e+01 -4.000000e+00
      vertex   1.361107e+00 2.417811e+01 -4.000000e+00
    endloop
  endfacet
  facet normal 0.000000e+00 0.000000e+00 -1.000000e+00
    outer loop
      vertex   1.361107e+00 2.159232e+01 -4.000000e+00
      vertex   1.361107e+00 2.417811e+01 -4.000000e+00
      vertex   1.520025e+00 2.138521e+01 -4.000000e+00
    endloop
  endfacet
  facet normal 0.000000e+00 0.000000e+00 -1.000000e+00
    outer loop
      vertex   1.520025e+00 2.138521e+01 -4.000000e+00
      vertex   1.361107e+00 2.417811e+01 -4.000000e+00
      vertex   1.520025e+00 2.438521e+01 -4.000000e+00
    endloop
  endfacet
  facet normal 0.000000e+00 0.000000e+00 -1.000000e+00
    outer loop
      vertex   1.520025e+00 2.138521e+01 -4.000000e+00
      vertex   1.520025e+00 2.438521e+01 -4.000000e+00
      vertex   1.619926e+00 2.114403e+01 -4.000000e+00
    endloop
  endfacet
  facet normal 0.000000e+00 0.000000e+00 -1.000000e+00
    outer loop
      vertex   1.619926e+00 2.114403e+01 -4.000000e+00
      vertex   1.520025e+00 2.438521e+01 -4.000000e+00
      vertex   1.619926e+00 2.462639e+01 -4.000000e+00
    endloop
  endfacet
  facet normal 0.000000e+00 0.000000e+00 -1.000000e+00
    outer loop
      vertex   1.619926e+00 2.114403e+01 -4.000000e+00
      vertex   1.619926e+00 2.462639e+01 -4.000000e+00
      vertex   1.654000e+00 2.488521e+01 -4.000000e+00
    endloop
  endfacet
  facet normal 0.000000e+00 0.000000e+00 -1.000000e+00
    outer loop
      vertex   1.619926e+00 2.514403e+01 -4.000000e+00
      vertex   1.654000e+00 2.888521e+01 -4.000000e+00
      vertex   1.654000e+00 2.488521e+01 -4.000000e+00
    endloop
  endfacet
  facet normal 0.000000e+00 0.000000e+00 -1.000000e+00
    outer loop
      vertex   1.654000e+00 2.488521e+01 -4.000000e+00
      vertex   1.654000e+00 2.888521e+01 -4.000000e+00
      vertex   9.654000e+00 -1.114786e+00 -4.000000e+00
    endloop
  endfacet
  facet normal 0.000000e+00 0.000000e+00 -1.000000e+00
    outer loop
      vertex   1.654000e+00 2.488521e+01 -4.000000e+00
      vertex   9.654000e+00 -1.114786e+00 -4.000000e+00
      vertex   1.654000e+00 2.088521e+01 -4.000000e+00
    endloop
  endfacet
  facet normal 0.000000e+00 -0.000000e+00 -1.000000e+00
    outer loop
      vertex   -7.531193e+01 8.626395e+00 -4.000000e+00
      vertex   -7.521203e+01 8.385214e+00 -4.000000e+00
      vertex   -8.134600e+01 -1.114786e+00 -4.000000e+00
    endloop
  endfacet
  facet normal 0.000000e+00 0.000000e+00 -1.000000e+00
    outer loop
      vertex   -8.134600e+01 -1.114786e+00 -4.000000e+00
      vertex   -7.521203e+01 8.385214e+00 -4.000000e+00
      vertex   -7.505311e+01 8.178107e+00 -4.000000e+00
    endloop
  endfacet
  facet normal 0.000000e+00 0.000000e+00 -1.000000e+00
    outer loop
      vertex   -8.134600e+01 -1.114786e+00 -4.000000e+00
      vertex   -7.505311e+01 8.178107e+00 -4.000000e+00
      vertex   -7.484600e+01 8.019189e+00 -4.000000e+00
    endloop
  endfacet
  facet normal 0.000000e+00 -0.000000e+00 -1.000000e+00
    outer loop
      vertex   -7.484600e+01 8.019189e+00 -4.000000e+00
      vertex   -7.460482e+01 7.919288e+00 -4.000000e+00
      vertex   -8.134600e+01 -1.114786e+00 -4.000000e+00
    endloop
  endfacet
  facet normal 0.000000e+00 0.000000e+00 -1.000000e+00
    outer loop
      vertex   -8.134600e+01 -1.114786e+00 -4.000000e+00
      vertex   -7.460482e+01 7.919288e+00 -4.000000e+00
      vertex   -7.434600e+01 7.885214e+00 -4.000000e+00
    endloop
  endfacet
  facet normal 0.000000e+00 0.000000e+00 -1.000000e+00
    outer loop
      vertex   1.654000e+00 2.088521e+01 -4.000000e+00
      vertex   1.619926e+00 2.114403e+01 -4.000000e+00
      vertex   1.654000e+00 2.488521e+01 -4.000000e+00
    endloop
  endfacet
  facet normal 0.000000e+00 0.000000e+00 -1.000000e+00
    outer loop
      vertex   1.654000e+00 3.688521e+01 -4.000000e+00
      vertex   1.619926e+00 3.714403e+01 -4.000000e+00
      vertex   1.654000e+00 4.088521e+01 -4.000000e+00
    endloop
  endfacet
endsolid
